k,a_rstar,inc_deg,t0
0.015458676281987653,2.0036179181645735,87.83555271796311,-0.0034909727323903803
0.015840531873464646,2.0196553315589414,89.7218688426098,-0.006326205479495431
0.01649496413391648,2.006966803770672,89.40480430273676,-0.010042441948930418
0.015626953951062485,2.001506021687745,86.61042786991102,-0.003743930926233232
0.016147073284736142,2.0122240179984714,89.78775173325519,-0.007563030240082755
0.015538617690907409,2.0211487915047486,88.40084819667852,-0.007690937628830502
0.0161197428350186,2.0134447447560824,88.98486760425729,-0.013672824976554194
0.015991369326527796,2.0090995206820157,89.75543338151799,-0.017070639234250597
0.015869381556809926,2.016347577502245,85.58732823305486,-0.013729537299004755
0.01610507861884848,2.01571591550588,87.79725285575913,-0.015228098339535081
0.016206605865552268,2.037615449468129,85.70348088587949,-0.013447162538978447
0.01593831281914608,2.002707013635195,86.60316581070231,-0.005816509076126691
0.01573408111632298,2.000269167436976,85.74069460176267,-0.010466889804858465
0.015719293717618765,2.0013714573708685,86.38872850562971,-0.006433594702898291
0.01554630198073764,2.0137509133144325,88.76459522734972,-0.012950970974511707
0.016155371326923348,2.003223409995401,83.79677545477226,-0.0055609218925188626
0.015733781252814095,2.0026374709244834,88.5621622256017,-0.00835313222463085
0.0157228175817797,2.017886439178658,85.71140164663495,-0.013310263681277667
0.016061973469534984,2.007022037869681,87.72822266700773,-0.005398483187345867
0.01609076457732595,2.0148888465896433,87.94735129099158,-0.01561731455364746
0.016429007302992436,2.0362115467590463,87.51467603576677,-0.006319314024501195
0.015878029642338434,2.007227497294206,89.33603803681123,-0.010733094849328028
0.016103969217325865,2.0160772412585555,88.91073982286203,-0.01188154366388436
0.016243975346948998,2.0184095103696205,89.94243783493899,-0.006376344145517245
0.015359797756219007,2.0091323227905167,86.0064911179707,-0.015760827228569023
0.01583275806467626,2.0078990365286318,87.3984320529975,-0.015653148838497742
0.016044378287325578,2.054427754178469,87.99842478338941,-0.010635164823232242
0.01628561020014727,2.0473719744279952,86.0349523515561,-0.009694004898878332
0.015632519034057473,2.0006080084943694,89.43551176635692,-0.014513327644835542
0.015865982956290277,2.000456673984967,86.38271873382148,-0.00118414610358943
0.016007367182391593,2.0032489426491904,89.00102182076914,-0.010452270878709443
0.01608355531411917,2.0372944642571165,86.88312860311423,-0.016317134137850124
0.015267847177453492,2.011398336816713,88.03233271892269,-0.003928487529161716
0.01593512584114318,2.015715634412956,89.35988717813677,-0.007142320543641237
0.016509777977287608,2.0264714471576353,89.3563720580764,-0.007626163379498085
0.015509365270440388,2.001670604287882,86.44626185337351,0.0002605196743251017
0.0161942662430431,2.0123642047640593,89.90722672895421,-0.00818635490343982
0.01515831326931061,2.017754368176501,89.31806332036767,-0.004368170641547751
0.01600626565946537,2.008814670744365,88.26651580781719,-0.010771428758598387
0.016023892254255098,2.010606794209713,88.34370541204893,-0.014946134894883393
0.0157486825444599,2.006451997755608,85.97643654066314,-0.01576658846156178
0.016532080728089787,2.0224921762206387,84.08228334493059,-0.006710792086848019
0.01610536353676538,2.0713928011451412,86.89721311540234,-0.011608034121184899
0.01624376630197961,2.00195991289484,86.5834131580674,-0.0024244785889164823
0.015676575240795503,2.000658318116023,86.06314356305012,-0.007858850160707604
0.015713197122790012,2.0016661067826993,86.41992206831335,-0.006455765941375091
0.015498752029912612,2.0098521880819935,86.3136731831427,-0.019942301493744225
0.01606777129258919,2.0030870201938202,86.3185838637014,-0.008193147146100924
0.015577637859398967,2.004617876730152,88.21783780766225,-0.013564535927604881
0.01611490333061544,2.0231109054459613,86.4616169251213,-0.013988378535531358
0.015998466006516242,2.0267466867278237,88.17894321597205,-0.00847139740510348
0.016063253465383107,2.022952795865798,88.37483399920708,-0.014188235409751466
0.016076436993053285,2.045013812774028,86.89015852641684,-0.013997299499842828
0.01580742927716045,2.0077153264628054,89.27319106450949,-0.006808299267074439
0.01576584121259003,2.0140397522240234,88.19153011028548,-0.014849866728825096
0.01621981365212398,2.01858116788101,89.60908897368704,-0.007667294865987692
0.015769106259515445,2.0119258309125563,87.33776788454395,-0.012326424874884907
0.015995264172360583,2.0027908361911533,86.48290326412614,-0.010837890098010323
0.015964416239854177,2.125103731126145,88.06860591325479,-0.005586572859826891
0.01652096933816316,2.040857537163826,84.16441621229725,-0.004808360741089942
0.015700340709241447,2.0010843601722734,89.30010176090093,-0.013240730474024312
0.016345480283500285,2.0056155563989515,88.01204225730865,-0.0011354146623300983
0.016190546922136322,2.010671850481365,88.04616844223807,-0.010274511214846498
0.015746792264715932,2.03550227973644,87.74695420198042,-0.02583976724675748
0.015564930074105665,2.005705952892477,86.93409386429785,-0.0062266077031215596
0.015643046129899245,2.029795113715745,89.04910407525976,-0.01190147012052443
0.016123880389445646,2.0034330611758517,87.21298490420298,-0.006222912527167055
0.01567906701932876,2.007646899614967,88.00338055877143,-0.00492700813048705
0.016176913119501417,2.0072329491613874,89.62010539210553,-0.009194927735003067
0.015898737244237553,2.0103261604986082,88.0756976196726,-0.007970108313455564
0.016157599060763875,2.0081385578953004,88.89225595717367,-0.012611245143654328
0.015725841063871773,2.0012542477208766,89.25904327010187,-0.016819740860199706
0.015588026895063023,2.0050562058473416,84.69773862137811,-0.01785218579259965
0.016592704691629073,2.009221408359258,86.92986876273974,-0.012772488660282487
0.01614243088109698,2.0111121115225283,86.11040081076177,-0.015067126246549926
0.015859655819825496,2.0066844776376667,88.65181787795362,-0.0012770361835465933
0.015550699190975919,2.0015921862442765,85.78957035969954,-0.005854382679738769
0.015593585071230806,2.00100105128651,85.70664022590913,-0.003905019200189052
0.016060629819810032,2.0033412107447144,88.12755113744002,-0.01301462652810291
0.016206350862973635,2.0194605768724947,84.45993043562694,-0.005618908408736887
0.01536344578208031,2.0067519893477326,88.92481522792036,-0.014942647045608753
0.015864866000962926,2.0144752851995276,87.26636914086835,-0.013983200374295816
0.016170782641187192,2.0327980110133193,88.20488788368837,-0.006188123871081715
0.016215499096899788,2.0089839843867217,88.70362380617972,-0.01346417886405602
0.01600525799773298,2.0503863958724406,87.39017639260338,-0.020550611943099466
0.015599435054332656,2.0053125128284557,89.61115503163397,-0.0045095033965416465
0.01580694622287124,2.0037295014690484,87.47264129708388,-0.015038790451255873
0.016058783528918825,2.0146768842123604,88.47559936283314,-0.007349532053039048
0.015783227296305314,2.005431844608712,87.91095841314635,-0.013213101674266488
0.016301156434812652,2.0039810901359987,87.87730917446409,-0.014232680089616267
0.015991209061534825,2.166137301830251,88.78573261415039,-0.006805873645100722
0.016213466077065586,2.02707407530605,86.21991623962869,-0.005502439808803794
0.015721675316184642,2.0020123649366828,89.08196015518179,-0.014098764603233461
0.01610410197356705,2.005936767044825,88.30710719238061,-0.002551801067174571
0.016383794566097683,2.0097798739073025,87.74449643938553,-0.007250988571649921
0.015727785847678862,2.0247710370569667,87.1201268036564,-0.014052255332846018
0.015182794654459979,2.007674605712052,85.33780759986261,-0.010033417059788614
0.015496546927102112,2.0259637668659947,89.2108107355946,-0.013819258672055652
0.016192647295639982,2.0004514178508024,86.98823264783496,-0.004183461339204686
0.015422026295471871,2.0022625719629232,89.19409010060798,-0.005687401115256628
0.01650435720937558,2.010406649817348,88.57190276236112,-0.014187934115157955
0.016107216658957677,2.033672783775231,87.75012417612596,-0.006547799016527023
0.015952271986042176,2.0014470443985557,88.03908894061132,-0.020806865107667757
0.0156871238482611,2.0005543374609296,89.50453455931844,-0.01914214127697423
0.015559134361213726,2.0043551507849258,86.47801688457554,-0.010218415127213727
0.017009132926985283,2.001652534078099,84.36181050228025,-0.014043681875565307
0.016031600323576617,2.0089657645282797,85.74093040627154,-0.01450246010852035
0.015903685140997173,2.001500351235392,87.50903265186423,-0.004106725151328961
0.015572387084173113,2.0014518066639764,86.75445330054973,-0.009386074651412352
0.01563423014359739,2.0004497571087625,85.7539963886199,-0.0043791127819056315
0.0160157734794925,2.002640262909201,89.4875458503306,-0.010288121701274163
0.016105457198790064,2.015850751397544,85.74884435726878,-0.0045218744834000495
0.015596226508701664,2.0015517287811027,89.34107340968711,-0.011419491108815256
0.015128517848913479,2.0019981443897477,84.75289017892824,-0.012806781852620911
0.01628057991775918,2.038928711654169,86.83357010549757,-0.006528221447953185
0.015733423328170012,2.0014752272037653,88.15592806119085,-0.009851121709825598
0.015660581396143368,2.0236200430327815,86.05144393144734,-0.019894355903108858
0.01546585971092714,2.006788746354655,89.86123098151194,-0.007443040031058808
0.016190549185734704,2.0011493471866038,86.82737179872812,-0.014451495851142328
0.01618243317999773,2.0099995666502677,87.16101674416592,0.0037495823154972754
0.015817724691086315,2.001815220352236,86.9677206666736,-0.017673425165263656
0.015881099281149967,2.001991489012843,88.82228843602255,-0.015345067781008997
0.0159161621914298,2.129042465865013,89.28945628046375,-0.009831864624050753
0.016643668842522955,2.0157023332751036,86.38160067296705,-0.003586267843040996
0.015754705052903377,2.0010812365407364,88.16244444461736,-0.016093725797759292
0.015788543840174155,2.00098112646446,89.05734698878508,0.0006961327905808876
0.015997814783269188,2.0120825815216374,88.73844273758252,-0.010652198216399417
0.015840907035834965,2.0348762351617364,88.51904979925239,-0.018107992439706507
0.015392865818995028,2.0132922377133737,88.00902591564451,-0.006703098618172757
0.015753914056838923,2.030005856024955,88.7980999184006,-0.010660046914427521
0.01620612385060882,2.0059232020468327,86.16046755458247,-0.007259310615004996
0.015654194313814925,2.003118708233754,88.59714399692618,-0.006831860568866236
0.015911694401928897,2.003889872525619,88.83279095064171,-0.0074214491801320726
0.015630763967430964,2.0667510984965753,89.13802559775432,-0.005393359877284865
0.016306922689816507,2.0166290485536598,83.98109869774302,-0.004224495038726281
0.015629144557146115,2.000862204538393,88.65168020166344,-0.014342104012074624
0.01593807321231764,2.0030858570284726,86.26495835923241,0.0004249517407207814
0.016621578667046277,2.0150881763012674,86.2953172058994,-0.008982209710757829
0.01619514739024789,2.004118609024261,84.59006368622255,-0.007713424046641439
0.015794737641803586,2.0001233981861457,86.26367327458158,-0.006139933207145759
0.01583251176086242,2.0120390180396033,84.97003634744694,-0.005358570312930474
0.01570301471041445,2.0001794845249603,86.06917108874725,-0.005204904766077959
0.016329496086550262,2.000939977712275,89.87487609535407,-0.00919662547790548
0.01616380364726134,2.0085305371454094,86.4086166801869,-0.006773755700913273
0.015744651530145096,2.004055488352271,88.39658961216641,-0.009913615882444255
0.015588465584251344,2.0169678233334882,84.84631718603089,-0.012299979042075906
0.01613843953571865,2.0435924831124117,88.16756468489702,-0.007392576156313957
0.01552138834933242,2.006368256711039,88.5179736527391,-0.009056783532295892
0.016030261639518744,2.0009545646186737,86.21965070098614,-0.013530250701252635
0.015708313190106193,2.015174371980191,89.65573258674338,-0.0009049804929039777
0.016184163157853496,2.0083084856646582,86.83399949838935,-0.013094459404688712
0.015896340967471712,2.0129183284416863,88.23843796789261,-0.005462076752132571
0.015759900092154874,2.001296017929122,87.13266790153018,-0.013310057644973427
0.015835580753487795,2.0023318600714446,87.77477286387996,-0.014432796568510282
0.01627366391904282,2.0836317823577626,87.94044157077272,-0.009618541830407048
0.016356362310814214,2.0066946506127734,86.63021579891294,-0.014879079674857158
0.015905592735696906,2.001583906285309,88.25008025838939,-0.010230095628798026
0.015664331332490105,2.001325747030747,87.77189825652295,-0.002536319960995052
0.016446298533066915,2.027842988152409,88.9370508533522,-0.018807760895626205
0.015851620155829943,2.0161473468337285,87.85467429755037,-0.009817512322281632
0.015736479339996244,2.017083961310218,86.85267157067672,-0.007175009067111341
0.01587724543254467,2.0221368011832443,88.51733556583456,-0.014458294280449474
0.016277555220262377,2.002533161043717,88.09695376574884,-0.0006106895004818905
0.015606711322721348,2.004341486647868,89.65079033491448,-0.0015099601475205664
0.015651667561399987,2.000283807281442,87.0243562803947,-0.004682565819037076
0.015739787068505748,2.0938829197369357,89.79759587809843,-0.005032710827365917
0.016013742213597568,2.0143333673709285,85.20445095289891,-0.004845053580148747
0.015620164991148926,2.000396777882452,88.92373141936231,-0.013979611845774717
0.016078496198673367,2.0065291290485328,86.62726676729784,-0.0005909017972445
0.01595249580843787,2.01318740902452,86.64836365055584,-0.006735740073765897
0.01609396048497023,2.001946306453033,84.60496348384358,-0.00657075828154597
0.015617301621021836,2.0000200640889494,86.35359153375467,-0.0033537007133984803
0.015567596355582502,2.0177269711357906,83.8185848221917,-0.004841692873643045
0.015651561021059607,2.0067802375080577,89.20671693317098,-0.010048211520715715
0.016491823273792425,2.000588091865585,89.89672106321898,-0.00966349872749389
0.016293112667431733,2.0173213446137512,84.41517632554648,-0.009779403101095572
0.015759608751380792,2.007181150351085,89.66454736796962,-0.016440338050413124
0.01566908698971592,2.0109755592443364,87.73743256831017,-0.015091388986961177
0.016135598450708135,2.0732704529810597,89.64387938024399,-0.00802658832438092
0.015832425365023294,2.0096322699551443,86.78795441699808,-0.00802864540603726
0.016007101185083458,2.0007550734702453,86.81027893318465,-0.009791217777763827
0.015796210173692687,2.003770177192839,88.06829521521536,-0.005619898358660666
0.01588609774661257,2.0021497030903106,87.81021872174983,-0.006738331075831883
0.015731609298375762,2.000958177123328,89.60785030988102,-0.004454470833692101
0.01577957699407764,2.000637930761772,86.75374567660235,-0.010975935341606045
0.01592388476714713,2.00148898886285,86.73296594973088,-0.01230059381154854
0.015984101969518383,2.0351368599995676,87.60820496346022,-0.009495887510177093
0.016201231246723343,2.0087530774949967,87.14398165562721,-0.012748974830385276
0.015854191550153388,2.001419313345993,88.76409319285938,-0.005250023421942283
0.015394259054054145,2.0042386017745333,88.76518677561917,-0.004717557224928289
0.015972966810436806,2.015919821693552,87.08737593668872,-0.011680478804061228
0.016234297478754108,2.012004423297133,86.3431687652477,-0.014812084738821622
0.015855889973639948,2.017106300359822,87.10104858024722,-0.004620287882667144
0.015404280887287614,2.0064948086136662,89.49018225161171,-0.01609933147895094
0.01610224440318085,2.0068949662956053,87.69022549502854,-0.006101284738677482
0.015740493662338123,2.0057469643992154,87.9392858022609,-0.004094953403275407
0.01569960051835494,2.0035842132885247,84.8637772522143,-0.007594736444287303
0.015361121544775628,2.025965377411608,88.39196959805354,-0.004602656971716035
0.01585339749375178,2.0079989257244737,87.28794991185883,-0.004589253363518432
0.015727754009821578,2.00142137881429,89.30326475355884,-0.014719531691475994
0.0159846788472732,2.002236471201714,86.3327052684654,-0.003841056745081368
0.01609525941913587,2.0010349681036046,86.68471842523698,-0.006453723446624458
0.016214792356954402,2.0029472185052217,84.53587631251509,-0.0078391671028206
0.015297024153734221,2.0010454972839846,89.08946125907406,-0.002509944281856708
0.015809550694870826,2.0293288140741113,86.59839696268466,-0.007497207322198411
0.015633512467146993,2.009290350026171,88.16114412866635,-0.004172722587240248
0.016129822100146622,2.0021874881709576,88.92253845206479,-0.005771284424231613
0.016179435867835372,2.024205527743259,85.76864703821991,-0.0060590115390685186
0.01581252426595269,2.0096139588437945,89.14309098764011,-0.015800127665343996
0.015220515512724363,2.0085835881494645,88.53517893289595,-0.015924198575029594
0.015854599112782607,2.04908067152562,89.43412707563996,-0.007375860109304241
0.015482993007408947,2.002330118791151,86.61648405400483,-0.007603143257831986
0.016044594118379107,2.00016508532661,86.12268756516342,-0.006354534940492143
0.01577441194710158,2.006760472179803,87.04753920966758,-0.004271698684680794
0.015627983050987577,2.0023236969017626,85.5909086840957,-0.008076237994161
0.015731609298375762,2.000958177123328,89.60785030988102,-0.004454470833692101
0.015669732918878822,2.0012819457783544,85.78880936554187,-0.014890064230960504
0.01634754006866661,2.0392731866176863,89.24358602351442,-0.012541609520269599
0.015831731158304337,2.0415702462688174,88.656788899149,-0.00694915381147633
0.016536291581420903,2.0094402850127175,86.86289811954877,-0.014529045488655284
0.015921550213576274,2.0037756782024543,87.88068539727035,-0.005661169619579855
0.015386629712823566,2.0024481123464004,89.2215577620072,-0.007104224994224446
0.01609139134052255,2.018792305070931,87.23374263505971,-0.011698776087684224
0.01630246541544543,2.01412202611304,87.17545640782639,-0.01570023214627252
0.015851136093370747,2.0219787446506237,89.56026340004433,-0.00014763294905341742
0.015937138376927052,2.0025435452697384,89.39883390537254,-0.009645090797553295
0.01616538104995957,2.020871336928097,88.44959993257712,-0.0037927453338843942
0.0156229209419812,2.0008065002096007,89.90611516968933,-0.004333869151671679
0.015876627111721782,2.000820725947528,82.96194772243638,-0.007638521198508927
0.015348630671497623,2.022505452094763,88.5139386720161,-0.005038860398190006
0.01613539555805409,2.0054064957319477,89.04452286154999,0.0035062496236589165
0.015870305335365275,2.000587891609876,88.69425719874468,-0.015466526082550894
0.016393241304364682,2.004242896398834,83.60738920647768,0.0029078174985701574
0.01613296037171481,2.010068090912722,88.94444482748476,-0.007830880369782562
0.01655755149155272,2.0128565530363036,83.73832264294279,-0.007408019975503366
0.015355130877821525,2.0011006164814646,89.24937226634039,-0.003108534982875306
0.015448969131928137,2.0640243393586006,84.38123892055164,-0.006068333553560223
0.01569321058185747,2.0035428666829667,87.11479915392259,-0.003736812315111743
0.016365493796624477,2.0052046942840387,88.41236395299981,-0.005826887057667625
0.015830631480229045,2.019376109249532,86.94564382449796,-0.011736267611569613
0.015683734688472104,2.007262381726631,89.0212878423971,-0.016653752500548107
0.01499940898199199,2.0066228802526926,88.18672396944139,-0.013756920366078729
0.015300598953521293,2.0297595131815807,89.88566495575662,-0.002753820846194149
0.015177859118269185,2.012155470727578,88.75321208965782,-0.004279835352877109
0.016299537352087164,2.0028203910566216,85.96151938037859,-0.006378778690406833
0.015646578117903962,2.003408990605907,85.34290728490963,-0.002685442868972826
0.016027926057756273,2.0010737495055126,89.84334452329078,-0.0092953431647138
0.015554467302480288,2.008676096193331,89.84583069586078,-0.005676316656313659
0.015564096303749863,2.0032078445335655,86.42212734951303,-0.016122878608126022
0.01628468360875065,2.017179841375658,89.97915961307471,-0.008755050210559561
0.01610167501170394,2.050653860637961,89.8575199506073,-0.005803885118900204
0.01623566887401329,2.005201241627975,86.98689451947892,-0.012404009332704625
0.016118107078457407,2.0002449770815023,89.04999219241166,-0.001730953277832883
0.015504616326277823,2.002353707205033,89.6199429448843,-0.006757530063875558
0.016077692827559293,2.010019582311891,88.72568283019346,-0.010901110069725897
0.016318814200777482,2.0202223995490165,87.51546130089011,-0.01353098336363686
0.015715387177925498,2.028934872210795,89.26845441231977,-0.004071203696631428
0.01600264084257765,2.0023926204669613,89.98643818567248,-0.00567452208911326
0.01612955803585111,2.0017328740478555,89.07624876137218,-0.004021324490895955
0.015364806754646018,2.0108986707950027,89.6628438704739,-0.0020642402368549733
0.015621318809331862,2.002261415008631,86.26119858040984,-0.006781603146704304
0.015009300283828108,2.0105331588563646,87.61253322846805,-0.0035037855600875897
0.015819222922860633,2.0124779744712757,86.51732076199438,-0.006675582732821347
0.015753777148043577,2.0020913533912297,88.54645976560143,-0.013237213251718196
0.01576037685559174,2.00480734376634,84.38700680073303,-0.005865837784487233
0.016217421050985906,2.013536408888483,88.72426133310596,-0.007028545035289491
0.016528618911979216,2.012435837923403,84.00172832663142,-0.00804650437735831
0.015381284297600325,2.0069343347058215,88.14523498242822,0.0009567714016661417
0.01625350031624107,2.0440597890630756,86.08946471236935,-0.01018814310243114
0.01574462164662927,2.0117964122720484,86.95154636259998,-0.008324606008864612
0.0160527357268691,2.0037737925508425,88.06423211513409,-0.00472776223773229
0.015945998165737326,2.0289328987563713,87.97209474970704,-0.017203912025842608
0.016069278523240228,2.011491670695977,89.44882962124944,-0.017865870079030267
0.015414997553432272,2.0199156471647934,88.63989754920287,-0.007914383802062788
0.01524321964430493,2.0298698815848546,89.13870310174859,-0.0045958315324267016
0.014976295237017604,2.002004506508692,87.29018252041999,-0.003603549132556465
0.016085585892035,2.0036299128850437,87.98515923189508,-0.007447254406606232
0.015492942276793617,2.0006249576169393,86.90889637152806,-0.011719067705403093
0.01601836820651978,2.003820129897875,89.80053479371405,-0.008849166922398236
0.015963025190152063,2.009699866254293,88.67374187069322,-0.00740746026663219
0.015727047506348582,2.002106616018464,87.25636069441212,-0.016882593638166802
0.01589233171426512,2.0231084964214063,88.90347266474203,-0.009099671006005259
0.01613201710618511,2.03180882725245,89.79236204873078,-0.007657713409711349
0.016006857207192953,2.0045920529077454,89.8649826713454,-0.014572988450057039
0.016086046289668005,2.001773753692412,89.12891756229217,-0.002800885980757655
0.01559033404169403,2.009450788831345,89.6970911494926,-0.005995728432198528
0.015535978928533029,2.021997878161477,89.79176038022781,-0.004906728383974503
0.016241316701454248,2.0080747288958096,86.7277719261637,-0.014167064518097112
0.015949856720017374,2.027244272099791,88.9626359034163,-0.006308198319154225
0.015908324885755602,2.010210219074524,88.22784981326953,-0.0045628394148085295
0.01632436657654322,2.000024600986283,88.98229650659577,-0.0027875652911071233
0.01552467678423542,2.0012550168315517,88.2325151493164,-0.0031961375822977377
0.01580593521136984,2.0000511568068253,86.40483650311481,-0.007304579727548521
0.015547913531693557,2.009862282157784,87.08617506267366,-0.007639499575843714
0.015395964398819146,2.027457344359811,87.35517911214647,-0.002632615984712202
0.01551506130659637,2.00189038674629,88.37291180008222,-0.013834902637073682
0.015953282054866694,2.005114697968319,85.03207023093461,-0.008265180153247786
0.016380706930513012,2.014382170232787,87.84428037552627,-0.010903946190141048
0.016693005528287858,2.009527284789557,82.67668604952904,-0.007796909739672029
0.015626419421895014,2.0062225185057696,86.776409622623,-0.0041502459646504605
0.01611492801235316,2.0265259241118176,88.00667135459467,-0.00575644294984502
0.01603606183859256,2.0009416551750694,85.75429111256362,-0.010657163380853983
0.01587332902898454,2.008286628887975,87.54598029900987,-0.006861900041391441
0.015945807753622917,2.028908103005469,87.9699073764206,-0.01718805451801502
0.015807938774110727,2.020379941760247,89.77934307296478,-0.01571235053544891
0.01549703345027323,2.0205252462072467,85.82940305266821,-0.00640961635550159
0.01567999228885901,2.0182041367226518,88.50801199470999,-0.0064605811647016525
0.015544146410450488,2.0160130484060415,86.06125997339008,-0.002708915717782607
0.015792467786163812,2.0203151894028015,86.74380535045385,-0.00257499368361906
0.01557139145399036,2.002933404979751,87.48450890375254,-0.012290192321358537
0.016022130116446282,2.0032741628654205,89.85121554706511,-0.008936601245967912
0.01548551386944827,2.000978090002109,89.4534860672622,-0.005676192489117483
0.0157817510452904,2.008080769700607,87.47927915054855,-0.013002468800170482
0.015931272456894904,2.0082091985631267,85.30226579274819,0.0020056041939232553
0.015828751144077387,2.009498278237591,89.8692520690827,-0.007301147895735334
0.016006857207192953,2.0045920529077454,89.8649826713454,-0.014572988450057039
0.01585265504230875,2.0006962891829683,88.97323890507109,-0.0076301000497504615
0.01579168062713135,2.0073258895006982,89.40627473672515,-0.005815006043033082
0.015713042109718446,2.013279681555061,88.72452513746497,-0.006682883384592471
0.01592258338180676,2.0232053684633238,84.53565281561174,-0.010084039787701699
0.01606837382455119,2.021445462578868,88.58075978488021,-0.009317239824316943
0.016145815687963423,2.0114673955920286,89.04651516394195,-0.005664828529090395
0.01616970385406629,2.001778327078697,88.40776362492976,-0.003846978129339057
0.01550263975133341,2.002284371869545,87.42419561822061,-0.0024330517240428295
0.01581537010607408,2.000564826802538,86.18515068220445,-0.0076106776267931345
0.015328030601051198,2.00336674017947,85.88749756671189,-0.0058487606632229745
0.015480763150071512,2.0242506135562817,88.29740545374962,-0.003834154098224957
0.015436576020000417,2.0023184885125542,88.17438676593129,-0.01490372298261379
0.015636698749188042,2.0117078337774505,86.44581923849415,-0.008673474110005238
0.016222753997519122,2.0171826460349367,86.32706510872849,-0.0081139560481382
0.015851984614564812,2.000601022020398,83.67694635241625,-0.009262636471447353
0.015890121543124452,2.013856774063941,82.0752566543146,-0.007132223619785503
0.01639736039455626,2.018445723657013,88.1682640526711,-0.005994511826103495
0.016037305228433992,2.0005526993285208,85.78927851483913,-0.010800729947913902
0.015849101376662043,2.0069177627545094,87.02111055957792,-0.008306632712325328
0.015925434741441803,2.0251392322449373,86.79014261744227,-0.012983229022485186
0.015799953901517196,2.01850500866315,89.51779229427149,-0.015238612491579227
0.015395289100024776,2.0277192068134773,86.1728842142198,-0.005740701000837531
0.01546740208547899,2.0231202422125873,87.81249495579816,-0.007796948120632658
0.016420376456223268,2.014501149356235,88.9627747739508,-0.006111102846437602
0.015748396200006048,2.0209760799688645,86.57593852802408,-0.0016345179654855425
0.015822688390372437,2.0126717649185597,87.68386111567807,-0.009997542542962791
0.01614228539796814,2.0067493909582783,88.60643444792908,-0.009755318402778379
0.015548747585897872,2.0037431427974357,89.1737144906944,-0.005623695883302048
0.015751590337997192,2.009098617721656,85.97980188703517,-0.015215170722203516
0.01621499271911487,2.01621341985061,84.0102432086035,0.00247602495704659
0.015835927531654175,2.0104208574032416,89.95214887770011,-0.00679360972835788
0.016024628038442894,2.0060031859699734,89.72280701014341,-0.015465518753786354
0.015951178289700225,2.006654735749073,87.74333262969466,-0.007558573768179324
0.01579272978988391,2.0107078078664253,89.1464155726757,-0.006998036936423686
0.016425044740704532,2.026274511076009,87.96213947548605,-0.00733265643600846
0.01615915785411699,2.019661668119296,85.33929844076862,-0.01235466227588384
0.016260978369431193,2.0388487233892856,89.99387422452965,-0.010215384908248788
0.016448764533779914,2.0118562933144393,87.86089179955711,-0.0062869298642734585
0.01623075655644206,2.0061008990790232,88.43838845792216,-0.004555328179313619
0.01585557114967939,2.0054450306020812,89.1390784283798,0.0010860242083399838
0.01646971107548262,2.00637911451405,88.2334054739302,-0.006817062309169658
0.015847746658379607,2.011646040417996,87.37231484721379,-0.002282550235122984
0.015877316198206853,2.0168716862155707,88.82082741373395,-0.005944454221228928
0.015846245487662725,2.0023611677563817,88.70798375670952,-0.012744594684774985
0.0156442161915033,2.005915227827047,86.22262567265136,-0.00710365669375259
0.016264842029158236,2.0077502538313112,87.85890009447155,-0.005092270562765596
0.015790469796921686,2.0109304887344037,86.32282348151458,-0.016753988182086076
0.016006509588468845,2.0143872077287135,84.37838500395229,-0.006759254886829427
0.016470376138372,2.019797902676971,88.45155108768833,-0.005564627923062429
0.015814458536222334,2.002007962150826,87.33302749460404,-0.008439319919044001
0.01638064727951941,2.0145595694647875,87.02718185228805,-0.008000321550492977
0.015929050651548794,2.0370658152320598,87.78617964665726,-0.01308164095591394
0.015809127943928244,2.020652090265348,89.67858311036879,-0.01581035225541622
0.015616029188765262,2.0560124346389577,86.30364456354357,-0.0028321359952158997
0.015914991678021424,2.018964920050777,87.96250764281959,-0.00786846661568329
0.016685027917855713,2.0085579644813962,89.15658510683494,-0.003974288242518553
0.01571583315183817,2.011652804877772,87.49646233904203,-0.003790659510987124
0.014893249272110207,2.0024979120056434,89.41450819823852,-0.01608016924602087
0.01654458095355179,2.0011163559334677,89.54884428645647,-0.009248179863705748
0.015846294918440956,2.007166395253915,88.44629854970785,-0.0023968880341425003
0.015564847899922806,2.014866018918845,86.26468004148889,-0.01717367978555437
0.016016783124329873,2.0097667717176835,85.94305742035255,-0.002904095786041969
0.01583915434012079,2.0105799474040214,89.52672328981127,-0.0075680496290716805
0.015753682550397906,2.0067545034357535,89.42688498781304,-0.01668469536112731
0.016064993144614785,2.002247397297191,86.74604207687354,-0.010154817756401813
0.015812781737433616,2.0028512921442063,88.963236551984,-0.006440267418983151
0.016106833594196072,2.040121014483697,88.20729919885446,-0.007328428135891747
0.016234553477705832,2.009759958272857,85.04025587642442,-0.012410065723433592
0.01570135255534887,2.026505214464991,89.48919184839855,-0.0059705761683506095
0.016364359522033977,2.009769322378924,87.78044524377842,-0.004424615234731772
0.016034334051926186,2.0051911771773026,88.21982045169302,-0.005618625513858751
0.01585130558032612,2.011651814480862,89.27480052455897,-0.003119425557289256
0.01617600667498817,2.010531828822527,88.7340759496425,-0.006638178676789774
0.015774623017788304,2.009090977292902,87.37524559514569,-0.00235179881887848
0.01545146105601022,2.0235637045136476,88.48079070573083,-0.0032173586838920897
0.01571878423199536,2.0021212909666843,88.6029628209475,-0.01474419266159665
0.015459539494336573,2.003314341414113,86.21285290484451,-0.007351948510307662
0.016474476675459895,2.0035883435077535,85.13151521615424,-0.006653711337208684
0.015442394946491425,2.005260973371398,84.10614094317654,-0.017333283372371017
0.016380243453000883,2.003600447049727,85.99375601881545,-0.006442606348336309
0.016568778126538043,2.0234641537130154,88.7436625693084,-0.006768093277128348
0.01571811602375438,2.004966455588611,87.72976723998241,-0.008394078766790623
0.01653871805998079,2.013281274625301,86.26775810044762,-0.005868518977101517
0.01595519474468961,2.0452434283399237,88.02961001926263,-0.008404490512724043
0.015798880719851423,2.0208035489037677,89.84523238758057,-0.01658043109593809
0.015899048676763214,2.032259526265507,87.70573149529817,-0.005029432968668626
0.01596020980197512,2.007638120013114,87.8362350608199,-0.009053782406034853
0.01624018694439394,2.0127451581229328,89.5810546043292,-0.0009138349972486297
0.01618287462970665,2.013130553304032,87.01466144107233,-0.00021446901502491025
0.015484088173360326,2.0054246906653193,88.90383192295101,-0.008232001473608518
0.016212631804251972,2.0005593488192868,89.67089888997808,-0.004382373951827741
0.015926652268173167,2.0071389988213855,88.30320305371642,-0.008302930998120439
0.01614823177059073,2.0185985331324865,87.32724702693366,-0.007474453704980731
0.015845197707679066,2.0050897190828825,82.15771943991913,-0.0031388426909732758
0.015583669837092386,2.0146539431816257,89.63898122462471,-0.014336398090135115
0.015654251030126225,2.007629414595121,89.5999648640908,-0.01749776977205076
0.01609498668662467,2.001622223646838,86.91691690015115,-0.010581517579328634
0.015709697020974273,2.0028982042624888,88.98724569459777,-0.0064667443923558466
0.01613579180944054,2.04150186718841,88.38611595133112,-0.006583189765034915
0.01642152972807179,2.0105859338266434,84.6332658807438,-0.01950085530880773
0.015904522461330305,2.0336863913328758,88.49448190207306,-0.005097705520846446
0.01649334189759335,2.0082729447134327,87.74455732488266,-0.0033626113056340126
0.016137604477581773,2.00924419781878,87.8826017929468,-0.004600593367009612
0.015999700416396364,2.0086478481399177,89.223812949792,-0.0022257135575227014
0.016265306706479247,2.014352738674375,88.97308265713946,-0.006126637174396147
0.01600858735014919,2.00923067148068,88.19855915694383,-0.003059213120922784
0.01586849016190421,2.015398126262999,87.78645287304748,-0.00488915162633477
0.015823908363737343,2.000343798530777,88.84551725400948,-0.011183906784811935
0.01501140354286803,2.0039302261634218,86.67872550689593,-0.007737802191204429
0.016337683985650844,2.003672545117985,84.12574963103135,-0.0051111100451594746
0.015787852264359258,2.0158530862927835,86.95556491021155,-0.018478676227164093
0.016689008966006502,2.0012301413433544,86.80876807137247,-0.0035569416363663772
0.0163261991977446,2.0381569401973154,88.38422704990619,-0.006366043192240014
0.01591927259624018,2.0047800591304874,85.76525355457704,-0.008912766969525851
0.016662508971395193,2.0036553612218673,86.33429633486814,-0.005758226824225364
0.01617619511851965,2.0852515661767175,89.9611767620343,-0.004695839128395011
0.015965671455204555,2.041945583265693,89.83829641247965,-0.010934788726575953
0.015867487848463,2.0162831575899953,83.94201884088133,-0.0011579631259975443
0.01626728730544708,2.019374603509003,87.55559624719994,-0.00897004784860755
0.016232618911571683,2.0127546471005573,89.2214840018376,-0.0010033138918573012
0.01626285206826928,2.011131602141011,85.26885557847876,-0.004778161475372945
0.01553777180139121,2.0039406155831014,88.74234825162738,-0.009679445691978827
0.01572379724889889,2.0025475512228983,88.612961700932,-0.005596298624752991
0.015660437886584274,2.012126598495574,89.0293349339655,-0.005691054814985186
0.0163362375621332,2.002079030220123,85.38005965064721,-0.006569510698215452
0.015944047317953784,2.016589510894183,85.78453810731521,0.0026170077696799337
0.01555270625079339,2.008984054960841,88.73933542951663,-0.012018225049664525
0.015735042775108055,2.0113794324670438,89.77110596446701,-0.017503844496265762
0.01643232301268448,2.007022381039156,85.16150174427656,-0.008448698002775666
0.016068477889681798,2.0017627023144193,88.73706712443223,-0.009919631278979359
0.01620272306027575,2.0325656179849934,89.8529226039097,-0.004694740465307605
0.016123176902946214,2.010844649871764,86.93136398766285,-0.011948180478269562
0.015697427277975462,2.0185496800613736,87.96576246794872,-0.006445420694842401
0.016084947252706344,2.0100475117744248,88.49986558051457,-0.0016018491977361298
0.016338901149127318,2.0082023698865914,87.13155079313033,-0.005889215801574817
0.015802405600822616,2.014909849983696,88.57371260857231,-0.009697946500534191
0.01697901186350107,2.010477359994532,89.71853625302869,-0.0026237368059402163
0.015641908991514745,2.011912561425715,89.16333510376951,-0.000505950054023779
0.0158563090944934,2.008336776233184,89.95876194758503,-0.007167667576599033
0.015889414154528842,2.0000553627402975,88.86110291838821,-0.011151092207505774
0.01519826666052212,2.005479756498827,86.81857936790489,-0.007670068961641005
0.01622802103386636,2.004306160765968,84.79879697788316,-0.00586333490191403
0.015721436220656925,2.0111490434742825,87.16644407808349,-0.01670940784001797
0.016434746552401694,2.000969635614638,87.40739066130772,-0.005798589095675582
0.016139531366320663,2.02080366590233,87.89766205788857,-0.007498630978097933
0.01582824316497898,2.0038171138641805,86.42964903075259,-0.009610443280639452
0.016538993936887937,2.008575484161873,86.75027243609232,-0.006007331513240649
0.01613444093373693,2.0453497091167647,88.86843049451448,-0.006271414485246512
0.01589915178689092,2.017187685980751,88.83225423854313,-0.00787042563133964
0.015874454477443404,2.0130677065620466,87.1199524881402,-0.006479939100104958
0.01625844767341206,2.0251811183687702,89.06899559813114,-0.013276833189316453
0.01608363487258235,2.008743072751396,89.1742871870108,-0.00260258827366692
0.016086798554772505,2.00508406995393,85.1317301732303,-0.01174638140127935
0.015247100075929337,2.0028836068811353,88.70827838892562,-0.011472854065997438
0.015982692991752354,2.0040554753340323,88.75942593198745,-0.004850057924939289
0.01569398847522111,2.015990494609215,89.05955345521504,-0.002446771246977934
0.01593725655969618,2.0041589084951634,87.66671462297086,-0.0039287984612858635
0.01580830595265823,2.010310392683084,86.06263392941858,-0.0021037799107113744
0.015190311416220636,2.0010917615433517,88.57399700972199,-0.015687367107216132
0.015592159463031762,2.0090159662637883,89.8294109838278,-0.014400232364396612
0.016183044600495872,2.0167487241296422,87.42682477762024,-0.015300944210851437
0.016193501553873037,2.000487059188545,89.15102355243374,-0.01063425045945396
0.01618190426424496,2.014089501927311,89.63933290262821,-0.0046383395976724575
0.01600713792176651,2.0024155854224883,86.6080387618279,-0.013005957344943364
0.01590359669695113,2.0224956246454564,88.08478819284991,-0.0056054454942910175
0.01587560643181093,2.018367321270296,88.40612746285936,-0.0021565778884527387
0.016662630836930543,2.002090411834912,86.87235541025699,-0.0034230536180770562
0.015929668864906165,2.0238781834456008,88.08632316600192,-0.01378380923199868
0.017210836852544882,2.025018190261499,89.82330217709966,-0.0036319422257886707
0.015661756585490454,2.0152134009483613,88.57571409096796,-0.0017693401673772972
0.015940307739201097,2.0055509072060227,89.91659349875603,0.002084514127376669
0.015889414154528842,2.0000553627402975,88.86110291838821,-0.011151092207505774
0.01530317531981219,2.0007312611050025,85.82662831128142,-0.0014612371685302876
0.01600798153922098,2.002778956886625,85.90131031821774,-0.005757905924020243
0.016087890256803048,2.021900580811153,88.69552477279473,-0.011441498459824923
0.016164805148250725,2.0086713124298354,86.34470593310543,-0.003880946457481928
0.016478388592243078,2.041206726548965,88.94107556634798,-0.011784753046704679
0.01589055255059897,2.0005557530252025,83.17809742229353,-0.008307955730832607
0.015941178334670295,2.006240646474415,87.55743996064787,-0.005887405209682497
0.016031522369019443,2.039650628539533,88.68288315260544,-0.004950488023610315
0.015322781261919969,2.034523100808045,89.03792063342051,-0.009272484463031423
0.015867362914704173,2.0188995134211787,86.5894983939541,-0.005963107256834487
0.01583900103407459,2.019371771911169,88.92229464800367,-0.01312262575864228
0.016380543910212486,2.0146910837593994,89.06450377553078,-0.0011848829760571968
0.016205201112831868,2.0076808593111615,85.7869290120046,-0.01686135483945781
0.015343618883720102,2.0023702401091654,88.01920067386078,-0.006344699757234375
0.015895580492997885,2.0084103187929774,89.85524917143488,-0.007970606092096232
0.015541767403304074,2.013836843398162,89.5304962416913,-0.004576329434303868
0.01611479118935643,2.0061619652847034,87.17184396680891,-0.0017966713857298488
0.015611808641375308,2.0119511232571496,86.31155648301281,-0.005316931779885248
0.01548945595729943,2.0021438868397032,88.3515879069615,-0.010609953771220254
0.015514240439079932,2.016077888812896,89.09032306752614,-0.012414589232468038
0.015946078192368873,2.015736115085151,88.22843524887556,-0.014654773874781214
0.015872098820046403,2.007942971109943,89.82748509982784,-0.004949487459532012
0.015722248544940712,2.0092759225565078,88.41638494281332,-0.005513651111142298
0.016214313062653085,2.002104671278274,85.0318413923355,-0.01765524777716103
0.01597044883460543,2.019232338421122,87.60525151629895,-0.004073861437528603
0.01582616128820776,2.014496962268402,88.28164574522263,-0.0024390892104610915
0.016502088501016594,2.002670394919047,87.3426971108977,-0.009909786825772881
0.015653835113498646,2.035893885753175,87.22078491601584,-0.017536342365420537
0.016221922018738948,2.0019613139339536,88.58760730183552,-0.0013566622329897506
0.016001059165211575,2.020548359704456,89.18066314521779,-0.0018341461343680308
0.016028387271076836,2.00508836484175,89.51199854008095,0.00022389685120861646
0.015910163703049433,2.0104665223256184,88.28316421130867,-0.0076592089475513445
0.015485192461684928,2.004488318399695,86.01458960310836,-0.00019383429929938426
0.016729306048251007,2.0096321767616687,86.00137777840004,-0.013153445231397672
0.01625667165672224,2.0085578198324194,87.77920288670784,-0.008707639311316356
0.016375458217158828,2.0028781307653234,84.38391781128028,-0.010929869558468013
0.01673242234501044,2.051192514256266,89.55442552123313,-0.01415293278434894
0.015238479317850539,2.0059080338304143,86.9758164172653,-0.00660370322297307
0.01656751431724475,2.0029258878111844,84.30148196662876,-0.0012261281149044045
0.01624790031938257,2.0525748686532563,89.77157441999402,-0.00642648577015482
0.015552419631435905,2.0236965957018205,88.27039721766873,-0.010575563426605128
0.015951095191844997,2.0210153201468133,86.6148480216313,-0.005693414687681527
0.015836611845299813,2.018544206688707,88.72005479020426,-0.015403518564502975
0.01628564866457369,2.0113541032895697,89.12561108297922,-0.0026640879492236987
0.01617803685470369,2.0161040708638343,86.15923194809089,-0.01694990297440191
0.015271791001672426,2.002421248237684,87.7443248171678,-0.0034440504160360283
0.015358703836286913,2.0123901491862264,89.81353226318808,-0.00521071398553612
0.015316438612106907,2.0172852852881653,89.93765834554496,-0.005762167013219691
0.016653248992958225,2.0057216615565427,89.2017564304164,-0.0077706863244526
0.015173382277964262,2.003883664925742,87.94675145120412,-0.001766313048057925
0.015442534466976222,2.0061265141432854,88.33733493300339,-0.014695670244357823
0.01598404867791786,2.0042795978723005,88.3305106578634,-0.006965784787685732
0.015690799693249192,2.012585030616593,87.3804208332947,-0.017557590797140893
0.015870816453064755,2.0060450586271243,89.01662619902389,-0.011755037753310816
0.015660000077240346,2.011958710861202,89.02374446362224,-0.004262727405708473
0.015939594686844395,2.00530769151409,86.8372221821872,-0.01593895025686731
0.015632659592607085,2.0003809991962895,86.04994849354341,-0.01474586933243052
0.016266262403813514,2.032604758492045,86.87760697719574,-0.0060103560532090376
0.016620840154282387,2.00651370871565,88.73484894857869,-0.015463647815258828
0.01570403337814137,2.0329083660810263,86.91279343544944,-0.018615715875713368
0.016179563765259558,2.0086871012509784,87.9239454192212,-0.004996567165674276
0.015653471798192386,2.0086263077018938,89.88229632327052,-0.00493502815573303
0.015947840857444325,2.0044307051094212,89.66419271402583,-0.0008467835125488318
0.015884440261861955,2.017213546181864,86.87467837222056,-0.009284278724354528
0.015564632967749865,2.0073736188673235,85.82832100033737,-0.00151280158071923
0.016293528774618562,2.0007197405487602,87.75857928675082,-0.0020293508831740695
0.01656545921060427,2.0149242138811516,88.33075979782244,-0.0041515447762492125
0.016270987118135367,2.0009982207600423,86.1868577687089,-0.006480277996907953
0.016331364247819932,2.0445886986098176,89.77214264834255,-0.008208289593336204
0.01555673711702203,2.003238078664219,85.14321975109291,-0.005609988933993575
0.016630162712932536,2.0041101012722744,85.29026474342896,-0.008535446230246947
0.016014763036764672,2.038982050787434,89.04960233886429,-0.007193948552525833
0.015454148635706252,2.024570840078277,86.97745807150855,-0.0082943880734457
0.016064552322026925,2.019351604267716,87.02533181245795,-0.0028809269580385055
0.015954539873495707,2.0128625459404956,88.50297010663765,-0.008894177637856748
0.016222324425537483,2.0119832841354377,88.1314312486511,-0.0013706844977656079
0.016545283979446043,2.0063898118295285,87.62174410230925,-0.008204089588093271
0.015282746668360365,2.0062292776065913,88.53730246634389,-0.006404736590030918
0.01567270812757786,2.009576697754901,89.3034707750538,-0.005314004778138713
0.015717991675576776,2.013033388041079,88.34480048797856,-0.006279253127802091
0.01594732345385431,2.0059123466526887,89.54245965403973,-0.007220233797826183
0.015652113081177386,2.014035263185903,87.81150678737815,-0.0021199952964928628
0.015173404309698154,2.0027135474475286,87.45886155476305,-0.013390614946383182
0.015601510155639643,2.003414134202282,88.70496291305929,-0.00479741207076606
0.01531355006801392,2.0086735309765964,85.86079939258603,-0.011486758331578638
0.015589587758545681,2.004469084231798,88.78356441674758,-0.018375922663495824
0.01575744524878097,2.0002187838024383,89.74019675737964,-0.0032900917018465177
0.016009863365320592,2.004345121229667,86.99494015662937,-0.014198680888302687
0.01569080430675292,2.00373121703449,87.91087540939566,-0.010622984758983232
0.015896286878091175,2.0346657569320294,85.42880356189374,-0.009633892921640108
0.016615313346421155,2.0008319966487145,88.56320888069318,-0.016740306228134452
0.015879039827061008,2.0548680006331534,87.44212177924834,-0.013638121915068161
0.01581887940304677,2.0002778990378434,88.66011736845887,0.00034850442694306025
0.015446680024717139,2.0110985818026887,88.62531225133141,-0.0048646896523419966
0.015768195784882522,2.012286365703384,89.7564173339,-0.007967535782295431
0.015802695464028377,2.0347326943900446,87.38480622223567,-0.010468441402322035
0.016192660676077286,2.021994417741617,84.41378488484757,-0.005177291848675873
0.015960278044603204,2.0008219723055043,88.73988082143015,-0.0028749642322304005
0.016112406928926074,2.0151847092691635,87.03367456781947,-0.005984100489892788
0.016078699753132947,2.0043586449888524,86.30279216120302,-0.008683710714495061
0.016439150493627645,2.0436315843255226,89.15583345799905,-0.0068494640779554975
0.01581213318905636,2.0075756978700894,83.4807144605903,-0.008214742787692832
0.01635475885056895,2.003886370447109,85.25253808684013,-0.007784875122535926
0.016176408666234487,2.0292299492000567,88.0514626751119,-0.004047889245974498
0.015755126575577896,2.048103379511374,81.82902724353768,-0.00500166327772123
0.015946541389650015,2.0280945573986155,87.65279645460073,-0.0035173546423899566
0.01593806121935453,2.0175371519245093,89.16864390872621,-0.010249035915666928
0.01634356602573754,2.020372491875037,86.67512506319119,0.0024910550949025145
0.016730064157898655,2.0121546663486902,88.9184873459155,-0.005986926900271202
0.015554821636291873,2.0030262305101307,88.29254903100725,-0.005188523217723005
0.016027988528320488,2.011189780839048,89.72320181310951,-0.0041095920215555165
0.015899425434685033,2.022381954116601,88.6922809439686,-0.007197247325195586
0.015950603982437882,2.002715201483512,88.60069858181186,-0.005932770173372126
0.014871027086950362,2.003306383793335,88.21153150711648,-0.0005075643623792432
0.01582138126773486,2.0196636291828374,88.0265325411277,-0.009330231948613552
0.015430565706025235,2.0004557891799863,89.4517438026123,-0.006463447853486401
0.015563419168961267,2.018123360532312,84.82643939106869,-0.011187656378388864
0.015540024750905426,2.003980716587675,87.93900038550109,-0.014840832117113028
0.0157362841710055,2.00051758645981,89.58715736588418,-0.00355951513041588
0.015548501418802423,2.0026406161898755,87.14078831627472,-0.011154701388695395
0.015911994224252792,2.0046386776976446,86.4092224329161,-0.0164295119573137
0.016115701849030658,2.030588943924574,87.1477084061865,-0.0063267536437063825
0.01645382464821786,2.0013159850519626,88.56449432741385,-0.014985127646775767
0.015987368240941914,2.071013536269758,89.18184429367633,-0.015884708480939015
0.015929401666977778,2.0062874974051192,88.10757179430048,-0.0017456965512809251
0.015614820463040776,2.014583881598867,87.58412602791634,-0.006375924992173038
0.015658591351803405,2.0115631562166474,89.66243720301247,-0.009605104295745497
0.015889797890783208,2.00724915152616,88.26832625854267,-0.011926336455793267
0.01614328264989925,2.014728570420558,87.2026276549566,-0.006216070820610839
0.015758053120743718,2.013359722360419,88.35291802451235,-0.00533862121709608
0.016099476261148632,2.014953690475084,87.02323171140895,-0.0036834303260837873
0.01635270325183823,2.006203651100562,83.08916115764627,-0.008143013605129978
0.016272323982905453,2.0308853878862756,89.191803015783,-0.004369222202684443
0.01596673613641732,2.0148530256818264,84.51433429842268,-0.007752136783281436
0.016392985646638412,2.0033389358668727,84.95901658238371,-0.007772970977527462
0.01625783231193605,2.0178407496899853,88.01310123138903,-0.005839202141222849
0.015707910227467453,2.041336549071799,85.30640972348212,-0.006549213187809776
0.01578516524910037,2.0448006620300903,87.17051901704446,-0.007837366607009365
0.015857381203889156,2.022268150231931,87.32850223461335,-0.008451195709827431
0.01595389834305643,2.021404072494802,87.45124978934629,-0.0010151046111914037
0.01623758186338894,2.0096497267818125,87.86995052368485,-0.00891221597262978
0.015809109695033664,2.0076371744943726,88.32412190031326,-0.0045663849877932445
0.015547978650469642,2.010665733126436,88.78678848628068,-0.008446774836918105
0.015809405233755392,2.0523653392624768,87.59465550270932,-0.007128423745411174
0.01657677286807735,2.003042560997425,89.38381110794137,-0.00442724590932197
0.015002104712171282,2.0066112743353015,87.83120277262647,-0.0013302689612955934
0.016200643250009954,2.0209844523862177,88.19172858511807,-0.009300669210369922
0.015686794705456336,2.005407594094163,88.37423583624634,-0.008142129273571786
0.015679805231539414,2.011338713772292,86.9073008567906,-0.013946196723470989
0.014804895276112565,2.00236257466342,88.25262547289728,-0.01533463488532146
0.015825834584011156,2.0011739569723765,89.80253499938242,-0.0032898604731895955
0.015727695733998126,2.001908980665075,88.0150696473347,-0.00514715062072839
0.015912596879070467,2.004616764463035,86.51309213667103,-0.01597888835924828
0.016226821687031035,2.0667055745763085,87.52386492702477,-0.0031202568697173013
0.016044013171903775,2.0014963886743797,88.58286346989206,-0.010994143435909993
0.015750836201984267,2.041464808764269,89.2442612098477,-0.015378271865095255
0.01571376710277159,2.003685576898194,89.18285638519379,-0.0011011002254135678
0.015528745478023671,2.0159058675119903,88.36531612461638,-0.0049307099293294816
0.015603785456161885,2.0113184816928786,89.55328390070322,-0.00824866077959685
0.016251484508976385,2.0159922468772256,87.74350932340006,-0.011897076080297102
0.016463783397615304,2.0102511166056303,86.05852997939199,-0.00041236412498001866
0.016165955314236827,2.034041887243688,87.30971385826355,-0.003836080504638452
0.01547149562123842,2.0008771631910287,85.71706759461395,-0.0033407454884808348
0.01592831593926987,2.0070959949406686,83.04988428584616,-0.0037989462863587753
0.01609797861269778,2.0183478396901697,87.2307898021156,-0.006086044296324254
0.015921839685126747,2.0045268205791134,86.33263205847668,-0.005123885176978572
0.016437411311695745,2.002485083012348,81.95705565076547,-0.009617263019732288
0.016457037311160813,2.006900047528978,89.64044019247054,-0.008331925335725738
0.015628866425903217,2.0335519486994142,85.56965504321876,-0.007426083185830114
0.015635096841312954,2.003887329516276,88.42888689402025,-0.00031200040573234854
0.015605401690915295,2.019456475205881,88.22404732358615,-0.011126565060020155
0.015593839386532889,2.0097854519417586,88.13577031892714,-0.0033440399064083737
0.01623813060788548,2.0223962993141407,87.34588916995475,-0.007726728019968825
0.015705417834178358,2.0053370680355753,89.85172664302625,-0.004774436984926135
0.015044769577675591,2.0021661104197945,89.33366976284213,-0.010405775984223323
0.015720925704665083,2.0629008280004064,88.31168061495129,-0.005563832896089825
0.015895194901042443,2.0053084726710217,88.04914426787674,-0.005678355194704814
0.01579031066505826,2.007330240129592,87.59019359974727,-0.006158146593605872
0.01591860414521638,2.0234381185312316,88.41246601718939,-0.005630160126607972
0.015387639232571622,2.009156265251179,88.08539776569022,-0.014346683072317824
0.01567457672980003,2.0059321665529057,87.1823152373982,-0.01328688307059957
0.015438458693529842,2.011411288963801,88.79913549355632,-0.005118191888303731
0.015895913972863183,2.0075032494345746,89.82574631194791,-0.0035154183991772123
0.015324491303997302,2.0002409870755695,88.00260799281834,-0.00502407221490376
0.015933952527329834,2.0046216074520875,87.09954090772648,-0.015532250370515008
0.016041320176823616,2.0272059295053593,86.05357738706773,-0.0060539686085483956
0.016221283206605926,2.0013209409749106,89.05955336242154,-0.007629334985489261
0.015719116166912763,2.0283768265155473,89.52860025524349,-0.02050786925779377
0.01565145915806893,2.0065565229845634,89.42529455395005,-0.005051463668712355
0.015673327479112407,2.0086897692504686,86.55396989949075,-0.005986348639171083
0.015558791747611442,2.011913108155394,89.91394735665958,-0.0094893005004478
0.01646959159914995,2.013986105834922,87.53329320916653,-0.01678843083271782
0.01585992665656685,2.001327942390448,87.54726494521353,-0.00513816368220691
0.01561561183544746,2.017385251969125,87.28297309544031,-0.0084886533537591
0.015261283953275966,2.008212115045317,86.0044055741318,-0.006784675555572969
0.0159809689383385,2.008452144316309,83.63281206403019,-0.006288723207743424
0.015896086553134313,2.01699780011605,88.2418698355996,-0.008841289694205612
0.015570021493638814,2.0074182175780377,86.64162362302172,-0.003650677451033613
0.016306407681143907,2.011247981396276,83.8594390841968,-0.008042936471318408
0.016254728633583133,2.002650500068281,89.90045169838928,-0.012613619066790992
0.015993103458812608,2.0199203369187897,87.48672191803774,-0.009602912221717759
0.015559091718283492,2.00045580937957,88.38786392512253,0.002563658437907835
0.015247461501474097,2.006449727884476,88.37406404999429,-0.015453159716673565
0.015478350281353106,2.0104323342112793,88.02082830758307,-0.0005427230962559205
0.01577599021698781,2.0134685249325868,88.48581925994598,-0.006385488760906975
0.015562362965082949,2.013779277850267,89.78941326651542,-0.008713169495361798
0.015061769325606713,2.0021878746595174,88.74747071914672,-0.009499262184400392
0.015978227022308958,2.051847776859883,88.04662595373206,-0.01177196652336244
0.01593406637933621,2.0081282528979396,89.2298935352355,-0.0059198862874547155
0.016000048368596725,2.016254891105894,87.03584522876113,-0.011522627741524592
0.016282705007573367,2.0260238937636905,86.42823565573867,-0.008258902307368081
0.01591307933671774,2.0106885122814706,86.38652142669527,-0.013728839185179214
0.015800425345814807,2.0026080454139064,87.81499946135285,-0.012975542892866277
0.015399147243634562,2.0090380162589767,88.62709668716403,-0.00660507711470721
0.015959626521471777,2.010366963681814,89.86698186930631,-0.0020736303554015397
0.015767421875350376,2.001432340184679,88.890040242637,-0.00719270889526818
0.016024436369602484,2.001387245002369,87.55761231198154,-0.014510284112733338
0.015428754290294184,2.021846746369352,88.80318257900373,-0.0033275277459910504
0.01634258656679986,2.0018349040383825,89.69297193172633,-0.006040651492381754
0.015789702326761017,2.034632352806895,89.1454990912024,-0.015500561933687207
0.015608435028595049,2.008296265376848,89.56223272938358,-0.00394632305257115
0.01559040308543186,2.008025828028229,87.58937003727328,-0.005067313381084999
0.01543409846728655,2.014898760987145,88.89494908305528,-0.009099558711815023
0.015885888368003965,2.013833223053301,87.84335309468199,-0.009027599899459816
0.01585992665656685,2.001327942390448,87.54726494521353,-0.00513816368220691
0.0156772625357228,2.023231990151849,84.89908831783592,-0.007574418934963153
0.015701273612731326,2.0085434456799347,86.29923606210363,-0.008022264196080466
0.015313224725653742,2.008783554841746,86.79558126601505,-0.003384110322383725
0.015991246825324545,2.025666107120494,87.71452913735008,-0.012048076763631153
0.01588689960438435,2.0062725908115935,87.46357054293115,-0.003693005815493209
0.015966355068750937,2.0116656398599684,85.37898349877608,-0.005253993390390097
0.01622438266932269,2.0019498295904454,89.316529580511,-0.011369674502437796
0.01571302760067168,2.0213281631780093,86.23897947414864,-0.017318290585895055
0.015739747824243536,2.002943314380645,88.15951494731874,-0.0011246559211418668
0.015294487799653084,2.006681431171007,88.42436337249406,-0.014766120893096353
0.015629670421542258,2.011419455655237,88.58687211500893,-0.002420696404415783
0.015034582797920203,2.000809606977156,89.47136157611796,2.250319116999834e-06
0.015395258553547524,2.00861219255191,89.93461323107209,-0.008440980742300605
0.014756199800221394,2.00276812738832,88.18708968322503,-0.011015122332793321
0.016265391686089675,2.082671369531275,88.86307028075133,-0.007357525983771606
0.01575582358990799,2.008254865554079,88.05376075549279,-0.006764405568562868
0.01583221182732102,2.0082247286383774,85.75486937112986,-0.006662231304803338
0.016230822121155994,2.0178446303199395,86.93751845535336,-0.006121779020447212
0.016100900956611774,2.0192536105186,85.51018799016495,-0.019162818004548457
0.01579181451327808,2.0011400561979356,85.50207635449087,-0.017781207279705107
0.015360295817165057,2.0045402869056708,89.5577256817115,-0.002100309935310805
0.016476559479749957,2.01064098629792,89.8602495743645,-0.0029909385448429705
0.01578281112813647,2.001257148426451,89.2819206711987,-0.010153395607257589
0.01606539647010539,2.0030619274449424,89.10438630375087,-0.009068003791233221
0.015260658259453183,2.0286058726484058,88.14585515770389,-0.005623850694708188
0.016489323219332174,2.001258188309517,89.66475329770186,-0.005437925898726453
0.01595706087359518,2.028140522408925,89.25514097387972,-0.013729639349638334
0.015705847889908083,2.0055249823541663,88.52996635867768,-0.0016047578037173132
0.015445361559850239,2.013103711431168,88.5074506093809,-0.010701037867902656
0.01576885992345449,2.0167239106175683,87.80528406089024,-0.012319644890496645
0.015772457828936517,2.0229813365758886,89.66917927847653,-0.014138144423969476
0.015867493321326854,2.0012240088598245,87.41147828495224,-0.005129872985645741
0.015593121191016218,2.0330648451578104,84.66730789905493,-0.007856207774332413
0.015640087186956163,2.019772039156549,88.14545486824392,-0.006693134166326344
0.015480872968587422,2.009918300632008,87.85245859664555,0.0002833970919148051
0.016035061894133496,2.0317320262859058,88.43447834927018,-0.0053027877253067415
0.015693679483311733,2.00250328754529,88.66567688138359,-0.0023848021077921403
0.015608958499820897,2.0029421206161238,84.1608479477793,-0.009357311965020987
0.01595580826818235,2.0060928611382978,89.49512784520701,-0.0054966458320089406
0.015709402031500938,2.022254717684781,86.22886810915911,-0.016639348883740582
0.01576346742713148,2.00238483672972,87.79197915252045,-0.003326630370016931
0.015614972056037025,2.0045754209902418,88.10089511454845,-0.01708898551301214
0.015902128046885747,2.050128227670027,89.10179191761335,-0.02003785527685918
0.01564834965023628,2.0106776585449997,88.29576433432673,-0.0038776614995633457
0.015422356715476768,2.011703497258759,89.75045598468559,-0.008180517253011613
0.015307346566144606,2.0162211034198534,88.02492459674176,-0.009693886482244028
0.016087605828676563,2.062494666713281,89.44241530483096,-0.004510593868935758
0.01566119866462534,2.001630599686373,88.99416633017896,-0.008469856272276213
0.016125814632798968,2.0118207397351893,84.88435275711163,-0.006935255024845525
0.01619891466009907,2.0166658608374366,87.81389887297777,-0.0066696813670857995
0.016166293965834355,2.0119725674685816,85.61881570598345,-0.014896908505123225
0.01565496882698987,2.000795192629981,85.06102563570659,-0.01091021207299948
0.015483736181878783,2.0091764126140967,89.23398099319571,-0.003179741132171246
0.016221913932593986,2.0125280354190744,85.70131314722317,-0.004670605237139483
0.01581570146483854,2.0032940319545833,89.41734650746619,-0.010774531631975268
0.0163303518004961,2.0016150571419122,89.2482621285618,-0.011361127688499192
0.015660976789149447,2.0149933810859584,87.89443121884936,-0.006980837694269852
0.016729983538212766,2.0041285952441394,88.47258554792265,-0.009020967874932385
0.016031793163972165,2.0382466911555275,88.43298074407467,-0.012239907090338056
0.01589380988956233,2.0018870145383763,89.32476352292421,-0.0021583770312547717
0.01571840417755196,2.01618772902897,86.92706648155871,-0.013848223873191741
0.01579542062045646,2.0136763080689613,89.81208548121155,-0.012474368314955785
0.015934084232591104,2.005391967320654,87.67648888887136,-0.004704566027718926
0.015763168978633325,2.005321717376062,86.64663538053307,-0.00569104165630391
0.015605219293133242,2.032113897319859,84.75368035808575,-0.004650317310448084
0.015614876776329023,2.0288072962053643,88.72564776787357,-0.005575831732470735
0.015965124289755137,2.0149081775960793,86.6975966237214,-0.00586666448978733
0.016180737896054245,2.0615080371770533,86.93321738862737,-0.004567925732336869
0.015578722004233774,2.0081045726378863,89.11498761310426,-0.005800278560100927
0.015615736721149426,2.0043527021817886,85.53097433984505,-0.005305025072048639
0.0158800320143197,2.0237556374189913,88.05061103931193,-0.0016919272597908325
0.0159405589944258,2.0369168108557774,87.63350848408687,-0.01751423462619822
0.015721935858424456,2.0152550816969006,88.931899893354,-0.0024980730678891656
0.015854079431373222,2.014256928482157,87.16741316252597,-0.016435503157186435
0.015880466440125293,2.0352132854032536,88.98022477307042,-0.01450815062818532
0.015822107785525317,2.01444673730554,87.146401808208,-0.002357926742816448
0.015778464012716653,2.012370731727919,88.24667717053111,-0.004706251758224918
0.015011218749329144,2.0034374993175095,87.39617932813772,-0.009454653927347581
0.01599954833624228,2.041463461109713,89.49240009615703,-0.006562984290230717
0.015390091511581007,2.000028490859293,87.99480222865031,-0.006010344850611592
0.015575611231564094,2.0054668462634186,87.22750913277125,-0.006431720241887142
0.016532106560260874,2.016120354108276,87.05708143045862,-0.006435539134296021
0.016832081608469215,2.0302481883973655,85.34525366994355,-0.013034300058094583
0.01574070823379784,2.004171813218304,85.363570275127,-0.01212371680863244
0.015519813807525757,2.0041140355892937,88.33504078015558,-0.0013861266048922011
0.016397704955779573,2.0150180133234827,86.19666776103276,-0.0024392692991650005
0.01583266762222437,2.0020756499931616,89.48350730221775,-0.014984960290055254
0.016108433723930147,2.0039544731532746,88.21453586515644,-0.007869009422645894
0.014945771368388698,2.0090228434685695,88.45824392056598,-0.004014074649504861
0.01615280402110441,2.006483140269252,88.14447845418943,-0.006537500330671233
0.016095083548109616,2.0477570711397424,88.674988120155,-0.018915952156373185
0.015330281499751595,2.000488156768594,88.91922036090374,-0.0037333906676602618
0.015844036547592165,2.0128732585182654,87.59244740827818,-0.014906426118629724
0.015786110554144073,2.0139654682566297,89.8596019995226,-0.01261134723438096
0.015946666766215627,2.002685056735137,87.58081767373096,-0.004489125801501905
0.015711828984224664,2.0026734881741413,86.98668736552395,-0.00682342549080182
0.015441957459370052,2.0463898616071843,85.24907118207902,-0.006542417561626691
0.015733399436292594,2.033088483680004,88.3694457077705,-0.004322979861441015
0.01578723772965449,2.0201681732942673,86.08895059185132,-0.003677013639619231
0.016125247092628116,2.0485645477533794,88.49938132919763,-0.006110747356852684
0.015380351231228079,2.001850726539233,89.92691719206591,-0.004934021000478312
0.015405657331786907,2.009045044172516,86.69874786014299,-0.005505142859726236
0.016049841581623946,2.0147561571679447,89.15408517322011,-0.002836908885552333
0.016177750287900954,2.0362164600889967,85.05306878974909,-0.005976031687824164
0.01528089461324286,2.0242722971798366,87.44919532971615,-0.002754904977013604
0.015904113869831815,2.0109433212481913,87.50092571860077,-0.014323732008784562
0.01634419227428207,2.0349893734643127,88.61963206399275,-0.008417580142750873
0.015970189539632494,2.0126689286097608,88.36074900412163,-0.007431364991852114
0.016030651942960154,2.0120835974879157,86.32762062186082,-0.01317238698187425
0.015625256313560182,2.015569627151445,86.47702749573243,-0.0070260086868286385
0.016071336712176865,2.059321022836292,88.20985457404356,-0.01310352456106831
0.016300272453692706,2.0003451726793866,85.48567778000164,-0.004992420287880909
0.015571294676721992,2.0069696303753886,85.07884032157192,-8.696602310244786e-05
0.016693255359392145,2.005666069413756,87.09835226388188,-0.005153483090507115
0.016414182546017363,2.0319540610928666,87.13504841769122,-0.009579405782945576
0.016004972711409566,2.0036275889907564,85.760883808534,-0.011408741864910896
0.015568307486605454,2.014821285065268,88.66982611584649,-0.0050420929385718355
0.01597314982228189,2.017309019994885,86.8801095216743,-0.005890520167092226
0.01583266762222437,2.0020756499931616,89.48350730221775,-0.014984960290055254
0.016093686340235776,2.0018280376117503,88.35962593198072,-0.006602228625564314
0.015266380765416972,2.0174856687274993,87.64425574905414,-0.0048199899078784246
0.016188987936595234,2.0182993712967052,89.50981849289455,-0.004944708950331713
0.01612632474201199,2.0122593416954566,86.99618627419906,-0.01108250940924536
0.015383948922820197,2.001306872608538,88.96682580115761,-0.006393689526198398
0.01579001806330789,2.003750504964765,86.70201145024362,-0.019169960956403876
0.015658850625991948,2.011800332881108,89.65091177385716,-0.011225174437340567
0.015892748022991454,2.0108572501067976,87.75847747922019,-0.0066888611353683874
0.015613937375727145,2.000438858150827,86.93708966796106,-0.008209545392673514
0.015762210446691304,2.035116991019734,85.3276742761562,-0.0062504780812297316
0.016030723108333658,2.0180790175612806,87.92708178838042,-0.005530659462530986
0.016199128664289724,2.012219113850932,84.19552544381621,-0.013590797839528119
0.015895721275205523,2.0384501211951114,88.60119770677436,-0.004734930345084806
0.015496945696381055,2.015329859124405,89.99982705575555,-0.005438948622179558
0.015370354278546772,2.007862079976478,87.48328432427657,-0.0030057312074929544
0.016353017667242672,2.0189359840216663,88.4856527336071,-0.0030324458100115994
0.016212221472929892,2.01650459170966,86.27043750982502,-0.007395738902983542
0.015393777897404561,2.050986774406278,88.77722571608867,-0.0069565282041384345
0.016287648600956932,2.030382819369684,86.27408610690992,-0.020586825457968368
0.016365468656552487,2.000207925074438,86.68277915994855,-0.005658886614869914
0.016083846311940524,2.0030836941973797,89.51040738031678,-0.004307628810563599
0.016059772850629678,2.0104806098520163,86.16657017135739,-0.01417163235243692
0.01620679731889557,2.0156441423104448,86.04679831587315,0.0016678617063294564
0.015938685959773585,2.0941792318653976,89.740410943034,-0.012588109139767798
0.01605730763503134,2.00002784328201,86.28468535641267,-0.007002549351854532
0.01559075314683401,2.0183545828781866,88.61473437045656,-0.006410735562970229
0.0162438111074073,2.012205533311863,87.96583514188842,-0.005504306366928882
0.016148552827555306,2.0256143443231935,87.5593652818707,-0.008730101124302569
0.01564159596813222,2.0054454885763215,86.20946634643632,-0.013040347671197312
0.016451997955006983,2.0100182855008932,87.9704943142362,-0.005181934159099003
0.016023449087740685,2.0271250336198547,87.48699680033172,-0.005495343873727493
0.015841545555716395,2.0079963889751435,88.65431635937274,-0.012076674156205537
0.01622897977734896,2.0002920119755307,89.00981381364561,-0.004682047605426576
0.015531995567966294,2.0055851820589115,88.75087116781133,-0.00546058145693588
0.015926877410059298,2.032691104821229,87.31217608019949,-0.0031393570692798416
0.015717010090299705,2.002738395998524,88.06564779203272,-0.005096890351963196
0.015176916061905608,2.015665742064832,88.9732673614643,-0.009579815303792642
0.0159213341382787,2.002901346922692,87.17419334429013,-0.015161302879077052
0.015154592173284211,2.001624130372462,87.39371427201867,-0.015660204768421115
0.016012113050014442,2.000433951195023,87.94722904464851,-0.001034143545642966
0.015677860466436936,2.0027922103144027,87.23833954117424,-0.010694997793082394
0.015760912144052123,2.0219066465736404,85.64786773292585,-0.006910068960217259
0.015781547000094882,2.0130656557535587,88.02988670519625,-0.012223959704702907
0.015967093947518367,2.002608133795054,85.92733179581,-0.009213835478671856
0.015628697452010187,2.0376144547989488,87.64477374442254,-0.005236917151205852
0.01572266322090727,2.0140745191795912,89.52021354904046,-0.005378205696491447
0.015197101025629748,2.0179111582443494,86.88358090598068,-0.008911230064486984
0.016203383128653832,2.01131195349879,87.87177778581436,-0.006697158315550421
0.01663944813148933,2.0158548355445647,84.47277834050007,-0.007074787142694414
0.015657802490004077,2.0339578872317667,89.69954553886402,-0.0024123797051988256
0.01564426203415802,2.032172393263792,86.77825279421837,-0.014239931506484504
0.016327556853096014,2.0006750613944857,86.7856664141053,-0.005922757413467698
0.0161593255000472,2.0033296373133527,89.12517685837743,-0.005889328430307479
0.016043780955203066,2.005827042068851,86.24144620507462,-0.015246680588362208
0.015774167026512086,2.008533492372379,85.69013500651853,-0.00020742788972988313
0.015973906123909438,2.0291836927784934,88.78744766870048,-0.007315137106620771
0.01621700222151743,2.005977212079075,86.72062030671715,-0.0058352956435938665
0.015688405488922207,2.0233438972088305,88.53635873614738,-0.006906362329326366
0.0160987364931832,2.013142599227526,88.15902462518251,-0.006245459206089849
0.015723277586943956,2.0271296290454046,89.49490756198759,-0.012026614527795559
0.015719747783414468,2.008640421884565,85.4963333227368,-0.01805517686845673
0.0161047577943792,2.0133561674293943,88.11980913489671,-0.006752042650922399
0.01607781148065938,2.0035039098387273,87.5946448120987,-0.002364721095530145
0.016593455672583357,2.007199299238562,87.7731875615127,-0.01276798616673942
0.016099053158759417,2.0028912331084197,88.86910956407218,-0.004576731482484761
0.015704183505307903,2.003505790210283,89.2969404527112,-0.0034631182344144534
0.0160544000068653,2.0367779785230122,86.67826966408315,-0.002934549478994684
0.015675203856538634,2.0033636106735218,89.14521362686344,-0.00018117838720739868
0.01551763939938746,2.017650632775151,88.90873268606946,-0.007361180720590347
0.016068207713378035,2.00255083224301,87.29279379952955,-0.015547968982168803
0.015587379035861191,2.004282436171654,87.06362306823972,-0.014218954064427178
0.016466827165147184,2.0083816434775748,85.22388574191774,-0.007452738123359125
0.015805522036322697,2.0039359318592282,87.65643620576837,-0.007877134095951355
0.01584236718845118,2.0173054628734843,83.71870116541179,-0.00583619723544752
0.015570316168103612,2.023475789330481,89.62127217704541,-0.020512854164048824
0.015655592879923724,2.008453470510743,88.56992764234377,-0.005221764180851572
0.015583709112728005,2.0316038970240555,88.82670632915382,-0.006886099056364449
0.01589190071184224,2.015228113091833,88.74088267112691,-0.0066804713129132495
0.015815594505919482,2.0039373518806056,84.97443338704072,-0.005242627097816054
0.01624521124404102,2.0126952887070524,86.13645295619813,-0.0055744336847330656
0.016298957225133973,2.030715436595682,86.1802356755207,-0.005683616961941569
0.015834993389165625,2.0372468550943976,89.46624141648228,-0.005196880906279233
0.015989788075804024,2.022184813932161,87.67906097788669,-0.008923209448083096
0.01545942296548979,2.003691576829495,86.52606302444767,-0.01191510635535549
0.015928483595511876,2.003744648624563,88.55190317009615,-0.004910343001506205
0.016177904940844135,2.013392377967816,85.40318521926982,-0.013918609823445015
0.015905461139997346,2.0073488966158184,86.0467827315004,-0.0013639659438692796
0.016020050897123512,2.041619696448455,89.24481567183929,-0.00832033050923682
0.01622553079442114,2.006399050031247,87.12630326227081,-0.0006787968470012944
0.015774791939800702,2.027653391452151,89.0606370438046,-0.005582229622974156
0.01586477950485638,2.0195267661776986,89.52431878283292,-0.0026971123649029392
0.015714232178970566,2.0301983687358462,88.82975482018584,-0.016878532983111094
0.01575394430944964,2.0133745264165,84.53913287872855,-0.014051297706073199
0.016129318729195204,2.0256357470612927,88.14722158624258,-0.00659576483368298
0.015885317697499006,2.0068173457083365,87.7166792224954,-0.002678030550398507
0.016057108240008996,2.0177435293474226,88.41814997408397,-0.018980236895040435
0.015749863408681335,2.0061481581379756,88.07232402058344,-0.004766593309248017
0.015496673358035323,2.001095188089189,89.89405291228728,-0.0016165921756098062
0.015671209577504223,2.0114254655932213,86.27806171684205,0.004038086408214671
0.015389831601715144,2.0049774922194383,87.5045113850069,-0.005610734515613187
0.016461279906644567,2.0215160164249744,83.31036675160048,-0.008606654463929372
0.016083936593352912,2.0001074482772507,87.19528147485856,-0.01634036202940458
0.015597876201848566,2.0124909723779716,88.26803381609136,-0.015414369529017096
0.01660639686980475,2.0046783609653462,86.7308812861196,-0.006141367939325646
0.01567452936902785,2.0089985589099566,88.30359931995201,-0.007688379921002728
0.01572011531426018,2.0172501041739923,83.3984761499781,-0.003935061860899525
0.0156644725391304,2.025285437414725,88.79090986934835,-0.018257917542358587
0.015709477471128292,2.007327879044395,88.34925510983948,-0.005620665093219618
0.015544421442457813,2.0192409433328744,89.28740687427204,-0.0015484445517527324
0.016162469412750922,2.0129468073243473,89.7640117721508,-0.0033710219478315217
0.015611414075004174,2.0094811078820753,84.64036124206356,-0.009154798925046989
0.016297280680733422,2.0043238334147326,86.78663925415832,-0.001198443646826395
0.016080471197500595,2.0319809624196634,85.87690252225093,-0.009381920354803576
0.016003302507917188,2.037635821542783,87.89888490171641,-0.010901503138600806
0.01577963868755596,2.0260055239014068,86.64520120968794,-0.009489920308143673
0.01551742778832074,2.0034192339009853,86.26834195345431,-0.012842004893307618
0.01579020919088946,2.00030994039516,89.76452963449186,-0.0002115740401434571
0.016046277829573758,2.0093421501068875,86.5691380813519,-0.010906015942868368
0.015977611468086694,2.0296471460109617,86.46355397568874,-0.006555971150106362
0.0159793430336101,2.036962163276228,89.0660695393664,-0.009062241341493863
0.016073161522163284,2.0101776873552426,87.4796715369455,-0.002328748477566828
0.016035478616496724,2.0681401791588203,88.2333766942367,-0.012054597584412626
0.015688448713311286,2.0182738817728065,89.25778372387627,-0.0068487307390524355
0.016254234175895214,2.0425745629567773,88.78631413765495,-0.007417665722305918
0.015830233605589206,2.0230616144860796,86.80085067640351,-0.01207757677757911
0.016212000277126958,2.054216271429586,89.19135680166697,-0.008450206353867989
0.01580185783119421,2.0087952458372227,88.01383348802867,0.001714919302680697
0.01596046976608224,2.020681888742685,86.40297699461524,-0.015494608061488566
0.015679518188151303,2.0022668630479754,88.26109753117346,-0.00474914572517645
0.015465940450635603,2.000612195595696,88.64494357503655,1.7723784361392114e-05
0.015827612724626128,2.025430806690507,86.19393572407752,-0.0003276962062166537
0.015137396091315834,2.005649716301471,87.71392858446703,-0.00725579757568442
0.016404912947572306,2.022370419446117,84.19633650619981,-0.005382321357125431
0.016083936593352912,2.0001074482772507,87.19528147485856,-0.01634036202940458
0.015668797846309146,2.018824510772865,87.8638644530421,-0.013248855664415901
0.016112251786149334,2.0142852597407437,88.46462949749912,-0.006066918755891349
0.015727851812144044,2.0064710355517015,89.19976505101104,-0.00757162618057133
0.01594873732950257,2.0106099359741325,85.18381273734937,-0.0021761670895789446
0.015611695399522656,2.022066085262376,89.30073701967555,-0.01737886718114045
0.015552587801270506,2.0056223607211985,88.64884872655274,-0.005414248678494375
0.015445474450284545,2.0226101290679668,87.43111135701825,-0.0059804928804085495
0.016081581316767984,2.007882718776527,89.67154525972687,-0.0013490411732867726
0.015810603313120918,2.002916567447235,85.67651251819213,-0.005882277722573407
0.016400364188294506,2.0051191918122258,85.71039289589194,-0.00541890203685449
0.015929159256820598,2.024023516812703,84.64448011410519,-0.013317113904265588
0.015964746346450023,2.0434982168905758,88.39802192340044,-0.00691787621594292
0.015362659110479328,2.0059685767523106,85.5827885030437,-0.004330294072710333
0.015588643979844276,2.0001863729381233,85.2799974049079,-0.007882043863020913
0.015828953572463188,2.000400297846638,89.87488303215164,-0.0003444719601716588
0.016082598448315902,2.013759678481684,86.1320810550525,-0.0070784351300998034
0.015888930187540323,2.014895928657837,84.53978363172477,-0.008035470280139071
0.015948090466586472,2.0088668876049844,87.66301232486155,-0.008458829910165735
0.01590773749453255,2.001078359031771,88.01025779540413,-0.005393577946238497
0.015820382323774248,2.0386910761169403,87.78456408126162,-0.013347525341760999
0.015591454978712295,2.0101221291109614,89.40316706275911,-0.006587253646278374
0.016125699042414083,2.0662096899375086,89.8653223723064,-0.005377501410588872
0.016560854184968686,2.0122475734017335,85.84592953188006,-0.016333741656832577
0.015770832735254512,2.00975795056899,87.88553950597182,-0.005028924112402388
0.01578885463974592,2.0061183159235894,88.56675360655896,0.0034677681979247213
0.01598139616018694,2.024691864859832,87.81020082738324,-0.013397591419387764
0.01576272560646575,2.0017660066876553,87.74877318138155,-0.007387571779117886
0.015492747412686117,2.0016246927734738,89.10875855724147,-0.00023029718767100457
0.0158589404298234,2.013293000816887,87.32718679139415,-0.004052426368978075
0.01565915237278451,2.0134958312317948,86.45018696724823,-0.005211867524124078
0.016269440434037354,2.0206196579576425,86.80760436556285,-0.004469295691950443
0.016034268399510714,2.006334209676368,88.28353476852365,-0.009550004253829885
0.015453673276746474,2.005162235108521,89.8158409403996,-0.006514698033758304
0.016454568411401523,2.0145078192957455,88.22598591623293,-0.006345999649416003
0.01596190869689372,2.0044724134424508,87.82565204728535,-0.005940203748305339
0.015745303755913723,2.016478358457658,87.33800308264328,-0.008653246850522264
0.015602291260825067,2.0171636638793045,89.29694991325222,-0.011981493147591372
0.015509766534789093,2.0052654994064985,88.87509270248624,-0.004488691814881261
0.015093903622313366,2.008260029786757,89.55868056305638,-0.007204240551278142
0.01584817033215076,2.0068714388898057,89.72518400099969,-0.003269260340979037
0.016580161593283887,2.005351333240721,83.18577343306067,-0.008742752100762951
0.016442766747766634,2.0050616936585186,86.28633670793205,-0.004818003152223253
0.015252559438213934,2.0147535921770086,86.61641667940658,-0.011001820892139382
0.015432414268695068,2.01426919797846,89.03592028760242,-0.003581656515571769
0.015449428516573122,2.0064010950443545,87.24122297061747,-0.003997741706732851
0.015541420772159613,2.0016930232151244,86.58817534338442,-0.004772705139842951
0.015954532585891197,2.0203501542277675,89.45009451067715,-0.003347718891211212
0.015885514413871992,2.003918040325073,87.34750079987313,-0.008506553438734188
0.016384061559679995,2.0040043878305456,82.29808915054981,-0.007959163021665983
0.01643265676831681,2.0101675032029505,86.16149063332645,-0.0063528956432988845
0.01600847225645359,2.0015317654095104,88.00030789375722,-0.0070278710057691835
0.0155919156821883,2.0457374905523897,87.66128271183197,-0.01625182037439203
0.015467022942286487,2.010406024971014,89.29547025801297,-0.005584899867489542
0.016081190939538203,2.048893616415352,88.93291341653719,-0.0050357242055940514
0.01588654171325696,2.015373736457366,86.41227817033878,-0.009962101984184357
0.01592944414913372,2.013188366560748,87.35912923419127,-0.003347617262413912
0.015784861558468605,2.0136043081963075,88.03780419693642,-0.005260844576443645
0.01568759980578987,2.012331081256264,87.34855142799246,-0.008140058108064558
0.015870416879652762,2.0024618543080432,87.6455399159772,-0.00808032492667516
0.01547255752931217,2.0061457805748977,89.97451051417642,-0.00019895066023308938
0.016379703411577257,2.0057027923453563,83.61922794089875,0.0008624302146961384
0.01565865873874261,2.0313949693061715,85.87445247680279,-0.003128398613400426
0.01635293244062858,2.0330448665455423,86.00002693112411,-0.005158324046132353
0.01608970736451621,2.0025602092476786,86.88934888336574,-0.009942099697672182
0.015677185229768773,2.005384239913156,88.45844341180579,-0.005138992805460804
0.016552563534954684,2.0142408942342,89.8470886193856,-0.004950109120426839
0.01621395814101508,2.0040826377117478,85.87432773992047,-0.006146470417903699
0.015654331664270695,2.0061095649678817,85.39826103615955,-0.005640627994789294
0.015720856684774007,2.017430030693109,88.81907356882127,-0.009481296349415535
0.016176140842402063,2.00638658587843,88.07599384702371,-0.009345118519740585
0.015582616957199324,2.020891279389471,88.67263222920978,-0.009867357465209128
0.01593475149780578,2.0054376798190012,89.46039120272009,-0.0050862866065260765
0.01563169782833096,2.0022391578369305,85.53204543475452,-0.01530569504084731
0.015995922826539832,2.0066197489410036,87.44395137523637,-0.004063785710324254
0.01513138640317653,2.0113731994424455,85.72618275104554,-0.012038049063207339
0.015155253897585336,2.0186119359011085,89.62474371584959,0.001204116836396268
0.015521786394787278,2.012623928926651,87.10188244510644,-0.005365864714049855
0.016148612218877846,2.007448313827042,86.34085957583947,-0.0075722866423125115
0.016034361251237663,2.013761747387205,88.72980924187227,-0.0035128792302617623
0.016256163228274213,2.000155035434739,89.17073101912635,-0.010678898177061158
0.016174734649940025,2.0031104831017403,84.92903847245933,-0.008653975069010316
0.016287802361875006,2.0169893271270616,85.33108660461006,-0.004117441945222689
0.01618425087210878,2.0001272179417438,87.81477896896546,-0.006949999988806406
0.015921862370045434,2.0165318308646705,87.71541076540349,-0.005841004732415182
0.015742695129000634,2.0104571757893974,88.5567494811613,-0.003768022438031958
0.01590078904543699,2.0493542027654965,89.89553749807419,-0.00642148822789197
0.016059962483887587,2.0173761752388204,82.39233585129651,-0.011485606674476675
0.01602432681596203,2.0124003961972443,88.66555515615853,-0.001394446309973452
0.016061930058281625,2.0192448278777526,88.8643049342805,-0.003822252502498315
0.01565871620792971,2.014705655505143,87.55738534317184,-0.007226780878332405
0.01590410088131847,2.0009093554416237,88.10850458855838,-0.007665945738023741
0.015712990251022435,2.006465019242543,88.23407535867729,-0.00350795636945307
0.01591768053932359,2.007874524448897,86.55058105457562,-0.0019454870581172845
0.015603050744044847,2.021931420317555,87.25827214326344,-0.003353278738612254
0.0162564912555554,2.0307248694928735,85.56178362575395,-0.005887146885738187
0.016301242603158336,2.0032936395180743,87.66499915628552,-0.008256861750923283
0.015128696503835344,2.0159546707872114,89.42575327105455,-0.00758268988022465
0.01633302943392377,2.0108134988237,88.75079739090258,-0.0063079509328962495
0.01612410515989913,2.0056442454999135,85.29271142362151,-0.0038204255151235694
0.015395505427489176,2.0126263240053834,83.28961882266645,-0.0029753876245424116
0.015480188227633673,2.022018321768737,89.21451548133426,-0.015156141655612528
0.01576247951892137,2.01151321540584,88.42856995016086,-0.008559329090898548
0.015523660250407655,2.0285047046395843,88.55907921578411,-0.006276191329988342
0.01592254354515597,2.0011354539014574,88.86316594566055,-0.006483603036475513
0.015724860157936005,2.0038760962579154,85.78437068561621,-0.010248743930702027
0.015605661356837589,2.0209011487690933,89.07101392283339,-0.007174917667571592
0.015408791328880738,2.017360669345457,85.77701875324868,-0.008290461238205853
0.015415343586534385,2.0122429170336793,88.18981240200421,-6.134939964177891e-05
0.015784683679755242,2.014763446677245,88.57780377645445,-0.00044139773412624986
0.01602871630859198,2.0084103142131955,86.47696563956421,-0.005894207711726969
0.015876062962959618,2.022900411357266,88.13845049788829,-0.0022019351820676196
0.016243761167816586,2.000745837463972,88.2878734733856,-0.010438182861180239
0.015990489684656144,2.005722798354846,86.63028518981568,-0.006354242978829805
0.015987986305887332,2.0125730843457053,86.16098832579657,-0.00106113405879346
0.01618425087210878,2.0001272179417438,87.81477896896546,-0.006949999988806406
0.015990365852320592,2.023536989896766,88.71974557305067,-0.008928114981415325
0.015517293378124724,2.0299737150036723,87.63769424200602,-0.009723654433053947
0.016107436352795674,2.030544283020963,87.80096932916726,-0.006826058609440508
0.015285815800839016,2.000236307683564,83.43937692626234,-0.0057432375971059975
0.01597907135330714,2.0004668046852596,89.53615392810246,-0.0014119594301420582
0.01608462878777641,2.02448097495446,89.99394710248671,-0.0021303050327817078
0.01584389346167665,2.017240867820012,89.94357797724649,-0.014266858863822292
0.015811863241145866,2.0061765211127045,86.55291055372112,-0.008255907073848448
0.01582726674365291,2.0042445851165387,88.04836305329482,-0.005462457331468988
0.01621149201882557,2.019304975138325,89.7289382923643,-0.0015558225104754866
0.015426286627945146,2.012447247441179,88.70058211496406,-0.0021311577199389755
0.01620839538232674,2.024027895541251,86.73006268293574,-0.006307831410310011
0.01589920931838002,2.0052236950594535,87.86318621530408,-0.005430513012515698
0.015576830044035915,2.0144162074194987,89.79607056494513,-0.006199335704388014
0.016102582949782982,2.0206853396591016,89.15054442308687,-0.003262481671811946
0.015987136553299263,2.017656831140134,89.57175085126968,-0.006049582968323111
0.015725147230328865,2.0141521676454954,86.16120134956837,-0.00547530711042471
0.015906258359472646,2.0065754075302404,89.45074040528857,-0.015055408920349385
0.01551986781245468,2.020133653724351,87.5657662726351,-0.015764915047904112
0.015367274310141479,2.0394373478765435,89.74694619937166,-0.0071305330318995296
0.01578668189468882,2.0004784615650224,89.57865215183271,-0.006050684067337362
0.01581584523498399,2.0014854118820042,83.77025337874659,-0.016543551572043923
0.015069308028334094,2.0081982610884994,89.18802095700707,-0.009275470485609399
0.01636478899699329,2.0125737352608075,87.7607591254049,-0.0067809229362874816
0.01546520282748914,2.0039764353343203,89.25553568285378,-0.0018103590207851142
0.015614541331041442,2.015136691849172,89.59597225315954,0.000638889905154422
0.015866441552978238,2.0620517832897383,84.28568756522728,-0.0024008448169787616
0.015661865078136612,2.023381918215017,89.61480751061069,-0.0017169203657280254
0.016237184067279618,2.0005353175480174,88.35848434623401,-0.010649542847214703
0.016179135858646665,2.008693327061261,89.11434952771224,-0.003092258249150803
0.015867729029052653,2.0174650378087677,86.15564838639172,-0.0013871632126292311
0.01618425087210878,2.0001272179417438,87.81477896896546,-0.006949999988806406
0.016354284821847653,2.0133672971154253,89.11529817756646,-0.004714021933537364
0.015381287847964479,2.03200806673037,87.57494135674762,-0.010242130448635223
0.01597965574126563,2.0746163110719955,89.51969368719254,-0.010862696741625634
0.015653944662639453,2.00573041410284,82.75870695995604,-0.009673143703717626
0.015947372902499216,2.0020063353256505,89.50200806151585,-0.0020870322321447053
0.016048157230173547,2.0195043917569753,89.88990675152135,-0.0037227275660058064
0.01580396334205137,2.025452023942182,89.47245655145063,-0.014215651124847555
0.01599185660009321,2.0108696756676885,84.58054327706505,-0.009014197376229235
0.01568490962847613,2.0049269252931734,88.18874020316323,-0.005821088545645416
0.015933860203413013,2.0179058680053448,88.20435666769394,-0.005122452190594893
0.016056724550576218,2.0047321362816013,89.86653510262055,-0.010430000198243389
0.016124036552448623,2.017304759941422,88.8525505022433,-0.003738645301199886
0.015970741141433993,2.005233261071206,87.87428057405987,-0.005530760586949109
0.01551567081660079,2.0024020455763947,89.94518434210026,-0.007082046268901653
0.016543116711682758,2.0188811531764554,89.87214765974052,-0.004482758025734878
0.016083730625824154,2.0181820563633703,89.44436476004535,-0.006069663057891561
0.015910793244826024,2.0071594613788357,87.08372246035016,-0.0048945765713921535
0.01594398325909597,2.0041620984859083,89.67051483148244,-0.016071608893797766
0.015562618053566834,2.017806752696733,87.65580991202204,-0.008094532868218969
0.015939801610241226,2.0216310945110054,88.98195270894206,-0.005157725065375163
0.01583516645226119,2.000123861646463,86.24351028422781,-0.006771334720658612
0.01548970932824108,2.0029616609057777,84.81270116798588,-0.017368188179339994
0.015540778326773122,2.0055629671053,89.10940751867862,-0.006344780438075421
0.01639072176040638,2.0049375550653195,87.62432851171587,-0.008706963475876482
0.01558027260655763,2.017141279638874,89.9626430368049,-0.007517327540191817
0.015423773033907837,2.0110673913870123,87.8270084507784,-0.004116922371102473
0.015729470418469612,2.039040420952501,86.42861732122914,-0.0038397257240267704
0.015125959555059987,2.0154140644483163,88.10963254893163,-0.0006538510856040998
0.01631997495722012,2.0029332674112164,88.48321855628426,-0.011765414401332358
0.016152788514867414,2.015856134588537,89.80061749058646,-0.0030702997833843885
0.01569261817229686,2.0303910383319312,87.71295690185407,-0.0010226955755943436
0.016085819450678093,2.00673205126199,88.1357877842665,-0.006622470148126478
0.016627192219173362,2.0016868206512752,88.2135469962593,-0.002857997647712561
0.01556036800101356,2.0248911381816495,86.19702644509303,-0.008214700283819617
0.015957376820271367,2.0794534974673184,89.79908998052787,-0.011534584235938936
0.01598733855604977,2.0092088358457123,84.7637414868604,-0.009908645224393671
0.015927250042592066,2.0046939267701664,88.83838459495122,-0.005570426597211048
0.016043485755656416,2.017435777996834,89.81967801598543,-0.006238472414831142
0.016140989281642107,2.021864616193735,89.52809491261392,-0.013435424098930535
0.01634644493807403,2.005176076615014,83.18673919177552,-0.011110888452486496
0.015173955789504576,2.0259851574098846,89.67629209258472,-0.006920735637618884
0.016332887563475614,2.0089800821719876,85.4317287443247,-0.007209113083712483
0.016056724550576218,2.0047321362816013,89.86653510262055,-0.010430000198243389
0.0160465990826462,2.021477541287897,89.69100130994838,-0.004007755423510961
0.016000336702498334,2.001100126115568,88.02750776498395,-0.005807078452277328
0.015584101905817908,2.006370137961376,89.48180609716665,-0.00550932013851185
0.016603708378864324,2.0120737433998577,89.1586079983647,-0.005675339401399709
0.01597164220947512,2.015322323879415,89.05348185521076,-0.005452572455641028
0.016237440639437658,2.0051827006541965,86.38595265752463,-0.0013587302695592853
0.016098934860600378,2.0082542782695074,89.42604760536857,-0.015220903159765571
0.01554467774401372,2.025621596492929,89.41334417739493,-0.005245464440739633
0.016163735884898563,2.021797716893307,84.74891696697821,-0.009693119773011532
0.01585310980509152,2.0006900104060263,86.63418155223222,-0.006778662453743807
0.015699223286944283,2.0043862346459487,86.58723069142772,-0.014202022844980872
0.015705057998558737,2.014043800419469,89.6809788682256,-0.007092370168559343
0.01610149448191658,2.0031671721587547,89.74441343663898,-0.006945656784203372
0.015831395676790563,2.0123530168263133,88.28687811974723,-0.01049168460554905
0.015228663746691748,2.0154461437947035,86.26198759746126,-0.005435244701511188
0.01606940824739256,2.0235197497114865,88.1370878956789,-0.005860692858058247
0.015490035374930036,2.009549940797866,88.55625882571063,-0.0049079714040728304
0.015950625128064735,2.0019916947780994,87.98914207462506,-0.013655207328871375
0.01587580561618624,2.0321197016098296,88.3850107904802,-0.0073308389110684075
0.015922782641957435,2.0397720412001825,87.72697280752844,-0.00023864555076411227
0.016571661262953695,2.0129047320920006,89.2082344384392,-0.006784804219235205
0.01597077680740287,2.0250139953201023,88.84425189183744,-0.0068373567779451425
0.01540016162635337,2.048194029103708,88.58434903898527,-0.013858176636458625
0.016196510455212903,2.0382175901852997,89.02213470873082,-0.006397219760906342
0.015724226915589286,2.004709099616557,83.90579414684365,-0.012547786859053233
0.016007431955652116,2.0055501578250183,89.71590892155778,-0.0025016126484923005
0.01567622471963824,2.0135899415828074,89.69344661052403,-0.007464719513626806
0.016281517579572278,2.014645533275433,89.81803018814769,-0.0157892194767023
0.01607816145770429,2.021740688055,87.05615254893883,-0.013510981908488701
0.015694528011844917,2.013290314573803,86.36598807075355,-0.009061911987320972
0.016030078019495818,2.0119897370571422,86.86737758858773,-0.008437277370980593
0.015947884354986293,2.009508581391513,89.82829960123327,-0.009496605392503276
0.016043998922576554,2.0261134167010466,89.47224008506382,-0.004253206979518283
0.01602021661786941,2.0128471178767176,88.89051411522236,-0.0033819690491217703
0.01555222669364831,2.0085788544160983,89.47505079247249,-0.005105709988612156
0.016206175168261484,2.008784771411682,89.10398277435587,-0.005956816787413038
0.015843559528660157,2.0227596015471634,89.72600644057918,-0.0030410750015222453
0.01613089831844241,2.0036195503946868,85.62452740305271,-0.0003200593676689883
0.01593084485537295,2.0107941687645727,89.6253400605894,-0.011498766731300049
0.015485742196190047,2.0273453427846455,89.59861216999688,-0.008056392531756197
0.016252164167123547,2.0200127382910766,83.99248403334325,-0.00924502355225681
0.015823742529361497,2.000113883076145,86.19733966182815,-0.0064809578640288345
0.01554103087855463,2.000518281339918,87.00049576433157,-0.01650773372711958
0.015752796174497454,2.021307681283198,88.43301916527659,-0.01163706411925103
0.016072256146957956,2.0024837056299623,89.80897967109841,-0.006893008695462457
0.01577817415900703,2.0143059884113006,87.54689961135762,-0.016053815014246117
0.01570091976458836,2.01884650654709,85.179551689114,-0.005941441627204983
0.016027680545416634,2.035845290125989,87.02026067651641,-0.006087380649496757
0.015490730756146685,2.009430817800993,88.55771918518208,-0.004812184165207014
0.01588268626370627,2.005519436393749,88.00431482172478,-0.013440986544058014
0.01628860419214598,2.0209188402927403,88.33613472574791,-0.004599598142557945
0.015805376813387888,2.024649256790707,88.36435061915937,-0.007225794880535022
0.016395169487686018,2.0037565806794824,89.7013835248856,-0.0069751136714684085
0.016233575021660642,2.0047037738684237,88.99656529419391,-0.00474728856303608
0.015622415670531346,2.0295575546330635,89.34766908766701,-0.006953282515393112
0.016775869141578626,2.0779800310639374,89.46123466385805,-0.004521199313886823
0.015624246648929049,2.009281248502036,85.44189446319398,-0.012767290769366838
0.016047488446905494,2.0128593230601153,89.32787748900768,-0.0032295742856466173
0.01535460402508798,2.006348635263216,89.4521766212537,-0.010646300501646467
0.01576498674158294,2.0140094983800574,89.06584078268634,-0.012858060158819358
0.0158724525064838,2.0198838058359905,87.26711567494192,-0.014436609631833911
0.015649919062402033,2.0062749715041788,85.25907281900638,-0.004076018081254467
0.01652539682148281,2.003753686126153,82.72938431542843,-0.00619495918981997
0.01603012967018278,2.011156528793074,89.94203790435459,-0.006222319797062978
0.01608107832971204,2.0166090360775706,88.7003229391754,-0.0034331556230832124
0.015529808098797811,2.000290387111964,87.9813098028142,-0.0037530614601091836
0.015209985099238148,2.0085148424937116,89.09680868425278,-0.002398020537095501
0.016458665304328553,2.00416158486566,88.85029466326684,-0.004894889522197769
0.015865521207089194,2.016941491087794,89.56272605504692,-0.004431790216050029
0.015714648443441722,2.000513428410329,85.15420198025771,-0.002605861376957356
0.0159172859617659,2.009860239056179,89.77073160761391,-0.013632895712285478
0.015479828250676692,2.0276736522464183,88.82085027337594,-0.0028049364879059848
0.016200608906049258,2.0201178012735057,87.50950421644109,-0.005516440031257517
0.0157898164265262,2.002351651972128,83.05521599858281,-0.00792071882366009
0.015474992701206993,2.000154123567434,86.66234631742955,-0.012248803845785555
0.015756108922420704,2.023175568375299,89.66442442832748,-0.01174519727655683
0.015782003035032008,2.0171505466801625,89.39753995093838,-0.004443698185776631
0.016139538006084475,2.0452704629202776,86.75313713970804,-0.01722168400096298
0.015891998218526455,2.020631295561198,86.16547657833208,-0.008003591430550995
0.016058164539433952,2.0187942175562092,85.68451151818225,-0.0019189588723464467
0.015447859820213001,2.016271665721618,86.84398042153106,-0.004958182544708538
0.01588123449853673,2.003986316279256,88.2380463222893,-0.01336999371864132
0.01618917484822858,2.0180470191109987,88.10871971408487,-0.0052846557250941645
0.016021330494012435,2.0267711436599134,88.073811817042,-0.008007704277753384
0.016754436919922615,2.00427830014028,87.57535145322804,-0.005358019444006693
0.01614731588340637,2.0009416945499017,88.63813681008247,-0.005551717541367076
0.01574710335566411,2.0186547408437385,87.94092046146802,-0.004303720888299223
0.01683291255047018,2.052633645806673,88.85375445360052,-0.006669084456035278
0.015560961018928952,2.001155314383442,85.46266556662407,-0.008157991107457465
0.015613084274828623,2.0084547756757067,89.16272927056647,-0.003111675086516566
0.015176457336091326,2.0010010136255554,89.89682945405373,-0.012961625078581554
0.015260092457222282,2.027531602055315,89.56803311145863,-0.016291708651003354
0.016129026260972075,2.025937420221597,85.70258774197319,-0.015987775572166737
0.01571133358772507,2.005489165089743,85.16029043727082,-0.005117233894641874
0.016402102684074625,2.0146086385927555,83.58878476377205,-0.0062896930904972745
0.016191004863067338,2.015546856914139,89.91001696263167,-0.005983866513419221
0.015803681692869206,2.0137463103204425,89.11526891922134,-0.006131810920552381
0.015516634247901057,2.0004145205307013,87.95889816953996,-0.004912997275855629
0.015540856478913267,2.012201270900831,89.23275734249037,-0.003303804774230152
0.016689885618173562,2.0166396163963953,88.387561213063,-0.005013918593445388
0.015974903700435864,2.018947596640371,89.64113699631274,-0.006329271172812079
0.015743639060631143,2.001428349156314,85.44363654206352,-0.0028114436883116007
0.015903357329199317,2.015259505633116,89.67838898714153,-0.0111242293474727
0.015471643303300734,2.0145845183144506,89.5797358259618,-0.0006080620088820292
0.01593121255232435,2.0229048258227276,86.42585933070104,0.0016425664640160095
0.015952010572024833,2.00756066315074,84.8989194190103,-0.0063671043180643806
0.01584213935231904,2.018818423892049,89.72280568807697,-0.005666404794430196
0.01576481647976215,2.02432273912827,89.43036667234435,-0.01396345719842789
0.0155751099641913,2.027349319927582,89.93848577070992,-0.0028130256300227183
0.0160734269485684,2.0275002510065585,87.43246742809731,-0.01634230019302421
0.016137731743564972,2.019519428757011,85.82776838365268,-0.006329253074819423
0.016192207036778806,2.0250603443421142,86.26460786854233,-0.002803023471238919
0.015806541275734068,2.0021778664988212,86.83250548693688,-0.006182597724565122
0.01582380252747417,2.00141962863818,87.96596393592596,-0.01117035567381966
0.016336700266030065,2.0070318968427294,87.28147531004215,-8.197004018893703e-05
0.01623989890618873,2.0549385766974173,88.58722687067362,-0.005400606772865883
0.016915228417488985,2.0065285193423907,86.0522640868019,-0.007377260318501691
0.016750548187877305,2.0166684149744913,88.48319633382057,-0.006821722963032162
0.015335968275884548,2.00783969626561,87.85062960480063,-0.005690569478960893
0.016699071783546206,2.0756770695352067,87.53076042633701,-0.007234811063809484
0.015719500527723126,2.011360265723904,87.07367281905945,-0.007190873387583435
0.015784897092034945,2.0111238435283494,88.8964347458581,-0.004775009108873882
0.015506017777035152,2.0018024773086767,89.03167301966432,-0.01098337309825998
0.016115802220158276,2.0619382840906035,89.37756731056072,-0.012730196024417965
0.016115457468953074,2.0333479323434234,87.72499541094558,-0.016959849285414635
0.01544471307444519,2.0068513155021175,84.94156930667435,-0.006899352668830466
0.01638513566478366,2.00298833817579,83.41557559795267,-0.005647474772106047
0.016191004863067338,2.015546856914139,89.91001696263167,-0.005983866513419221
0.01620415547009207,2.007435853049933,88.07307428043494,-0.005845418632559246
0.015540292757483408,2.0024409397145466,87.35776858939171,-0.007534718719782807
0.015426141523945116,2.0107351923830983,89.89301113447735,-0.002792064516078738
0.01628124064817535,2.01621992928309,89.82544923449048,-0.005360660019351199
0.01596630829608297,2.0176359860963737,89.52519471573555,-0.006492759358918353
0.015682939735872772,2.0030572288277306,83.68169123868492,0.0021643550662926664
0.01584643886113704,2.0040951668138804,89.1796611335036,-0.00685517989005365
0.01549953494581869,2.0050255306267393,89.32885099208946,-0.006599539224972536
0.01627740130125059,2.015944237582296,86.36004966474056,-0.0009192404325139318
0.01609223728268945,2.008497523366014,83.77546692903677,-0.007240191567178431
0.01566050382619144,2.0174229309708536,88.40078087719996,-0.005803259459046256
0.0157735362817756,2.0140623525070183,88.75741797439203,-0.0089853573593127
0.016085504420509104,2.0634017336737074,89.36362166348611,-0.00250013109950522
0.015480030586183443,2.011433151458712,86.2189218875842,-0.01543210587408955
0.01598269362278048,2.008031169284979,85.35877911108783,-0.004594116570886068
0.01630742999838696,2.034716795269429,85.38797927825897,-0.007240522787022929
0.015742044333227477,2.001039242688552,86.07248967637142,-0.004355858939217877
0.015822338269410475,2.0060052421666823,87.21545535697103,-0.008329169247163907
0.01588529958916586,2.0037862876479062,87.74254560098227,-0.0077498591925689855
0.016170684474963563,2.0336220760712163,88.10294872622372,-0.007596908910675012
0.01637799102861183,2.0087073849953097,86.35760346732413,-0.009291666219873203
0.016082250356289872,2.0146657993387778,88.54242202313014,-0.005625328477793493
0.015514479698798867,2.0155680345586093,87.80615003855881,-0.006804193224052377
0.016580098392547354,2.045493973445142,86.41261186064128,-0.009296489740675621
0.016657342905641335,2.020518010430702,88.5792390649116,-0.003727196176421742
0.015562566186310913,2.0138483104153035,88.71587943180715,-0.004762662763109917
0.015278602015924363,2.0050551053251926,89.36382194639721,-0.008714497046624784
0.01626654868248563,2.0621824363095094,89.68759934810093,-0.012640834043726384
0.01610646754302806,2.039399257619107,88.21386730397863,-0.014245433318499347
0.015527686001814246,2.0055616554882225,84.22903842845407,-0.00651467451324513
0.01616800240176501,2.006209048848745,83.75388130390108,-0.004840703213622126
0.016191004863067338,2.015546856914139,89.91001696263167,-0.005983866513419221
0.016313955681352885,2.0042979638283525,87.50633565381395,-0.005856132387060099
0.015030461617047094,2.001884296131006,89.45532643924838,-0.004489594943058919
0.015869128221628448,2.001478418752908,89.22301619553201,0.0011136998508490068
0.016294337916822672,2.015077337409807,89.32003703263312,-0.005685299998156108
0.016307538840574634,2.022329314403754,89.95500664832136,-0.010032102946523028
0.0157109169711208,2.0092299424507165,87.47143403838216,-0.006618586736085785
0.016001443990047458,2.0017008403849763,89.89928323920508,-0.006486325958376766
0.015473736183951137,2.000517724021048,89.92716324996651,-0.008024631488988378
0.016075303623890664,2.006538139291285,87.08140957540479,-0.0005494877680536957
0.01585468251836555,2.006677526469917,85.44606164762891,-0.006619010090626454
0.015378309712505483,2.013952183817882,88.10624799675016,-0.005560120383165439
0.015606411377559483,2.0123851954772913,89.3188351241904,-0.01724767507306975
0.016109923521252706,2.042222950912248,89.29275910887225,-0.0035617899837400847
0.01600072937912724,2.0166074116990327,85.67353377356118,-0.010435736193200974
0.015817899167126493,2.0090123270747164,86.01341939715813,-0.007319902836759699
0.016164981671263765,2.029595765597278,86.32503546837945,-0.007677005579060587
0.01572051793950084,2.000900445575434,84.57748235833006,-0.003326368184739523
0.016311092629775897,2.005467329070113,86.45240659932585,-0.014880658646724146
0.015689891059405443,2.00149579864568,88.77254498781105,-0.007212132656398582
0.015904166964001803,2.0481726067975368,87.80590482326478,-0.008323572342203224
0.01703395787514227,2.005605480798922,84.14076799669913,-0.011882375764755808
0.01587324149802556,2.009513219348171,86.43012394194331,-0.006512139217584603
0.015199669492413474,2.0200118883103966,89.35931830660996,-0.0027246361798127314
0.01644984975600476,2.0245331237270556,87.78870811227267,-0.0029551236587095076
0.016183476324657796,2.0148974683770575,89.1464755555936,-0.005695278194928819
0.01577783619076205,2.0137461716537977,88.90703291672042,-0.006495701545661972
0.01586055476006729,2.059449087021131,89.35179699975559,-0.007387529160827515
0.015917719327558557,2.0517128621047966,88.14320353070961,-0.010724507495520511
0.01581106403974032,2.0131040100359883,88.81242549577392,-0.0075644007333974675
0.015386977406412535,2.00893971191065,83.99045562968746,-0.008674417630230814
0.015919885665980286,2.004180036897711,84.39837657937429,-0.0050406984448522745
0.016250627684155673,2.018174276378252,89.95548152051504,-0.005849628051445147
0.016561367780064704,2.003659754581338,88.99530284708035,-0.00019310973084636987
0.015756559067608384,2.0078924611750075,89.06955930107114,-0.004632795464910271
0.01586248010915991,2.006115037636659,89.40055154881088,-0.003731568818604663
0.016382980665009463,2.023133497993513,89.45654546343549,-0.007935334842023486
0.01615543753293082,2.0191119485919886,89.9370945368212,-0.009246326852495025
0.016137931455753502,2.019800778555202,87.54070225410874,-0.004059779626697871
0.016041024583320806,2.0015354948749544,89.7582429512961,-0.005052406854479413
0.015473630892047592,2.0005049159038135,89.92759259580389,-0.008025089590418
0.016065880803279017,2.009802016349347,87.54214624829595,-0.000837582775342887
0.016307211106347707,2.0004761103863697,86.61879218372512,-0.008177265176067414
0.015901928617273735,2.0031138379948965,87.40299722624653,-0.0057193152264584865
0.015553459631332476,2.0059477959319003,89.67698761472869,-0.013100358768017153
0.01597296539741596,2.032669570005476,89.19327208491507,-0.004602222186313818
0.015658481312871453,2.001920693130141,85.7203811379865,-0.014639271195289984
0.01573703572659807,2.004789627590102,86.95333143242523,-0.008082566176102247
0.016431802444201463,2.037198895170199,86.38861321497558,-0.006009673763306977
0.01575970463538069,2.0005000597744615,87.23408224825829,-0.002050555160414339
0.01636035658465638,2.005984336902295,86.49436970636077,-0.015410689229659262
0.015798546141498962,2.0000883344392597,86.01581876954002,-0.009366174179899444
0.015906512964893815,2.071297997775126,87.2416952788746,-0.0062801294523523125
0.016576532252948674,2.007623273603726,84.79360823515387,-0.006433539012433931
0.0162454509014421,2.0024904308805844,88.1400709634094,-0.004700525112083934
0.015682735438288648,2.0194437288833815,88.42751497041247,-0.007707784531425493
0.01610689007232184,2.007425318145117,87.16433773780342,-0.004568297069512074
0.016465563265282285,2.000171846223534,89.30043851306625,0.0015973200959655885
0.01563603394458759,2.018076552894553,87.87201494675273,-0.0076859730168843884
0.01597862640980577,2.025794097274925,87.54178761619247,-0.006805342193701302
0.015955481643241714,2.059119117974273,87.96276332309115,-0.005928665168828236
0.01561467452588576,2.0303092990298572,86.8792262910067,-0.0075054363448465895
0.015517648110621956,2.0230503478873962,86.21965260070355,-0.005683582824204872
0.015941559336261252,2.0040289825529194,84.46934198147372,-0.005069056486660679
0.016193294258617666,2.0068549194962895,89.63644857812785,-0.0004980431623713734
0.016063527276915266,2.0096651651820974,86.30188708457439,-0.01075523721843575
0.015625636411196693,2.011099642104949,89.39721004294759,-0.004722820366054098
0.015879581611297083,2.0032378187831017,89.26952491049558,-0.004645739110841181
0.01682004933562924,2.0053729967757348,88.22101966761744,-0.008613163070435992
0.016214743783387567,2.01706295987584,89.4691274170077,-0.009170303482689459
0.015452113423295704,2.0286807017272164,87.65612119399594,-0.005593971505974194
0.01639170194970722,2.0037798055463547,88.4204849578007,-0.006057225270736813
0.015371766947623891,2.0010425388749566,89.54412402580478,-0.008561080806621527
0.016167552750886743,2.023198072309382,88.13006990618169,-0.004119940413358361
0.016372319045916617,2.0017331093506727,85.21021033920911,-0.0037835075537857414
0.01556892449585444,2.0022944368312814,87.1062989392523,-0.004669711138957972
0.01594021922445532,2.0065736834919883,88.61819410428639,-0.007469775910562985
0.01567096896141253,2.0640932197940733,89.66086165393227,-0.0067688675165525885
0.015604824358646284,2.0019652756190194,85.71242267955724,-0.015427203319581296
0.015607282806753086,2.006727405742838,86.39807039719719,-0.0041717326222848634
0.01586941542156158,2.025089511025911,83.8739212893409,-0.017560558250913103
0.015433717624547733,2.0165600481619776,89.78307068065324,-0.0042992649586896525
0.0163790288468212,2.0208176090445678,87.73522111152994,-0.010133751532936209
0.01562952441525912,2.02007790888567,86.92121495745978,-0.007309794845301948
0.015514914621106487,2.0523317806794528,87.83242097022439,-0.007037396489705144
0.01663043322121928,2.0116317696636745,86.48260420565157,-0.00407532525108409
0.01664444347372802,2.0029796636551964,89.93546987143131,-0.006547492708261225
0.01553821377168668,2.008704888180538,88.58371584281062,-0.007836673801645225
0.016443604775238426,2.008771149670653,87.35947968177355,-0.003181664257383899
0.01590963272165564,2.001217814219636,89.45317294661892,-0.00472382487134013
0.015284038735584786,2.0182903472609333,88.08771472933036,-0.0120900778403369
0.01575432012432968,2.0402648194247686,88.19884367148914,-0.006590915873805715
0.01602808221685616,2.039987963474923,89.4512971263162,-0.0096465287435511
0.01562950423248277,2.0117159854664095,89.49109375691035,-0.0009530598038848407
0.015369039825556402,2.0129525718856027,87.90866690379012,-0.006736422094717761
0.01592824257587268,2.0021427236124514,84.80233031538879,-0.005312752185374576
0.01610123727772151,2.002118120858503,87.66209032907376,-0.0004986256450430701
0.01648670234618417,2.0217467004781087,85.20187501984833,-0.017415450372455635
0.016035985741084134,2.0116167892154158,88.83583438055805,-0.005447680583296385
0.015203853734693235,2.002258791219605,88.5803261074312,-0.007537715884639576
0.016386380296023195,2.0110079680691655,87.91946392843195,-0.007351335720149492
0.015993717367934625,2.006081245309168,89.38788245622582,-0.014959955879128323
0.015237109108688154,2.0276240704577986,86.98067574219044,-0.0037156904807324016
0.016382866725625955,2.0086265475588307,89.51247963389362,-0.006707235476805285
0.015744343362693262,2.0037895485830477,88.22239426818764,-0.006813104487905126
0.01619085632076927,2.027333056715025,87.47200900452664,-0.006115033492303875
0.015494258616492175,2.0069717983523705,84.24292391712478,-0.007528469964785809
0.015897957873894433,2.007225154969368,84.49213419218046,-0.00552156776523093
0.01535021621866957,2.001398091120954,87.80336189880332,-0.005766935435911265
0.016131487910698163,2.0676147770028748,89.5760431620212,-0.004656814423658458
0.015456164301337645,2.0027499282871224,87.27212133653853,-0.015121959147939646
0.015248829737098166,2.0079997152165348,86.2102906040305,-0.004579050620281697
0.01587548458322876,2.0246757692144177,84.17686079466935,-0.016223753031697145
0.015597574829465728,2.0117925680266633,88.71611785091936,-0.0064148902097302925
0.016296495421051695,2.01072729585229,88.80144239142481,-0.004723015556495018
0.01525411565685831,2.0414494556827774,87.76699222937123,-0.007148448757852812
0.015894732198872243,2.05787094037134,88.81657333510286,-0.00898141095124665
0.01700489878670967,2.0055066433629674,87.39837223588103,-0.0016718814356679306
0.016577965359616784,2.034092671785154,88.34137707188493,-0.0042877288384171215
0.01546564162494725,2.0056400483721966,88.83100122999932,-0.006669103873141733
0.01607187797045883,2.0296067010569563,87.86271846466722,-0.005239727766676617
0.015815709462889214,2.0018435775848387,89.70806115681835,-0.004942078629758078
0.01567843380944666,2.022308718825462,87.63371517998434,-0.01564889259250454
0.016263350565372297,2.027375198053037,88.24752671316062,-0.006282987354468438
0.016055422579901425,2.016380627325998,89.28597136318943,-0.009507701978411782
0.01566616357675634,2.0215652958279438,88.82618082549429,0.00039806758364709885
0.015680170159325865,2.0175518392869436,88.33949586568626,-0.009477680275411475
0.015731829094634546,2.0006005488741088,83.9456292260849,-0.005267857892251631
0.016094002177669563,2.001313886480204,87.35946379491978,-0.0004918396854793235
0.015799144958320414,2.01602824479319,84.59654242063853,-0.013735296263639077
0.015939432210141338,2.0167594787743637,88.98126848812105,-0.00635147851323409
0.015798714521291744,2.0052735238803696,89.51017690248568,-0.006893478255726538
0.015888933543363373,2.0160753073947353,88.2419247054618,-0.00614332521116399
0.015986958304808726,2.006174517517774,89.36857752311543,-0.014881080795251767
0.014841720919083326,2.0083910037190966,88.16731407106224,-0.010957424075011442
0.016402940905068292,2.0077361686061947,89.32663055997769,-0.007654911000996816
0.01614961406451698,2.002442805230872,86.10192240713168,-0.005787215141274095
0.016715868875240916,2.0665494778259164,87.79287660216184,-0.005414924240386289
0.015453666181149253,2.0045099991679933,83.07300496112069,-0.006349790985628717
0.01605651340608815,2.002799745405063,84.04792881777041,-0.005846543246028913
0.015449784116574598,2.0039836882032755,87.82607608282251,-0.004406584486593078
0.01585876832279499,2.044696786115777,86.91242201659442,-0.005262954811484375
0.015246017539750637,2.0101149312374136,87.41308794192113,-0.011177764788940081
0.015356599881802577,2.0126961789063293,87.51517019836393,-0.005564562582415564
0.01575289059481339,2.0294697540876445,82.62085764354171,-0.02149223915264241
0.01600602930973413,2.0005684095932796,85.97013371207149,-0.009168495471200223
0.01654329609801829,2.0022751286956315,89.48902898443284,-0.004245575345260279
0.01559684592422693,2.01607712211286,88.62700495459504,-0.00633847295377868
0.016084092794893434,2.0542420857403143,87.06183184583224,-0.014298318264145436
0.01639662553025181,2.0039257958442467,88.62000969732019,-0.003809639031383415
0.016250341849688568,2.0223753090610743,87.76419104887849,-0.005376283687691606
0.01563212823830285,2.0066526954219914,89.64661266608702,-0.004053926113458487
0.01605396503594875,2.0266182234135877,87.68417365535568,-0.008971791125232265
0.015864204476069434,2.0010636223293323,89.80975282776757,-0.004701707274095984
0.015189043868124787,2.0291942988770297,87.32521271883299,-0.012683900953553748
0.016290451944358995,2.0562842651092246,85.81619885964963,-0.009067082137200751
0.016296877612163148,2.0348702604499684,89.85733100048056,-0.011294911338011304
0.016052772276600222,2.0304433744627612,88.84903398920903,-0.0038548533855933395
0.015722633822129344,2.017191422760777,88.5687971621206,-0.00964081071330597
0.015840206653048024,2.0071259158562476,84.76545693223098,-0.005779700845165583
0.016068044922217486,2.00316288677536,87.5497870521966,-0.0014541704425547215
0.015641253030882686,2.0050940039676255,82.33744582049924,-0.019451337974645155
0.016408513250550434,2.016300383701616,88.97585682335182,-0.005106174554888005
0.01581016998496713,2.0040340713348823,88.54802474192248,-0.006799184873165439
0.015587700394351743,2.0140164037381125,89.89368422658166,-0.0049320950637793326
0.015649938763650353,2.0016251000349374,89.54453390324083,-0.008123174277169168
0.015770847503142758,2.0006694195283967,87.4647621156527,-0.011364982267304122
0.016347793377268147,2.0027871798939003,89.48201173237933,-0.010449876556446911
0.016029006180950246,2.0059588961787944,85.31837356657087,-0.007562582663553652
0.01663638316090302,2.056230560675259,87.64174957116738,-0.004729814419328047
0.015213580308394516,2.001391036093847,82.8441161721022,-0.005096701214758251
0.016008006001867192,2.001463542663311,86.79965720093223,-0.002836354673504581
0.015457398048961632,2.0115596554884982,88.05522404126891,-0.0019976182772011835
0.016054905609864,2.034328972666474,89.69355995009506,0.0060189012066633775
0.015687463970333274,2.007896452614621,87.49408429889316,-0.010665272805836856
0.014865502673907682,2.0001103577376376,89.06426906224426,-0.0006681466631264345
0.015776379562370466,2.0189611723019083,85.33387607556078,-0.015731902406363192
0.01579376063891342,2.0090588202247175,84.94846040128917,-0.007052138924462784
0.016322597875790247,2.0204406428334925,87.89189698519849,-0.007636231603460723
0.016138781862886614,2.000486229142996,88.5281083020168,-0.012487055133469895
0.016581212675263395,2.0484511778047234,88.70851690802492,-0.007382227210244868
0.016368208069729145,2.002954026893732,88.54160476732142,-0.004257069266216333
0.016259835663403003,2.02119538812467,85.58698546004325,-0.005101214234471211
0.015550113459303232,2.0045793721223792,89.83591123694642,-0.004326292526583116
0.01660385064421831,2.061962130915737,88.08524167900687,-0.012744800543043514
0.015895174928204376,2.0042571621795373,89.33104860210628,-0.002225839007626112
0.015644196412135252,2.001246523056385,86.49078063932369,-0.01005784870429821
0.015660512453820906,2.047612143168553,87.00411514302056,-0.009588298068611617
0.016459724970698964,2.0490032043976707,89.37486977265954,-0.01647608414077323
0.015455073818016965,2.012945895270719,88.99055920892026,-0.004526329020994838
0.015129590980737583,2.004824984828094,88.36142992569228,-0.015369309801306484
0.01579299728159192,2.0088593673868655,84.09310260293844,-0.007305956407243108
0.01614353653064556,2.0072896525862167,88.37933643878429,-0.0002688442142115277
0.01560851561193104,2.0002131725168057,84.44159352791348,-0.016867406457339508
0.016707322455065784,2.012517800095868,89.96255060877165,-0.007876157622157952
0.015846782320483668,2.0108411992081394,89.06727430399624,-0.007643278543256073
0.015587700394351743,2.0140164037381125,89.89368422658166,-0.0049320950637793326
0.015755743484187755,2.0017588239279065,87.14126145336343,-0.011851854414283996
0.015763210047998293,2.001114746821483,87.54855901567181,-0.011130077054043848
0.016206751635389864,2.0032780281894698,88.8347139019058,-0.009403142306968044
0.01585227097026049,2.007782827595072,85.80789955978294,-0.004740222198019451
0.016353312479241242,2.0315625756283806,87.67114604766284,-0.00621812645458751
0.014997216619851202,2.0045573366150626,83.41137341791807,-0.007122844522767631
0.0158409398299035,2.0021352552346334,87.22341624056729,-0.005796028045093497
0.0160913961157283,2.012805491765214,88.51221868358115,-0.0064371959869407615
0.0161243118438939,2.0204250895534774,89.52459137362888,-0.004917966291529077
0.015920844298439842,2.0304670321141525,89.39988209691492,-0.00620254872304456
0.015303804936151822,2.0005325454939635,88.35120710015998,-0.004275041891148683
0.01615545131249354,2.0252257951420525,86.92118085138632,-0.015368162247992662
0.01581915983184684,2.006926003175636,85.27301098194982,-0.0035914564469740674
0.01667038228141603,2.035452284003683,87.67258622458539,-0.006538403861831487
0.01581877198006289,2.0009965403017085,89.70775872652776,-0.01618454571372821
0.015912918900649786,2.014952615224856,88.40095282976222,-0.007208468472751484
0.01621310969568033,2.0003063054913808,87.7617455701123,-0.005207970494226481
0.01594676117195157,2.004847957127882,84.7168806621286,-0.003634227199536421
0.015550113459303232,2.0045793721223792,89.83591123694642,-0.004326292526583116
0.015952161181280018,2.032930459339766,86.33531333901,-0.006804258846263511
0.01565103987545075,2.0066590833446663,88.87907964157266,-0.00463635802926173
0.015531772246599948,2.0006436202403926,86.16117170055281,-0.01013398360112213
0.015751155903283496,2.0280099282873847,88.26304589910089,-0.005826911691425209
0.016518870644074736,2.0430979801610394,89.69058772391918,-0.014776911504683136
0.015452153713177088,2.017374542520579,88.57087301109861,-0.004837655521798762
0.015387092595219028,2.0190829509569834,89.25672420958676,-0.015474830666859323
0.015893492016280417,2.0095161953946943,84.02662552166431,-0.004482059739737953
0.015855120290327266,2.0168349111707755,87.7730403838204,-0.0028923512043244953
0.015601829402545347,2.0009241513970495,84.87475043198152,-0.0157469779088417
0.016671668362131135,2.01564971946906,88.89214281607752,-0.0021306230131717552
0.015694444580157025,2.0141910650654866,89.82122765891005,-0.0022765657156885925
0.015520303778456698,2.0135303687995934,86.85152813238373,-0.008862624829220131
0.015650262444834456,2.000695377693775,87.06342902720209,-0.011886239950562772
0.01583722716142514,2.0019594510769245,87.56781818240852,-0.009716225671728817
0.01632338445503846,2.0031090901490143,89.2456070188023,-0.011063396980750729
0.016420356131186396,2.0035178292943865,86.00038549688286,-0.002807632457394189
0.01623724599449503,2.0410366151990442,89.01418308491435,-0.006880754770882464
0.016013510318402327,2.0012668509284377,81.43755757386613,-0.004179545654016351
0.01581088492049958,2.004423909778192,87.3444962452135,-0.006392653317969477
0.01647557596303355,2.00024600903148,89.81989609198791,0.0002371709624234431
0.015999501032381347,2.0155706004575973,89.25036590789709,-0.0035662589780660276
0.01575790853918408,2.0139739433535246,87.2506678509224,-0.006051364584880486
0.015703128874606592,2.0040933608214466,88.29694709553068,-0.0019929711147207044
0.016338448341451504,2.04417258965592,86.33664075992615,-0.012220196831246963
0.01587303112521349,2.0037878282123334,83.30838908062046,-0.004159429195859227
0.016049962882074668,2.0159707662735573,88.11256448140803,-0.0052338166685694295
0.015895663633109295,2.001448696420429,89.53473455160751,-0.014840574939072865
0.016075914801758753,2.007997535468174,89.89899478653115,-0.0030928997523246523
0.01621732543494386,2.0002507177629214,87.0136228202553,-0.0061715186356916425
0.016208538580431534,2.032238943274774,84.17738584776254,-0.00688229617987844
0.015511045023765343,2.003381798785021,89.73169416335752,-0.004195014833870758
0.01569307130412269,2.017855622375687,88.21206709593118,-0.004413570141318903
0.01535149763997802,2.0169603472058046,88.2787552839952,-0.006060479857067344
0.015320392391109447,2.004783271494174,85.69612977492518,-0.007018921432443448
0.015435002677460488,2.036369488541066,87.10731371125298,-0.0033483821109034275
0.01593925432794433,2.023164072577833,89.27443710905747,-0.013303165378314798
0.014974816893961164,2.0082743088718047,88.35245607265044,-0.006566486337974608
0.015749590419074644,2.010761886021804,89.55968033827973,-0.007767020241208966
0.01626191732997456,2.015555142893162,86.9664988584604,-0.002228195539104201
0.01604380288738934,2.0080942197362526,89.49203472748923,-0.0008233934476138379
0.015768140407616846,2.0050981603568494,86.50672165382565,-0.012780205519578945
0.016355053879956366,2.00219716657792,85.55257997066637,-0.003391385636844474
0.01572987429538422,2.0054913450941747,86.29303578894329,-0.004950305357142599
0.01581659008373127,2.0153702919757444,87.84554785493467,-0.009840135853732446
0.016112459004916688,2.0009569126856217,86.27532314219427,-0.01256897417210442
0.015296669376865572,2.0139529605633912,87.20814638670161,-0.014073696649349647
0.01592314975418795,2.0010602327533067,89.36754640436885,-0.01531953839364978
0.015980555968396922,2.0068685887931346,87.23114665045259,-0.005572837697117327
0.016093592967306534,2.057151585016446,89.96434391991927,-0.009604352511109124
0.016070830191957323,2.004235394521288,84.4438745207657,-0.002428521933556588
0.015621493823707405,2.00479173420616,84.49276756228723,-0.006243342468278052
0.016096225452259968,2.0022790211251627,86.96446433076287,-0.002593421419525471
0.016225829564073604,2.0180530246073003,89.62772585125798,-0.0018551372299303748
0.01573827422796638,2.004852060945002,84.93545984578913,-0.009699330951864196
0.015239100353863652,2.0010390695428466,88.07481787512383,-0.010369882347635237
0.01557964669077453,2.035876312505951,88.39478679326221,-0.002977810058594016
0.015710973870790717,2.004870247971674,84.39321204936537,-0.004704323955391854
0.016230736749896602,2.021221972220074,89.3036970996408,-0.001608018605188736
0.015908143944114345,2.0026529102626864,89.44459321566812,-0.014766717072890154
0.015961306262512374,2.004149704560888,89.86155572358163,-0.004126219720075431
0.01631033880311157,2.0000864485530534,86.07973343944357,-0.002789875910052496
0.01641907762899944,2.021535291961499,87.62963971696463,-0.004426985540295393
0.01583469812284557,2.0023724322722813,89.28960721121884,-0.0033086611198334896
0.015635874747223714,2.024710498951527,89.59155902893168,-0.009599988923363586
0.015676567212692227,2.0137858394901826,88.87225047914096,-0.005922122523999145
0.01549273453992988,2.0055027082354546,85.93620717064098,-0.007627546034884844
0.015377986432315046,2.0224840808331166,88.1546200559539,-0.007710179024954111
0.01605249378032117,2.040963007378216,88.44237245363036,-0.01310217118658307
0.015447544911356673,2.0057763833578335,88.21217648711912,-0.006813562426324122
0.015629897919158538,2.0138647634367812,89.99462562929699,-0.009906386571177607
0.016680589492633423,2.0315421315596622,88.75140211259354,-0.006781872007510664
0.01639830565041873,2.011047658074186,89.89009612169102,-0.008238613515989441
0.015836350696027082,2.0081514189965115,87.13012825879512,-0.015351029559818567
0.016151346750605887,2.0060602385905875,86.99701443325709,-0.0034272419688846567
0.015573653004244516,2.002390227747466,84.74755331249169,-0.006050282864632254
0.015837841658036884,2.0302723816283876,86.02050171639603,-0.01096428211703388
0.016119748302446512,2.0012364705724104,86.06358610035961,-0.013541731737461699
0.015564105608085636,2.019656432723457,87.9472136365057,-0.00869726889912586
0.01596125146944396,2.000854167561317,88.88153336440121,-0.014355907999326348
0.01586874188035773,2.0102073935947082,86.85541620936013,-0.0062182497540972485
0.016035427924921807,2.0414523601641674,89.80314827239845,-0.007811309716360458
0.01583267186550667,2.0258375260968915,87.74816081894957,-0.004139787220356092
0.01590071463825327,2.023448305678641,89.97556568777314,-0.020381803410539804
0.016032426655377206,2.008075485503679,87.40904249075435,-0.0030730842979793498
0.01563770135033392,2.0130516627452684,88.60739910010906,-0.005705603553817297
0.015660993193010526,2.006799148649221,86.85360795258076,-0.015122445507915513
0.01519704979559347,2.0015079178836443,87.61169273289022,-0.006505552860994478
0.01514369588839142,2.056592405904776,89.06921585263726,-0.005711449737514496
0.01566077366666648,2.0139292486752884,86.83091395167014,-0.009173248468961332
0.016156940972619358,2.012959361782392,88.92109547173135,-0.0013631020230277064
0.015874636059044135,2.001322608970145,89.98637126037553,-0.016546498147755485
0.01596079038847228,2.0038506649633043,89.86655659215378,-0.004069628995227269
0.015868279422131183,2.002738218421092,87.18689223960118,-0.005485073114323441
0.016440181868579297,2.0209337754588073,87.74693229132956,-0.013520066715873122
0.015778245102244282,2.0017106097556896,89.03130004919002,-0.0029679666693610144
0.015634876955749406,2.0148893674484425,89.6697937030214,-0.007011553278982117
0.015659858784573287,2.0415209746356324,88.13005400980839,-0.006831643400353676
0.015614872079859635,2.0066577886654247,85.6418526646603,-0.006809233052756073
0.016114732428904575,2.060650988253787,89.6001742979571,-0.005100642658430016
0.016651536392228255,2.0497745102224125,89.82163523573293,-0.012441729790774882
0.015518363776962094,2.000168654684048,87.77143035639084,-0.0018509223708836654
0.015800036382615762,2.009789198342959,89.96861438391227,-0.016598426333704445
0.016146075394081544,2.0187898142566136,89.13659683333377,-0.010733939124400139
0.016314686104687965,2.0192163050024394,89.70350891202531,-0.008028643125145542
0.01573641182541812,2.0181283025187566,85.01418030290175,-0.016179327947230634
0.015768073236555376,2.0119527354270543,87.03819923079072,-0.006129964189685839
0.015454532808257234,2.0006744810426906,82.01213552355725,-0.007656668567639344
0.016115870381593168,2.021812485726118,88.06930177813425,-0.010247961975080376
0.015979003123153413,2.0119166387360528,87.70918786620088,-0.010769394799006802
0.015243643122833004,2.020054416099322,87.1285050438133,-0.009670486784485358
0.015895543145732473,2.001051642722647,88.18631368387037,-0.012981177410573766
0.01579284406938472,2.0210959303769256,89.0014140281447,-0.00017728861037492882
0.015894549730293566,2.000585282014965,87.85857277192355,-0.005451508151369
0.015893953346939733,2.0323947115359995,85.99232877997838,-0.00539880436322669
0.015712408368918906,2.0262370837684913,87.99768502682262,-0.012705475567739904
0.016074466210240862,2.0034673961938623,87.04130705389251,-0.002220559297497615
0.01584010348904279,2.0056009646033304,89.88641464792572,-0.005390283923630681
0.015722297096682856,2.0013899904456998,87.36688279940861,-0.015404228823386823
0.015818715642830494,2.0030488030780207,87.61988692490975,-0.007215376395047725
0.015578868449732228,2.0569607204213085,88.24667635496338,-0.00879211450641076
0.015279161490132687,2.0079351000448025,83.93820084337023,-0.0015280932020459142
0.016193662468546415,2.0104533121774764,88.15063225548634,-0.00462884805775202
0.015874636059044135,2.001322608970145,89.98637126037553,-0.016546498147755485
0.015990362093896388,2.012708264213875,86.83149798730243,-0.01304114978865724
0.015572455431497155,2.0001957468511073,87.65026543411477,-0.003821767381036758
0.01629296139482315,2.010708759558936,87.66526579307799,-0.01243997464571494
0.015824861147693627,2.0032028700439413,89.06140632700509,-0.004897919237778923
0.0158665096765717,2.0132432288345488,88.80162752795582,-0.011799328506309228
0.01607273246979771,2.0574162730388244,88.65221511638612,-0.006267067121624675
0.015647997734069025,2.0031693508421577,85.44492100710816,-0.007075249594969269
0.016037899249678196,2.0716990939269473,89.22808578546581,-0.004500220897438942
0.015848728570939854,2.026163130531222,86.32558892169779,-0.00510137967146442
0.015602001372553301,2.0077691778072793,89.08450539818122,-0.003319122140415714
0.015876437813183198,2.011528176356403,89.82830890791713,-0.016668812361149615
0.016350418794532993,2.021937627475136,88.61509233367678,-0.015414617648170176
0.016102585154466637,2.019255638990811,89.81731301456195,-0.008215185436871766
0.015671160619488807,2.0120014891688083,84.83827042391111,-0.014811598438121786
0.015659152848898662,2.0006976496732785,86.23661085472135,-0.002502304014492659
0.015787956583804167,2.0157759605440067,85.17253726537724,-0.004150933879823071
0.015928507533022464,2.00916814382727,88.01065013908182,-0.014144272534971788
0.016394603796146448,2.0160756288323016,87.74018828364322,-0.017346666087989997
0.015461710796549124,2.013505040484458,86.97155354797886,-0.006662419606969401
0.016054885242028305,2.0001498450200357,87.90005838702703,-0.012827422831699627
0.015849273490115664,2.005436043135286,88.77746314985275,-0.011453309533110821
0.01601326073992936,2.008275774397102,87.49873833306428,-0.005754684975541827
0.016029389601409712,2.0438233914217587,86.0624596488642,-0.005309816498906289
0.01557572035304051,2.0708963400587894,86.63040780100465,-0.011949496540258165
0.016537760835613858,2.0168201725080332,87.3836596202373,-0.004024258513549338
0.01576534976878336,2.0034563488633537,89.91522498308045,-0.00497470366596404
0.015753958473557973,2.0084137151425656,87.26673828450312,-0.014571587675138649
0.01581432320481279,2.0053281032441266,88.53585351512808,-0.010703226645234723
0.015768638883419072,2.0750874771067167,89.08014315887434,-0.008699333477615758
0.015511424221563555,2.0061121043170322,86.16303274484558,-0.008033657820803822
0.01615137504186741,2.0083863518455676,87.77124658738781,-0.004945228948690285
0.01581339446417839,2.0016537307316082,89.14552705744832,-0.016400900774299794
0.01579270324748554,2.0057551076946205,86.56425189973767,-0.00944488577535861
0.01572588082718982,2.007105040494775,88.08366048821402,-0.005360884276208443
0.016445838414269304,2.0078464031925787,87.61657380049857,-0.012766984005223535
0.015859584139437048,2.003002519574129,89.81413273996252,-0.0038557859597166183
0.015798771654854243,2.0000053060531364,88.764697985238,-0.010469139491581432
0.016043481064349715,2.056373674404517,88.225050001594,-0.00439142632556936
0.015954046972947892,2.014989265530964,87.48382734544597,-0.007750467593008038
0.015941344277150687,2.0556202312140748,88.06957268619549,-0.006223879811953534
0.01613859107403763,2.0362722582108073,86.74513177403227,-0.009092045831673716
0.015284562493216906,2.006471298242972,89.24601525630956,0.0003366306733277088
0.015965672082184638,2.0143887305718793,89.67360541955124,-0.015671722604272513
0.015719210638008498,2.0160204847051957,88.88895687246807,-0.00650587632008615
0.01676979509999701,2.0466515584805145,88.00532371006499,-0.00770569563829543
0.015597505145236971,2.010695201141348,84.98438181978668,-0.01408078742502678
0.015618195367324223,2.006466895112455,85.9222450273415,-0.0037033554124832127
0.016082072594543504,2.023446168084025,85.58197005134024,-0.004691247091249054
0.015654731704220822,2.006154185204116,88.00939344957726,-0.01933554291109283
0.016748461691540754,2.0243163960358967,87.06486634106733,-0.024345853651405243
0.015028839230033232,2.014106168941959,88.09501744560873,-0.012390130078390602
0.016012119688288584,2.0055170546997108,87.75520420709213,-0.01113250077436954
0.015536577422162865,2.0024420903909315,88.65060132637228,-0.01646230411370138
0.01628742294851026,2.0147419899867316,88.77230273884561,-0.0068024800792799945
0.015776325980834775,2.0231319249185846,87.43950795308908,-0.0075285391893480155
0.016038476594803393,2.0297170856112965,86.57637213789062,-0.006445153385594331
0.01667317024206418,2.0236774881911708,87.65636281458724,-0.004233239119575601
0.01578512704169199,2.003906839423939,89.85715878688595,-0.00549391825100301
0.01573295385943591,2.018085289701905,84.99384983159155,-0.009460758533729359
0.01566768818816137,2.0023784217217355,89.0771058500228,-0.013664292141820116
0.015585819562211067,2.020421508844177,88.14354912803914,-0.008763986892080326
0.015532141529085693,2.006812235765379,84.19129862385445,-0.0063102300977281155
0.0158015955273176,2.032849284321532,85.7235409234972,-0.0091001953020237
0.016074874838006167,2.010506770961164,89.00645745584644,-0.013100694095390464
0.015645365468560143,2.0021367449471406,86.83142986565244,-0.0028702115416518546
0.015610024788105518,2.002294945511493,88.37314434857338,-0.005618653065164018
0.01648079054038965,2.012664385476223,86.55659051372184,-0.008829263377486641
0.016048267280840148,2.001163140960172,89.69935370714461,-0.007318391823476613
0.015809280200728422,2.0052907917989025,88.39281615191265,-0.010757304961927245
0.015768895315823723,2.008608704651434,86.36055411622864,-0.0056657971582841915
0.016046950250424002,2.028809092316178,86.97383551940457,-0.002693826803266358
0.015853714012777326,2.042731190177827,88.63348620559967,-0.006394708826642857
0.015890798268179337,2.038929451473436,87.21950099105118,-0.005901081958105252
0.01530817515401997,2.0052103826700307,89.08839378564127,-0.00413639336461295
0.01580086564334763,2.02109179540411,87.70750530118069,-0.007178621191052732
0.016107754693869752,2.0149041897862934,88.6833744724398,-0.009554119002432193
0.016494376450353013,2.042010520824859,87.13319473575754,-0.014858116441173588
0.015979048045329614,2.0022046435229504,84.44221885024704,-0.011418045761307664
0.01568388369589235,2.0117649959157213,86.72436571916406,-0.0039959209831537884
0.016164939391063653,2.0182579900076028,85.92813107997435,-0.008752915879176825
0.015772410060506354,2.010289047417851,86.50605434231845,-0.017934884669187974
0.01638540175468413,2.0164753388645034,88.14296382479223,-0.013573374893579137
0.015510574820620298,2.019147864944266,87.49873421954366,-0.01649401484898313
0.01686368581731763,2.0023021286196183,84.17260593974453,-0.007249323670418001
0.01562892002468546,2.001496045866821,89.13289737818967,-0.015223081529464735
0.016018569135897033,2.0043068108845072,88.20363425183669,-0.008326985986561373
0.015334532484623744,2.0271467219882666,86.65966952977098,-0.006646989537788188
0.015798642652608903,2.0315596041934443,85.798042681501,-0.0058648167374920354
0.0166707861010815,2.02541845278728,87.35432960486433,-0.004370941353652149
0.0159998211572208,2.0036949559204227,88.61983458064287,-0.00548848418500538
0.016136257375844877,2.030913137900228,86.3687166467289,-0.009669276403491758
0.015629708499144263,2.0040073583103286,88.40205202417707,-0.01707849302865448
0.01585486967682283,2.0181298219091954,87.13187948177827,-0.006211507634360278
0.015701258650200407,2.016907479557262,84.99938929502568,-0.00847382643181281
0.016146786851433906,2.026268481672935,86.40344078431153,-0.017804135176113227
0.01624148046625245,2.0072235885393117,89.10103805043673,-0.01635402842131728
0.015883810419030413,2.003256005294544,86.32797882101015,-0.0086137418913491
0.01558886163741208,2.002208263241908,88.79702557401218,-0.010715553712035258
0.01646437109070006,2.0140676198144067,84.96391451555465,-0.01200093306341035
0.016125161889226504,2.0115843558390494,89.83677781210335,-0.006260386844049097
0.015634882058277438,2.0004378606357065,88.57196674448932,-0.012337555063347456
0.01566593932564191,2.0053097707545153,86.14228054372498,-0.005519061712466098
0.015800666247247002,2.0308824054027754,87.05183426139513,-0.006349573038496871
0.01625879800012222,2.072918892906085,89.3910220911728,-0.01016837220444225
0.015250080451907563,2.013962087195471,88.8200169872813,-0.0028008044262370587
0.015578249331737964,2.025152649051082,89.22489914504858,-0.005862160127814677
0.016055543845287547,2.0284756986218553,89.82742808243269,-0.018288531047325342
0.016496385034804984,2.0206127284719178,89.62754893924992,-0.005823494630044019
0.01609229750760201,2.0433273751487997,86.26367597512274,-0.012075810844869344
0.01537469625782449,2.0192514719070633,85.23647801976007,-0.006933479788158961
0.015942908331435583,2.016253260790103,87.27643741336618,-0.00378802243366933
0.016754335028260167,2.018000984044969,85.72710368276617,-0.00662408324013595
0.015422168723405535,2.0095184875461554,87.51317554316019,-0.022889442928651405
0.01650641257462114,2.0184599349399273,89.67283258428799,-0.01636365781038667
0.015775937560635504,2.0399014399350834,88.8438111239586,-0.0131780563885905
0.016801187145488793,2.0062825624897043,87.69885729186967,-0.013140028185990955
0.01611134419925931,2.00692803084489,87.61846441990552,-0.010547548249797787
0.016060449809939252,2.000015794663802,88.49683889074011,-0.008679428387484738
0.015741937647810886,2.023026402502259,86.77330804221431,-0.006238365298107424
0.015827421523014352,2.0294372013016475,86.60737384280942,-0.006481956519675822
0.016386684016172444,2.004333255206638,87.18428469778647,-0.003402788133422638
0.016211491963312837,2.0021408393152655,88.24835210503207,-0.009419431911716975
0.016165804243721247,2.029142356717691,87.85870181035146,-0.005275850832758961
0.015865264456292924,2.002687831288645,88.46451778200057,-0.014601947198047254
0.01556550367920835,2.0103605751541402,86.80222888628538,-0.00996492124628873
0.015863532208180035,2.003860944211668,86.49583173213703,-0.011755764114153609
0.0160083758597773,2.0177467180232576,85.90505654860586,-0.011738702061581124
0.01614579981447522,2.002549888180653,86.26108924445477,-0.01433978714467515
0.01530576888219317,2.005107418955676,85.90105432869134,-0.01736617849610291
0.015337840251017417,2.0005906649220835,89.21011231816316,-0.011886943865472352
0.016007318476912998,2.0049785306476124,85.74220919628347,-0.012670848550189483
0.0161487267152882,2.0209358214400543,89.66667102354934,-0.007257623213271088
0.015397822965297644,2.001242887073372,88.1937089535816,-0.014785769360663465
0.0157579041440605,2.009780033043624,85.6392645169652,-0.004899388238471892
0.015675134696743562,2.025438599571057,87.531849560549,-0.013666696848939702
0.01653925935709591,2.0737128848349093,89.34845492377939,-0.007032012880810195
0.015727079929976247,2.0167809621726063,89.23351983101435,-0.0016583076779820433
0.015520944752000734,2.03458333312123,89.34568571650455,-0.008202577680530374
0.015732414172435615,2.0065504441525084,88.53269708392888,-0.018839747439465843
0.015944028286569278,2.010631033006236,89.17473228918104,-0.01044943344825553
0.015994990330753404,2.027289253669191,86.79932223900694,-0.006739107093122135
0.015737677757800706,2.0244223567424804,83.62743892728466,-0.006352744475339083
0.015975311188440602,2.004964933108307,86.75291915468787,-0.006469437895041844
0.016621644184575495,2.01597718709802,87.38815390374013,-0.004984968697159547
0.015327896951017456,2.0076382177538687,85.15067901718014,-0.0233984318750291
0.01543487343750018,2.012697295955553,88.4736510366213,-0.013645409563630419
0.0158235430273704,2.0461643620075414,88.70077377238228,-0.018311164365958525
0.016521030337001467,2.001177849929661,88.29991656743097,-0.013124757769028203
0.016216179387599033,2.002394469973019,87.71409490028036,-0.007341800229212634
0.01587816210885832,2.000947180038716,88.11347572769502,-0.008845966937041866
0.01589227840812466,2.031497997531726,87.79651193386204,-0.004379157899571096
0.01585051012523681,2.0388191188298572,85.78986680393304,-0.007446702980135715
0.01657219035775557,2.0066243996994193,85.56140111726845,-0.002572633355337921
0.016353748990756374,2.0058944422050846,88.66302213997814,-0.005668391477910987
0.01577966272604722,2.0228650176057013,88.70033902541371,-0.008697132613850361
0.01571317948083118,2.0019151932555053,88.44977602570181,-0.014825332869855367
0.015599733755345718,2.012859589886922,87.86172511330405,-0.01279089684723259
0.01597798561061971,2.010808517756338,88.01408477048287,-0.01721392036109223
0.015949652731702946,2.0189259286435823,86.63388057056048,-0.006535309625443488
0.016031635966871682,2.0010082735368444,85.6134453053201,-0.014216609893182054
0.015239145826379114,2.001748854283292,87.27612717195711,-0.015861028214210385
0.01548392520660597,2.003522626650481,88.65676666213757,-0.010744626007952628
0.01592101597213546,2.000531132988775,87.80973915241417,-0.014384683614744997
0.016248310468123965,2.02422102224161,89.70609781158441,-0.006177338233054906
0.015259132825376059,2.0034673006394623,88.29134067079617,-0.013975547875627067
0.015981459910422127,2.0013279550532084,86.55642898374326,-0.0059312854458948225
0.01566111142927365,2.0336860358118525,88.17064293613629,-0.016774025491132105
0.01567914564476894,2.029092929699485,88.81123216047273,-0.0153055448331501
0.015855160451906065,2.01418105927615,88.5760694905477,-0.004109625436974823
0.015511607900216414,2.037311049104433,88.77282456944208,-0.00636114678933874
0.015393445791293169,2.0033602349187647,88.04389495992699,-0.01640016268558182
0.016094860274543658,2.007271451852328,89.68615428020429,-0.004433051043780894
0.015747355311817424,2.035216925732906,85.69277342876823,-0.007525785782191062
0.016130360357332188,2.0048604195088915,81.71370480414681,-0.007724343098177698
0.01599345839535659,2.0016096626732898,87.57515304062323,-0.0002995715722557968
0.016230935364978362,2.0061219589762596,88.27560493033994,-0.006520669208817427
0.015607678772704836,2.0166306549084823,86.78927314891455,-0.020521437624720133
0.015780776530429415,2.0091754092914034,88.78470942602523,-0.012855682863689903
0.016049098268788503,2.0458368240808045,87.3832545779199,-0.010535881664174445
0.016429689443723583,2.0183929347421863,87.89359780322377,-0.009697273971131402
0.0162154345290744,2.0011034519196573,86.23381429873459,-0.0050309912597937215
0.016122207214016505,2.0095762264323485,88.87722474473256,-0.0060211595978258954
0.015625005667901988,2.0317541977909293,87.33352509986692,-0.003519959184895897
0.015561288467125943,2.033360198286661,86.30187570370441,-0.009859134144968142
0.01582531814243565,2.0129994268093707,84.02732527069567,-0.0013038338999994334
0.016216750784434745,2.00438610224693,88.72145490863483,-0.006150981768950798
0.015514569567213714,2.02217358920019,85.97411051707955,-0.0012489536903236217
0.015720638292163684,2.001167250300022,88.42841619658874,-0.014422591156698175
0.015654054885742636,2.0191411927157525,87.54271873080228,-0.013649642932843348
0.016245858274629262,2.003378186317397,86.55139332936486,-0.015660958731939508
0.015864328519200784,2.013247622401531,85.70045813451885,-0.008410014376512696
0.016056854517525594,2.002507714958169,84.63821598039515,-0.013892283871388982
0.015495994832656049,2.0054026549147728,87.12858722660127,-0.014960767939061741
0.015608776471839421,2.0023110784544915,88.53697295561497,-0.012708203990232706
0.015899076271473845,2.0043815937100518,86.5477236176485,-0.011360170735537422
0.016190490013882362,2.0205704776572935,89.60254190011895,-0.006736726889886899
0.015282391480063514,2.0029592035452755,87.94508243660727,-0.015118061544697069
0.016040639645025525,2.0023640707362222,86.08067959230274,-0.003568374952514601
0.01628760695019935,2.0124680498156913,88.53263322378994,-0.011458485721515985
0.015777080541090702,2.024242755085386,89.73010636772052,-0.018635607719717246
0.015396733281327686,2.018219040294043,88.81413525791206,-0.006721921659409319
0.01584605558668823,2.023238275532788,88.48795660695697,-0.004559075552768387
0.015235631123434781,2.0125323019621435,87.56114428917499,-0.016017032011247927
0.0158966733329358,2.004998768933983,88.72608463720952,-0.005027814490455026
0.015886231430301868,2.0300824670368742,85.94343272247622,-0.006474068430956559
0.01607986866621604,2.0051551161633814,83.09543195244015,-0.007780117105561521
0.015914782415253993,2.006818690757322,88.11158716208679,-0.0005471384002504777
0.01634505609818955,2.000464385263873,89.61251123773559,-0.0027884316808326395
0.015883796930663358,2.0103710885863095,88.91210051676093,-0.0154672660759665
0.0151821905562422,2.0023165155987925,89.78895980902743,-0.015342531033346846
0.01590524354516112,2.050589379089836,87.3829456370926,-0.009607627835928353
0.016642685168271294,2.0378928198987847,89.77565110196075,-0.005964942381601264
0.015954447169703484,2.0063411817423873,86.374772541006,-0.005472117492823921
0.016061727089003636,2.0108698176772286,87.1199818740781,-0.007457744711645384
0.015787032760353096,2.0319223863228495,85.05720204401118,-0.009789110094389208
0.01555001346442721,2.0340266768676347,87.6430542914363,-0.010737164405826387
0.015725855725922683,2.017766252662168,83.30570057219045,-0.002651557445166214
0.016360662725945073,2.0045543491927944,89.32103856636103,-0.0066992365137949475
0.015376055683479477,2.0200506682232966,88.24725148470374,-0.012161842292359368
0.015763706883716328,2.000443795359991,88.76195201222448,-0.013741346734573785
0.016110613529658684,2.001062446849591,88.61194410787334,-0.016482178499409608
0.016095154060674865,2.005042495804204,87.53426278975886,-0.015982562822954027
0.016088929278457887,2.0158636502620593,81.61484095761901,-0.0044864345605383545
0.016140919772879958,2.001688902306962,84.12281437331394,-0.01911000801031782
0.016373469823702323,2.001511782908373,87.98566666198757,-0.006437559068308483
0.015706195838271462,2.0022575823254267,88.31844682278484,-0.012982946167660811
0.015623833441027963,2.0085871528844663,88.96032931041294,-0.01177784011476061
0.01631593948494443,2.0185976700070967,89.83685101934411,-0.010593655166312688
0.015282391480063514,2.0029592035452755,87.94508243660727,-0.015118061544697069
0.01609246542018862,2.0183348016496896,86.8336363843453,-0.005581624587700517
0.015965155599020946,2.003159263618342,88.61154052864873,-0.005538517626936345
0.015957080207763395,2.011864676113044,89.58207054604136,-0.024054262057868057
0.015437976589186414,2.017143034275979,88.84926011776712,-0.006885531640571413
0.015594960704707988,2.0379157387269156,88.13203508107661,-0.0007834910841753532
0.015285085767337885,2.0007717875980746,88.5906111038184,-0.004442680454967974
0.016024050192435937,2.0040348054923816,89.10475560145116,-0.004539300549238904
0.0156303393142133,2.0188839024580996,87.40729791391084,-0.004342704583369876
0.016043143764640295,2.0073015876507228,85.6134663363484,-0.0072113141838079575
0.01597303356599508,2.009066796343061,88.23871453361868,0.0023162389654011887
0.015998811892313156,2.000495414447855,88.92055175976424,-0.008932178040887273
0.01593993545225942,2.004760011368603,88.735782530503,-0.00533317788359416
0.01527659546301466,2.0101229282450825,85.89293707660448,-0.005981445364051556
0.015617752151600698,2.0389623585987495,88.50202638896351,-0.010724339773437062
0.01639764756314354,2.0402712721043663,89.34461498419337,-0.007128859432130357
0.016042911464989953,2.0003416819188016,88.96467489998393,-0.00015357379277175856
0.016592572736305836,2.001334812797556,87.16573758863358,-0.0014305324306407002
0.015697493614404534,2.0256368752671126,84.84028006543032,-0.007271941730389741
0.01557246602371093,2.0200848541352663,87.80596016959262,-0.014635781847240669
0.01571203250676952,2.0062852508372044,89.24872104445974,-0.015778336206153598
0.016121350061184057,2.005467309875642,89.06500569699256,-0.007054185884373474
0.015496474410051897,2.009489577937317,88.14566294827527,-0.00968716382854213
0.015513228083624708,2.0060731679142703,87.07058720454245,-0.01705613613542325
0.01636132784237106,2.0047922743234334,88.82434885768015,-0.01249340992178637
0.016260281986461924,2.002323198797104,88.36843001096436,-0.012471280755421534
0.016221124483198845,2.0151044487091276,82.88943231505093,-0.002323830995398091
0.01577416190238887,2.004741017731212,85.1682719013425,-0.022434284836983433
0.016582321956419416,2.0002791006938487,86.89135447159269,-0.007378288927365277
0.015564543787785365,2.006388043742285,84.7457521402173,-0.0066024248815617186
0.015616173475630742,2.0085283489348966,89.0623377333829,-0.014162579137585809
0.016513283569085015,2.012643009327677,89.05768364741728,-0.007577123471624156
0.01577783550713574,2.019032224156531,88.48608114555327,-0.011342550807953114
0.015548141197755263,2.0102727838294263,85.50183204616549,-0.007862512595634526
0.015596701605619673,2.005178969412266,89.35845535878289,-0.003238913248486441
0.015964083562416787,2.009297070313198,88.96877011979602,-0.011268444666374583
0.015291008483803494,2.0147058966483873,87.58898083327406,-0.005319234227044622
0.015594365203994655,2.029699670695454,88.66473375672619,-0.006145267809019706
0.015102608781616993,2.0024355824327427,88.43355330217622,-0.0025108432840143585
0.016085091555553665,2.004912635152053,89.55926747937477,-0.0048056628186685406
0.015559123326311673,2.0130494652041597,89.97383748687115,-0.016332969144434682
0.01581417079829799,2.013021612043516,86.41080293444205,-0.006309977946833652
0.01580404601867832,2.0013831318095625,88.11454338707681,0.004683777490481041
0.015690328423438545,2.000489043181605,88.54308460719098,-0.005481962080423269
0.01575760737412177,2.0031366569582607,89.75977522390595,-0.003587386737078483
0.01508944860770106,2.008860970436512,87.37874207511709,-0.0075099399773130415
0.01583282471939191,2.0334566819224027,86.6976406713909,-0.007001505845326772
0.015803289936475107,2.031209700160558,89.68859934390352,-0.004104256637688633
0.01624503726676388,2.0049764440763744,89.72944605997722,-0.006939901117484009
0.016694812995484424,2.000894015243287,87.31116374864865,-0.0026021979931892284
0.015635523095134034,2.0321835397302213,85.75208740382432,-0.010561027619196691
0.015508770933809486,2.025006562008734,84.92838710205342,-0.005172571968998245
0.015697723199683426,2.002867241383184,89.05526660591327,-0.01628747829600837
0.016601465020997377,2.000487046798053,89.99740272176115,-0.006999860369517949
0.015668986756973598,2.004554354247106,89.67855553105194,-0.009131703655901876
0.015433705796501267,2.008141691096364,86.47340845073154,-0.015394842297412887
0.016224161514437986,2.0075281789776946,88.94293560385577,-0.012357798146189996
0.016355578870106986,2.004439943372728,89.14359550686666,-0.013300695426726846
0.015391393781846768,2.0082424667177308,86.99922400414664,-0.007146042599779598
0.015731145633971443,2.0149730819301017,87.04678227033845,-0.017325708763087144
0.015302696513649168,2.00439588809467,86.99776515946316,-0.010163265367935312
0.015662354665398077,2.008333165719654,83.39068537868927,-0.006191278097246308
0.01556394222595056,2.0089544128339303,89.19916926250421,-0.01557440999772779
0.015964650140547557,2.009101626631911,88.31859240375654,-0.00578458374251206
0.015841232309634613,2.018513721280348,89.41046765684302,-0.01580309581451605
0.015414242315281863,2.021829290437077,85.4079693151274,-0.007106650540365042
0.015525793983477067,2.0057675468133915,88.53615597036837,-0.007431444292653272
0.015532576565390206,2.016606106904852,88.81214343181786,-0.017130128871911773
0.015253256558687632,2.0079691275108495,89.39886654232963,-0.00338782600592767
0.01567765550350793,2.022325194123708,89.32259810265671,-0.005792807445880045
0.015245225148049395,2.0013713296434488,88.82845612194188,-0.002810442585777057
0.016114029467050286,2.0049329531960804,89.49046525246561,-0.005683140567676162
0.015594209347403099,2.0126699907329924,89.9611222418387,-0.013742840661847352
0.015879568157598143,2.011158372863292,87.48432975160488,-0.005093775791544755
0.015600378346011998,2.015322423959677,86.8053135830048,-0.006453376572499874
0.015645868582616095,2.0000227343658685,88.44367396536641,-0.005460851999022664
0.015599347652866762,2.004013093026896,89.40754818673099,-0.00318468943608522
0.015158948830822389,2.0165258080185784,87.29287287768857,-0.009526266490578679
0.016210873071707974,2.0422348481457813,85.80919814300535,-0.008606873686166831
0.015417112560445513,2.029738377244654,89.80148697809426,-0.0043568548131851775
0.016050061356876325,2.0124378197225896,88.33402951711113,-0.006568511844511108
0.016670368145071446,2.002045281917128,87.71670421859889,-0.005242197129139273
0.015530044351722267,2.0211529511997943,84.94670014181665,-0.007026580044035995
0.015551187472653471,2.0136209841372277,85.62340650518547,-0.005626103168002097
0.015647956183621702,2.0064612657702514,88.47264049892355,-0.016546433436790693
0.016362249646074127,2.0034162538872073,89.3784031978945,-0.00822718530913797
0.015383025202371855,2.013439188107355,89.57123833514447,-0.0020884679407304047
0.01605829159592143,2.008242071461577,87.48389510664428,-0.010364378762121587
0.015723679115001245,2.0145599047770766,88.23114045895629,-0.022358593796042738
0.01610725312245599,2.0025118412822107,89.02665122980093,-0.009765511239883737
0.015644486099092404,2.007947059198603,86.99382157961597,-0.006245869610593591
0.015653658472182128,2.015419929530132,86.43396735608913,-0.014822970840063253
0.01591055609516755,2.0054696456779015,88.47489847935081,-0.009192629642276361
0.01602903052004164,2.0006541064229815,84.98532440783883,-0.000667531217827047
0.01609504977650486,2.0002525937030495,89.50419850139077,-0.008273481011670995
0.015654606780744592,2.0108685156913984,88.6393761446194,-0.0067992774187741545
0.0159463402587394,2.0223569768002463,89.39250999415444,-0.015450520313985097
0.015390848189825336,2.0258236062712855,85.46754984917949,-0.007360537310436885
0.015828085943956502,2.01344716692175,87.3766171373577,-0.016631512362990503
0.015587668294807644,2.0103506801462103,88.9330191005518,-0.010303738397747507
0.015790860051958445,2.006016596056437,88.6797849909099,-0.0035138390003554144
0.015674300920404324,2.0227319828084904,89.75695783126612,-0.004611227521637919
0.01566549964695491,2.002792285867045,88.1087307291705,-0.007721416930529587
0.016234460499661603,2.0035294119710647,89.33964282308982,-0.003270214966798893
0.015612642765765435,2.00917092203109,89.59863515398968,-0.01705313395866219
0.015995479966381315,2.0118628349472107,86.03039464832918,-0.005492588293898356
0.015860268310274143,2.0154292001273104,85.43180271102533,-0.005056800509233132
0.015605193943547493,2.010595577542966,89.38091121069891,-0.0043436428394658545
0.015583205793940087,2.002594945241286,89.7416806449422,-0.002960915328844414
0.015244101709853035,2.0148880555318502,87.6125387022627,-0.009771137543685093
0.016434419522068356,2.0191072448220306,87.41165262553241,-0.007736663168766481
0.015658161655383578,2.0212364523988726,88.91413598593067,-0.008933399970093554
0.01611980375113296,2.0161554939822657,86.82078333584076,-0.0144182976230911
0.016258761792793338,2.003201719327651,87.25091843983614,-0.00581114854437202
0.01671557761463194,2.0149940388704684,83.30867962601552,-0.004182003964482306
0.015523133528432048,2.012934794387111,84.74021262067924,-0.005205928415790878
0.015407095567257164,2.007560282553997,88.14658298756659,-0.02043041026213996
0.01630399614018632,2.003467837728944,89.36073403126113,-0.005967518434996915
0.015464991943640413,2.0026310939080716,89.64019338339878,0.0023195085180744636
0.016307763175217496,2.0052004992412282,87.49368347310293,-0.0037397988618535776
0.016105618813527626,2.0136985880858145,85.69395932536082,-0.007765213683848873
0.016105918881026426,2.0017754188748342,88.9036707382855,-0.010847867530396484
0.015873888130551527,2.001897351840027,88.43799506285598,-0.010112369911791036
0.015628088355480435,2.0252619559135407,89.01521809303614,-0.024229684427909196
0.01673534298667682,2.000625832145852,88.83398585680386,-0.010409696415914608
0.016022060388893204,2.0033899546571248,86.36377311906124,0.0008279438308111346
0.016020093108444634,2.0013694596519267,89.51096538131934,-0.00984343546485753
0.016069357543532288,2.014450613066186,89.89886972771939,0.00028696109758204365
0.015879316806193613,2.0271941951104733,89.96300276867171,-0.014086706961774133
0.015587211005426796,2.0170908048573537,86.36734476769355,-0.00477293570300122
0.015533859178964786,2.0003288951654334,85.10707823960001,-0.009853044884861583
0.01586031461635421,2.0028086264931564,85.83573510563717,-0.003584436210658404
0.015810229943626714,2.003878118425768,89.0838196849126,-0.0025712941170709072
0.0154779321368591,2.029030829600552,89.85427504966026,-0.0029242308172475477
0.01544700266601905,2.0097147585442188,84.18184703905173,-0.008969307146532254
0.01587695215513481,2.0055410277867156,87.96234273243951,-0.0038351015434491013
0.015646924748625026,2.0090654794333385,89.92179537815974,-0.015360527298322772
0.016054472181603784,2.0242230086313695,86.1966874049861,-0.009354707923612418
0.0159975975265451,2.013973897268609,85.35332846070685,-0.0060438025769472435
0.015787123034169244,2.007814819845594,89.1068958213695,-0.004048251617321447
0.01582081461577376,2.0035624115839314,89.54479158573774,-0.0064930074043707394
0.015519183133240183,2.0153255286132876,85.80915130396522,-0.005698124207141577
0.016573517605106673,2.0149717141308865,87.96836996874693,-0.005945105108131013
0.015530733979181009,2.0223822236363467,86.74721931327703,-0.013436792227450894
0.016088754121508862,2.019449875852125,86.88432648600465,-0.010771712832583361
0.016385757212032503,2.008157640049374,84.78566148735997,-0.012635281890040047
0.016564231144458822,2.0112407992607637,85.22366877083417,-0.005399216589664219
0.015708355865796778,2.0069002891102596,85.56468262840615,-0.01191974454865388
0.015671612286688064,2.0084618148493836,88.46536880736011,-0.012100732281620322
0.016418062444839936,2.0013175103100287,89.0536117683296,-0.007406086801287945
0.015415779485795445,2.0056180018469543,88.42787395345805,-0.0011806212301673346
0.016259105760478308,2.0040801826778982,87.25773521618149,-0.0035207809412403455
0.015961240259107116,2.015072364528905,83.98319951981466,-0.00922524230192483
0.015830339082327727,2.0006207161716514,86.99066151345328,-0.01193353332532263
0.01577835782289309,2.003425735917788,88.6383656414279,-0.010909521843229249
0.01596903029690742,2.008380146033268,87.89390862575749,-0.009899146334754728
0.015940152989004086,2.003781864436405,88.77139418737477,-0.004210325749489236
0.015820101049936204,2.0024653427048293,87.5185313327593,-0.002978084739725663
0.01601123517947145,2.0004975509611627,89.63401441307481,-0.012169003792351257
0.01560002865021484,2.0101351414299113,89.29764340013568,-0.0046830356485918
0.015947503794966768,2.0270521999672995,89.97144213933754,-0.014816615011914473
0.014950893293795476,2.033354768107905,84.6534792052107,0.001811724552082816
0.015681444721043793,2.0020149245958936,86.69105424703329,-0.007653733669694828
0.015607536337236235,2.004832229686466,86.66701812555934,-0.004553679409269074
0.01604963266531735,2.0036969445444686,88.68870086131273,-0.0018261019404763193
0.015744264801063446,2.016447425805366,89.62118705164116,-0.004525953697808808
0.015568882121963482,2.0160632138159658,85.88646041200265,-0.007307684688008012
0.016119630717316976,2.0061118285056327,89.24980944938008,-0.003188911917009705
0.015646924748625026,2.0090654794333385,89.92179537815974,-0.015360527298322772
0.016035403228740225,2.0083674083484713,86.96506265737771,-0.012708024541287484
0.0160670094103297,2.0334151754065846,85.67501055734645,-0.009672214586089158
0.015629925304035695,2.0179744290085875,89.6956252587752,-0.0027124851216547632
0.015753277954423262,2.0041663975147563,89.92677150331421,-0.0064041180341509844
0.015524177524259523,2.015640875169324,85.63726954903161,-0.006269651364396557
0.016276395161209104,2.012625298416688,87.81258252755904,-0.006086817577813159
0.015298704103210058,2.0391733681070185,88.20896077851593,-0.01570406089867539
0.015927867086665902,2.0167068555248258,88.36433311120895,-0.011887402167920193
0.016276403255742214,2.0058831678756563,84.92835290385375,-0.013343718940727098
0.01601797714569723,2.0082832402308224,86.12808267697707,-0.004384085725753802
0.015594265635012714,2.0065011490955253,85.94482497750313,-0.012199348469886288
0.015322399699908316,2.011922230189836,88.32929307757875,-0.01249938899588934
0.016211050525067952,2.0022333721228085,89.25096191258856,-0.006867245334942117
0.015562721931642433,2.009034330765088,88.79814960359352,-0.0029899735820400107
0.016165199672876784,2.010849461639272,87.00835996157583,-0.004155398462115796
0.016021362895979118,2.008448688211353,88.40670922131444,-0.005040545047346712
0.015967080649761323,2.0025868838176084,86.23085464290743,-0.011686981917419247
0.015423736242474981,2.004805780792744,89.2133635486339,-0.013410386310794418
0.016632345557172405,2.0071803469464555,87.45882630015895,-0.015623670451775254
0.01594406979300651,2.0017768878475146,89.43657593173188,-0.0004750438322559153
0.015433953086468494,2.0152982684679612,86.55797553731341,-0.011421472856930275
0.015930879784408332,2.001707245255743,88.68942818826734,-0.011893434148267422
0.015312520599007477,2.008722381728897,88.20361466369383,-0.007246996172142423
0.01614458358605003,2.0132729820671327,88.55943578965685,-0.013339580580986367
0.01570650702306104,2.023101844582896,87.89916600864233,-0.005005205705032387
0.015832434006383775,2.0060758014027362,86.69138103377573,-0.005345268651643647
0.015625090200518582,2.0017103155111586,86.54976771275861,-0.003628757463927036
0.016192737096202562,2.0007112695958185,88.74523768860521,-0.00025652800658879614
0.0155193942650925,2.0180644245089163,89.91471603572663,0.001511198382303485
0.015640213424034443,2.005609986056731,88.12030432288879,-0.011688295721225327
0.01645223445747887,2.0022948063081114,89.42564026758944,-0.0009177092827963862
0.0160538568688674,2.007802123452508,88.75001487454725,-0.012081667416815645
0.016177156873316726,2.0012062485688342,87.77962922200027,-0.015222859456538689
0.01598767871421968,2.0279124973390803,86.08091167709793,-0.0066903857876751014
0.015637710398436262,2.0299611006258353,89.53597864397625,0.0007556426645579399
0.015764672270404134,2.004930736913331,89.55906566523659,-0.006890687784773301
0.015779096875108336,2.0192268888091367,85.91405565466,-0.012349207847351761
0.01587475914354498,2.018533475846741,87.89308736065463,-0.001781368676217773
0.015914891806997174,2.0273633586400877,87.36816895255592,-0.01148147961392448
0.015830509028468526,2.0262871086218657,89.82996999688619,-0.014570946399600306
0.015992042801853384,2.0002768928091332,87.57834223151275,-0.008023105245376772
0.016008822162354722,2.005192557308016,86.27648693300068,-0.0050457996064622295
0.015629755774317928,2.0033399031396746,88.54273506284163,-0.004167190171467621
0.015133264644658282,2.016060359773337,87.00187550277829,-0.014767382895041299
0.016139530723844147,2.00144869687636,89.65957265673498,-0.004698722443580734
0.015458190951362286,2.009555101183098,89.53751581519616,-0.0027706680674353147
0.016115756456418318,2.010422323240898,89.72993728758479,-0.007744690520573607
0.016168561392672174,2.0041604836442644,88.21523032731874,-0.005396802893968918
0.015978103987935966,2.0002457001255625,85.1893471414196,-0.014470693863767117
0.015626050750328507,2.0027764289537755,89.43639399610403,-0.0149846901812054
0.015955996036856192,2.0100569646005053,86.14027239425589,-0.014821853554343619
0.01590354299960965,2.005636582720491,87.97478471673816,-0.007857537009354067
0.01542012077997852,2.0131676695273537,86.29745045856029,-0.011405225177116781
0.01602887937853059,2.0094017689990658,88.48619972956001,-0.014901012740737659
0.015354691727097339,2.007233067564721,89.56019490135196,-0.007329745506559618
0.016535898810096723,2.0170442714886065,87.71699495246042,-0.012230301830932674
0.015452382391674737,2.023539366827013,87.88400765820484,-0.00490829039926818
0.015769760099705665,2.0045965960988297,85.86320945980509,-0.0038445149994693504
0.015713621370231273,2.0006611524823312,86.86973296296324,-0.0036320101715574694
0.016249294964256613,2.000214193352676,88.5467075216707,-0.005758304662277424
0.015834060106815425,2.0174389850714514,89.48807645455396,-0.005662715419355868
0.015934874911728715,2.0023063355326487,86.95074094387543,-0.02213435667100671
0.016122825698063833,2.000830328816975,88.45684385225186,-0.004694358273726063
0.015956812915887946,2.0016556519134965,89.46724000879794,-0.014850577795345824
0.016161727214492005,2.0021672732619327,87.10574315566117,-0.015650162594410225
0.015738648268650318,2.011112614952933,86.1918624040759,-0.016670064182494063
0.015504613643316092,2.021886918738936,89.26138375364403,-0.005734015530838871
0.015428191208919027,2.0036847626474406,88.87667381043428,-0.010602936184802361
0.01596519834625488,2.011868162991745,86.99974663542692,-0.012485068852498355
0.01587113400309252,2.0160684668264395,88.66904862446707,-0.0035962781465693457
0.0160725264098256,2.023671601684562,86.26479914657646,-0.014685585024292827
0.01596304027716308,2.0140814105899416,89.42804351568991,-0.00868893255017528
0.015930381371755818,2.0011257663165924,86.47778186672662,-0.013055340794127875
0.015636293487391685,2.0085436493298463,84.68717903871269,-0.0070090078667380375
0.016001597488645786,2.0025685456619913,89.64975614531306,0.000678793763563874
0.015539043189675682,2.018343903491267,87.42500503970233,-0.007243065106830053
0.016099098381517955,2.001731095524452,89.66018600525197,-0.004927217745120486
0.015195991408799403,2.01054331206438,89.83459194447491,-0.0036843776663128954
0.016293045144990043,2.003887235614219,89.67174259472151,-0.006416080642106375
0.01615203150889743,2.0095995700528415,87.97305115934158,-0.005095116556500367
0.0159454492491069,2.000093562878554,84.76941900094606,-0.014358721407064408
0.014973113979322517,2.0122827371342042,88.50228500543881,-0.016097266433991883
0.016152406444048185,2.0136341920460143,87.44277158266955,-0.006512708113749409
0.016134792878621143,2.0050637989568014,87.84798868842668,-0.012594665170174674
0.01547316196505119,2.007260058600634,88.06617220810003,-0.011238517219340096
0.01585356552884425,2.0020821068107706,89.21958009957473,-0.015511040955019192
0.0151903234627382,2.0015792178762797,89.75138889673453,-0.005430890265235395
0.016418694352374672,2.059237350006731,86.77563809851459,-0.004714576683467572
0.015819699098108393,2.0238858738562935,87.80127899249787,-0.003909977943205267
0.01622349919015996,2.009750357134703,86.64853550698712,-0.0018568602990786292
0.015755753953284775,2.001931663975447,86.71059627561792,-0.005323100118791746
0.016249294964256613,2.000214193352676,88.5467075216707,-0.005758304662277424
0.015859664293854017,2.0151718822039073,89.56184407538991,-0.006275282655664869
0.01588401900089891,2.003300970887673,86.70809895349704,-0.020775076496437346
0.01604004086602514,2.0098307736428707,88.98014068205785,-0.004783491331188803
0.016150603593322602,2.002592632603861,89.17462972928598,-0.014956411344599919
0.016134089658184372,2.014691377700405,87.74727550162365,-0.010795895007923577
0.015641094273728156,2.0187539863974626,86.77925197463345,-0.015934448121967912
0.015583958804104856,2.022317588881037,89.17574957540118,-0.006170182556598191
0.01570346214718384,2.002421234334751,89.43972632859935,-0.00903453596048464
0.016274041205204072,2.006405203613152,88.82088645442954,-0.014261007083727094
0.01587902026027661,2.0128138843952463,88.05858782714367,-0.005328304032067205
0.016323144102045176,2.0273396923011413,85.17314788529313,-0.013937640667302477
0.016280245806510413,2.014584623544708,89.55692855485368,-0.011230923426832125
0.015847491846603265,2.006653623868254,86.7398372905226,-0.013481259874421777
0.015685804816439514,2.010231995607839,83.82950340540296,-0.006301277789524538
0.01593389352302027,2.002877562976193,89.4618186406999,-0.004731442744140699
0.015347376960321324,2.0243963417390143,85.01090153565936,-0.017545989209195208
0.01626004344307111,2.0047813618584525,89.34141017544609,-0.005730424029816033
0.015568658216740671,2.014329328914832,89.24845290368955,-0.005613141265758896
0.016293045144990043,2.003887235614219,89.67174259472151,-0.006416080642106375
0.01599457827559226,2.0084303977541973,88.46955933861076,-0.007371282822480125
0.01579838723623356,2.0012102385126416,86.13673698027779,-0.013332443111879215
0.014854344784725583,2.011482442133922,89.47287441751044,-0.012467593508953132
0.01625155905452377,2.027207323496486,89.1417869302062,-0.002092371973145603
0.016255959208894794,2.0095588995242495,87.8281714275165,-0.00039226798529667353
0.015435566865909106,2.00643750585981,89.03529466350501,-0.012887634739386077
0.015670275268809795,2.0016293136128813,89.0057514957825,-0.014788545212415023
0.015570969678022652,2.008480806307755,89.03740587281884,-0.006181896585588917
0.016274668050437417,2.052435312428143,87.12566157411274,-0.004802602463902326
0.015832492078367587,2.024050084583991,87.72258928672797,-0.0038156055272848687
0.016002823344870853,2.009638606209596,87.1409156719594,-0.009036065365781902
0.015568888754292883,2.0045177093515147,87.13503662769986,0.00044235708571521877
0.016248557416276115,2.000262487292732,88.54181683918686,-0.005795576557581892
0.015913237001999418,2.013251517435418,88.13771047848113,-0.007583241065401574
0.015878537032406402,2.0043490904793835,89.22322768998788,-0.010990833537945777
0.016371435268297655,2.006400229795913,89.20102963363239,-0.0040982894755648815
0.016365883826558274,2.0026609813687632,89.55825199619233,-0.014077104281637689
0.015983641707969946,2.0052283111255975,86.59169140654086,-0.015730019819768903
0.01568970612724987,2.0142277312744867,87.84503559846897,-0.013636689968933446
0.015355304485863462,2.0296611096185235,88.50265079712597,-0.0028999835920881945
0.01567052492168932,2.0024930795628326,89.88580058527972,-0.010589516982124493
0.016116764261282276,2.006854019835624,88.52759161221556,-0.016240928430740858
0.016237212242297048,2.0079934269515647,87.8713879085819,-0.006631517261119459
0.016047580289236443,2.0153694976984053,88.13718718207792,-0.018179968685249612
0.01625467806423733,2.02607324863629,89.96413195459832,-0.005197833501889501
0.01576238235570829,2.0078445203226774,86.8674086109675,-0.010715492284850865
0.015825169502962828,2.0079454505628025,84.23041555112215,-0.005791114335129013
0.015972822005185527,2.0034047992184933,89.15191113903407,-0.004509170331567693
0.016048786539194677,2.009122957747866,87.83649361226728,-0.011540904075196489
0.0163068515882646,2.004602972343668,89.92158721104963,-0.005624731576120239
0.015652926150220365,2.017096256254106,88.40849946425331,-0.00197452821962699
0.015824959724394547,2.0033837642361116,89.02557029901433,-0.008814087489959214
0.0160725487648872,2.003634057794954,88.94147638479956,-0.005668369534642933
0.015826983618358364,2.002609945570944,87.5700674821444,-0.012894796148333108
0.01564594999292665,2.0107876037692174,87.55208957081733,-0.007787349096836529
0.015453173012979902,2.0260822638834513,88.5280654119369,-0.018176717346637266
0.016356506847682035,2.0290794468802003,86.98369031259365,-0.00503050706691913
0.015629122759983943,2.0100824441705645,88.68037898673812,-0.01604269608490544
0.015677222720246756,2.000850305766403,89.91534226925404,-0.015802616066454264
0.01574943215869089,2.008529869640796,89.17497454628817,-0.0040125912333994025
0.016212958756783823,2.0283009189588737,87.01618388300338,-0.010307097237253097
0.01601097579626103,2.0313138150940326,85.33533454397318,-0.004404483308619926
0.015871101953958897,2.001748775569823,84.53034488691041,-0.0075256907164849545
0.01564759925706466,2.0000731579265114,86.34304961097048,-0.006212463596195624
0.016130118108715712,2.0064583845147097,88.58660394533517,-0.005905586919087232
0.016354503567705007,2.0623958462755314,85.67951399341793,-0.005533358297667902
0.01579410716395169,2.002702404745532,89.72535897355793,-0.006837953408210267
0.016388107747857754,2.0062422380515312,89.3412613315442,-0.0036219136493391346
0.01603403475974489,2.000005938322701,87.10806428218731,-0.011141629031448962
0.016374314828281833,2.005230547301197,85.64240815450408,-0.018408698500180877
0.015700799969680275,2.0074163082966536,88.17701821712892,-0.019000568478289823
0.01603959925263134,2.016929888368755,88.00913950320209,-0.007300869059846903
0.015823563799785632,2.007548714485843,87.77032934111125,-0.01595940862487568
0.016152190811068258,2.003747043309426,88.7165345196511,-0.01649006029251206
0.01606487423712329,2.0100960380189155,87.9333954154311,-0.011401082099730514
0.016036944186466544,2.0153044424218507,87.9892614615686,-0.020881792731569163
0.01606690161031612,2.023895918906501,89.79084364544234,4.612496117270201e-05
0.015593344920182606,2.0090569434024297,86.08448323119322,-0.008370262202191253
0.016000679332606346,2.0088939632721976,84.67695218471151,-0.0060418872438505015
0.015890543956201653,2.011506263759252,89.2271338055209,-0.0035983388305895047
0.016629750854723752,2.003557040873564,88.94166947222082,-0.004963319353002486
0.01653917697568629,2.004473118299145,89.84107303908675,-0.0066140093504233255
0.01534100564773869,2.0033578792620257,89.82992934802168,-0.00032780517408704385
0.01567692815827534,2.0016007762563426,89.06957100110942,-0.005264658929618232
0.015951454594263476,2.0058761884101166,88.45717116552214,-0.0016946584463057475
0.01575960820036799,2.001554164229576,87.70344835553695,-0.013607617906621138
0.015577866243254385,2.009280428049368,86.40623836462147,-0.011122148714266818
0.015571247726892026,2.017917381175633,87.99290359979022,-0.014603828221576774
0.01624451072625648,2.0229927517272244,87.57724109623935,-0.007053151538173651
0.015806279839789952,2.006557051885587,89.21944564750937,-0.011580374625032601
0.015800237898764096,2.002409072794027,88.57757472426003,-0.012192155532846579
0.015411125602737847,2.0122585706090566,88.92455064671707,-0.013986154701786106
0.01601840240513492,2.0111802140749893,88.45396846901288,-0.006035694607425596
0.016094204625361812,2.0296981995171053,86.30546054102302,-0.0023199278566456358
0.015824723710058313,2.005301038564209,86.27671426387539,-0.006968533034451936
0.015660414908570352,2.0023156181314263,85.1256478633826,-0.005376388568132137
0.01582003991622004,2.0042538835851222,87.05832421692394,-0.012029158452325654
0.01597578946443884,2.0346725417254405,86.93979538955445,-0.008618503634965923
0.015580509219191315,2.001012566818384,89.8409905064201,-0.008592136659907802
0.016210730961016308,2.0077847688453456,88.86445431315627,-0.0031542347448828617
0.01603403475974489,2.000005938322701,87.10806428218731,-0.011141629031448962
0.016245284340302417,2.0024876236113944,87.3033695175822,-0.017387011737876427
0.015856776366123225,2.010649511511417,88.07689516920153,-0.014805828108401635
0.015377289470232355,2.0345952215174847,86.39634922712128,0.0007322893767496745
0.01586463181775122,2.019824335182621,87.40024607555938,-0.012108673789834311
0.016104771667338025,2.0030573145915134,88.8031237864828,-0.016564956630138402
0.015998255535921366,2.0096495599011055,88.05719927832442,-0.010505257680464175
0.01601021633864491,2.011433361254482,87.47026618015872,-0.01646093482563927
0.015993459916364534,2.0215327289258367,88.9790003145169,-0.002911067954760086
0.015915163605126383,2.004103715218325,86.34422446200331,-0.008067795564605705
0.01647068186614514,2.024320867272186,82.07226596707798,-0.0027234231343127996
0.015764957386264135,2.0083962326741838,89.58664417711677,-0.0022631412017533907
0.01616630029777337,2.003956637873624,88.76714580612222,-0.0032717383459220893
0.016502467392910006,2.011711575988988,89.30017359111793,-0.0073919660672303565
0.015590425869621343,2.006852340353246,88.06926771433936,-0.003684097225063108
0.015691405951577392,2.0043597043834622,89.03931757056893,-0.004508501713340176
0.015658681904875862,2.0024984937684756,88.86916436980891,-0.0003311005918187485
0.016010967063352217,2.005795393776866,87.48396862183388,-0.014403731793182115
0.015323275174033531,2.007685857775037,85.51265108002171,-0.012156923978453096
0.015564133937303765,2.0184721635327953,89.57157904257389,-0.018823804160967385
0.01652720763460765,2.0233327045179395,88.10445348108193,-0.006248078186934734
0.014940647865712212,2.0031504522628873,89.33760735799176,-0.015935188104482585
0.015942669720176574,2.000308474687495,88.70753866613163,-0.012506488605851853
0.016197216191178417,2.005101356960811,88.08451564587008,-0.004535037864075362
0.016102386921860907,2.0296334180370508,85.40477509018616,-0.0058329297389476285
0.015955839549928654,2.015882646404966,87.58423269491587,-0.007904172080141563
0.01593826577134497,2.002782972431819,86.72025381478737,-0.006446725379036615
0.015611753164530324,2.000653641602991,84.90951225154554,-0.007901481674810397
0.015727932867470342,2.0078110715917883,86.90290169605504,-0.012086991327280095
0.015903401466158824,2.023560046094415,88.66987569066153,-0.005826412892949075
0.015580509219191315,2.001012566818384,89.8409905064201,-0.008592136659907802
0.016519646427439617,2.0057596616249818,87.91385228378032,-0.007029656538126374
0.016014654656240378,2.0073722394714593,87.65144387829032,-0.015360247989424163
0.015479174016135133,2.0014517990837386,87.66929570903699,-0.01589334079079916
0.015722047949490447,2.011819299602272,88.64408109165936,-0.01727245431500265
0.014987661353996625,2.0319681008875645,84.35055043820245,-0.00557077646907676
0.015139445010788365,2.0358294590634904,85.83965465483794,-0.017601286249527427
0.016152226730189723,2.0062546782084105,88.33083839612146,-0.018985925326114768
0.01664529708351694,2.0296889308696837,88.49768365994896,-0.013047391557650728
0.01576745150646461,2.006353614002829,86.38793307266351,-0.008034960591538647
0.0159724589680248,2.0165836739995826,88.52367459390518,-0.0022989047220203394
0.016198723784814302,2.0076830155013337,87.00764125504017,-0.010512687382698725
0.015592733865673707,2.004008173044666,89.03528658366136,-0.00792709549204319
0.01578950165942188,2.0067446427457254,89.64458770342985,0.00022283665399937952
0.01618924492677665,2.0001241389101354,88.33358886045143,-0.0008181587154246705
0.01644175317507675,2.0117727839734445,87.71706456375018,-0.010570172908536214
0.015898723552519176,2.0018279520351547,89.39492266925802,0.001434450607250311
0.015634971155396395,2.0056266563600413,89.59341295666174,-0.003937348051056824
0.0155070083811556,2.0026284196146524,89.40386637917163,-0.0025668730302491494
0.015680472603144823,2.0015268818862904,88.23056315932581,-0.01304080563162157
0.01592259936712077,2.005782482013813,86.56903278531767,-0.009986365174630512
0.015963516147335346,2.015537067029813,89.24908562470743,-0.01787005878404991
0.01631128804202516,2.0184700271977434,88.14696699809548,-0.007386193653376043
0.015479520911375668,2.002369560782522,89.7348209316512,-0.006596168277292917
0.01567492339525318,2.0161679394944,87.64384546902255,-0.009838482070691955
0.0164272864563038,2.0086608475274073,88.60091848163866,-0.007202865682752638
0.016582497952896853,2.0180848574115324,83.75738616398333,-0.0035829751550759507
0.01594148925490842,2.0181992679137504,87.95212664249857,-0.0057511557890879235
0.016366727025908703,2.001500102190536,84.22004227179208,-0.008534648540979626
0.01561763057299681,2.001006665444783,85.25783317781105,-0.007699178002505631
0.01588854811580102,2.0040214622454204,88.22971468768544,-0.015607856017651918
0.01595820802517345,2.0218514251322675,89.81119484593515,-0.004881422467407359
0.015725926523629613,2.003449285786266,88.0339904903929,-0.006528697835962719
0.015983888469065385,2.005321178673548,88.6900104780195,-0.0028101722537047027
0.01587135547436483,2.009726185374305,88.7301370673135,-0.018109174662636257
0.015376656594385248,2.0005421394836143,87.36551419123275,-0.01855258640439953
0.015496403132949714,2.0062840879118586,88.97651635331195,-0.0141627292554776
0.015562184615322605,2.0224545958367983,86.12347552988243,-0.005940104854579868
0.015527015315373798,2.018726834105919,86.61075101276212,-0.015277986178439295
0.01598529348884396,2.004584011676775,88.34728353983598,-0.016081682282096464
0.0163208557895734,2.0270395846375955,88.98682465931317,-0.013041948613297653
0.01591875565498099,2.007601784892165,84.47570394857878,-0.008082002596205888
0.01585043578018878,2.008869514589426,88.7013351433768,0.0011395641864519474
0.015667623869811978,2.00255866740982,86.61164088967601,-0.011143179337613456
0.015262001144758387,2.006853806692672,89.14850381038984,-0.007921753565016407
0.01606774863706102,2.012538712384092,89.07066547047978,-0.0020015566542498295
0.015940915847329047,2.0004956906989952,88.40583730487229,-0.003915907070948696
0.01610046756035416,2.00822616666567,88.2907219568376,-0.01245966896316656
0.015985046244024297,2.006657917740244,88.73779026652639,-0.0036978281795541834
0.015289142260062552,2.0049844205349845,89.70849052905159,-0.0017587442755245784
0.015400639136942656,2.0019987063188296,88.7030514688377,0.0008207919194831372
0.015597146808619861,2.011131437403348,86.54359383794029,-0.018771185857470236
0.015387511368056595,2.008983842059945,85.10584140408248,-0.01544898405041662
0.01572698967252638,2.0118766085188606,89.3386700352435,-0.015041738674381761
0.016712951238697742,2.0292221131767083,86.71909671185047,-0.00290359393986767
0.01562735693477617,2.002476177719247,88.97093394780552,-0.004740727090208169
0.015296005921103301,2.0389543059508717,88.49604171751469,-0.01938617353044653
0.01645911322207025,2.009205729287113,88.34558352954059,-0.0075349482138007615
0.01606578255842297,2.010621258962345,86.38286367308149,-0.006979916008398434
0.016147318569603504,2.0360852528342734,85.79264563012079,-0.006777722840071912
0.01605073604470039,2.0016120313269647,84.56531129111725,-0.008465092054713588
0.015800769833604924,2.0011367273286687,86.95966890691628,-0.005990338915379672
0.015506575293457258,2.004240579699524,89.17996339626546,-0.016481800354689494
0.015932743456042796,2.014638162823526,89.42053594718776,-0.00227238546750714
0.015375474039142526,2.00369199403232,88.27415586622371,-0.004600165575198693
0.016117563533986072,2.002738789917281,88.69858795668374,-0.003589448239600796
0.01573983028359164,2.0097890128625973,88.96743971015286,-0.014227529469850715
0.015488457006372813,2.00159102901203,87.46663995097495,-0.016707155205359446
0.015314099485192682,2.0033036866284624,89.84136412160484,-0.014855236366778024
0.01578344811068915,2.021989234275709,87.41079582473843,-0.007273587401360222
0.015896705007939348,2.0137633552957714,86.39090921616881,-0.01377221630976189
0.015956026688106775,2.0037118506697738,88.43818761733361,-0.014993974638089264
0.01604803020980438,2.017627579131801,89.66100275741258,-0.01397101269647902
0.015852074606646886,2.003822948164212,86.84966363086414,-0.0065178334070164715
0.015889378584037793,2.0092479150244777,89.24749713112777,0.001745828638541258
0.016177997415228577,2.0015874386769963,83.98380822848677,-0.016581657106043198
0.015696609746694293,2.0087299703846035,88.97448813523062,-0.01510517351331528
0.015614853423768721,2.018873597810013,88.71470385813235,-0.006631546796243136
0.01591526585498044,2.001456327086661,87.9565432323793,-0.004667127901492394
0.015816663766000372,2.0089730921340765,88.39239233297549,-0.012615178650279647
0.016349971507826133,2.0090223619576153,87.69897132238702,-0.002851282701791609
0.015228828954735383,2.006477968342664,89.92481821420515,0.0011508906169251706
0.01581357775325697,2.008725628443483,87.97292876235525,0.00037125427765786513
0.015588089743569395,2.0078539075599386,86.76442518399543,-0.017008911381319648
0.015492673894231066,2.0236912241281337,84.21677176051287,-0.010280968054950067
0.01571858611752379,2.016052017718033,89.04857468473416,-0.01485387833313641
0.016499439138119302,2.0229997921677043,87.15507927437753,-0.003205648896118487
0.015516112456249847,2.0011858292627016,88.9650125924658,-0.008937477023097606
0.01527383290057627,2.034487494537936,89.19091577671476,-0.015427011165109614
0.016363802126791012,2.022090740886524,89.40290282144696,-0.009633546432238647
0.016280732617594773,2.0034401570291287,85.81932135895305,0.0016324047817650612
0.015890651613661044,2.013613356475222,87.45089517401321,-0.006351733618355053
0.01591760311561656,2.0052977824644556,86.71525408852865,-0.010082831624990754
0.015717813325800457,2.00457226056728,88.37565304984363,-0.0003341911776336007
0.015708220456926617,2.0057710945279648,88.6372372439882,-0.015055870798952478
0.015804657917118284,2.0138065062200456,88.53080638391354,-0.003602325573661006
0.01513422261466608,2.021217206312861,88.75400007319608,-0.009278334685650572
0.015994434444422185,2.0014572977404437,87.66412943448742,-0.014354649373356338
0.015683248704756788,2.010475645543996,88.88202015277146,-0.011544255420428126
0.015533173885891139,2.0041021537313366,87.91395590930391,-0.011557300269241049
0.015320536707095855,2.0032966870058253,89.81350359769961,-0.014750731190724415
0.01595799819773393,2.0229092018089325,86.71442187178782,-0.0037445557777160206
0.016114487686909883,2.0185258243008093,81.85868617579222,-0.0193244288364227
0.015792305649407944,2.0077832405008484,88.96601329887842,-0.015411483870456759
0.01610306676105155,2.015430633326437,89.98711728030841,-0.012638283973221075
0.01570855218602034,2.000718181500717,87.34906659296664,-0.004451087711051254
0.015834402812677364,2.0139093377718877,88.7854366699141,0.0025910132511230846
0.016078355507771962,2.006263415805549,86.49321789592261,-0.008651930371203096
0.01567476046003819,2.0088388850275987,88.77792459048092,-0.014955260007809638
0.015997057885423962,2.053027204173771,87.32680020513297,-0.01910004340347556
0.015953221167101073,2.000951504296428,87.87164641418045,-0.002976697939723375
0.016716436381023183,2.015289841584424,86.1401073507587,-0.021047638176785944
0.016610309603104847,2.0090652400942486,87.36233625274028,-0.005395581964658426
0.01530864273035734,2.010137107376873,89.81361428641299,0.0004093052052663638
0.015937277644943033,2.006273988713626,87.9396334261851,-0.007654532370774814
0.01577075244380893,2.0033081252504883,86.4827415181635,-0.005178014779651563
0.015610251565875961,2.018537874718232,85.47554002121377,-0.013042957630868511
0.015656222342181975,2.0149747675669536,88.12532626562275,-0.013634906803567166
0.01648629249954414,2.0305506015171564,87.70764180713219,-0.0038379631279043536
0.01585953223209279,2.001947210310516,86.63300945508327,-0.004024016786676372
0.01587751261642415,2.01670473689902,87.44791413378593,-0.003369434965884155
0.016270488602705666,2.0193179495448175,89.36148099584041,-0.0037640662548341424
0.01619574639201234,2.004101779454872,86.26776643320466,-0.001564369025334739
0.01611514321381728,2.002489824815299,89.70019782995385,-0.00873989328087745
0.01585356116737723,2.0082939839478353,84.36056704318023,-0.00828852110519335
0.015783834582493734,2.0116476114343684,88.76763952163147,-0.005997376725777049
0.015593655267677354,2.0081040664553953,88.86842708935093,-0.010870743481443292
0.01562654174756051,2.0133060478016263,88.22392620971395,-0.0038141674532816408
0.015962191227827237,2.0249490517858946,86.92023014062167,-0.0032995515399045165
0.01599439491549918,2.0009926505546716,88.03841628469434,-0.014671489798401827
0.015575751630890394,2.0028906026478226,88.88402304159072,-0.013724934975550036
0.015621410143095128,2.005036174517927,84.82835356629306,-0.0019662653286424536
0.015403474587865652,2.0028000371419186,88.8717633674981,-0.011273123858253532
0.015465930157403112,2.0175107300587625,86.41829174071468,-0.00701002618819498
0.015560220480202405,2.005648736961057,87.41706316165099,-0.014682566440285786
0.015923447615706996,2.0069987143207633,89.93602910753798,-0.016330591739507395
0.015927089547949556,2.011541369080007,87.68608861637755,-0.006684080016794951
0.015730052834344803,2.000286635927029,87.87638262412123,-0.00579270385014431
0.015562656910872838,2.010523767133199,87.03610155832624,0.0004654327901678808
0.01626949015368302,2.002034097663664,84.60663262658555,-0.014905419696002674
0.016142657321714857,2.0048503499292845,87.59403228465351,-0.017183020945411548
0.016376372171200648,2.026838227813871,89.91494321601076,-0.01404789172679289
0.016010047224386727,2.0011535387867987,86.89848021300305,-0.007324023150185037
0.016421554426651386,2.009108262456795,84.97566247444954,-0.01948074945033884
0.016668893637982445,2.010771870649513,88.90894803939744,-0.004434536286719307
0.01561644816001588,2.011898725806002,88.64044586142624,-0.003088416117956785
0.015882141413066667,2.012291386529969,88.09533901109013,-0.011788766884596132
0.01606156692527843,2.0016066042236034,85.86591783149541,-0.007331521243423357
0.015369647387112847,2.012517513639033,86.62695081123346,-0.011019230055365942
0.015655934500467046,2.020943015748457,87.02265796575456,-0.021271184913728106
0.016084550854211965,2.0120103844013344,88.57356122063898,-0.004377936823864371
0.01595681690510983,2.010837489073395,87.82217483118947,-0.0032242994691126007
0.015825122006691818,2.010669471132315,86.25323513280506,-0.00678547635537802
0.015959736386392066,2.018861251152169,89.21633059474803,-0.006366182211642503
0.01629959072211013,2.0025530155551143,86.0708376485076,-0.0011177366854769962
0.016140057323192642,2.001255197367147,89.80668155312924,-0.009664069252900033
0.015699960854402284,2.006013106115361,83.65503582201283,-0.01004255191752715
0.015437564442204536,2.003610161778033,89.06282664640501,-0.010419555044015321
0.015225962125395938,2.000513323646094,87.49806277798548,-0.011868036753547768
0.015423216237592097,2.0025314759971033,89.08552313546183,-0.013266390761981668
0.01611501991479554,2.024820242886466,89.0174703755325,-0.006106880879946349
0.015982022138604026,2.00042186191294,88.6949559351933,-0.015389693535393748
0.015800002689734936,2.002477405471535,87.43133223643389,-0.013654424518446479
0.015723541049004985,2.0332048848684208,83.09811012591507,-0.011291292906350016
0.015366854085629754,2.0011276915701135,89.18983039042423,-0.013461341771141895
0.015813815239975024,2.0170677321240107,85.05966567875241,-0.006014658019811226
0.015425262665802249,2.002048658736767,87.93698411634705,-0.015248418626119671
0.015923447615706996,2.0069987143207633,89.93602910753798,-0.016330591739507395
0.016014471547002158,2.0146568555221958,86.9798305915125,-0.004000509101059665
0.015440614884598823,2.0000938639079786,88.78892607697092,-0.00572494156661683
0.015505314230490884,2.0136441805625553,86.6155107349414,0.004171807093263799
0.016371192668507378,2.003937004262754,85.42199105791846,-0.014886380100028383
0.015830595180273677,2.0058571408234696,88.7215937679176,-0.01282577928063856
0.016331299672001302,2.026151990516386,89.86663034961241,-0.012881247254141586
0.016193955600084,2.000595605337823,86.41378439881699,-0.00590131127625685
0.016342979117854154,2.008826158817441,87.25112339281864,-0.015388135955712472
0.016508880747882336,2.009051141438255,87.77993593147761,-0.009870163224045488
0.015687926329426147,2.011925871354319,88.50979600629832,-0.016180783103749784
0.016169966872074105,2.0125895549586694,88.14432189398785,-0.013977016487940955
0.01613986847194732,2.0030148573404998,86.86127493475564,-0.009510689074686402
0.015821134879238537,2.0224161729248813,85.81954250576821,-0.01584553396960576
0.01592886588723976,2.0225830183479276,87.5216058913265,-0.013723418878815993
0.015855896803655116,2.010052250779543,89.21995921206918,-0.006134663103498509
0.016008379374818787,2.022040580979006,88.54284285912156,-0.002148107103842364
0.016076599566293325,2.011245093763834,87.05567582876587,-0.010651107072042495
0.01573187487755465,2.010908281323582,89.49681020130164,-0.008704276812179466
0.016099106665363155,2.006282398080803,86.97144541156665,-0.006971856789955245
0.016095144457811024,2.005455581007764,87.36408780493959,-0.00603031414500871
0.016090635666359585,2.0057337102928647,84.82287667432493,-0.00429206481672509
0.01531912867208795,2.0049856300889854,88.51953762678532,-0.009567397115856524
0.015522053641379556,2.004930908835473,87.50379230583106,-0.013785461319557485
0.015428815322363836,2.0069669160517365,89.51062102125888,-0.018407282396959854
0.01618496133623991,2.0234826995027575,88.37894883656543,-0.005892115827125427
0.01593290489461768,2.0005942979467206,88.57417735470285,-0.01595345101797688
0.01563178110129942,2.0007511661942936,86.95258442268995,-0.01384797235216184
0.01585978918587682,2.0171643227945086,83.02524497126095,-0.006661550104960608
0.015806481654895836,2.0031138953308907,87.0277743030293,-0.013932220908275736
0.015997159443494228,2.016999951753077,85.38344421203676,-0.0065108719390396
0.015479740847751809,2.001559472747226,88.26196595832918,-0.015934191456193708
0.015885552995341314,2.0070263141338835,89.60878836986971,-0.015474192555225197
0.015952415617496878,2.009893523647278,86.38276790490848,-0.010634489572958272
0.015517766324490806,2.0007862966999608,88.53814374356695,-0.006086409645637008
0.015863130952785815,2.0105738853956705,87.86764235469171,0.0005114143602768153
0.01612999578744977,2.0083485900453857,86.84542985375707,-0.007484633851890643
0.016078604947923916,2.005376586283626,89.03098229230108,-0.01308365188153339
0.01640274174400216,2.019557267066278,89.64979896197859,-0.016155684922483395
0.01626139774193863,2.000714818629304,86.14746251928749,-0.004808108040638477
0.01617540696801993,2.008966882810688,87.06310335030179,-0.015662043404963535
0.01633609485972911,2.008794714665297,87.74126274414068,-0.011753593616684307
0.01569458183538713,2.0110565033100856,88.12427700878807,-0.014017656881005808
0.01619087621268705,2.009540336835599,89.30709955712302,-0.012303056279757215
0.01606127205568127,2.0039830213674734,85.11120656287873,-0.00456287787227919
0.01567394888338293,2.0261491101461373,85.28806240617962,-0.01691655615578144
0.015329480734741668,2.017898229072966,88.13138500933736,-0.016821900397117458
0.015769176585680566,2.0077778231762307,89.92544780447164,-0.0034187189221486867
0.015474783871767131,2.0192602999332756,87.81278867356671,-0.008544428864685006
0.015613252138700571,2.0009171796543104,85.27561160959212,-0.015570994140659095
0.016024192167999277,2.006907660850988,88.48261153416084,-0.010017863902295976
0.01625407906096959,2.003053849072599,87.83370199006731,-0.009595913405175686
0.01608960945300906,2.000062824676649,86.90364654440167,-0.0060089915034271454
0.01598836915134367,2.002509777241295,85.42763253885954,-0.009549797232455588
0.01567736538515762,2.013456867108609,85.9560278269455,-0.004268149692947797
0.015451082443691134,2.0059675933186223,87.43703698973279,-0.015370009532444112
0.01573285884005646,2.012602224005696,89.02938356949755,-0.014838306729817409
0.01626957915158062,2.0332481472499375,88.10455682471377,-0.0017211651723053716
0.015918878145493892,2.0006753170779485,88.36506459452899,-0.015489655595339059
0.01590436849356408,2.0021035888079277,86.82282627234596,-0.011510620405997353
0.015777042491371022,2.0236237272010325,82.70220478956594,-0.00636843233682986
0.015773466557422677,2.0049188715547634,88.09956461565412,-0.013337127764197865
0.01611685231786272,2.01636793072344,83.8369016817765,-0.01406326463165152
0.015297039262388512,2.012445030052778,88.56115214235504,-0.013702877530982307
0.015775030080848802,2.0036228437215753,89.35404006667096,-0.011970487803714826
0.016290216188542837,2.007037757191282,85.87905722926743,-0.00666777896592951
0.015489611668954328,2.000402147951347,88.53140027827914,-0.00578454004517567
0.016058235508053964,2.0066775814402456,89.03866055801221,-0.0023175836461616344
0.01637198232777045,2.001196558209401,84.38660545398079,0.00012968762790849069
0.016760211139557304,2.0019215976572253,88.29251217604494,-0.009372843188984584
0.016646172070438482,2.023415261168819,89.83677954201943,-0.015319721502717801
0.016218580419135455,2.005844699767284,85.7998267992519,-0.006959356947815009
0.01612370862114124,2.0066996861080946,85.4936951040469,-0.017447174922138167
0.016082255219443852,2.0071813449784766,88.83923601390468,-0.0062782217538111815
0.015437675879582082,2.001964241651703,88.00536917281711,-0.018793940260880257
0.01613388378810648,2.0086110244976596,87.86917915366008,-0.013858607782869476
0.016067242661208285,2.001706591135592,84.06066213435543,-0.002501307371053982
0.015970348182595136,2.0097651534006595,86.62494437404584,-0.011043883413951556
0.0152228210188203,2.027560802824741,87.06715450089628,-0.018480033791124867
0.015618916569386595,2.011202242028218,87.17700230976136,-0.01163830938033777
0.015599522089835395,2.031656355523737,86.26972215808794,-0.006331191269450089
0.01570180602564863,2.002975461459909,86.33390608108394,-0.01575317334049226
0.01614989029351335,2.0120241857450427,89.47623645774732,-0.010313798205988396
0.016065547282090687,2.0048856512443463,87.41218036253339,-0.016507703331979186
0.016277170657738108,2.00091907658664,87.46069110272902,-0.006958281928822437
0.01621735751977554,2.004225246260584,83.44713416059258,-0.0038549309315845017
0.015580426171348239,2.0107611747269045,86.43581134178399,-0.001881460009480921
0.015552865067769277,2.0099536118147237,87.22828367368999,-0.013735746466122266
0.01584427985911678,2.0157540891217547,88.72985733636096,-0.017841850272099728
0.016173214267702338,2.025329288394819,89.1595236589032,-0.0033476207789039925
0.015931170059290786,2.0003045016137047,88.3249327845368,-0.015352661446312272
0.015919316332679054,2.001620450758062,86.98142810599718,-0.011190272384815972
0.015748081819574038,2.0142433585314223,85.44307317231076,-0.007695181223959126
0.015596254095814943,2.003068834844754,88.87651440129632,-0.019861152850948062
0.016197274944547004,2.0193742552457876,85.88739828176114,-0.008830730757650673
0.015158114700612974,2.020583377190826,89.50354583045097,-0.012078853327327874
0.015601842716607008,2.0009811773748747,87.0416525719907,-0.01262944392637582
0.01628383487520677,2.0043143973972852,86.20796622919626,-0.008011080871945839
0.01541690450707904,2.0002438981262083,88.78036447173494,-0.004655298108347219
0.016002588645828694,2.0056355708728724,88.9280880733394,0.0017419054968002053
0.01624082872090309,2.0003802808706466,85.83880546349063,-0.0036912328881212823
0.016562489035093185,2.004179717502941,87.3220820136321,-0.011982100617512495
0.016234925425753458,2.011191949741322,87.59253882003406,-0.007374370369925648
0.01608080767907435,2.01099512389049,85.21155311233593,-0.005459222534265852
0.015974994794680415,2.009068494858265,87.42626541501349,-0.014746487234397424
0.016039522962960618,2.006607480691082,88.12420299151225,-0.007038414915824862
0.01566569462473593,2.0056679372655726,87.34108125124438,-0.017294027219759298
0.01595564271843459,2.009023834224803,86.26396485434447,-0.011873263588382678
0.016280896928672257,2.009313343214594,83.59979238853732,-0.005680652048287664
0.015884567371138116,2.0189403635087544,88.77037741464801,-0.017282862361653634
0.01597925977774655,2.011138102528413,86.51427746967339,-0.015983772516467612
0.015083358394484284,2.0077633842998197,86.0005914314742,-0.007828182143793602
0.015872486117417612,2.02471605146154,88.060058953108,-0.007802384111390829
0.015834052383411373,2.0034758429161164,85.9989941238355,-0.013785348803536063
0.016463602882932946,2.0108730356205853,89.40652214929707,-0.006566207331814027
0.01658107483079121,2.0039736750538455,86.14142022572783,-0.01425111016393653
0.015992585177341367,2.000422613154973,87.72872045187745,-0.009301035190937631
0.016609374586854915,2.0037991970532563,83.80244423937656,-0.004934253819885253
0.015596437827191917,2.009150284547538,87.6336323022376,-0.0057682126937517696
0.015898435620257195,2.04747226074344,83.05426582839394,-0.005156860114608905
0.015769763400140586,2.0129181145803425,88.83467484670867,-0.014398680308358024
0.01606978003483288,2.0253793963088698,89.70765683971823,-0.007278134599682984
0.01600143679701626,2.0029364180377827,88.03318679831922,-0.01235865010745619
0.01576091612564815,2.002708477961786,87.11833196511763,-0.014283958582155238
0.015704832555072424,2.0082687491802247,86.3365358301565,-0.011427472104830146
0.015527475849509361,2.0052461572004074,89.26334843709812,-0.014795015496944779
0.016479239184223067,2.04183168896544,81.58294960529692,-0.009227112032420541
0.016030497993624937,2.010160857079833,89.0263680436397,-0.009597888496422131
0.015509873213449939,2.0008655664872177,86.4621973999197,-0.01582658547906896
0.01615519878568092,2.0033063574994068,86.37728872096217,-0.009574545669754287
0.01541690450707904,2.0002438981262083,88.78036447173494,-0.004655298108347219
0.015817765359773223,2.0046987424206035,88.20616330105655,-0.007601867993501241
0.016071920727146242,2.0017244171318693,86.97524997859293,-0.006677382311290321
0.016983279714151228,2.0011667473440284,88.41275219649646,-0.004255256316388141
0.01638041537448518,2.012343458972707,86.734321735719,-0.005921794532684101
0.01598607928600355,2.034360057214233,85.4806771485533,-0.004504689600920445
0.015905756416586703,2.005512777667406,88.07172606892884,-0.010288523684846016
0.015496368574872259,2.009359325664009,89.4414363246655,-0.0068972184204172966
0.015442062363526304,2.0001862643464072,88.27874580528291,-0.018357343730290604
0.016088063189652366,2.017787201443943,85.71048980513818,-0.011245579491392415
0.015959561005172505,2.0133211178064103,85.03342062733222,-0.007748808927415291
0.01590969888165643,2.0283488973191726,89.75081418771117,-0.019919132701347212
0.015939101137935712,2.0108173846595925,85.82600839782668,-0.01597492844790406
0.015469637154908074,2.001832487589477,87.51701734872067,-0.009716196960883966
0.015962531756498425,2.0297981436258814,88.22965034253359,-0.00577867160998496
0.01613687688808888,2.0060161761280773,85.21181700835294,-0.017705545265375273
0.01638297487813003,2.015439832083151,88.99163520782714,-0.007172210470761841
0.016389628362414324,2.0059755920569846,86.8360843046654,-0.011944605949851146
0.016256761057889944,2.0147251013276146,84.64517972995813,-0.0030597447927595
0.016224819651709493,2.008511501948801,84.7221594529999,-0.003624116246140919
0.01577140121933908,2.0097569037712346,86.2704267892039,-0.005600232326439709
0.016020108819214327,2.042676788171877,82.72455891055864,-0.006667008217935191
0.01598134380977916,2.0143104138767276,87.98314360980923,-0.009862966349726146
0.016438484026782996,2.0261166832355957,89.48005377387096,-0.00756228799960919
0.015925356273101494,2.003420515761093,88.58999858657108,-0.009399804086042504
0.01584256482679621,2.0022183222702257,87.24630927892754,-0.016559532980170433
0.015129186717571099,2.012238603571727,83.48906792049492,-0.017831789144628435
0.015865248843499602,2.007801278429409,89.23702480434213,-0.010960614480708824
0.01608257323317656,2.0160855938904705,87.65675242097423,-0.007840633983419654
0.016026267383860555,2.0010451602888426,88.5636972516907,-0.011925134694094078
0.015609063718524116,2.0024493205376968,87.57378001732344,-0.01562724902840577
0.015655139043002118,2.0001692875255253,82.51155059157075,-0.006534309832763266
0.015448774066159658,2.0022520924302163,88.80925404828658,-0.004571322880260796
0.016130049636663885,2.002407743623197,88.72887319847743,-0.005865789205630061
0.015567603098449876,2.0045913716533885,84.12338986027002,-0.005588423948624289
0.016025844582823325,2.0030504894575865,88.08216187263811,-0.007179977581536298
0.01597046481656205,2.0069323522048474,88.40800830619756,-0.01062369471020808
0.015995883694348824,2.0356792904395453,85.08255887275355,-0.005250411111862058
0.015934858327197744,2.002938055214907,89.90432190011705,-0.005193723584615153
0.0157533185874535,2.014668083085224,89.14356137500883,-0.006465442319453409
0.015505281845262188,2.003656858880866,87.98165480766988,-0.014653663338786045
0.01653764635579242,2.027725874788229,84.02861104062049,-0.006552330972237988
0.015712880620454762,2.0015797786509197,83.76151962679796,-0.00812383437564769
0.015331957171789177,2.008605558194345,87.30262876615394,-0.023115365261997166
0.015632760746605953,2.0107110836606665,83.33687262144956,-0.01767031532935511
0.015356381101663897,2.000257602139695,87.13773520383378,-0.002832109560705589
0.015994766046593868,2.0373465899609933,88.539650608678,-0.004908841994116397
0.016013771306679435,2.0110566893370394,86.07228009296213,-0.01220102398099419
0.01594982849447305,2.008444337216621,86.65222600815677,-0.007222704160056822
0.01677845341760765,2.0071519391827337,87.93511336030842,-0.011035841890579691
0.01630751316581659,2.014195027776458,83.8889898506139,-0.0013069401253531388
0.016213173277708128,2.0094298131504718,85.03238717233994,-0.0055301307228454635
0.015362872214060424,2.013903361053221,87.21766078549527,-0.004502836747574413
0.015706589845370673,2.0182368998524094,89.87719355247377,-0.0033822388936295116
0.015908458016415467,2.016467122789262,88.83094900689312,-0.008335700185413384
0.01609878810143382,2.015437292905333,87.75998799340144,-0.007290569833050024
0.015927418731478637,2.003226687288979,87.36417942219869,-0.009251338048105028
0.015988854607882408,2.0005500200017514,85.3751531434739,-0.01779222792478246
0.015255881957542803,2.0128977703584248,82.29956609033322,-0.019459391943107588
0.016062431827377845,2.0128308036429137,88.78418171507873,-0.011638923742725122
0.015993979803021873,2.0056903127883308,87.48922772148102,-0.00922431502660153
0.015721867131017645,2.0029270804355837,87.05161041640815,-0.007540979191994979
0.015499017266914758,2.000670996649185,87.44848875133754,-0.014987782772520318
0.015715896102669057,2.002173842956742,84.76962818807208,-0.008084496479363885
0.015517494528673573,2.000197534393822,89.21335582335674,-0.0020823006253415013
0.016125701229623143,2.0010140821789677,89.09375791827217,-0.004393255692246063
0.01569300347380501,2.006539876429276,83.9390891933263,-0.005703567143477893
0.01641868180272774,2.002952527557246,88.25145688106412,-0.0016562691574216071
0.015850300608091505,2.006608245852497,89.76486337929069,-0.01151376166584574
0.015982196220040826,2.035166369998585,86.25261172227444,-0.005900793326774924
0.01604598151795852,2.0040895483330896,89.66948097792586,-0.004213694294633003
0.015709095358454522,2.0159907880967713,88.66917354985887,-0.0063269920830041895
0.015679669588202997,2.009177087535363,89.08673149816721,-0.0162208607403466
0.016190600444771608,2.0192479474408787,85.22604202260081,-0.005652007115629689
0.01560319889842561,2.0031115432144877,84.14753279774128,-0.008815990110269175
0.01579690238708834,2.002121051458505,88.38796467543713,-0.014020823367882419
0.015235504398160678,2.014867479252974,86.64214182711164,-0.014388666571007685
0.015466781471113016,2.0015897028216663,87.27901307106923,-0.004024979026874412
0.015519781986427528,2.0462124403620785,88.94418530325723,-0.007966238933240251
0.015687513733600375,2.012446610273174,83.70192265229201,-0.006896060730570494
0.016228406008471925,2.0000593934444786,89.11845250382636,-0.004481204819397517
0.016011668835435724,2.0078432834755726,86.53810694110494,-0.007972819581904694
0.01606109757546844,2.0128306239961633,84.15440033352274,-0.0035673737678352108
0.016636078948153672,2.0102043217235472,88.42240533385062,0.0009905548056239628
0.015478234294678482,2.0241452236153448,88.19007886149235,-0.0027551753093985522
0.015377657091731544,2.0073725086749223,87.92877649656333,-0.0031036925909611636
0.015844455954747656,2.0025961822382166,89.35206744650006,-0.010244473390703918
0.015930424335565668,2.0305882887708973,88.97505537940341,-0.019021448156157392
0.015952795797571195,2.004072310575087,86.00130662412269,-0.008551975155836531
0.015738150163514347,2.00042829300111,86.63928842540713,-0.014040469220930898
0.015345840692934293,2.003391521730654,83.89407510321746,-0.015005615614740404
0.016341240189574044,2.0149010146669197,88.93687572659135,-0.01572194257996013
0.015566637979118825,2.005232742861859,89.05738916957597,-0.010146311123721843
0.016270620349472742,2.0019163893420036,85.10667550885107,-0.014548041263280938
0.01565376989761169,2.0116966709867947,86.16846561151793,-0.014889756558785909
0.015925422185811892,2.009836912834025,84.8687468750067,-0.009469536202072163
0.01547691730561973,2.0000269623693607,89.2215552808391,-0.001924594976022381
0.01618138432409178,2.001774756865066,87.01442881815791,-0.005319543547625309
0.015452188936406404,2.0096836133847407,86.2848912371751,-0.006435481729529122
0.016343498144761187,2.0122216118212983,88.32267090145159,-0.00103540726121435
0.015771489271286715,2.008749378005781,89.56307233582987,-0.011270437466410845
0.015816805181451454,2.033801634675775,84.65944452926318,-0.00807625241209077
0.015707527444390097,2.000650542862841,87.89373188054935,-0.007051592441604722
0.015411069244364648,2.022295313998223,87.19225319215458,-0.0013780596654001769
0.015522127802673064,2.008086330732126,87.40159474179127,-0.012291289082042344
0.016253375938677254,2.022879859980785,82.97250416625215,-0.006900560962362583
0.015761151676627838,2.003066538311647,86.46229383030347,-0.014452628182349991
0.015745461335448036,2.0044763519185165,88.33778320898858,-0.012582267399702862
0.01519231806228106,2.0200753710357597,85.9758698951036,-0.01636586798803926
0.015453343655645374,2.008281337947817,89.15013838458943,0.00018431417837131044
0.015510097121886949,2.0446949541381505,89.18079216791686,-0.003283304164044128
0.015906019602962354,2.0069507500268275,85.23638432937808,-0.006510604603833751
0.016246593016003445,2.0002515562542476,88.93354649223784,-0.004131674544479521
0.016015781748298055,2.003007196794714,86.21307516098845,-0.008111852430976531
0.016196665612939747,2.011020722730044,82.8467191236567,-0.008759561149705917
0.016205167702385694,2.010493813182405,86.85526075818417,-0.0077741352478277684
0.01560341930966739,2.028099331085699,88.8347604138386,-0.006703473359643625
0.015367768945931868,2.002487598189267,87.81692672815467,-0.006771230499896499
0.01599370210288565,2.0052538182243587,89.22061606278787,-0.017073083896577725
0.015872561327033425,2.0236493395844692,89.14474191179391,-0.01387808245215194
0.01577445079587236,2.0009678464950436,86.76394894603075,-0.005853598039716425
0.015717842711358312,2.001748426918709,86.61430707621442,-0.01397535803116175
0.015524751504454981,2.0124773205642676,86.38052057718436,-0.012063529810682847
0.01598434700059163,2.0165318999916413,88.50567961883498,-0.016647334022922254
0.015439382111545032,2.0064803257007076,88.26846833387455,-0.006277814203547617
0.016332863708821872,2.000288641309895,86.46133146360137,-0.010381017784338604
0.015441101588050395,2.0120192773837773,87.46800125351959,-0.01208031776789506
0.016393535848793217,2.021665233694551,85.0850766646598,-0.003500346587862798
0.015670118553413964,2.0001823394129947,89.17718703159528,-0.0007771079544662968
0.016411556696701052,2.008132405267309,87.09541479649212,-0.005360942828315002
0.015478322651236463,2.021809377108829,85.45212653002166,-0.002856887040318189
0.016126627744109563,2.007819274278242,88.78502838109092,-0.004458804556615197
0.015739905479737446,2.013202197551392,88.15202919748515,-0.009992977618270822
0.01563193230419953,2.0595193485387124,86.16644001342681,-0.0076201587842331855
0.015724573752250608,2.000220922637102,87.88320052289562,-0.0070591549469550445
0.015426506305156393,2.00070362480816,88.00341783330411,0.004205798601098161
0.0161262200228688,2.0157288835740146,87.64560643909108,-0.009153495285312677
0.016093555373199068,2.014023486316028,83.51629562009516,-0.0074617609242159195
0.01600533629259187,2.0010103123815055,86.64314138802929,-0.010740964465740065
0.015354662523991303,2.0057164461861308,86.69403708070094,-0.019498035440529464
0.015154998746623679,2.0182491099782816,85.95463035981811,-0.012647790696036372
0.015747908462439075,2.0280642629284014,87.28907039166653,-0.004384342784675797
0.016217042407407286,2.0474989437433027,86.82091366379971,-0.005532885112643049
0.016418593604369383,2.011244165278046,81.89524140529537,-0.006296208693280008
0.0165236925542649,2.001015674101517,89.4507459168345,-0.0025875987423696154
0.015900124591392405,2.0039895891919968,88.91889038124735,-0.002184399727668376
0.016485004008216158,2.008379512847462,84.29703067687734,-0.004590118560596195
0.016382632522932566,2.0098652728039363,88.0695068276753,-0.009917638655830808
0.015780926490990565,2.0220566995391747,87.33337823794227,-0.008146623498030262
0.01546104716942958,2.0046625639178832,88.73687417653167,-0.0022793245969466355
0.01596780044358651,2.021776604579311,89.95122653528247,-0.017367229140880965
0.015749108438936874,2.0220471037834997,89.19460787644616,-0.010136255086637982
0.01605193773855775,2.0021086954512075,86.23027096440791,-0.008383947969247232
0.015850107077773165,2.002520427049142,87.33156963988651,-0.01917825373858627
0.01569828575213195,2.0067042721731885,87.73429419577221,-0.008584267193461819
0.01616794037627709,2.0206440962566425,89.492893957172,-0.011700326644671096
0.01502506563209615,2.009099467808311,88.71204801278611,-0.005505578596566409
0.015487034798785692,2.008649962295486,87.18248978282782,-0.011948679137813938
0.015925709181292224,2.0026625655133974,87.00649830034125,-0.013433656725459455
0.01635250998677798,2.020624776151239,88.05918821973579,-0.0038513139848380456
0.015780782500971872,2.004023068703541,88.56826909765249,-0.0062115287440871626
0.016606127317728616,2.0078420721027457,88.02428941347937,-0.004756284927640743
0.01563090759453876,2.006784531815397,84.955011670053,-0.006994401870878568
0.01602749813151499,2.00367117035916,89.23780982028791,-0.0019013610552597237
0.015493399068080258,2.0007433788557782,86.92698250286125,-0.005219028207207153
0.015108067733721335,2.039320688205729,87.79371360293719,-0.004567636814292132
0.016322724088677153,2.017578088758503,89.06628021432458,-0.003327539164050798
0.015734117061011462,2.000568077502411,86.15829198955147,-0.007067214721862953
0.016432706517344752,2.0172656639985784,88.3184856555647,-0.011645854975433818
0.016416516535051946,2.015209408309374,82.92360203891482,-0.00800330009206273
0.016436559607356824,2.0038362139554176,86.89864231675149,-0.01129118374827018
0.01644759638412156,2.0003075692021985,87.8869645617814,-0.019488012667892463
0.01529526428982206,2.01739675027443,86.68433681643617,-0.008602508183341843
0.01562727107169816,2.034399430660437,88.55504642647927,-0.008071275665294177
0.016403036170375616,2.0574590095617706,85.82634173801965,-0.003956483242892895
0.016372187692900855,2.0043037409662268,85.92346222972589,-0.005876894044070273
0.01621826283728153,2.0009772380902997,88.2453930003671,-0.005079207641363288
0.016001619299054318,2.0103306094173274,88.31596840208509,-0.003609062711957831
0.016287363987700296,2.0035552862081287,85.35017348444623,-0.012074533405999968
0.016602368127343968,2.0040197189325575,89.2207718327397,-0.008011542167909646
0.015201461918278923,2.0248597777311725,88.7328595915166,-0.0007841682961768669
0.015735468704029785,2.0017101661164505,88.83297251095401,-0.0026351104696804486
0.01590952678274513,2.0196799183391616,89.34224314437856,-0.016387858544734138
0.015936285921042383,2.0481231235674664,89.7026330277794,-0.008852995288454433
0.015339431623871231,2.0115010456986164,85.51791669511232,-0.005947280272999731
0.016067361781053162,2.016500494010727,87.60292112858934,-0.017011425857894773
0.01582269138492162,2.016792238576015,89.42579622382355,-0.010056547032363417
0.0163943899647257,2.021330287613156,89.89081046281484,-0.008316772005299507
0.014678329663476639,2.0044727278290395,89.35158403619188,-0.006970173151349807
0.015198806521406552,2.0017897880589457,86.29303570314008,-0.014091181915909287
0.01575162187823242,2.0039758663000393,86.05180649390974,-0.013902098170788439
0.015922127451350753,2.012482419405009,87.94657298139138,-0.006779465550435876
0.01585894856289203,2.005207692275935,88.65363644644815,-0.006133912188713555
0.01621940075327591,2.0018949364125502,86.50512464441096,-0.002904365661802369
0.015759755537924407,2.0058325701081383,83.97434942352182,-0.007065248476498731
0.01606367625145233,2.0051351505121118,89.22960910020203,-0.0032582425781740344
0.01548776106629196,2.012582750430552,87.84895614846839,-0.007570595661141068
0.015477187396146931,2.0301270988544737,88.82661488203557,-0.006099428548012534
0.016294090711648262,2.017419979650861,89.90318832988528,-0.0012416239782666854
0.015746015458706016,2.0030737458367205,87.16361580926382,-0.007045704862812025
0.01633833205632088,2.0157931330686476,89.14608255061543,-0.00903821280046509
0.016504720449429383,2.0147017235391815,82.61046172364273,-0.00854631513596046
0.016672904642012758,2.011283923073962,87.09024106605638,-0.006807857783494345
0.016411388600173712,2.0014964810370937,87.88284331157827,-0.01807787569538461
0.016105424277124268,2.0106703510800625,87.97490889387042,-0.008236470493231679
0.015744911570450573,2.0423310058800532,86.93970767583178,-0.006734175508911476
0.016550591373975607,2.0268048370912144,86.44973541356687,-0.007251665687283436
0.016425082837323985,2.0207964873864603,87.78398204303967,-0.004451285747210614
0.01605322670817975,2.0020235030026825,87.30686371037987,-0.006329983312245612
0.01579477109084766,2.0041347183299654,89.74073682065573,-0.0007046041166197409
0.016153766350864678,2.000759498622302,84.93814243085188,-0.016039931038823303
0.016560354220567675,2.004859892575869,89.2155759161494,-0.008077661768660148
0.015634705529297216,2.0139637673521813,89.01419873373742,-0.001890340314963127
0.01577634971757034,2.0009624320678734,87.7510804439185,-0.006755774062463903
0.015878385195954997,2.0200015778646927,89.51343407532705,-0.016229648724234543
0.01578871694443335,2.0190250375605743,89.07836475200367,-0.0073734969988123
0.015034044065813214,2.0129149820143484,85.30865479225885,-0.0030709243245449526
0.016077903749315475,2.0262801658183873,86.84508016634082,-0.028141325960021148
0.015892500455829954,2.0240793943554,88.56827466248758,-0.007273093135482724
0.01661874288963506,2.0004157479004134,89.71018549107187,-0.010533512827531046
0.015400583717044157,2.005728821927254,88.74555974312757,-0.011644140433673003
0.015861794635086832,2.0047712804499747,88.74331257170087,-0.006535791202859093
0.016124269345798643,2.000738961449744,86.57056292150791,-0.017349567951106544
0.016246105762512834,2.0177469783639577,87.78995864394867,-0.006218450659503133
0.015707509805483258,2.0014522747393046,88.60749944174657,-0.005036193730396135
0.01628830045987468,2.001334628604578,87.28136207232804,-0.002832830269118242
0.01582285108370096,2.011120028181654,88.97161071025899,-0.008338224590920637
0.01649013732893375,2.0008719938435804,88.27096051127961,-0.008539260954039651
0.016256220411335155,2.0126114894142253,89.07012343883362,-0.007521618998823183
0.015662110777348838,2.034148053213377,89.13502579841781,-0.0060629124833445755
0.015887240864909096,2.021790174940837,89.6257674574384,-0.005362635332337998
0.016248618641472878,2.0079183410731054,86.39160678277477,-0.005006069277907572
0.016005148165631648,2.010868206588207,88.08738980378526,-0.009152627015159079
0.016092188018785394,2.0162996460445157,85.44979137826691,-0.00161390179745728
0.0162200109605741,2.0038841569016044,85.93866393964268,-0.0056088964324702804
0.016027700746908128,2.0022331282801056,87.32223440426164,-0.011492114098862938
0.015022660628917963,2.0120296454992492,89.4787739990617,-0.004294477616942065
0.015510153963527545,2.0256199585051875,86.48382368673188,-0.005261289001567574
0.016486289061127424,2.029788799780997,87.97990981023129,-0.005842690081538915
0.015790805116878696,2.016786943183098,88.72031248194997,-0.007614231893690279
0.01542801656288453,2.0006148535045236,84.2267081749579,-0.009544889153628486
0.015788892648739943,2.0033291334190175,89.81222486947189,-0.0003095178361306331
0.016140680645772527,2.0042435281456927,85.02638338466484,-0.012431717291168952
0.015985115362047293,2.0100267408126338,87.443237020764,-0.0067621832271301495
0.015490247332037611,2.0207766013845214,88.73734234618004,-0.005290982587525792
0.015833669268074713,2.00016848907239,87.31104863349708,-0.007131188983275793
0.01600690783830755,2.0202858645219797,89.41566087318928,-0.017088261231246633
0.015521473721777916,2.043584751893416,88.30303811552133,-0.01731857538874513
0.015327620041922535,2.000918219777731,85.78731969754219,-0.004005653914467925
0.016185816826942746,2.012666855074964,87.7547270972357,-0.01266665458660991
0.015685001318617803,2.043081580097632,89.10451171541413,-0.009620702149748745
0.015998113576120902,2.0118406943650347,89.2044609123906,-0.0057116254661345196
0.014855132128973174,2.0041863956303674,89.2316683119644,-0.011847752614202274
0.01606441629971225,2.0100554373510713,87.7795332830287,-0.009248242126650728
0.016527371282486568,2.0030679011991417,89.11891392948984,-0.015859368349695376
0.01663727793911911,2.003386267271851,83.84842803418725,-0.006887824245956295
0.016369561401314008,2.0014545378366186,89.19681216941436,-0.0050321251755853225
0.016194718414746255,2.001211112903648,86.4330601476104,-0.0065006149945187495
0.01608425500253142,2.0067725150513573,89.5461031180019,-0.00874233657176805
0.016602599690786226,2.0150009110603446,89.8996561571731,0.0006369397317528497
0.01602252549356761,2.029285959243474,89.94177558413965,-0.00580840463295582
0.015300020108027862,2.0236565964375965,88.61608540037349,-0.006132708454515644
0.01578507831686814,2.0113491646113215,88.72618493193913,-0.0008827868997250627
0.01604339451691638,2.006898520499531,86.68435019296113,-0.006106229132894706
0.01631655727812729,2.002032861574177,87.18752348572863,-0.01484057819347288
0.01600404213925161,2.016875944530356,85.10033292694565,-0.005943033998541269
0.016460632618284756,2.000638923166233,86.17179514345702,-0.006172619590292115
0.01613124785092147,2.0036948101799505,87.36328311731361,-0.013808435888759883
0.01540132949905608,2.006342231310291,88.89224027051613,-0.0038981380597512584
0.01588225380041192,2.0225583066707804,87.04895140726254,-0.00719941635421974
0.01663432447197769,2.0098514226348274,84.34749247786301,-0.013136041941573709
0.015639663292206278,2.012110974257609,89.89460355073167,-0.0017698215275373554
0.015999962529472382,2.0165542202691684,86.15412577508975,-0.006076301696871952
0.016047339576300182,2.0083965645671618,88.4178009077852,-0.007064787051669626
0.016041503870106943,2.0036014175636465,85.05559755821913,-0.013932200729399186
0.015909909246111905,2.013964586788849,87.79021790307803,0.0012738715473456855
0.015500364497141511,2.0279392105256786,88.6682664544784,-0.006912653031987652
0.015829577037234338,2.0000371703956215,87.32327698797582,-0.007151188350700762
0.015579402459022519,2.0178264321733903,87.20781624461415,-0.013097536237182711
0.015691656092824215,2.023604343277569,87.97160618987958,-0.010974163795935769
0.015597070502539846,2.0011834530031196,86.08696731110932,-0.006229030622783121
0.016175460467284377,2.0100922859821972,87.56925825653236,-0.007188407820785727
0.01574599823861494,2.0312822452689043,88.68566562306037,-0.007060814555722317
0.015988840921360773,2.0140976380921773,89.87745630163623,-0.005472253090335187
0.015610531754607077,2.0021369710078436,88.86289572650992,-0.0138982253308533
0.01596381922948805,2.0002105724294106,87.31936011345753,-0.017774410983496976
0.01614148201841761,2.0097695572037355,88.59310464226277,-0.009918316178399531
0.016450919966867993,2.005795660374751,86.61016962948328,-0.004131451382598999
0.016218275096278635,2.003375013985025,89.24538346694247,-0.004472005920355297
0.01608897341426213,2.0100329226549682,86.79606882983475,-0.007179497161370912
0.016267423310410565,2.0062776133648987,89.41475967226643,-0.013238656898632305
0.016168126566797017,2.0153937777617097,88.82580601667411,-0.007222305089265137
0.01611234546254835,2.014867066852895,88.89334206093872,-0.005527411591159779
0.015299856346486519,2.02646178715926,88.85480059473154,-0.007445217688129636
0.015779903103708078,2.0069610154208606,89.8227103045192,-0.0005664803890210073
0.016297393692447613,2.00446352223594,85.63460718359379,-0.003636087010318847
0.016051820325369552,2.0018563925547608,87.57232111040113,-0.01474070147725104
0.01598608669139295,2.0216703364863973,83.75255910369563,-0.006749054886648138
0.016313822274858173,2.0044217310958254,86.42097507359624,-0.00670314063905262
0.016187600005022295,2.000474933456197,85.83517875787034,-0.015050184058218638
0.015471371934160495,2.0061647518152586,88.3466702918477,-0.007137586004312448
0.015811616373888532,2.0035191057597763,86.032242713101,-0.0019125495514808934
0.016432534156587842,2.0079355140631687,87.21995624689875,-0.015534724773705086
0.015834787241356542,2.0099020626632997,88.46042855424587,-0.004770230139857544
0.016124553579328165,2.024113035737326,85.00554267712678,-0.006680683188237572
0.016296570701931964,2.0137474206602937,85.71159938473228,-0.0070096495481693204
0.01609592419330392,2.00131766393755,84.00538256973844,-0.01650718594806503
0.015606987026748544,2.036467266773941,88.69132748815142,0.00047696129665136117
0.015537771599888592,2.0211001389578542,87.78203092839378,-0.0014916723183566911
0.015857991368501936,2.00326806200192,86.18403184911136,0.0004675430574322542
0.015579258673533934,2.015680472837363,86.81257362685638,-0.01392637086761308
0.01578809064010183,2.012471276279689,87.80720084308619,-0.01034046746746835
0.01556776140574629,2.00253948800567,85.96880563168769,-0.009763493253737637
0.016619214249542547,2.003530628529376,86.22542605655055,-0.007266586984164148
0.015697173326089362,2.019526960906241,87.93173529588286,-0.01280079648089813
0.01597933058175869,2.005032890030272,88.81245417033271,-0.00724342927397987
0.01547412757385239,2.002577813903498,89.57600439593222,-0.013456443470232091
0.015810321243799375,2.004204928422749,89.2393159362287,-0.01683367727862147
0.015965419837706874,2.01137056757752,89.04693642434893,-0.014095774913068033
0.01575163051471965,2.0136501709475514,87.91051130768646,-0.00927800411050048
0.01632488416135821,2.0020862097614662,89.5047279457956,-0.003174675305547865
0.016017653936135738,2.00527711039841,86.61168372659068,-0.002896322705712857
0.015935211780253238,2.0032522376075934,86.60694712519219,-0.011297820083585037
0.016046374524996607,2.0059523053134587,86.45437147646395,-0.013626087995016342
0.016291532458484147,2.004168871398791,88.33391604394237,-0.007143121775618405
0.015679355879566648,2.018211121324051,88.58813325814725,-0.015758790743597078
0.01565177614354308,2.004033438654346,89.39864809242077,0.001010662881392864
0.016483931936180776,2.005008783158376,86.58202326615658,-0.0054821576677697124
0.016410284649055015,2.004010850011587,88.84933708298685,-0.00880542473366371
0.015845800837562343,2.0172259800630776,83.11247421271483,-0.00399636856750297
0.01636872109622954,2.004349476764884,82.70480828029316,-0.006608538391812805
0.016104604110941056,2.0006254512801354,85.30925774305226,-0.007934703440420243
0.015540744801062092,2.000446042704088,88.33006801531636,-0.007983317775413952
0.01603412145656981,2.0049089290472684,87.57264072164539,-0.007349049980812075
0.016501533499727702,2.008666753387839,88.07646417652037,-0.014423290720502076
0.01581066072639419,2.0089524008916877,88.52258945103435,-0.005740452652018856
0.016003098417761,2.0331705473714687,85.96150045872818,-0.00279683407595011
0.016190172060897595,2.0197675230249414,83.67722836786456,-0.006900730223763586
0.016370104086298413,2.002027036197581,86.07148030582897,-0.01841357217372235
0.01577886477861506,2.027519897111435,88.30598729349673,-0.00553453531743994
0.015607408094040213,2.0082336733954977,85.69876803409636,-0.011198436406125221
0.016058256717727325,2.00470200078101,86.31933555939479,-0.0004387046260455763
0.015740608090796467,2.0256371298848976,88.98406981627521,-0.006701735871357192
0.015300471237899408,2.016923925863679,87.46216273343093,-0.016067059913911594
0.01577212985062176,2.0012272110205225,86.10324169243084,-0.01584890319303217
0.016446060267839062,2.005488505280842,86.15517751373217,-0.007311188408394334
0.015704334099101533,2.0208172066504853,85.58494436993972,-0.011956449027622133
0.01620373717437407,2.0021664767404723,87.30694797639956,-0.00725679585932441
0.01544619957818969,2.00380286797093,89.69490440622,-0.013338046064707261
0.015977043888396537,2.0031594085081434,86.85261907851202,-0.02020487527701479
0.016015957453499582,2.0121456658907673,89.54254023143633,-0.015831830648756172
0.01588577427808944,2.0273121402216314,87.46936151187725,-0.00879598641528741
0.016179141947057638,2.0048415650696803,89.26008507928486,-0.004715511747556158
0.015378797796759032,2.0187748368757514,85.724172750851,-0.009496878495880592
0.01592898704281165,2.0009041002506334,86.19331152981914,-0.010674088750415069
0.016116703912038347,2.0088985219814406,89.63681728286434,-0.011795392259090688
0.01637478251522292,2.0050672379918675,87.8784010877616,-0.003537114145023515
0.015709586749891744,2.020917485091457,88.75050876213471,-0.01490468683997044
0.016108550423154643,2.0055988721032967,89.57158928345926,-0.0053265452604256604
0.016456056276787517,2.003060129550411,85.35416896829092,-0.00542218193865787
0.016020448029840515,2.0127294875494157,89.49738225254252,-0.011471460598152097
0.01614436628574806,2.0057934295640547,85.81654569880521,-0.009022154743013277
0.01598592261734799,2.0085573538693455,82.91861083024057,-0.008995567970673626
0.015908511054126852,2.00093034239904,85.81740111755646,-0.007691292823806269
0.015555821968572577,2.0036595685030845,88.05545524107976,-0.00648428778671628
0.016045777769455694,2.006509781472665,89.05355485518258,0.0006858094225162936
0.016227806357470603,2.011622259205435,89.29309713819211,-0.015225008151670352
0.015491393050414314,2.0071123889286815,87.90621238048726,-0.005364108150056038
0.01600507573741921,2.029339170017284,86.97723286240716,-0.004753723954281246
0.016097959519878007,2.0111190289236385,85.94412001125869,-0.005019678314447079
0.016298055375528822,2.004085653156636,85.5167568988586,-0.016927910816494446
0.015820007016878756,2.0247659904190876,88.5553895063622,-0.006496592497099238
0.015532884706398518,2.008433662441868,85.09252800326817,-0.014479164640697938
0.015610356747634831,2.027389788490572,84.83840107052883,0.0016788739384683941
0.01557633295814919,2.027266915619842,89.32289521296964,-0.0007235751697109924
0.015745260749413938,2.014856227754245,88.74910700548563,-0.010992422381013837
0.01572156046697026,2.00139205559086,86.01654009264603,-0.015100252778419873
0.01631084587618788,2.001503427463391,86.73522871090391,-0.013891597636219992
0.015156312654747804,2.024952633480768,83.25229539955522,-0.015668164606006004
0.016084317231305992,2.007350133478936,88.11372523535502,-0.0072692529610366855
0.01544619957818969,2.00380286797093,89.69490440622,-0.013338046064707261
0.015730839091019626,2.009759132512328,87.97767649072193,-0.014728269982326268
0.01576326308609014,2.008204629171622,88.66299158940606,-0.01081901622168215
0.01637533922671496,2.043664784750919,88.19085505022987,-0.013523516886436564
0.016184659533671805,2.002504465382742,87.09706731523583,-0.010364946198849612
0.01555601433280097,2.0088446334132652,85.15200547475833,-0.0038784008087064314
0.015899245145394144,2.0002030244213085,84.67194888245602,-0.00962315026907757
0.016225568407084848,2.010882926180326,89.7409802448764,-0.011544471895074794
0.015987694025532424,2.0056158991571267,85.7906326707517,-0.004956862199026895
0.015483608152817288,2.0280709855948538,88.93107970032428,-0.01593404569568148
0.016060272197265905,2.0090410028304,89.51055480664915,-0.005336506429789817
0.016390365847074862,2.0082501415986593,86.46099771048218,-0.004031808362614345
0.015923013220915168,2.0035754047336947,89.64390168973013,-0.011169947357388797
0.016113009356046582,2.015654031629563,85.77674161466936,-0.008574459662522975
0.01569727994810093,2.0305398124718312,83.44143506527811,-0.005869426187277192
0.015145677766979202,2.011679275982418,88.31589544834893,-0.0055579469375079595
0.015585457404126396,2.0046428762759407,89.21734497651298,-0.006901013694043829
0.016193772843191758,2.004290305244899,88.93044461274027,0.004965452679471381
0.016315653717567553,2.006457131421483,87.77580435617386,-0.010236280343480416
0.015299586357747518,2.0213192200734538,89.94832892833797,-0.0051354390239137186
0.015463072748606546,2.053205084195759,88.37487104080489,-0.004937490602682615
0.016227600610444648,2.0134256637297483,85.41087100090918,-0.006056344077039121
0.016062577099581914,2.002857407125733,85.8024260578278,-0.01710548596212831
0.015711890526802948,2.012070756544471,88.59802598007529,-0.009644962343173582
0.01531249406545686,2.0084238736997357,84.75595412928948,-0.015773213789499557
0.015413568079234274,2.0218041550905808,87.40421102773816,0.00024656314448285796
0.01563503667466427,2.0186786720300387,89.6439835122763,-0.005003635748988752
0.01612022974692777,2.010829464889857,89.0927393093284,-0.011562146261915776
0.015624866550435783,2.0104543967782695,86.54916792799277,-0.015145282801227912
0.016381109643475313,2.0006421778182055,87.85665774333353,-0.013968558999617207
0.015617708874747225,2.0060224274740306,85.94382858413098,-0.006936951422167914
0.015957484688971478,2.001376076820067,88.75639905067507,-0.010031441544408205
0.0158138816046748,2.0039704817715656,89.13572963935088,-0.012334390627784436
0.016138284158877667,2.0148356643678724,89.14441623238135,-0.01566635458397687
0.015405194999709063,2.012541721484537,87.2008434760965,-0.0060585133689362875
0.01590310822691873,2.02963713440852,89.28300695889884,-0.009311164292119253
0.016266873605979837,2.0035586261644016,88.41070174480471,-0.010786412532745765
0.015504860082076384,2.003719863541688,84.58251924678927,-0.006596011996837682
0.01580968416558174,2.0042915525350096,86.24651101806265,-0.007684890218888476
0.0162137175796027,2.011816181952706,89.93381354112603,-0.011650854101735105
0.015740609661679807,2.006349358177993,83.38529884613355,-0.009469550426240148
0.0156654406163253,2.0227252601103256,87.16517124561183,-0.017027447123485674
0.01594947056919194,2.008108082353094,89.56685971890751,-0.007224902035308248
0.016069637899636717,2.0087487190554123,88.13752530273304,-0.0032746117734289933
0.01596092428348397,2.0006748807389356,89.84527342985723,-0.01188260549511669
0.015731458973513263,2.005294572429264,87.09947144431698,-0.009004529409050006
0.016300576053327343,2.022567024898149,85.44155423587789,-0.009466267994937633
0.015419490631706032,2.015851546105427,89.2668605300364,-0.008688599994731271
0.01587217097254354,2.007271457217601,89.6468389933801,-0.002648971582408958
0.016089844648179988,2.011427740398884,88.59538113950666,-0.004972523463228717
0.01601968292621259,2.009313754026777,86.64665301486518,-0.01147357291247384
0.015564780563108175,2.025605700806869,88.43277282738872,-0.005756109567913087
0.01556802451887653,2.0396903095909877,88.73899990477686,-0.003095050482110481
0.0160792471842576,2.0073797024737514,86.1979678289051,-0.0063229276131867565
0.016277880027657635,2.010082690566616,86.34040541823137,-0.017192889259155596
0.01564424970702675,2.0089853344855126,88.87621975144992,-0.009423855790355333
0.015559761014728111,2.013129825115713,86.54775937159528,-0.005991838320055783
0.015484175266105633,2.0155096742238747,87.16941720304527,0.00015499805253782386
0.01579663225238509,2.0181545372709366,89.64055359615263,-0.006147840651356384
0.016270381933244843,2.0135050567820123,89.32207236938397,-0.01335940385564794
0.015806938606858882,2.0040813587586794,84.7041316276061,-0.019518220965058945
0.01607488083270852,2.0167230183471077,85.2695132943355,-0.010796674464458842
0.015588344648987612,2.0077184819597234,85.395473768981,-0.004637950533450119
0.01561658480663534,2.0205890032920153,89.17101391663832,-0.005081887872010963
0.015617862283523395,2.00109239087537,89.15104719682635,-0.012043880868232345
0.01617167145526313,2.0095594929514196,87.90967789436988,-0.012989729817165688
0.015191655273563472,2.013839465087642,87.1486130061297,-0.002774200121825238
0.01589309391635831,2.0452099176351126,89.29035331595819,-0.007113283490198314
0.016182192766866867,2.0011000594570576,85.85567206658177,-0.01033355540308058
0.01569646517436201,2.0062444916124527,85.89688686917782,-0.006064256650916793
0.01564508973588409,2.0014993052960324,84.95731398296066,-0.005787225304848485
0.01620021604503964,2.01182100576752,89.80585246124667,-0.011295236089051065
0.015611893368152616,2.0029760635031546,80.87779683597185,-0.010705307440590998
0.016005068831778345,2.0276288185550677,86.99013555622203,-0.018997182525497966
0.01567170241492271,2.0105005341414603,89.72486371484267,0.0003634555161011483
0.01609537554034484,2.0022981077165456,88.93727132478035,-0.008130969142823106
0.015579758291928623,2.001371558719242,89.94688709834081,-0.009903545495207316
0.015450684134079008,2.0026163826410244,87.44609461087124,-0.014873221967530917
0.016260075297093366,2.0326715021535215,85.16258414626294,-0.007763682613304991
0.01548530177636047,2.019223841364018,88.1416647355922,-0.006647757124438653
0.0158044616985332,2.007782698325496,89.27751228551968,-0.005298074541068472
0.016113975129787936,2.013345034667834,89.07856408156292,-0.006025356504986422
0.016035477032380882,2.0066152909488437,88.47817505757799,-0.016853048570433196
0.015076575394117695,2.031188893825611,89.31910551201399,-0.002608559520964394
0.01569302993478697,2.027582160726295,87.36015058377018,-0.005527591526924928
0.015909032103656646,2.000681466212676,83.5286994676909,-0.007846352305688488
0.016372322615557593,2.009028400161047,87.61850959838628,-0.015226512489713047
0.015182086468349357,2.0037026407926604,89.7657186946182,-0.00820396168277595
0.015522105425027959,2.008795156508549,84.97534574653784,-0.0050736169364951934
0.016002713902072977,2.0044411719832396,86.59464617091153,-0.007054000298452674
0.01626960135411603,2.006856105232638,88.71360847063015,-0.009051830277846973
0.016048473425354627,2.02871391556192,89.28808639841466,-0.022747452015266123
0.015691705203462688,2.0032198430183197,86.2188419414833,-0.01679843470824724
0.015886552154330505,2.020069327176822,87.31321801958005,-0.008109351812191917
0.01561328097143075,2.0112745702115875,84.26854341176886,-0.00711852646875713
0.015489187467564796,2.021858817712269,89.26465284584081,-0.0030751343169146328
0.01578433150492373,2.002211204718487,88.91351282466849,-0.01314086320075741
0.015845228408492038,2.0077963086695525,88.29769891825964,-0.010445826430828462
0.015864955507722607,2.01368585118098,88.95630255239465,-0.014349379191819823
0.01588745727746419,2.0459562768177126,89.19117363765773,-0.007791198740154043
0.01602155960008556,2.007101437779173,86.32051609645556,-0.008753379146021104
0.01591627000375629,2.011817732124701,86.96098793324036,-0.006133717349237722
0.015329013333803352,2.009946862121432,86.90456336749938,-0.002081435166207838
0.016013468387550883,2.0088687711452287,88.12927287389444,-0.013817549370754863
0.015712204557958662,2.00942032496637,84.2960744895461,-0.009141941892343845
0.015724236528085533,2.0152747212927973,88.1034354715086,-0.010947386263449644
0.01583046360670762,2.00042411283591,89.00631339155629,0.0006710010447506746
0.01571296799883313,2.007174132498992,88.59153177378198,-0.005608731214912076
0.015352804958480178,2.003362414571353,89.78996355488997,-0.009323467279408505
0.015533244244478805,2.002223041073619,87.68160734323135,-0.014417268728039058
0.01593193289307135,2.018076238803457,84.5436065617583,-0.012436956812818489
0.015843548143409523,2.0201791796206905,88.68178083716442,-0.004633109898127166
0.01580600414210865,2.006199126314542,89.44558530890764,-0.004183234920656695
0.016093072475480596,2.0114430574830666,88.75196072982135,-0.006983096328966225
0.015985907785489546,2.007149115779554,88.65875967608044,-0.014618209042894067
0.015309834488758368,2.028445274736178,89.99225826704671,-0.0049424677360915695
0.015484803891022136,2.027155042779879,87.87379237095304,-0.003473220357532031
0.015903210055391078,2.000266082949603,82.89409200427033,-0.007354320487968642
0.016421675676220188,2.00871518935247,87.95911007290043,-0.016231705498285065
0.015371469223453754,2.006046283967904,88.7913893895843,-0.009457928083910928
0.015213584655618721,2.0194001300480613,86.21759524221977,-0.01110474271996563
0.01617953285629078,2.0081223080920245,86.19665303098003,-0.009476609878050553
0.01623025826073545,2.0014016254159515,86.98690020284567,-0.007833665741656922
0.01592628600482865,2.03085069280785,88.88619979270354,-0.017769886339269608
0.015743410995184948,2.0083254050538413,85.27950655875912,-0.014727588623897758
0.016283332629269,2.045761051112423,86.04738863112223,-0.006247649854661892
0.01572894320212432,2.011411142809521,86.18981434492689,-0.007479078252638204
0.0158545770321844,2.0181195820983024,87.4828059357803,-0.006133079191083281
0.01574421961651892,2.0056589375731857,88.27080479264158,-0.012877570528292744
0.015484708627664257,2.0004645125781804,87.31326059274379,-0.009837340378514428
0.015744912402577107,2.015403873689116,89.4384864675127,-0.017356476856913702
0.015609149623440528,2.0372351491108183,89.15471985567767,-0.011640533149416892
0.015974208428428786,2.0043801689033396,85.34472110538069,-0.01188127097059918
0.016145564328911413,2.012818573093618,87.68551304046922,-0.004253855952729334
0.015222701864248338,2.0193253246405,87.37069028573666,-0.010132686675243013
0.01593806033187967,2.007529464728492,88.44016847452596,-0.01562973767884529
0.016429251991065416,2.0160892179587253,85.4717127004618,-0.00809372219095563
0.015990311539742046,2.014248728990383,89.64624805222405,-0.025436157446384212
0.01583656162149446,2.002495153081461,89.0241165760231,-0.003227073645305438
0.015688408899800492,2.006799976818793,89.9806192605098,-0.0024524439427658215
0.01566326778046138,2.0042287174688664,88.88815575812657,-0.018172507937443065
0.015339496029128917,2.0006991367572584,88.41692672397848,-0.016663320909314022
0.01573445465702779,2.006675600117945,88.1993092946724,-0.008081737659860304
0.01575052506504129,2.0121700900106876,88.50332313185577,-0.006241234390659365
0.015790438350197982,2.005671086680316,89.64128802527563,-0.0005815883934484744
0.0161020800431517,2.014409715671952,89.05043439662015,-0.0035972182339493817
0.0156318113174564,2.005672072115523,89.10044609435839,-0.01560226342030104
0.015347646736627486,2.0234484160169557,89.89754942910328,-0.006730094595489046
0.015524921537442308,2.024072953269008,88.21640684113606,-0.001550964498472921
0.01584635101436443,2.0101668152854155,87.08358246040311,-0.007582781926526155
0.016302410603122514,2.0089583196908443,88.08297821310569,-0.01576060909312161
0.015198788351950817,2.0129636766667094,88.62175280471213,-0.0020802013413547867
0.015791170673500523,2.010948413403607,86.09211976338236,-0.013261369055764267
0.016316308691664408,2.0055704278736766,87.10178804374762,-0.008866558899011811
0.016161962752722057,2.0033726903726508,87.33382579127208,-0.009171741270162473
0.0159028826734863,2.0225924961484862,88.18349915681706,-0.010397255515561601
0.016035471087948804,2.0148823279974235,85.24419809491678,-0.011366167641774078
0.015939677318258672,2.066159975368925,87.31268103369327,-0.009582847170570919
0.015641196290098445,2.0151203565406735,87.69000302367756,-0.0007618060534106321
0.01608093134188184,2.0400703249222625,88.41681691164975,0.0013545432263272743
0.015738658637779828,2.0013695550175963,87.74757383800818,-0.010597747821520448
0.015517646219631979,2.0011928244606882,87.30801297201695,-0.010268486896597036
0.015735959419515503,2.014092211468912,88.82800183133601,-0.011680689747493866
0.015864635378987225,2.0292744205607756,88.5228906256258,-0.01424254379149424
0.01571689927097818,2.0102547386364202,86.09286755872371,-0.005645799988120959
0.01651804174997537,2.0025751333020363,88.69510098676881,-0.00942542686047119
0.015205256059143323,2.0263672468698677,87.29127292163967,-0.00671504695701745
0.016519054587075723,2.006442775857775,86.5074234290715,-0.013607791049989819
0.01635515795769047,2.0164495692454723,87.3967669789598,-0.007793224807146287
0.016119501162739826,2.0184727388213366,87.11508016163346,-0.023851872023221136
0.015710622056860406,2.00625714931255,88.90816092190948,-0.007811052771181664
0.015440933717307244,2.0030456481977716,89.79394854850536,-0.004938201107523032
0.015150575433354076,2.0056651478267273,89.86504690193217,-0.006660005088987467
0.015561887540081263,2.0060039571401846,89.97340445502917,-0.014788361146021119
0.01557859514179917,2.013887076532775,88.31491620324093,-0.01132654670856926
0.015574379014627295,2.0025050764206433,86.84691031448995,-0.017840231285442792
0.015756296923400193,2.002886651330834,89.57723705258176,-0.002590614823106718
0.016229071806857967,2.015856723872429,88.07955952963427,-0.003363689797931036
0.01573730890442024,2.0084593475343695,88.65105494597194,-0.015509771982753853
0.015347526438756783,2.023353833363205,89.8315898747838,-0.006774525457322198
0.01526939610206305,2.015533269427167,87.40175435159699,-0.006692395685191553
0.016088508517371692,2.0123802365279078,87.18334432188831,-0.006467301112784157
0.01672619509328289,2.0061495472724746,87.93943542760252,-0.01837955800518829
0.015346164311409788,2.014395556251651,89.26788646693159,-0.005149002455916906
0.016002329179433995,2.0045706659903892,83.55060527372284,-0.016412714753656025
0.016097668797768756,2.0073582228382265,87.83679892626091,-0.006763156212772542
0.0161190677016685,2.0024535399684944,87.65379668188943,-0.008202988111676272
0.01626853565686188,2.028388008620721,87.99115220427765,-0.012865109840924437
0.016322315056677337,2.0009747262181645,83.94275192334982,-0.012969442144027269
0.01577073056014498,2.0553287075037665,88.22681014173885,-0.010414159088326923
0.01592387620895449,2.0419249703080355,87.61469805939636,-0.00048706098512748056
0.01570459993686231,2.02966392887377,88.01139949972489,-0.00346772435442872
0.015834383035712937,2.0006764623413815,87.58889730955195,-0.012739048262958038
0.015386488868116574,2.0063879296789224,86.47242563139591,-0.006691250783476294
0.015803536166610545,2.0083002997439405,88.15484513004033,-0.011860633230973194
0.016091695254113834,2.055663597572776,89.65823042568175,-0.01575639882192833
0.015578630368825647,2.0107919203638995,86.27532048389249,-0.006733780170593163
0.016620142273762455,2.001743398961643,88.86351272474987,-0.010711587662957567
0.01543743844283968,2.0166822612257387,87.5037429827232,-0.0062701254506570304
0.01635886635967042,2.008020517704567,86.83055554597802,-0.01543834078360121
0.016500004453503404,2.0155948764778553,87.30518713591316,-0.008248680191756626
0.016119501162739826,2.0184727388213366,87.11508016163346,-0.023851872023221136
0.015613650325699974,2.004194882234689,89.92172617808897,-0.006920040262312438
0.016063714800251927,2.003490126334944,88.42222909967688,-0.005073123138726796
0.015128821221927779,2.0011700262662178,88.36899164776634,-0.005702796212732951
0.015664333214730423,2.00696078387845,88.2836326092869,-0.010866808159617497
0.015882209990155733,2.0090218806197173,89.33568832142356,-0.0156605400699215
0.015765782473297015,2.0033469147477065,85.72519538576991,-0.01507698127504536
0.015944169109822583,2.0058217520599384,88.86230880870505,-0.004338323334667163
0.016174686428445512,2.0141514912737764,89.19575106468609,-0.006375002638723613
0.015691287024069155,2.0066990638120497,88.80399264915143,-0.015400668394345474
0.01544997863369207,2.0225476501778124,89.46562047064246,-0.0063390949806361
0.01562517706061229,2.0088639560778128,87.71156999755189,-0.007261838496084668
0.016183348500486423,2.01448964053144,86.45353954042974,-0.005839284944244641
0.015474887142896371,2.0069950444398983,89.06102092495965,-0.01081365461147139
0.01537776892049203,2.018249915542533,87.29772823396421,-0.008504806704716691
0.015994834989973918,2.0081994490971398,85.97578476090065,-0.006458214341128557
0.015775480532182317,2.006440835462786,87.22613639343899,-0.004596033898376999
0.016191164518332742,2.0025914525051887,87.75286843297116,-0.0072007850472117834
0.015881385372202735,2.0153676058638785,87.45171538822957,-0.009329187275043147
0.016179606222777383,2.011830173658986,82.19397500303963,-0.003910067919766218
0.016520395837471082,2.0298858383393097,89.7461670663761,-0.015832561570373965
0.016083820805305255,2.033161667725949,88.10559725932939,-0.006961679489543538
0.015941265363252393,2.0235569894507592,88.88585517882453,-0.004693609172799067
0.0161042873792914,2.0005349184256875,86.35579203826566,-0.020494345783209172
0.015459901469968108,2.0086578220342144,87.52436246462948,-0.006824713906544471
0.0164660136500707,2.0147820125241322,89.48886360579735,-0.01581874099356937
0.015701598805181023,2.0226712304867407,89.04032355454197,-0.011239442197934203
0.015753289347797145,2.0122372288312946,86.07637612919224,-0.006653704785910199
0.01629213415275813,2.0081252894896475,88.2674697938766,-0.011242017101019207
0.015497298176362058,2.0037334547559427,87.83269382043592,-0.00747770662581257
0.016214734992227656,2.011687448769474,87.85293665822182,-0.008683456437062165
0.01591349431673576,2.0130365783450594,87.58690338169986,-0.00796655142363864
0.016234533534885395,2.0098226585467276,87.841087839388,-0.01684275621133601
0.01569505991324421,2.006980044651068,89.6235551644003,-0.005419105565167859
0.015999453541598936,2.0132162664056765,88.886657351589,-0.0035004350715633985
0.015379726711677914,2.002308648283155,87.79084216104329,-0.0053818258449328405
0.015869453676591837,2.015188831758984,88.31101699552008,-0.006646363454536076
0.01610206416936366,2.0017592703618527,89.86504001385528,-0.014841223346295482
0.015719345851269162,2.0078278089410837,82.53293430516412,-0.0042015539375028265
0.016083718214655474,2.005386633772845,88.1147316932658,-0.005659936700029162
0.01645944022512965,2.012466677658171,89.8509668598001,-0.0045832721179741
0.015424987416156504,2.0040662364413993,89.46943823929134,-0.014237893192941239
0.016134129446722188,2.0259911096526437,88.48938737381087,-0.010250550584888392
0.01565450977830771,2.007187353434335,88.60249597459914,-0.007418427561903207
0.01587636670725324,2.0085097565653673,85.36519037339313,-0.006338170329621064
0.015571701787508139,2.0251842068696164,89.54212692171686,-0.0036923239172031047
0.015705274685929294,2.0155245936645567,86.68151522155459,-0.008246593409355924
0.016113159199461435,2.0030840804749173,82.69936000828481,-0.003421259178778478
0.01581257217496164,2.01231180430886,87.09076819176133,-0.0059445068869909655
0.016242425611932457,2.00093241710333,88.05340468519479,-0.007930266003519114
0.016156838833204068,2.021365795407131,87.5638139559391,-0.00449173870068987
0.015750528427911643,2.0297379776197677,85.09537276478034,-0.00907015161728621
0.016226977373253203,2.0230345881756624,89.5296165488466,-0.014171707103978269
0.015838812392174717,2.015919183705305,87.5364778510998,-0.0071615442642320015
0.01589704687629794,2.0201890403255884,87.67139100168583,-0.00165393630242432
0.01538720351107252,2.017748005174379,85.90085772085442,-0.017969688561661624
0.015426469111735518,2.0121031110398473,88.99539416449134,-0.005164541844831711
0.016135111906303543,2.0167947337053693,89.51836880205636,-0.01162503121058761
0.015743303867399198,2.0225172917806495,89.59182672650157,-0.006926973273780881
0.016461284186378093,2.002193979090515,81.23517704360064,-0.010147093727420994
0.01663035226951958,2.002475369884733,88.0562804602488,-0.015199837903224081
0.01551381933044796,2.013779471160472,88.18160290731223,-0.0066139719633693615
0.016306750497386988,2.0165683069303135,87.15212128455185,-0.007356337929375597
0.015651225492732224,2.01928056105112,84.04426657985248,-0.005594883995446366
0.016073042463268416,2.0029369654820472,88.7711184975688,-0.00728772627015691
0.015607269650327783,2.005252295714059,89.93575519968265,-0.005499514078315517
0.01599679271223266,2.012882852129799,89.91248785750793,-0.0017622891943074445
0.015580013420262913,2.0075203870095475,88.25307653816529,-0.005840618017915464
0.01546695904110843,2.0173794136344556,88.14592906512567,-0.0035130882079708985
0.016064004532786155,2.004685052981056,88.09828117147863,-0.011007884861110944
0.016122932010166915,2.0031611989766387,85.3429108745177,-0.008718332708548956
0.016381330146409336,2.007057413919523,89.92432450218048,-0.002888357902188133
0.01629303512949257,2.010666343882634,89.34962876205273,-0.007647677072125692
0.01568239847367651,2.0063775264684307,89.35049374579634,-0.01064591730279996
0.015774814058101265,2.0377554505653372,89.35491301218414,-0.005489169232672496
0.01528689629898115,2.0027102015176816,87.89148860239001,-0.01184488928117318
0.015904524601056194,2.0080989880508935,85.73382776524146,-0.005623409890365321
0.01610092508089121,2.0114970776451773,86.74325598480203,-0.004794524165353852
0.01587762350867368,2.022824069897429,87.53811217417142,-0.009018154735437395
0.01618076301504194,2.0028805107970586,82.69622037688872,-0.005620380913376587
0.015813132202871772,2.0058824118832117,85.55857954648518,-0.004666363022722575
0.016214089779138394,2.0056193766229082,88.48458958182616,-0.006304623777670316
0.016244917449263725,2.0302812340972207,88.15026555127913,-0.004813597570198484
0.01570266258773064,2.02828652550557,85.17175306035246,-0.006624378576991045
0.016421855312815193,2.0164995728152677,89.57968871769033,-0.004356220449058502
0.015767519464020986,2.0225462475854172,88.00850224746219,-0.005080815490226368
0.01598417005439623,2.0117427124875027,84.72672120112618,-0.008395513648034009
0.015355167128839753,2.0137435054065422,85.84486990660838,-0.016682087419231554
0.015560523369434354,2.0035835041811008,89.12667455600547,-0.008599624494453947
0.01609009822796673,2.0162426804381393,89.1362659902628,-0.011141320486842377
0.015991942265655087,2.02163872652486,89.21040852806082,-0.007001529952678988
0.01618915250063044,2.007641830889037,85.12299284333106,-0.006264753764171113
0.016199347029957054,2.0081555853442237,87.62809688419831,-0.014458613043098364
0.0158135300727186,2.009579096838102,87.00624817549087,-0.007167772104734742
0.016064177476377825,2.0132457002236057,87.38020625439775,-0.008060736078196643
0.015689989048684978,2.009622236784566,83.12699079029954,-0.004975325666271348
0.015979790375031694,2.0002722749893156,88.8086507869648,-0.0076088585333834394
0.015501061623617005,2.0014101743091235,89.90356860191177,-0.005963767684784956
0.015667663463346023,2.014253492006114,88.36662526631504,-0.002597135597122673
0.015882625713931058,2.0132157524471306,87.73551635616248,-0.004603913534874021
0.015542297070267923,2.0143025649881325,88.20363263155417,-0.0034893720277005052
0.016085596185269734,2.0041869440806823,89.70539352633837,-0.014027076966993611
0.016163412338871225,2.0010501103684533,84.90477265471297,-0.01174835541339788
0.0158957772770703,2.01038587931505,89.48105863627099,-0.0055663896315419955
0.016064435337994187,2.0132741765738196,89.32719282410245,-0.009788321362467559
0.015221693848468318,2.0195681360353253,89.67590519185214,-0.011069694079646423
0.0158753359093385,2.037185341849497,89.26930169241221,-0.006179941604889324
0.016151908271173722,2.000617786378169,89.6593198147939,0.0015699602616891656
0.016095259667501013,2.0046976148405595,87.13116706648823,-0.0022820548558504144
0.016260187143626138,2.0104599711204565,86.92416543753484,-0.00334628869009654
0.015174982472517279,2.042589192001428,89.9538016769507,-0.005745639417133823
0.015976044624182624,2.0062667291916365,84.48438909020523,-0.004802907735510778
0.015955928318718376,2.007975741232266,84.05252933885987,-0.005133796927640108
0.01604926980154337,2.0074719589402106,87.34164778063891,-0.0038395567068799184
0.01618427840741314,2.028776363305357,89.65177488439502,-0.00646275182540342
0.015999222269661884,2.010294956040005,85.73981345399449,-0.005691231143318449
0.016410067813940152,2.0182082086806945,89.40258883050427,-0.0032693690628066378
0.01597158024866223,2.024039503274239,88.59114763998532,-0.006370221314054939
0.016247216239085302,2.003296713673259,86.51536772866879,-0.020028979561944604
0.015340146835125891,2.014993973102398,88.14988565699925,-0.017967080642525432
0.015517542525624898,2.0011493961985622,89.24479799493977,-0.008294374195767068
0.01576053412874728,2.030696041456079,89.85483574404064,-0.014957258552855204
0.01578449639009879,2.0059916334041525,88.53538943015305,-0.006925925099440919
0.016169473512534407,2.0124580649470722,85.59437027498169,-0.004818520417053402
0.01604659004787548,2.015228116603662,86.33477339828234,-0.014767161662243178
0.01565103247188224,2.0162095627001944,86.27926065420144,-0.0074523929391237176
0.016544197991915328,2.0221608799082276,89.34311022336519,-0.004859000577805065
0.01564862844460953,2.00102481010776,86.39968873585325,-0.0006655292830272542
0.015979790375031694,2.0002722749893156,88.8086507869648,-0.0076088585333834394
0.01590093094225983,2.0039273584884034,89.14062902766116,-0.00435062011134034
0.015533571154776986,2.035033004947861,88.00710414235081,0.0018180946134515354
0.015916533233880665,2.0046366371077506,87.13590842136452,-0.004112732111991639
0.01566456744264194,2.012196777663635,87.705678074531,-0.0053593721702388936
0.01610202543189067,2.003456116003242,89.8648433104785,-0.014789825730173893
0.015842981729554145,2.001288229236896,87.32050918933157,-0.008954697538196941
0.016178520353620007,2.013888777574094,89.72014087823415,-0.005790196713930332
0.016082166095331106,2.0165415173951042,89.84234437443844,-0.007860802335935616
0.01559329979026129,2.0170479694960517,88.9129588033503,-0.007849234398567245
0.016199561723134918,2.0874805278281974,86.52611156391978,-0.009910218461985136
0.01575640685619379,2.0156101550592442,88.76135629597087,0.00042983332394945853
0.016542413588662326,2.005642629945377,85.36171538526142,-0.0023981851375479363
0.016616343307057517,2.0034572787567897,89.55477903599935,-0.005817518989561421
0.015501314514877353,2.0357012743423843,87.74232559571914,-0.009316032051737923
0.01627409798915841,2.0034339892129345,82.77834473942804,-0.005806968504895501
0.015897489844368617,2.0174959935469734,84.73498089858843,-0.004934393208446028
0.01642017974933851,2.007568912534473,88.63442959671117,-0.003679540026813151
0.016173099985373533,2.028869716895399,89.84638984223699,-0.006741800664006191
0.015901732606107763,2.0111507985498824,83.10120565555813,-0.009147101213743238
0.016205259162245748,2.0192591143975775,89.34919370426432,-0.0035902720144466186
0.01594652964500672,2.021164166651483,88.20982499407883,-0.005384522764528964
0.01617760704963989,2.0069002131034983,86.64695845811421,-0.015223668496370009
0.01516604944242983,2.0032857111166713,88.10183171600278,-0.009940799359878896
0.015535536250909823,2.0176658142785033,88.6464897997723,-0.009192047593432708
0.015752834754379948,2.038711671396765,89.7394332822766,-0.010708034252099336
0.01580497095957526,2.005079796671202,87.79098635468706,-0.012728403199779517
0.016284844816993296,2.0075074660135526,85.69913380628064,-0.005222173129976991
0.01595151659783095,2.007079817516992,85.51884206449309,-0.016015700023130578
0.01573998347272531,2.0317391698536214,86.4883100113388,-0.005993938849644246
0.01607747426154905,2.014906471514879,88.31112356489277,-0.006281700681414347
0.015979583330851237,2.0035417727387563,87.46811946241736,-0.0013759960393868184
0.0160549988409119,2.0004084605889307,89.30759370148576,-0.005342303150119063
0.01529948175028508,2.0049878669672747,89.43624691571561,-0.0009608310796476107
0.015662327734416503,2.033664289684612,88.59454304311637,-0.0044764573342339
0.015797208221140554,2.0018459273105536,86.98397603441899,-0.0047741549416718525
0.015891243766105064,2.0227837635342656,89.58386457591943,-0.00761623948135396
0.016094861559575496,2.0060102620549443,89.92529929673253,-0.01505228981584637
0.016152540515082536,2.0117935629738977,89.02096928985621,-0.006511298684045546
0.01570270752306532,2.0169505393843057,89.90578135096875,-0.012429985051106058
0.016289971658196862,2.0107987993696987,89.99536510910023,-0.008538179012139185
0.016164250869273516,2.0176029506245077,85.72459348894266,-0.002186099036440689
0.016147953728711507,2.0380028852393344,87.31350528574157,-0.009484568818287818
0.016071897072858894,2.011418560689934,87.58573923339551,-0.0044870632717340896
0.016263449359579032,2.010142009898211,85.99801081245451,-0.0033065014405561683
0.016395921650921227,2.017727143063064,88.62210408753478,-0.008344668042371486
0.0157145339117019,2.022517655397603,88.38200389450849,-0.0058218964076419645
0.01621141581439401,2.0038253437110916,85.70774776465082,-0.0049446266073575225
0.016241326136574724,2.0238347881372656,84.80630961512767,-0.009139777569649416
0.016112351594477065,2.014913625516856,87.87450013080688,-0.005403517652234808
0.01622094599537481,2.027187768214978,89.78717552588276,-0.006214551706740019
0.01604604059663656,2.0383648682961586,82.08928616185987,-0.009896797242797243
0.016329281610960884,2.0190539220179504,89.95376533145856,-0.0037022886968761963
0.01624102182241558,2.0106377060047422,89.32950086095586,-0.0015214752853369169
0.0165043100041503,2.009643152549474,87.58342822591248,-0.018026049812511907
0.015089136846089445,2.0037145059290595,88.47902595172066,-0.009051634095178635
0.015421224239326814,2.004039729571548,84.23515305479167,-0.00977031915106722
0.01658304080979825,2.0683540494903463,89.1762418794778,-0.012500818123604433
0.015813910806565645,2.002931080002904,87.26908559159753,-0.013420416229749633
0.01647933927205965,2.0005215370284217,82.85207754721777,-0.009089506089254115
0.015948392587532646,2.0074600470961843,86.22364571488217,-0.020911152733060177
0.015946462964443225,2.013582798488289,87.78423575490746,-0.004503480256072881
0.016100725325196186,2.004404330175314,87.64010700197515,-0.00413915909493025
0.01592248089783833,2.0035549017111967,87.082775578032,0.00035486969335771007
0.01614305710566751,2.0006691561511234,88.54671067241551,-0.004660015203138004
0.015438016235817581,2.0073669236338896,88.6856354981289,-0.005951644807072862
0.015877645202700276,2.018970308296185,88.48991119439594,-0.007975764809010227
0.01577817329276628,2.0037863898317583,87.23020280797071,-0.0038519823303263855
0.016001197065265545,2.016390346729751,89.51222741373566,-0.005095169636699251
0.016023425465637307,2.0072892235198587,87.30365724151474,-0.014123026061991773
0.016155916054417012,2.0112321471510475,89.28008370166599,-0.006591788162936926
0.015259127346964742,2.0113293987474417,89.92407462900447,-0.009925551010168253
0.016215362847144074,2.011281105610766,89.44860172130899,-0.005292214851711217
0.01588606579691799,2.023866452876358,87.46360838972144,-0.002658178178762337
0.016108718868225645,2.078015612060128,83.30340987986436,-0.011513205315260625
0.016133226893189242,2.009115604409073,86.25267755163112,-0.00317936017263455
0.016286138195063537,2.0452888469223502,85.88306920164477,-0.0008199166955815259
0.01640868146174864,2.017648976956534,88.25375971534785,-0.006849370179960121
0.015451072796943377,2.0483782340284185,89.87064632187146,-0.017708722065494693
0.016229527061984175,2.001516145590072,85.63220971364117,-0.005224914857802776
0.01624386411953609,2.0266972149243614,81.68302422140128,-0.010090584288206441
0.01620485992311144,2.035775607891709,87.40972001268048,-0.0025412071139284086
0.016282694369356202,2.030219374971089,89.91416393425996,-0.01206447200986738
0.016022071798228163,2.0276363731570997,84.39505004257235,-0.007539482708607831
0.016185855552004948,2.011157213062303,88.63959816744229,-0.004292587710689412
0.01581137479751251,2.00916599107754,89.73050375320908,-0.006204503793362108
0.01615851875758011,2.018342421578528,88.2492919481106,-0.014850895718546168
0.015458345134540363,2.0083214555456412,88.70532697786945,-0.005475018049721827
0.01557907534118701,2.018179756008308,86.67658334443647,-0.008229949965349159
0.0161652983077168,2.040394755144455,88.78900022403502,-0.005381388717443503
0.015414102244634312,2.00439440545135,89.92585849828401,-0.016011093915888557
0.01625081797104187,2.002487171308537,85.38554977118483,-0.007894998581934033
0.01606910517798,2.0086111963884705,86.32332404761605,-0.01907812373315852
0.015796433390757925,2.0070597515498236,86.58770471337567,6.260498790742162e-05
0.015876391089792215,2.0052015937463525,87.2315379057784,0.0019953195984899127
0.016021654771293987,2.0021818850486977,86.7181199340972,-0.003533043072616743
0.016117643988453417,2.0011052000551572,88.87491182310939,-0.0045596981659422175
0.015882616070101555,2.0237224917065846,88.54652149634455,-0.0056446399041459525
0.015878869464169564,2.015719014516646,88.14030196866234,-0.00715984263481428
0.015673036926320674,2.001236179160577,86.57265441664299,-0.0037016573591921297
0.015802605556813346,2.0132517386780773,89.25966119022775,-0.005945189251619239
0.01612712172823236,2.008004622309116,85.09530281389195,-0.011919737324901506
0.016169603734335892,2.011534630298418,89.36569143284765,-0.006703956777399192
0.015272538034309885,2.0131759799049416,88.17522998242885,-0.004491926480641558
0.016236536899028105,2.008666675845802,89.89292944939913,-0.001753478416261051
0.015990801341294106,2.0449188839436756,87.80882066377532,-0.008116958949069003
0.01607379699475231,2.051810780931449,85.22620745356977,-0.008941570548348425
0.016188374546839156,2.006302474807454,84.05483840093862,-0.0028933468785492518
0.016078063963376008,2.0235615660073405,87.3499323976531,-0.005181244116909069
0.016285126902228348,2.0172471383337354,88.75139859201717,-0.0036763768615509325
0.015691154960013422,2.0228844727235846,89.10368903450657,-0.011056862064317564
0.01628286282395007,2.000253790945716,85.44338263918236,-0.00239267614564452
0.015891845131731513,2.027172652981744,86.05846686965214,-0.013595929289442922
0.015943745494169777,2.031189279369955,87.01452651539486,-0.0070866542028809815
0.016300581223462594,2.0256064737401007,88.15767905550048,-0.015519476882888818
0.015603482077177254,2.010147110119943,84.78071710302156,-0.0012946100584306092
0.016177571139443347,2.0010843648542815,88.83263100394656,-0.003976800978939915
0.01581137479751251,2.00916599107754,89.73050375320908,-0.006204503793362108
0.016346612449294806,2.024637592835875,89.01054965633928,-0.01623158035555316
0.015588799162141141,2.007029580026625,88.93927680546683,-0.005431456379447061
0.016105386165663496,2.0276531326263747,84.81269389280348,-0.01317015847500636
0.016120413183806703,2.0117932424012976,89.20969049281247,-0.0041922815588823735
0.015508768224028652,2.0079832316827964,89.92661628318464,-0.018124686231620696
0.016300335178227397,2.0077097065004263,83.71469791445365,-0.0031785406090566745
0.015952436550949814,2.015576304689653,87.08494907988766,-0.00982658951255725
0.01574066820556945,2.0094401710975918,85.35278739838915,-0.0029216554155726375
0.01606185009445047,2.0106901792913607,88.09423412334407,-0.0071976002232884955
0.01561141882213789,2.0150425740261335,89.56671975901867,-0.006631689162479653
0.016103061003343837,2.0010197589534453,89.0447337098679,-0.0046432067086030265
0.01540716491634801,2.03518218091469,87.86845913475914,-0.004571206271448782
0.015972640540603076,2.0233603861509275,87.38921706448312,-0.0048016996308614165
0.015471040732723918,2.002055107267585,84.82646077170598,-0.0038572769596417764
0.01566879952470769,2.0041920865549474,89.73794409239717,-0.005629968672948311
0.01624638381584323,2.00063532814453,85.08080665268803,-0.0041681626652552446
0.01607524093179333,2.0165004431204423,88.91563430214467,-0.009421804044614276
0.0153679453308097,2.004338365999523,88.43757393803837,-0.00797790927127755
0.016147969989664075,2.0066493218069903,89.14730289187884,-0.0030483751335479946
0.015870933290283207,2.0590960589992444,88.90254922588778,-0.010301294845205426
0.01595216533174101,2.0570794261784475,85.4312795767074,-0.009369735523813693
0.01624417600924986,2.0075839740738814,86.553365522263,-0.007973906300992395
0.016238979097017846,2.0159528958712247,87.87216856185589,-0.004885107389589418
0.016032018073992196,2.015430909409574,88.91911625074582,-0.003002239834885042
0.015644935058585885,2.0224546852266814,89.1213757856457,-0.011265046502372098
0.016172649358697715,2.003474439190212,86.12133059498407,-0.0035591363177397894
0.015825679601454264,2.0326522170937245,85.86219173455316,-0.01289806384459901
0.015802869372475516,2.0016217351228573,85.95236813150345,0.0034556616577096
0.01603628979582851,2.027380729117104,88.31815755960105,-0.02194385962895373
0.015397153499494606,2.034432991208622,84.35689982404418,-0.0020754294448806576
0.016342555069987445,2.005684842332487,88.82040818663762,-0.0027934198043860414
0.015960934194510865,2.0149376340316874,89.75424126663198,-0.006919341871418646
0.016310013124000714,2.023740401076877,89.02204267133764,-0.015886610101559007
0.015639960720212905,2.00841686057265,89.40361463000896,-0.0051421015773046525
0.016353062206105693,2.0087207651842953,83.45224095174414,-0.0031081458863889415
0.01600630258878339,2.0115535695199687,88.73123695606841,-0.005536744710405229
0.015385940873535578,2.0114921692732115,88.80281749293509,-0.014457632480226659
0.01603274619882017,2.0110338527162646,85.9209627626574,-0.006097469128097591
0.01571828236084252,2.0202309606253426,89.67963498668794,-0.014539061942526743
0.0157191024901837,2.00270087131514,85.48917398690494,-0.0023702174430202073
0.01622302556789482,2.0196027165943584,89.23435111649236,-0.008358086287377562
0.015402733047514976,2.0282606764283524,88.13367148467361,-0.006043675462551287
0.016052714943115866,2.000654721285263,88.37588510997085,-0.005193692321476032
0.01549093023749494,2.044480969530252,86.08776953596198,-0.007744330462630979
0.015830098653388365,2.036592119925338,88.02072069446741,-0.004614458165501488
0.015484688344794295,2.0027185179649396,85.01036944973902,-0.003937868552178054
0.015766440802545186,2.0050644520078764,89.58859908064224,-0.005510506833237917
0.01628713360461049,2.0037128226897014,84.85294316574252,-0.0058194052477486494
0.01632281517555473,2.017905061285278,87.82868513077516,-0.0061582513954650565
0.015645807976847805,2.005584978295763,89.687061487541,-0.008083553180767148
0.016181625242455134,2.0089695150050315,89.04486727029483,-0.0032250014722219715
0.016071576332396285,2.10858366904653,87.2642338068381,-0.007459377186772237
0.016153442497205715,2.060908123977593,88.52275824518377,-0.010306394881505426
0.015948977795788778,2.003750407118504,87.56202485038344,-0.006247508817124508
0.01639260466074274,2.0104897006945186,88.06363560310824,-0.005558271285648264
0.016231663029406172,2.0280792217349917,89.06899942004961,-0.007059602564275971
0.015484002240860122,2.024960229074556,89.5678126931852,-0.007391346456270703
0.0164155032611003,2.0038717008283844,84.73163251012966,-0.0027721929548820646
0.016003974686919106,2.0159502393013025,83.41227006004695,-0.005446010856762638
0.01593311989998797,2.007917187522451,88.23647920771015,-0.004000567084855447
0.016026801908589863,2.0164743903389337,86.91053921794375,-0.012708204703033904
0.0157789088041425,2.0165551686515104,86.75087209094737,-0.004185646613992778
0.016050841403271524,2.004331312706085,89.1248909257304,-0.0038505002455382982
0.015800078536601626,2.042324301595248,88.89097977776063,-0.00782396889422208
0.016760684119069266,2.0031263204332483,89.13643775243258,-0.020214391243187503
0.015409161331409545,2.0024920983042724,89.82642677878182,-0.006078668345040036
0.016513830819687467,2.0054461480626093,82.43566558317173,-0.0027851456759002595
0.015947746712633777,2.011478910398277,88.33183736647555,-0.00681129575248852
0.015404273633144849,2.01663723206716,88.53076136266398,-0.014073470727899235
0.016379431326523957,2.0013163239026373,84.95568944290662,-0.007411059996543568
0.015765388052870647,2.0125572461727517,88.92822219164218,-0.009539152829141037
0.01568069310572706,2.008310855957266,85.29727802723151,-0.006534871548311971
0.01643841680456556,2.0157539392937607,88.66478634992615,-0.006214401004977062
0.015648212727698254,2.018429348036159,87.68839530379653,-0.005009540450786093
0.016049625864265945,2.0000947209865427,88.55735774051541,-0.005265000696625487
0.015662323383700216,2.039758066326792,86.8291961867907,-0.007343530157728638
0.015937563385555752,2.036030162509507,88.3604908055055,-0.007870139254725371
0.015487820933917415,2.0083111108201472,86.28752295133486,-0.004417617784434984
0.01574766529406059,2.0166505676815922,89.69581646822243,-0.006578066076240273
0.016347707939912855,2.0082034005842546,87.1339645690855,-0.0070611875661450475
0.016648523316342173,2.0144904206271463,83.99040653307807,-0.00277733365952882
0.015861706706539164,2.0378414415677724,89.78451065025291,-0.008200076804835518
0.01619271496573316,2.0135766969925224,88.68604928026431,-0.004049292350257234
0.01588915314625757,2.067012175944762,87.63748220303994,-0.010293060541915536
0.015869542457738032,2.0310988529071836,85.91481888930235,-0.0049424634774747535
0.016116973784774967,2.0025533358891954,88.51988100860412,-0.008749987709957075
0.01638422743887539,2.0006642001490222,87.04123985677674,-0.004602054332132586
0.016381418394333096,2.024669315382514,89.65865117594734,-0.007242204187639148
0.015345817957502379,2.0471193863764108,89.90467560148208,-0.008893989613004964
0.016618643590859346,2.0016005338654126,84.64338429221107,-0.0044772045513426844
0.016143644841306933,2.016296451298209,85.51253525942397,-0.003072867110947004
0.015590334992428994,2.010240719229192,88.22401269816369,-0.0017850150808792526
0.015920308163661266,2.01676141135222,88.49773291044541,-0.015287905400053512
0.015706280467694872,2.0165531426549745,87.12263555760465,-0.004326474178370282
0.016235234919003343,2.003925274493187,89.16212017869388,-0.002059751874184005
0.01574650994501408,2.0450877954483837,88.93176395414282,-0.007544980376393361
0.016572216491904844,2.000977220442526,88.88860689208275,-0.015835568116731705
0.015498303323674696,2.004432888102376,88.94818040174171,-0.005743676460016763
0.016236533247557285,2.011541818320715,85.82559418041069,-0.004626148240187719
0.015979760031762665,2.0073881904798254,89.86798486760112,-0.006044211844655521
0.015558480030406056,2.0056701213573875,87.290284859952,-0.016593648355621087
0.01588276736469383,2.0025526700718204,86.23413750582485,-0.0062015294053751535
0.015563588894248161,2.011991846238974,89.75458591444246,-0.011414179184643684
0.01569709613061024,2.0061404047833107,83.72577564210339,-0.006983383753639378
0.016040570516982003,2.0192671875247354,88.18571851697344,-0.00528752577977246
0.015589760333483018,2.0175426901779665,89.90995918488835,-0.004030990732705806
0.015985077274698316,2.0045681200082517,89.05291827300107,-0.005785900889839679
0.015621116699233164,2.0511351588595406,87.98512807363223,-0.012686790752663997
0.01626120525116819,2.0312153154113424,87.62452332800115,-0.009285978378315263
0.01571931516535651,2.0060416854790866,86.66855667160897,-0.005182570385129037
0.015713773036912928,2.0189437737681186,89.77879645938773,-0.006932488503375069
0.016382197385574514,2.0048434950814356,86.1271115435575,-0.006457665061106706
0.01647783926292437,2.024053797068837,85.12870977714658,-0.003576602266670694
0.015975370538169425,2.019229020807679,88.65480435620918,-0.007806698597199512
0.016121484159486037,2.0209282584510286,89.76330063543064,-0.002801631244182038
0.01593962751722875,2.0380036074864782,87.24830817307019,-0.008911205161101988
0.015874952736524468,2.025986464233275,86.24798664154169,-0.004554944473712989
0.016089653177334174,2.0035156705648642,87.74299178395661,-0.008606211329229008
0.016073189019594043,2.0010286047839765,85.4368558123312,-0.006684178411707454
0.016239056055743026,2.0205218862206,89.12219746182221,-0.0061200648428945854
0.01582603379999372,2.0284591349005,87.55945132283595,-0.01322478195378005
0.01622967735076389,2.0128795976581335,86.48267141457983,-0.0035075351063012755
0.016144572093556568,2.0184280925741818,85.05813984902962,-0.002260662531465574
0.016116890064551557,2.0037816624106997,88.74819228701492,-0.003414438585076172
0.01611117414221196,2.0208166030355583,85.16927222761811,-0.01756651493276345
0.015860598673921568,2.016587207897702,87.89935099615317,-0.0052565005699337225
0.016132609461760938,2.0090697746359876,88.95271644072434,-0.008928192260708873
0.015382006441454026,2.099449924332476,88.81124650688032,-0.004909601630869055
0.01623708815297122,2.015719082844933,88.09401115820964,-0.01590417008369449
0.015472344361167137,2.0044047378843066,89.0296748164006,-0.005720855189441475
0.01624918277223169,2.014752871211743,86.36757964695234,-0.0065433612936674525
0.01598086166810513,2.0178484533127063,89.83666304361955,-0.004770967275443298
0.01563503935480102,2.0099926439423244,86.99958981403633,-0.014056258538908545
0.015678890013817864,2.0021926801466017,86.77523130516109,-0.0062998153849024895
0.015353812497186394,2.0082964756944786,89.83955139913259,-0.005155268382194286
0.015759962539615233,2.0020948375320984,82.75502624759736,-0.007688684534342551
0.015837438975594566,2.006257996533244,87.86580590678108,-0.0030554558386084404
0.01557459891769295,2.014854101811255,87.62364908914226,-0.0038363892872443715
0.015866542054126357,2.0054434660520064,89.95783856155438,-0.00774702791306591
0.015572256066397994,2.0493774010512924,87.96221740293684,-0.011896590019654724
0.016162637230625658,2.021419728810913,87.10968082079759,-0.006000688821117747
0.015962315475747713,2.0090718368821343,85.07472709538901,-0.004250770585467946
0.015872742418170074,2.0169613885667723,89.63453601610709,-0.0050986454886690485
0.016795348312010645,2.0014799221631394,85.83238201874869,-0.007894234618804969
0.016154209960844997,2.033140929636864,86.05364107094995,-0.005580814968632941
0.016199832599934207,2.0306404575635932,87.12514281337558,-0.009976224360792704
0.016050353109067203,2.0307574308475393,87.85295200300794,-0.00794107610037053
0.01581269394801135,2.037547193895999,87.26849720480162,-0.006817590246911968
0.016080683628047755,2.0524238604026115,84.37086322058828,-0.006183749258958956
0.016467138017963595,2.0027953039641964,87.36242581223289,-0.01062074342318002
0.016204066263353457,2.003355856066632,86.49770534184245,-0.0013240479728774384
0.01630028983375681,2.006686728256032,88.19369968174746,-0.0028754691097876333
0.015612271848203933,2.006815518115295,88.34825199357371,-0.020719407856719108
0.016224256743568647,2.0027729556466523,84.80719691162057,-0.005887963004998034
0.016104052193563083,2.0193715045788125,85.19934850425685,-0.005006175524810145
0.015958383564013703,2.0215302541629168,89.92809724501853,-0.0018050452801122228
0.015871398047648266,2.014218155857571,86.77509894890707,-0.012204812881088338
0.015812262089296255,2.013602204933946,87.7788201848256,-0.00540251025715631
0.016128480790319522,2.0099042980129913,88.90260333852189,-0.008143964686829533
0.015345927565079317,2.0684356388472676,88.33879332716408,-0.005925135921779509
0.01613725774148374,2.0156101323988143,86.9127403638214,-0.012205236403163238
0.015518157172032726,2.000596427928449,89.00008496498808,-0.00471045740513246
0.015692560483967628,2.055547446138209,88.75925443880215,-0.007690631158815387
0.01621741849146167,2.020966872546306,89.5684031989483,-0.0094978561996544
0.015836249950404457,2.018274987484757,87.96823674168375,-0.006086468963479832
0.015689499057329036,2.0107260914656213,85.66740966943375,-0.011614119018200215
0.01566063197277273,2.0023858522546196,87.17545570543018,-0.004305554401168003
0.016018944877075465,2.0072277147096895,86.08394132117023,-0.0020200936036857634
0.01551620196469819,2.0086359088293757,89.93726140578379,-0.00038760154985172665
0.015568567363324078,2.0192300809930317,88.52128184330131,0.0008405186864702836
0.015892830100278248,2.0055946409488663,89.85490018373429,-0.0073307147655361235
0.01564890786937678,2.0270836246933417,88.53913994822844,-0.00998683670442468
0.016668174019048472,2.0233301942222512,88.39841586082213,-0.007587119748080318
0.01578505924199397,2.014230864929197,85.33978796238092,-0.005998687420075987
0.0154356005227176,2.0326157464240953,88.31281474391771,-0.008207891387987167
0.015943135292676935,2.0123369624513883,88.5103962987033,-0.006005981592613007
0.01608451610567729,2.0210216731919486,86.14416428959242,-0.007402362679740239
0.016048486889727345,2.0426387087391165,85.8149222737919,-0.009143130572605988
0.016131331903017642,2.0624983229186733,87.18340881861587,-0.00421215818319314
0.01567209914144398,2.0521355773194263,86.9835188518617,-0.0077703337583285795
0.01598630847037003,2.0319615930551977,86.52131235253886,-0.00437415310654903
0.01633024640121174,2.0046901414109124,88.03586651623671,-0.011283119005140771
0.015788721990140274,2.0039285862490774,87.95949728380798,-0.007718906643807113
0.01613525298018451,2.0146205393541723,88.65990677064761,-0.004206525083779431
0.015636402666699113,2.008345737557489,88.19561076932355,-0.015932142804882355
0.01636885465741787,2.002226592402516,83.59755790932945,-0.007332382421838933
0.016371514848519193,2.013196499898009,84.8787906737066,-0.0056451257063212116
0.016073840259562593,2.0207320388350904,87.85046452757707,-0.0067910519717435435
0.015883288817098055,2.0139034648008565,84.64734706950907,-0.016183528489589684
0.015304124527926344,2.0004093709469486,88.8652120485998,-0.0027945141443165636
0.01629079195797208,2.002317687245816,87.91295371762514,-0.007055076308141431
0.015591957260028246,2.0417583093134533,87.76730949607233,-0.008099824706214637
0.01657153404846811,2.0044671850561455,86.5475460183615,-0.008398959411563083
0.015711072612105303,2.0031274214908716,88.5841579458548,-0.006785499225721707
0.015902128995658574,2.036405132545115,88.8668406101484,-0.005869986033908844
0.016073837067577704,2.028118570812499,88.21365462731242,-0.0162600517621189
0.016009465435729505,2.018308574842403,89.4366423857736,-0.004363074550486836
0.015562530716758512,2.0149130844389016,84.92598907647363,-0.010829326523320734
0.01593274874806666,2.0057104921845914,86.73545783639965,-0.004586105898585772
0.01645446509839759,2.0008755197534076,85.75633006083328,-0.002448360307514527
0.015844610240062718,2.0122505030255926,89.69141398790661,-0.0075927085932108295
0.01611927173257444,2.0027989193211053,87.7272931940126,-0.004474651688672502
0.015916478826384865,2.0059008708377215,89.14777945161347,-0.006334880427149691
0.015529944118262796,2.0140861055632993,87.5896347430409,-0.01157176670050365
0.01678134971331163,2.0001968099773233,87.98531195935959,-0.011888543631456753
0.01572181423042082,2.0048951854848625,83.609099139408,-0.004402914099507308
0.015337288263197087,2.048842575283819,88.76188504268775,-0.00738593698145589
0.015953307702518613,2.0115644252016622,88.91326336925354,-0.0004661473680871329
0.016003099276673476,2.0134336140445313,85.34670329980453,-0.008442208625807189
0.015925406644364096,2.0490336198250176,86.17213042824118,-0.00810574576234089
0.01584619695699143,2.0495671396345614,86.33476775628651,-0.00397812399167544
0.015568377583692233,2.0467468106973414,87.89676881751423,-0.005941467469449676
0.0157955527595702,2.0107129470381166,87.33149692666677,-0.011887866061567038
0.01623164298725252,2.0026003421549654,89.05847776312226,-0.01496996572193448
0.015751255259415238,2.0041748880505783,88.6339816196416,-0.007860187594651805
0.016085238642195895,2.025272941898384,89.65306282757342,-0.0036459115354201092
0.015585356904419456,2.0100802407888305,88.38163420927077,-0.015955730635209234
0.015990069557167332,2.0105319872371217,86.07010917137318,-0.0067442313066614235
0.01627845440948766,2.0003576440620403,86.32481646503341,-0.002524448644888753
0.016168936971120748,2.0386320566030616,87.59355471303215,-0.005695840834055464
0.015841773419584662,2.0243663062831216,84.82054540096934,-0.015142363150536669
0.015503229308120361,2.0003702782398,88.68614315093976,-0.0036437945337145635
0.01588537752237945,2.0019703994237465,86.53200516441203,-0.003185832511713097
0.015155787937457331,2.0569623837274538,87.33751992614603,-0.010550831540810896
0.01609934831086389,2.000253234813834,88.15001150914055,-0.006186536994665202
0.015559500618947354,2.002060300444473,89.00642129378772,-0.0048038865548738815
0.016318827452595008,2.1117261116776227,88.67680041916802,-0.004921953471782729
0.01598954020632156,2.012883760759782,87.55704934319506,-0.010002511139561921
0.01601349944194478,2.027279334616888,89.86042655105585,-0.003338261712565906
0.015949362394688443,2.01092445970401,87.22127049780042,-0.017573732131805807
0.016219049829468146,2.010344377918302,84.83143361195097,-0.006573510906437316
0.01600628377748812,2.015032023594651,85.9563279266064,-0.0008302242139637773
0.01581056068411332,2.0177150035579667,89.816555714057,-0.0077840408779685545
0.016573252911279715,2.00130481775599,86.52180283901757,-0.0058689998438648085
0.016314410175478956,2.00787724445263,89.72095812662276,-0.009635999456660785
0.015850691261132876,2.0167194215175486,86.53108152164916,-0.01505890310150446
0.016393819304517266,2.0018756295577615,87.2939320548019,-0.011464834612487925
0.015721964854157514,2.0048107264198824,83.56892531294821,-0.004318996808119999
0.015145290461187795,2.061139657591515,88.43426951546714,-0.00807167986075586
0.01582897478042385,2.0086863559277566,88.85891755121246,-0.0011325957448012109
0.01585713978216662,2.0025044417612268,85.37183409172651,-0.0071176124079873875
0.01577813979862656,2.0538828094631323,87.82211206097861,-0.008585621304170985
0.016260490535633967,2.05177203052775,85.06455775703476,-0.006568015329777359
0.015492373328921718,2.020902896295415,88.29093894053618,-0.010003537895295869
0.015851111783712776,2.0093294704837263,86.61003613744683,-0.01744376869830563
0.016243462349005432,2.010469903375505,88.719870700358,-0.014052994117152072
0.01560206529467656,2.0062752063242564,88.92836374374912,-0.009395645863554163
0.015756822809943,2.0178990921295457,88.900988576982,-0.005516497940686885
0.01563266644891434,2.0136603383504244,88.38439551834219,-0.01394729432723427
0.015813328160118992,2.006979987302568,87.17211340404859,-0.005495627007053586
0.015916611540982856,2.0013740007857512,87.43181072973582,-0.0024426686141842515
0.016239834180893677,2.043150947948724,88.71272907207624,-0.005215555229445425
0.016580379932194314,2.014323350079748,84.78948447965254,-0.017198965812989856
0.015610879487367502,2.00252309561345,88.28349852447938,-0.006367647646899766
0.015876102212576206,2.000253148823195,86.18295428662618,-0.00318344820911371
0.01537319785452539,2.0523351614427816,85.36355682419105,-0.009198540641510737
0.0160970549825413,2.0008053890366893,88.0951758735907,-0.006520366600599121
0.015427580298709847,2.002671914132867,88.73795913946532,-0.004811307393700434
0.015982574081321796,2.023114402777816,85.27875608737841,-0.008777679643991823
0.01613280304789982,2.0096932437115886,88.67379316751612,-0.010704091927855432
0.016066743230948012,2.010058713293335,88.65538318842931,-0.006904233107849848
0.015542756668926216,2.0026199365053987,89.97623612584677,-0.01263320324704158
0.01581072210248239,2.0068791699867354,86.17140261219895,-0.0029385909775236467
0.015918819020604914,2.025365613183669,86.8749004007401,0.0019144024674594348
0.01581091470635569,2.0176206834358372,89.79692883388819,-0.0077591907993838595
0.016606030975258056,2.0024234320625114,86.26331512254414,-0.006292558813390631
0.016386895086514513,2.008793030572738,88.45908049483914,-0.010148397269510149
0.016152748511381477,2.025348668011233,85.44806695882926,-0.014232028518279994
0.016056904456492826,2.001790272774925,87.4635653483478,-0.008309314848310982
0.016028347433157557,2.001107264815208,82.59339863859067,-0.00950892583758295
0.015448591388501258,2.0528744349587855,88.13963183636258,-0.007331473406612519
0.015805938219176165,2.0048148819050438,88.8756146179082,-0.0020855704217805386
0.01585695087278401,2.0002500973559654,83.91197573367754,-0.009161308619228955
0.015883180271603427,2.0275812123146197,86.9896554479112,-0.006824842334312143
0.01606253120028239,2.03019448368033,86.56685844375396,-0.009084230209745494
0.015347901495737453,2.0334706691945907,89.12643583350557,-0.005842051810258731
0.016322380025244405,2.0111751318411177,86.7184433302721,-0.017040587151894247
0.016216722957478343,2.0086846177600663,88.3563981555055,-0.015143742794100539
0.015507457590634044,2.0037025111443962,89.10285623862947,-0.006593674860889773
0.016171919107047773,2.0049637483378246,87.7338792260947,-0.011079312689595468
0.015644911121471473,2.0079395292267344,89.71023054539187,-0.004764080708021741
0.015728477068392484,2.007563205486948,87.2341755429999,-0.009748211646994274
0.016137871733908887,2.0129874812754744,86.79229687320337,-0.0038750634844596683
0.016363714479127923,2.040934559206405,88.92373875646966,-0.005568066500523016
0.015934802941542522,2.008123824413536,86.26454201173041,-0.007350029303065151
0.015764514293929475,2.0003751783392247,87.73132023353811,-0.0033979803167684484
0.0157222009919169,2.0013939532695817,88.50285610809486,-0.001554991599131971
0.015278372775838198,2.017173857906581,86.90846403698288,-0.004637193217628111
0.016070697282058573,2.000734793703119,88.10868844914994,-0.005654335570155393
0.015393567158916259,2.003962622280973,88.85252224822085,-0.010423340223793726
0.016065972944315842,2.0035596377556866,87.41018866847705,-0.004674007385185462
0.01585733488280856,2.008412620822523,88.67235811485013,-0.006753541357994088
0.016072012698038877,2.007620864765741,88.22124353290674,-0.0034889175944363
0.01572342808276043,2.004791157270464,89.30367704565707,-0.01854356407301587
0.015542128446625997,2.0158008883166327,85.25453766396238,-0.005604582482643235
0.015805977035907613,2.0274501928578768,85.55611263047817,-0.0025320185934398715
0.015708260078401422,2.0193434395363137,89.95881507097543,-0.0071151778150523246
0.016687242332079782,2.000641966485446,85.99725881569523,-0.004510045260646075
0.01633162065434128,2.0107141187202164,87.94167105797028,-0.012669108205867738
0.015824833023906987,2.0094410135102887,83.6685513445628,-0.016472023395105933
0.016080001340448746,2.0026301810490645,88.6803384134744,-0.007738212319232112
0.01599646894045068,2.0026782259886655,83.44759846501692,-0.009665163121557938
0.015670016670591414,2.0394044249812815,88.9915945948683,-0.009108177494595327
0.01616609435708089,2.002990433453012,88.14938531798799,-0.006967215225655559
0.01603675929954987,2.001405374314897,83.57167642315957,-0.008391688554629968
0.016134444405329768,2.0289604119921947,84.49147575752554,-0.008790034258041667
0.016168535479152174,2.0374709377680618,86.35252876439267,-0.007683848559655758
0.01548476029495607,2.0318231893578718,88.54094951740757,-0.007197038116120795
0.01600967540917561,2.02118100970116,88.42330494049418,-0.015287493405228454
0.016138022712072504,2.0097040531257737,88.39347180913917,-0.014654343099422987
0.015377490358021363,2.0047364521624114,89.45985317673109,-0.010367928896436271
0.01620028084846603,2.0035271118595674,88.21118299792602,-0.011865997308755314
0.01578080224303818,2.007930669437632,89.1283422648647,-0.008713745487597803
0.015857767486218293,2.0037671628893894,84.9949735449386,-0.014290371574682258
0.01634918796136342,2.018864308409063,88.01302064643023,-0.0016425784811611322
0.016022145595976846,2.025741384867361,88.84948918941461,-0.007985618358397993
0.015998275547961707,2.0080354523664012,87.69104911110496,-0.0061242319021615095
0.016007872293828374,2.0051628619643864,87.63373373430615,-0.008477198518431255
0.015710823850718276,2.0024149337795842,88.4384464001307,-0.0024393985988524296
0.015469952513093247,2.0029345832229013,85.67438813907584,-0.0016768442903927552
0.015658440688091736,2.0008713991621287,88.85503183441445,-0.006667070629170055
0.015140244406704015,2.0086777866242307,88.32434493379155,-0.014139541378757805
0.015599565316019458,2.0167584263885954,86.28722969741358,-0.006330716641446315
0.0158506713167777,2.009638442824965,89.08230956614032,-0.007631623120402762
0.01626964980832697,2.0063508811138875,88.01901064114006,0.001417667875611997
0.01593925674728486,2.00873702911665,88.72011174139104,-0.016194883970056164
0.015409712390298244,2.0151124852193347,83.96294882763527,-0.0037634483477666297
0.015815129399005756,2.028365542940749,85.55862808424523,-0.005026957143148097
0.015859836009434077,2.014582633313404,89.12328351798483,-0.007631681247589805
0.016568444414398614,2.0040449266963543,87.09013976175733,-0.004834688592393205
0.016247070857442977,2.0022149653000945,86.05103404886327,-0.01055188444297982
0.01592772114965805,2.007896382673443,88.47753568157482,-0.009393054856941512
0.016053290230622064,2.0025437404834543,89.7456025966167,-0.00905172822801577
0.01571721553028388,2.0008476322077025,83.57607425330566,-0.011033583960151899
0.015976003619617617,2.026365149948704,89.8888150246489,-0.009541594914661979
0.016218284732003,2.0022260990275726,88.89723687863618,-0.005671692227605252
0.01600971250052777,2.0025373678069176,87.41786176932034,-0.007792551064764324
0.016125784864615633,2.029397152548761,85.00636961036801,-0.008762391991684377
0.016036185851561607,2.013603733494594,84.71724870695029,-0.006218578133437817
0.015114240833707746,2.0634403471208236,88.17595015049638,-0.007809717933843555
0.01607133795953108,2.0300468530164064,89.08639367284795,-0.016701296108160513
0.016172084516897955,2.0105224990283825,88.73438852070218,-0.01511061154443923
0.01539780003672318,2.0051251692364116,89.70982678190985,-0.010340117226067968
0.01635279319066319,2.0046246651565562,89.4681827608586,-0.012697062295673089
0.015874741000562596,2.0022250550655514,89.08380008188608,-0.0011795735641199016
0.016083172386292234,2.0033159268627823,84.61660172488058,-0.010199836372157992
0.016168165083645134,2.030337524980583,87.59210488915377,-0.0022664027727923386
0.015997771053023177,2.0303795824400375,88.97515278835033,-0.010590291381630694
0.01602571868211001,2.0111271144633767,87.56842241683877,0.0008165241910827147
0.016701463006662056,2.006924703951118,89.80950312274744,-0.009713333685912363
0.015719265824055417,2.013412453345946,86.86547171957373,-0.002178207971502892
0.015597884816072546,2.007552281517245,83.81631297280984,-0.006204273871066321
0.015834566922501087,2.0094040571376106,89.9935444426663,-0.006616684498598434
0.015302502225944538,2.0107005378495,89.00652259928448,-0.01120553358262871
0.015719367101554624,2.0026112164093206,83.53504182151397,-0.006040740952734746
0.015451402588875536,2.0076200638077495,89.77845936255251,-0.007679571616104457
0.016264436687790724,2.002240568904498,88.54284057164195,0.003463592802070224
0.015833104175111374,2.0078140446163477,87.99393749059662,-0.015495480241692557
0.015974134620369767,2.0091014982082065,87.7000464764293,-0.006840249405004948
0.015921612807273857,2.0641499763773696,88.20324652739828,-0.00947841019901477
0.015142165211308307,2.0314912580883986,88.66262602478328,-0.004739664425145951
0.016234833135578268,2.009214790208495,87.90505257363651,-0.011952633557789435
0.015852993799744485,2.00253416537513,86.407351216285,-0.011871835882841303
0.016075459394733444,2.006773509624217,88.27170396691223,-0.013883578913888268
0.016186334255559764,2.000659658500114,88.54214653755909,-0.008310008393290184
0.016216807985063968,2.0047947757999904,86.75554757554227,-0.008642751913603622
0.016180915604681427,2.0147560705374534,89.81076044221045,-0.01156000733930016
0.016353494294416206,2.00325314150619,89.55841220580044,-0.005493967041139623
0.015592658392873939,2.020431598706504,89.39413726911185,-0.00620712173349288
0.016456264587886543,2.0195067652371907,87.21359344655649,-0.006456186088706731
0.016016571300541734,2.014292561500835,87.74304498930249,-0.005183682732373587
0.016136128116798,2.033968517900914,87.87833329683878,-0.0049035486969086295
0.016184263212552775,2.0294951213381323,88.24785686901019,-0.012149004675917412
0.016012306721187877,2.011015424102034,87.33027745119263,-0.0057016932772858625
0.0156003490044824,2.0015786873681645,88.50240416179554,-0.012418646708369896
0.0163938825103793,2.002379482582679,89.45426781619095,-0.013052328266099568
0.016162199161509596,2.001806336544889,88.26851446777135,-0.00664323845359016
0.0165615685113318,2.0174354960378227,88.77231067827763,-0.013439990410992935
0.01623760459023939,2.020728791075319,88.80976931232559,-0.0067427995871878945
0.016419608403679675,2.018505897870252,88.62349063173157,-0.00967821175883532
0.016384600073208445,2.0109210575324723,87.10246706090874,-0.005200881931077855
0.01632614134189034,2.0067296283809677,88.79502983017946,-0.005286025509918581
0.01586593603784799,2.0118330828013034,87.58986574879745,-0.003772765269273254
0.015649140411249457,2.010830281221227,85.20332377999148,-0.006992527915368146
0.01594169331842034,2.007664873653503,89.63584999746526,-0.0031845253808931787
0.015487888186555557,2.006436870008047,88.60675710158486,-0.010743481507358555
0.015813995681310814,2.0049746447894767,84.87874440013093,-0.00617185661945272
0.015554006577444176,2.007693604963585,88.92322769720002,-0.00775483971466359
0.016402990238920143,2.007105836931183,88.12891361803999,-0.0027537215543651265
0.01589300615354376,2.0058651163035592,88.61336443927475,-0.011455620478398454
0.01619237581072302,2.0121750165827557,85.08204662688156,-0.0024445872829777487
0.015558316068551684,2.0510525510710576,89.32918484178637,-0.011451557152801104
0.015622544328272276,2.01195858826592,88.78815671387282,-0.00645425801411962
0.01684176120364625,2.008901201797798,86.95939069427413,-0.01673232693561224
0.015961330616700197,2.0026828671247268,86.13926110057879,-0.009706601027422986
0.015785272931088855,2.000588239125785,87.41630232353306,-0.01895331407424553
0.0161005855310875,2.0048662886443487,88.63959894200613,-0.006848326136616981
0.016060386287877038,2.0034494176858213,86.01852236056621,-0.014599552711083437
0.01597138067592143,2.0110630608692337,89.9413458831062,-0.011689141620602838
0.01625104101126801,2.004277250394721,89.45818252861604,-0.006248263124025457
0.015358535495934493,2.0226579202931942,89.73965913526855,-0.003136703099530007
0.01665161184162785,2.01167686075623,87.43590006722108,-0.010221672551997232
0.01597022985127797,2.0158518798080296,88.71250664357295,-0.0025781877772609544
0.016547440462816834,2.0627839669764,86.29619715968889,-0.004584695024630764
0.016733277184082292,2.034857657018967,87.58097406153996,-0.01514691922510298
0.01611525315937857,2.0194783606658793,85.91475201349863,-0.002760804860887637
0.015509426670903872,2.0039418079399205,88.5063978038465,-0.01086807176022325
0.01642678759531033,2.000032035069214,89.06931216743492,-0.01311050102159065
0.01613898281580408,2.000039453793369,88.3233018750635,-0.005929248901194593
0.01626305019401762,2.0379782361292627,89.62185501182908,-0.013627928055806206
0.01598213011687706,2.016216614535777,88.91208734679725,-0.0059172655365201336
0.016164504676668984,2.0187772125214454,89.50753105090878,-0.005416722135756092
0.01617338900849092,2.019949264887954,87.41395475077273,-0.003139464245838273
0.016147189654843942,2.003819027074606,89.00466884843307,-0.006954592607382277
0.01596233111899793,2.011962420570597,87.44350953868441,-0.005003771140185282
0.015711676360293178,2.015200436474232,87.15910097854324,-0.007131236414027617
0.015949338559175515,2.010173615902168,89.55422802607882,-0.0012128269455690746
0.015689598380127293,2.0053326962324483,88.1455798325748,-0.012629968874113688
0.015833093598553328,2.00255218533394,84.1609731377588,-0.006246400508943892
0.015586068760217968,2.0006915942397043,88.93216519508188,-0.010274590934148146
0.016568225328395542,2.0065759925391586,87.8181151225601,-0.004366063015784043
0.01577312601149889,2.0029374463384078,89.10140492627845,-0.01333945121099625
0.0158287335545667,2.0059684332380923,85.11013793750972,-0.0023157074427475706
0.01642135706808198,2.05626956344492,88.1153013198204,-0.007431748792762907
0.01557065723148284,2.030975244086297,89.65730236455147,-0.00469208012784972
0.01623278892090215,2.0160426560392666,87.37817149341694,-0.011775396319236329
0.01608273836771512,2.0001534193703057,84.93010042276244,-0.005504761116830714
0.01587236644064851,2.003084475917179,86.99886959842932,-0.012167518000905224
0.016287538654957526,2.0046011569222246,89.14945411293203,-0.007751194208770785
0.0165498852997365,2.008966490633364,88.32939875859712,-0.011086704703467079
0.01598716150030414,2.010376783768184,89.93342648389249,-0.011763877807277636
0.016188077748810932,2.028750715661184,89.64434450629369,-0.014165524631864277
0.015621209938940556,2.0184821306752623,89.50353051288546,-0.007087755072422524
0.01665802721629916,2.0167056248497737,88.78362471013203,-0.00568798725898805
0.015795889939497005,2.0031289141986175,86.58030745656035,-0.0063951825749748
0.016605412375645282,2.065549241988431,86.19309686963788,-0.004353191129411263
0.016564015017489633,2.01107624373421,87.66977550564462,-0.014288775174196595
0.01614622388078254,2.023231444236762,86.40113998499457,-0.0036186136434910405
0.01524179749904488,2.0016746231658904,89.55027554631205,-0.011541629412873794
0.01642678759531033,2.000032035069214,89.06931216743492,-0.01311050102159065
0.016026183797795482,2.000650261318564,87.52821461151593,-0.006304021355025825
0.016244188981845837,2.0197539537008233,89.72535996029666,-0.011288822308972185
0.015952493987412088,2.018036555641034,87.22116771515194,-0.0018211982182427255
0.016589340429727855,2.0000926953283598,89.28960814159163,-0.00028573628944596197
0.01629656851624498,2.0026162698722283,86.69596981650386,-0.0038087114302476723
0.015612483860594977,2.0072985820446303,87.15922577289241,-0.0024832589288137884
0.015724578499759216,2.0059516097279637,87.40468583795314,-0.0018417655442162831
0.015880662753088668,2.0203867530996367,87.15622756248402,-0.0068610456303444
0.015973747505110315,2.0080831068044973,89.11586865958782,-0.0024081951023075514
0.015533078791642407,2.0063334718100716,87.16828069725355,-0.01545548599860599
0.01576284587883614,2.0026882233201264,86.23039908106018,-0.00884569432101108
0.015513444365585525,2.0026453997877183,87.54271028710315,-0.0039001509188628354
0.016378223313167482,2.00100554581712,85.40930515325333,-0.007358896318517018
0.016334764268305112,2.004235078053713,87.99431018678088,-0.01451050267603787
0.016010780882730766,2.000652434953934,86.43600725674996,-0.0029288398414385186
0.01597145761959644,2.0328274387128955,88.42575526044972,-0.006736324453954414
0.015858621744477597,2.01436768186155,89.09435191803333,-0.003978783601173019
0.016013638580490003,2.001945669788237,86.38469174839823,-0.01244740411628467
0.016153596483284998,2.003641079836361,86.45522029102702,-0.006501324105026404
0.016011052973424707,2.001222709476626,85.98443196435788,-0.011181585518501631
0.016268053957421782,2.003272154221126,89.59449647777262,-0.00844821056005457
0.01635946622906569,2.0057499333600433,85.87664656669135,0.0005536733807980851
0.01598716150030414,2.010376783768184,89.93342648389249,-0.011763877807277636
0.01620951239707572,2.0381036598418514,89.92306234858302,-0.01760126577125668
0.015718627004384016,2.0316604537827696,89.18533567496452,-0.0026729656857102627
0.016355284873349925,2.0260354076604763,87.27123868137848,-0.010552605801050783
0.01609253304126624,2.0047052226234903,88.41300566666352,-0.004226890743864574
0.016113417522983026,2.0461549852427763,87.59850155025794,-0.009243602553974278
0.01699974791513383,2.0018342451859534,86.76307641940043,-0.01398588886940104
0.016207420315196643,2.0161578483202023,88.73539613619428,-0.0073428633479076955
0.015529885210471795,2.0041718903288355,89.17986923516659,-0.01078966787784364
0.015907778679124115,2.0090792982225403,89.70334344485747,-0.015187467313696077
0.016103240136160685,2.0004116977918653,88.34471136359308,-0.0050488414974893675
0.016407031118012193,2.0185461421089577,89.909495951179,-0.010423449251098556
0.016107918819347943,2.0115499472802756,87.53980250870364,-0.0057747780694048225
0.016404940869810782,2.01716750328998,89.09705807922347,-0.003935250897728239
0.016338860842705794,2.006286992177947,86.23410348709893,-0.006110031015965485
0.015447107543838906,2.0035924077437977,86.753292091694,-0.002141850004737271
0.015636879115340084,2.010223786096866,87.01305516513214,-0.00165396280607862
0.016303412143781493,2.027240322594007,82.78929784980905,-0.009664488887956936
0.015822212342386878,2.004568593503753,89.0134663126462,-0.003157045210771821
0.015592751344319547,2.0123537280308663,88.57094108046108,-0.012435519626483467
0.015477065483962915,2.0028069530106505,86.25423675206643,-0.007708926055615664
0.01559841731553475,2.0017084220117622,87.56329054776894,-0.0023482770971100216
0.016478675614939438,2.004963685175368,84.6808974255078,-0.0061541061809438375
0.01591359291586664,2.0081360123961027,88.8790257681617,-0.01966209572861337
0.016093778042098054,2.001242051679887,86.81756171927752,-0.0053553662716662905
0.0157108362544959,2.0305740577382494,89.70888012354301,-0.001684068045617963
0.015988978208005974,2.0131127301630842,89.42714995951806,-0.004349145482346588
0.016203024757312976,2.002222698267949,87.03228040807247,-0.022798653002546274
0.016178665479802373,2.0032080321447667,85.18930817620863,-0.005061772863042714
0.016106433015071156,2.005156817534024,86.70340136984657,-0.00964234404645918
0.016771254222386775,2.0061517708465875,89.22571904117785,-0.005209418423155217
0.01632685728811022,2.014960423312467,87.15280069436908,-0.006967999324514784
0.01611067842535762,2.00320321908829,89.29730405607256,-0.0032528089832223536
0.0162769177491438,2.0371549375424465,89.68715041737914,-0.01387652440628802
0.015517632755212766,2.0274313824880585,88.94082122289525,-0.0038374018222612624
0.015841680611185117,2.0266013180644493,87.74783925620089,-0.014820270355505425
0.01565506536417604,2.0059244239849394,85.42878895819675,-0.002971647234260939
0.016325224131504244,2.0547194531014505,88.75483451428015,-0.009042910880046388
0.016032412250807187,2.002467586695229,86.92078054387802,-0.009804513608011316
0.016287028978612925,2.0147881267771073,88.12039568249446,-0.005877312398332765
0.015709775875224957,2.0032229873478617,88.39313213188757,-0.01064690668741975
0.01596357157313965,2.0076636300390813,89.1933143958815,-0.013472611510368299
0.016073011904218726,2.0045753922456684,87.890263262137,-0.006937198878941623
0.01607982697852437,2.0110585604398845,88.58715205267896,-0.008187096787383927
0.01580719962047816,2.019980848152069,84.9979173867093,-0.0035129854280488556
0.01647590437469402,2.0190044612004785,88.8052773698918,-0.003827552350825918
0.016156179506491467,2.014721101968561,86.88427973627671,-0.0076381156689792964
0.01568980904801784,2.0028849784293947,86.47633524082215,-0.0038852636908730193
0.01584193646122985,2.015209805151906,86.18604080417016,-0.006177513434149863
0.016194608226489465,2.00964843933423,87.63531124104979,-0.0064796759063262795
0.015814721789561077,2.0046123046086777,89.51963589350267,-0.0016786253624337891
0.01522123112886641,2.0200318907863117,87.87757972198378,-0.017195403948474203
0.015553343523633592,2.002172579606032,87.203870702738,-0.008122991295141654
0.015691958259251487,2.0054406143300265,86.48527313728376,-0.003434692840555522
0.016538016552952978,2.0222600116769827,85.71406441012945,-0.0073893565234054315
0.015952051937113104,2.007268653535053,89.258243279757,-0.016990612385999148
0.015771378108399323,2.0053809241968725,86.10497339232671,-0.008166980077120294
0.015534184057916709,2.0002866999745224,89.293593384346,7.25210271888977e-05
0.016252419815021162,2.047935612855086,89.25161091196009,-0.009932375677861548
0.01624685267719327,2.004742601759293,86.86569536446274,-0.0247282428110985
0.016469311387521238,2.0000882617685387,84.5069054071669,-0.0011449833720189656
0.015941104249143405,2.0087514642866506,87.73744952124028,-0.006655514298362526
0.016393354452673495,2.0057488579035168,89.31354630454045,-0.0035998005665512905
0.01597077626800307,2.0099474047445027,87.49097045792627,0.0003382158087976701
0.016155749401274875,2.0018926864965154,89.86415158500695,-0.001445460542975282
0.016042545503259616,2.025029717844078,88.3541186735405,-0.007183623936632126
0.015680342501869445,2.013312128496133,89.35094198635835,-0.0007984047016383606
0.015933791892185602,2.018734331248405,86.99161597128975,-0.011673206196983772
0.015740357022908606,2.0033308125727367,86.37337731590026,-0.0035707728988007515
0.01610051992334726,2.0497543243960874,88.22413511897965,-0.009263764331088728
0.015990426220155167,2.0014456991939844,86.27527777726753,-0.011859454034330029
0.01682714624935391,2.0376537468329494,89.72075295878663,-0.0029282581142684614
0.01566079979928046,2.0009962018248073,89.0097472546292,-0.011423749099096367
0.015898592790520395,2.0064119434411722,89.23882057575655,-0.011882284289675398
0.016410755579136002,2.0006264972503565,89.72709762923702,-0.009965800495776037
0.015817995721623776,2.0076068723839806,87.52734015506653,-0.007496390082258721
0.01535380874723426,2.026223259438071,82.98970375713392,0.0018385223098637132
0.016593788594290237,2.0072654589433747,89.16061384179524,-0.001239638620606551
0.015972607297190793,2.019738507572932,84.24958547284753,-0.007744586067355723
0.01564649368357389,2.0007060863001773,87.80356061298274,-0.003755247031540355
0.015586001756545436,2.021612525237405,85.36725884047699,-0.0077684004624704985
0.016202462431895413,2.012991771890601,88.6161050971699,-0.009766925300595052
0.015940479702090764,2.0158156138990355,89.97266201524856,-0.003134161160391802
0.015662528798558506,2.012887510532223,88.27750204270461,-0.011174485220946469
0.015480243453966548,2.0084197627122466,87.11954659671282,-0.009266703665955034
0.015855660758118544,2.0072539594153915,86.44795146107336,-0.0059932241291994134
0.01641289454596399,2.0028554851420557,84.98751011211634,-0.0043176952818054625
0.015912881916784114,2.005861454905237,88.92233222476861,-0.013352386327224493
0.01609249038917713,2.0011587712870575,86.69452989253858,-0.009028053977646243
0.015441790810300206,2.000529742907162,89.1586366967233,-0.0008724982077620352
0.016215149065194234,2.041361883908969,89.69889458277332,-0.008380247522158747
0.01644158368376518,2.0026921620438167,85.55796278222704,-0.013726646121261241
0.016095589908641374,2.002268706983784,87.33356688618342,-0.0021274585162655763
0.016139303771073227,2.030351628240953,87.43366914031576,-0.004070042360931502
0.01600839556055697,2.007372632443527,89.89887975752568,-0.003212274553582222
0.015934820944804137,2.0092898127124115,86.96068153937925,-0.0026753821474651057
0.016115365871832363,2.00290294592603,88.50780786103141,-0.006415784203508147
0.015921565604996926,2.03381412822346,89.28209220537926,-0.0009961766402322668
0.015696159020530846,2.0101318172551603,88.83744555798172,-0.002969890796057852
0.0159957692983276,2.020393744631948,87.40027694905856,-0.015152445274897964
0.01565108032078465,2.0006589190956605,86.77262443872394,-0.003035082742512709
0.015935038302838794,2.0166787257529255,87.2454494480638,-0.009387661739701257
0.016037297404043048,2.004652496502676,86.2700771522131,-0.014351599746172805
0.015950703577133987,2.0093081509973345,89.17619429617245,-0.0035110590488914555
0.01608012236984188,2.0055874465392867,88.2666417887249,-0.01367603862090698
0.016027476372567954,2.0073627177000892,89.15062762611544,-0.014773404270537454
0.01632036531998145,2.0016979944658084,89.21773803629169,-0.009117457782307405
0.01607187274966465,2.0003558332337996,87.22738573156208,-0.0022043318348017454
0.015476525791236186,2.024626258752434,83.53142699167569,0.0014908964957000754
0.015605681133347706,2.008346477303332,89.07987441877228,-0.005355719334053505
0.016387504379560113,2.016195508083019,86.1293714452926,-0.0055786304691363905
0.016093364276414637,2.0093048836504646,88.15680105284417,-0.004190551684158319
0.015877200773255544,2.0098352653104414,87.19020900651789,-0.007593954344272033
0.016132963364702557,2.025218868547256,88.69763204681298,-0.014518846372951016
0.015844828156939182,2.004110639235517,88.62979311224935,-0.0036665513380918467
0.015421387952554398,2.0152835631013897,88.3470605194821,-0.008294309338062144
0.015625015611845018,2.0028460129268795,87.42771456294511,-0.01069392228784827
0.01603409755009532,2.002884179574033,86.57866650311685,-0.0024814161871589014
0.016697129397836505,2.0052309172904588,86.14658449989511,-0.01100597520014623
0.015947159173249976,2.00648187681801,89.07730088947137,-0.015815427654733573
0.016163121280317855,2.001228203382781,86.323591494842,-0.012899413597243654
0.015441790810300206,2.000529742907162,89.1586366967233,-0.0008724982077620352
0.015670401659003932,2.0345649448503975,88.78626825601714,-0.005358130931996786
0.016315010502318872,2.007375962386738,86.49822995360977,-0.010737792950862414
0.015602385141606123,2.00340290983507,83.78876318432543,-0.004683222084435972
0.016167782624939016,2.029986959583959,87.13722220901461,-0.006561818413830323
0.016057924528906715,2.006534165872664,89.36437799289756,-0.0033413321055012248
0.016111955575410238,2.0032301722364187,88.20984264242888,-0.003473786039165588
0.016069901801170242,2.0099655234908336,87.15223049962736,-0.004709275059197436
0.01588962355028971,2.040437157832203,89.13924469500257,-0.0012997115004576404
0.015358806846279494,2.004983791064266,89.91399049063737,-0.00946746996739644
0.01650310193197975,2.0039191748961502,88.5211380866942,-0.005704288923897496
0.01585371253502744,2.002950011961362,86.94265923357788,-0.004767119112087003
0.01639623775292884,2.0131908933143543,88.1862478624709,-0.008230101170252031
0.016008790390710428,2.0053350879949714,86.68455214399864,-0.007989762344149857
0.015736450404789645,2.0057756368414226,89.20933563000135,-0.002591708604995296
0.015832755039624707,2.0149017881635283,88.13487053287632,-0.007859228225633324
0.016137325959202167,2.005060115972849,89.3792163161029,-0.015307235167291223
0.016274729250170882,2.010379256007254,85.90679878778737,-0.008148441474060613
0.015864165773711594,2.0024411004863683,87.10981909229352,-0.0037859885691329774
0.015686071809582286,2.0179890593971375,85.22987426785282,-0.0019597171754145498
0.01586427260969307,2.005927108884683,88.06421852505358,-0.006252328612668383
0.01631400173063489,2.013440715824292,86.19486713031529,-0.007918859808454595
0.015769332049225874,2.0106805989580923,89.9116139561058,-0.0009317554946798559
0.01624588494727979,2.0097857587059673,85.18629056629491,-0.008991961991868629
0.016480757777530455,2.027519560263706,87.31770875822369,-0.020753244353719946
0.015631449641115822,2.0047499243543987,89.62149096012146,-0.0052473879676587995
0.015807584326703844,2.0072875109474664,88.9767877754036,-0.007385169770615474
0.016370753135507808,2.0048543465986084,86.16396581701825,-0.01784148612277503
0.015886352200162036,2.0053372180559412,88.3250732648467,-0.00036379424967815377
0.01633116611938596,2.017761132812472,87.11024526248458,-0.007816910595080542
0.01602838013225852,2.0073340889980225,88.7142467553121,-0.013441161590264306
0.01646274784362101,2.0048604155500924,87.14515181088575,-0.015519563438461106
0.015520347434394321,2.0017104291504046,89.25527829425812,-0.0037405137485449734
0.01538180628046018,2.0218098574932144,89.00045088610749,-0.003758454864183496
0.015619241969972974,2.0094362934443493,87.50723812924448,-0.011966288993776084
0.0156985085928103,2.004962685520887,86.25018519829916,-0.00489700420684436
0.015933577422627715,2.031449440181896,88.11432344790404,-0.0015336427588298791
0.01618928240489837,2.005030432354445,89.50351637230001,-0.008864818636807876
0.016123883317752753,2.0030664090032295,88.19512105772844,-0.003376431621718559
0.015633020294196477,2.0137167379211482,87.9315407148399,0.002302283513196118
0.016090826385683932,2.0300663848719624,88.3074889955408,-0.00402085670733685
0.01542776013984419,2.0050333734719836,89.84136603599447,-0.009433916794212226
0.016422535164439412,2.0029168676519378,88.43351992681404,-0.004798391819203754
0.01594575495146063,2.0143859896510943,84.80097969421563,-0.004810708718399727
0.016532191471100913,2.0117380702538434,88.18313218601698,-0.009792392567763956
0.015968433930106305,2.002387557955798,85.75597240514885,-0.005079401079927602
0.015868323975818853,2.006083905391741,88.20726048743661,-0.005277515112277911
0.01624510074115984,2.0116037388481676,89.49790973038624,-0.011402699267692225
0.015576762259318878,2.0058789065936415,89.87071540827749,-0.01662128680356816
0.016225252574198518,2.010730525797968,86.64505910426617,-0.00785493199144863
0.01582592579983451,2.002895699313744,88.4323419072311,-0.007117210535512888
0.015761041124851518,2.0069849227385506,87.25875829330522,-0.005966977998304428
0.015938221489004176,2.0090735963201185,88.11575930672265,-0.004394304115988111
0.016424614408950607,2.0174873379225273,86.6154142198012,-0.006201913898174162
0.015271169969118127,2.0183143087747726,89.43193320299784,0.0053441579927051034
0.016234756972266003,2.01479766766501,85.81145925697014,-0.008818606142020017
0.016378215689674496,2.020092320752114,87.40334229909985,-0.020635708262179184
0.015627099647143778,2.0033796948053553,89.03866776281535,-0.0054080452897594805
0.015902555683250996,2.008873670877535,89.83183310131221,-0.007885638073347072
0.01630494967474049,2.0066403237842576,86.40372422131104,-0.015251747204563352
0.015921421121037328,2.0044307981503326,88.75272827740659,-0.004299760718172306
0.01645322493107934,2.0081356827514445,86.60773108672883,-0.007345877998335592
0.01584173778823729,2.0117778424400297,89.11863831533775,-0.010229469489423975
0.01656793120568597,2.003137804375093,86.66178546376048,-0.015037960832350405
0.015493117501614582,2.002983030317748,89.68403400018066,-0.0017226978448008482
0.015816386596801752,2.0105712698745535,86.6174735086493,-0.0063254902791648766
0.015856320114459352,2.0086195025687763,87.96374751563295,-0.01122913250392945
0.015885188318601598,2.0050649386184545,83.70233690952836,-0.0026110625321554546
0.015921358402177975,2.027965179870571,88.93940379578018,-0.005238219214847534
0.016210942267871686,2.0043479043035486,88.75153171444694,-0.009834986074604684
0.016195584257365784,2.004167345569,88.1038501452616,-0.007058575052856116
0.016012402556043855,2.011667334502242,88.38733911456002,-0.002764352673117312
0.016003559890923693,2.016166412168985,87.76510461907472,-0.005331836675411992
0.015952766219779882,2.0037080630880086,88.75852680079879,-0.012680117217352535
0.016547678854987813,2.0023177508387153,88.12309524473713,-0.005016427386187491
0.01605950543666941,2.0143595568398482,86.6772857108734,-0.0010655656733307966
0.016420590932701984,2.0221696316187505,88.928264927911,-0.004118147843525399
0.015844579392820305,2.0006815169262038,85.36430650283877,-0.0011565499800792918
0.015938488406357455,2.006864376822291,88.97662733333907,-0.006593783703630944
0.01632663059112925,2.013804794432541,88.33626299117506,-0.01104395295725401
0.015626580833772958,2.005741105592574,89.74183061710126,-0.01536733515985883
0.01595963717342444,2.008920001296666,89.08950913681035,-0.0039621935045024296
0.01579314596042772,2.0052898269660333,88.07129293871134,-0.008000817286004443
0.01588944362537428,2.007824510802047,85.53949646186364,-0.00734641291010092
0.016089390553148165,2.0008131047621642,89.04807589226344,-0.008351030240635007
0.016808441577477296,2.023963604296873,83.7285557704714,-0.004245717695871282
0.01588245106673327,2.012178506937441,88.2233104855169,-0.003402063754130074
0.016344097183456942,2.0173797706249075,81.17449852783282,-0.008994630178799552
0.01641988858826781,2.026557100917519,88.09300097476329,-0.02526480658880469
0.015377825721566618,2.0001314510580865,89.9300595457706,-0.009129350593789949
0.01621226983471132,2.010023898131719,88.64871321911943,-0.007661720145010941
0.01677791719745648,2.00977579172751,86.57583751940643,-0.013519817658837727
0.015993972322126633,2.005290951514987,87.9925811665232,-0.0030647819349099176
0.01650421832117661,2.00853499206407,84.74143043064744,-0.007126705293121993
0.015646200053448855,2.001455133766897,88.85126587790329,-0.014023720865500397
0.016038014937750797,2.0063965247866746,88.11631268638799,-0.012449327709653287
0.01576107070404051,2.002740292508927,88.66243867243136,-0.0011382623279132561
0.015140874207824572,2.0053714228893087,84.35596472010967,-0.007700395358227168
0.015596101786094245,2.024631619084032,87.06346802481248,-0.01206521755250295
0.015767661262698608,2.001664496105935,83.31619265557447,-0.003528212340637299
0.015963971764420878,2.0228853353522833,88.43110951701685,-0.004540178911317277
0.016047908606557644,2.007769437132184,89.45563697599009,-0.01604850965288584
0.01687157155956475,2.0047026335307927,84.57463490408742,-0.004419519853330057
0.015674600609816215,2.009539699984979,88.14358164551172,0.004020387918411207
0.016160808206427367,2.0103588873827087,86.11675076052994,-0.0070115735925833055
0.015934631459985235,2.0017492885892714,88.8365234876726,-0.017219980053058612
0.01665080264264608,2.0016321604393865,88.30923476792702,-0.003349224657668149
0.015921154420704724,2.0158180070495866,87.15603196759302,0.001614366631068699
0.016459244912941456,2.0162244407067735,88.84838618089603,-0.004399160572319416
0.01590209287027393,2.0035208003224056,86.64986703971587,-0.0027989268040903726
0.015696319932584423,2.0026623773381993,89.6596337967293,-0.005689275223869932
0.016206218372517678,2.007249935711532,88.72244673069628,-0.007096125101669716
0.015602100642009972,2.0051497967584795,89.90035704408322,-0.016869952297793978
0.016293281017885818,2.0095911132788595,87.61963476637597,-0.0009620221913209776
0.015453427668626321,2.0050627050056717,88.6529817242017,-0.003994170562322484
0.015967171543930982,2.0022434495404657,85.40305395222475,-0.01444590778166313
0.016143417994737553,2.0025206213066307,89.76036557200361,-0.00985848798313584
0.016264073874186408,2.013212943301926,85.95293567442639,-0.007291513047890201
0.016192346784878926,2.018350355174394,87.23258287988982,-0.0007957813193435227
0.01604871915623921,2.0144805134495787,85.6038003706787,-0.004464248298075145
0.016466961365672352,2.0212149872451284,88.7105246041425,-0.018102956072122048
0.015558579293725252,2.001387573413356,89.69102405634929,-0.009169375863175374
0.015852924738362372,2.008068508293539,88.6113228603903,-0.009370660686529395
0.01625138134468692,2.0060236856821594,85.92449625229135,-0.007610062910484648
0.015757419535832727,2.0052484283245433,89.17041589239516,-0.005458060339677556
0.01602988566266057,2.0033094103396887,86.69226244067988,-0.005436469545850987
0.0156251223882335,2.0011359545349325,88.84280322835383,-0.014515812266653851
0.01580531308246022,2.0049140004275405,88.16097609659417,-0.009469485724155433
0.015741999601152305,2.00110433388758,88.96521790564859,-0.0067659889969372555
0.015333435768939302,2.007817390842478,86.26103476946159,-0.007821314274010454
0.015795339782713216,2.0165409194577144,87.5101739351817,-0.007003926359442389
0.015894924543911518,2.0065350263802726,86.76288862376093,-0.0072302307098736475
0.01585785007117604,2.0274941804473965,89.95170436719627,0.001787719950654132
0.016019267859573454,2.0074117483645195,89.25640469170649,-0.014717515276394422
0.016573517537834426,2.004873476061424,85.6470113833357,-0.004680339917207068
0.015762137573750588,2.003649292146659,89.22365774206644,-0.0009413143367733509
0.015708228732671706,2.007460199775222,84.41491821046873,-0.007264368617392977
0.01569151753623537,2.00200258740499,89.39268967140943,-0.015458909430459586
0.01662223982002245,2.001603320602949,88.555552403803,-0.004411060461879758
0.016051505040669833,2.0130432960591245,86.98131459908645,-0.0037359866125811127
0.016629000634340214,2.022937809791111,89.59548655200302,-0.00472897431599455
0.016077678018989898,2.0037578688089526,87.06193059229342,-0.0061442126519153165
0.015682685567860993,2.0028914518158487,89.63214020080135,-0.006969682435708033
0.016326894910307956,2.0109339106076596,89.63122894935547,-0.009547469966768925
0.016019215402708627,2.01236334261937,88.9122371120678,-0.009680626376983498
0.016094399368498994,2.0059086673859903,87.90854795113026,-0.002406407807051961
0.014865334790832591,2.0011797162017646,89.57389646252608,0.0008587201546973178
0.016051822342778636,2.0041887329604466,84.75357552158107,-0.018245371414241082
0.016059925809306964,2.000876069506652,89.67517521149176,-0.00962086395590322
0.016055527925791516,2.0060768798293838,87.39096941433382,-0.00713811538371317
0.0158852251800353,2.0170294725857665,89.74975536818705,-0.008124844433186246
0.015677343480246554,2.0023470218421293,86.45767675531717,-0.010320491366872995
0.016370405373299427,2.023311939181907,89.16537641723619,-0.015397179449515973
0.015530740115798128,2.0009896837299115,89.86366063606967,-0.009135514218767673
0.01586405011015922,2.02148284126503,86.74319905249926,-0.015640448191754946
0.016096681318525007,2.0155153204398983,82.97530855125007,-0.0039632951129129216
0.015901368590162963,2.0081808139478934,89.36285910298338,-0.002826267349331956
0.016109294136891845,2.0012382848906323,85.86317578256373,-0.0058590201907301
0.01523375992598487,2.0006535173034323,88.9887232957676,-0.019066828138931326
0.015836223691012837,2.000527116016147,87.51704588336892,-0.013035386597876055
0.015949403649195674,2.0032810017085976,89.40859666325437,-0.0024999218769457135
0.015216962095172993,2.0086860332776317,85.77195668634268,-0.006033418228385972
0.015534481605883417,2.016145340590066,87.6953003741254,-0.007068164181254444
0.01576861054551513,2.003947881823188,88.25703001453131,-0.010016022070812852
0.015792588640336034,2.0203145522611514,89.50916528711622,-0.004024125927462377
0.01588910400274534,2.0014530317790844,89.54024133963674,-0.013817037024231458
0.016257656316950624,2.0108056375570835,85.40641107122384,-0.006183412263821154
0.01597872395724206,2.006378971626761,88.33526092388352,-0.005956956724385995
0.01601529628818453,2.008564032990347,84.38104295418138,-0.007637926510465061
0.01574821546797864,2.003506279276075,89.37460897058124,-0.01557659630487095
0.016690836250007442,2.0040579972788324,89.33721609051823,-0.006249550784024066
0.01629482586615906,2.0146825321671558,85.98035129341069,-0.005462258187938146
0.01612424540413418,2.0039776163843124,88.57906520149943,-0.004807867658479372
0.015735768715929077,2.0068840487801074,84.28061487711294,-0.0021946600348040487
0.01618638130337431,2.001588587387234,89.54806796570686,-0.0005413883479553332
0.016170383351044773,2.0075897073686075,89.2980276713651,-0.011230634672719935
0.016540128811264796,2.00366709524624,88.65166238245658,-0.014464694531585998
0.01600215810530146,2.0058064063497736,88.14012897397468,0.0002648976993615288
0.015219477513056918,2.003171175703352,88.06352985575552,-0.0027895617165907675
0.016028181240044587,2.003978570683057,85.23979129395045,-0.020902437199911635
0.01617113045418015,2.001179262396956,89.73365129301305,-0.011925249992122978
0.015478559763049472,2.008752667612373,89.70144941996807,-0.01455825462575299
0.015337087322657879,2.0172260784511735,88.4791000107664,-0.0022875436776580854
0.015755687286761966,2.000845144611185,85.98879338484141,-0.010223459824364518
0.0164839797408465,2.021474013825263,88.14195528049305,-0.008612648461605317
0.015609805397268826,2.0041845633991917,88.949289019141,-0.008038866326041061
0.016200956831793064,2.03722573668323,86.98402165590134,-0.012636037978725777
0.016046760205438947,2.0090315624650397,85.4348841296398,-0.0007981846334167654
0.01570387588842438,2.0094491033480884,88.18390930357725,-0.0015571160999803425
0.015944628273416958,2.0015545361671894,86.99379008945048,-0.0071890148323100166
0.015338914304191077,2.0006088617419633,87.87097903466315,-0.017253483752356108
0.01592865177377689,2.002435312245977,86.4700998535833,-0.0161064879219513
0.015857232134820348,2.0020606215952417,89.71366213634683,-0.006355610668245259
0.015456448420143083,2.00441282549981,87.41755687086695,-0.010561692788977412
0.01591603582086835,2.019537509101094,88.95897237893398,-0.005489354054008756
0.015509177890148065,2.0054029071871833,87.7280472002994,-0.013072151804009731
0.0158297056690656,2.0230901134191255,88.99424855091702,-0.002617709505933213
0.015779140892847286,2.000130467038931,89.28481220532011,-0.013396899645056057
0.01600013883145536,2.0112272266663695,84.78119741563074,-0.00467721084554059
0.015907301012183975,2.0048316395381485,88.1168095630251,-0.0002222556618631526
0.016022810384516424,2.00705326436511,84.92005503001776,-0.006952311798039014
0.01593576818574863,2.003967198678772,89.16002741453038,-0.013559797229630514
0.016266882579931752,2.0037087759657535,89.31460348400364,-0.005747835885295779
0.016083119660632337,2.0075424457938116,86.42263686930634,-0.007118385870996162
0.01628151481958819,2.001338483781508,87.81541151096164,-0.006429291983740009
0.01590361604178046,2.005055329845267,87.02695665398122,-0.006345313750117657
0.016157432735096528,2.007092780895037,87.14660609010045,-0.006929525183088573
0.015975041092976126,2.0087760222410376,89.76746559894436,-0.010167813427213273
0.016225234239242013,2.00103246524386,89.1029758562395,-0.014642455060935073
0.016346780758425553,2.0091214555748866,88.79265741596383,-0.0054235530055503035
0.015598072676145946,2.0094364414569665,86.93971293251883,-0.0004024134000286811
0.015839546651208486,2.0068096155334536,83.44399603012084,-0.013312235299365663
0.015962501016946348,2.0034824250504046,87.62617466567954,-0.00926775787458596
0.01545386916852228,2.004575758935819,89.8682078230549,-0.008440595533134344
0.01534447557405764,2.0083687893093782,88.4118707398038,-0.005113950569289497
0.015796951695410667,2.003853593122577,85.51436279492222,-0.008261102549274917
0.015995758058437188,2.0103046476458593,86.92644394610458,-0.0072050708100289025
0.015146305287112976,2.011052298622842,88.49167607473888,-0.0045042243545642974
0.016137927159592357,2.0437600336343578,85.94927218241426,-0.009377872214379183
0.016021854316762417,2.006254037588078,86.9516824331435,-0.005875397736856843
0.015324471199816241,2.0034968325143643,89.61945608518191,0.001158445388719996
0.01595617466954744,2.001497530905899,86.61457358753614,-0.00720619626454185
0.015726262248694767,2.0020331525355752,87.14500683138662,-0.015217453700198105
0.01604969888061221,2.0043097212273397,84.19182235774572,-0.01736291145977549
0.016102953436220993,2.001098406810163,89.48024559592352,-0.010756552071115335
0.015816472949948018,2.0082473305854163,87.05833200811405,-0.00874446720526069
0.01627861030079212,2.028803737314146,88.00461577541617,-0.005685036804866796
0.01606103439987169,2.000870867117943,88.27999783189514,-0.00925107344223281
0.01598716991182767,2.0139251536540477,89.63508870515169,-0.00540111141099789
0.01580827224946637,2.0007946536363774,89.14925908190264,-0.012988551067955607
0.015642322997945723,2.008976233729222,88.41039926175154,-0.001974853654161034
0.015513587687965407,2.006098199665007,87.5149100128692,-0.007120784896083929
0.01606633448270472,2.0015740918954528,84.56367824322399,-0.004899506947294201
0.016571430977223862,2.004172328816314,89.43073369046928,-0.015586549980149893
0.01606789191960087,2.0114467308705706,88.79133266800817,-0.006833192713543517
0.016865139012196564,2.0163363409276105,86.11316923371604,-0.0068329497396989935
0.015946262523347528,2.0061150987777987,87.76415070789403,-0.005039459211961447
0.01616463441729318,2.000152593614511,84.5055747740922,-0.016399124399471075
0.016171338289087914,2.005435561561129,86.62712307913607,-0.004719009906873566
0.015961404667090617,2.007997140192868,89.62940597755328,-0.009660706999556751
0.016068468573900697,2.0051543584234506,88.94379739569766,-0.011834895336182162
0.0162809836664126,2.0110833514301105,87.83581252431347,-0.006180836334987554
0.015736450232565976,2.005849684805525,86.97994694173676,-0.0013345758979628917
0.01602746013850707,2.010094686940998,83.94903217761293,-0.013251797971088539
0.016071259768382824,2.004533183347553,87.95133414155018,-0.006691950419007134
0.015388384289991047,2.0076343783884503,88.71410993770391,-0.006150524044464404
0.015708574874162155,2.010881033555208,87.71288590104278,-0.005674964076763329
0.01600140048768087,2.002533212741354,84.74538443964784,-0.005557525449851358
0.016236210703063934,2.0057285666575875,85.53442101224319,-0.006472379486252812
0.015859281390244832,2.019210139026583,89.43515620291748,-0.00714394638217568
0.01636913908154858,2.062239545819936,86.71654432398365,-0.006602532235387566
0.016097402731391923,2.012756031668784,87.30362956956455,-0.00042651487607898563
0.015698606613802332,2.0079527732754165,89.78951787371938,-0.0028428086392382965
0.015976457811001807,2.002292123736923,86.78053245709363,-0.006960195743328432
0.015642912870815227,2.0010284430706506,86.7154268156811,-0.01671567592870278
0.016020935762150967,2.005010995000932,86.43972927470956,-0.014960361031792336
0.016194450841774753,2.00114300090425,89.85952459261259,-0.00975915144019511
0.016489358407947907,2.0124200041898654,84.37765854919957,-0.00582057505328553
0.01586557450666586,2.0000014634465972,88.64857434567779,-0.0037344457404268156
0.016049571236796827,2.0172096258628427,87.87638038469245,-0.0068132649051945125
0.015855640170803677,2.0113025832291624,88.65638654801579,-0.014399136011545617
0.01580827224946637,2.0007946536363774,89.14925908190264,-0.012988551067955607
0.015847732755990163,2.018161899263565,88.95640065939433,-0.00179284335921684
0.01541024925729804,2.003775436742195,86.17722321796359,-0.011977597277713543
0.01605104806381706,2.010562851085392,85.9435674455215,-0.0014980186548277374
0.016302727803567705,2.0031237427605313,89.5520651972729,-0.018490327477216167
0.016269956926818572,2.0009571915583857,87.86611940649274,-0.009179102427914884
0.016582566372311636,2.0097489776327984,86.64191561694955,-0.005012678672987698
0.01599487349734976,2.00460262404844,86.38859679430908,-0.010478435789435444
0.01623072432595419,2.007802673623386,87.09405292023783,-0.011329950077965986
0.016494456234930698,2.005935295867478,85.7728791719546,-0.004097434079346918
0.015353317186710702,2.009452325607691,89.92060373571184,0.0011429070829031963
0.01613514988860076,2.013475867869938,89.84955663565053,-0.020475939209530815
0.016227083863555737,2.015448700337855,88.77866429117577,-0.005180181950182118
0.015909870036033544,2.0040334228297483,86.13070095002533,-0.006046031564589157
0.015936440206888735,2.003722343236328,86.57088260211198,-0.012686362006078292
0.01556375553216644,2.000300661961094,89.94292720403118,-0.009878544534116173
0.015291138850028885,2.0043589657461225,88.02591460114925,-0.012436774556436807
0.015194564318779493,2.0152093127905317,87.95721387031932,-0.0032601688308457628
0.015951093435494668,2.003340295338128,85.79902901229593,-0.00457443017336056
0.016409231553782093,2.014840340792445,84.36465897729947,-0.006920852348759308
0.01577844802432818,2.01346646626358,88.22846549532044,-0.005820795279903668
0.016569282959256408,2.059923843736054,85.85536779857337,-0.006553240338630022
0.015765742944974005,2.010861645191611,87.5219112535579,-0.0028788962221134723
0.01574460308931648,2.008143506753241,89.44963128046814,-0.0004425663291453899
0.015363289820593862,2.0026488543645002,86.88877307799851,-0.00536349170075565
0.01568195625680051,2.0021283340245204,86.70255339380273,-0.015411507357454567
0.016093428516339374,2.009203263975834,87.36004343451921,-0.01590234679418738
0.01639254250375617,2.0007723908050377,89.605617034058,-0.00888027739774925
0.016765175019591454,2.015993532935788,83.06742271265,-0.004574753948164208
0.015744725777339125,2.0062202925056747,89.1972496834059,-0.006245725984502251
0.016108579687737126,2.024329246453097,89.08491488656284,-0.007702393504874748
0.01556456808347691,2.00522069074631,89.5386264923314,-0.02101384057035515
0.015615858476821894,2.000184878290699,89.37364068604681,-0.015110829708769802
0.016269865938155936,2.0125967205912825,87.43454692255857,-0.004176554960005723
0.01548843612057336,2.0020291302590003,85.6737670793046,-0.011936296963653028
0.016435417044539706,2.006558981004242,82.92583101413359,-0.0022360317850160234
0.016092295063752284,2.004228468359888,88.50897423845068,-0.014823005484949482
0.016270439963791995,2.004935163517452,86.85565349459822,-0.006437073215986201
0.016340877216183842,2.00826022350965,86.90642585145153,-0.004418865069266727
0.01632606431734694,2.0000768443191617,87.15691379351013,-0.0076907005477500935
0.016321681910394004,2.0100331229640216,85.84184089255234,-0.012382747929066046
0.016764932333006164,2.0017206955853846,87.3968314595913,-0.004654161920379287
0.015595153735449953,2.0064673530488837,89.65197896930559,-0.007789701615709815
0.016091723468068662,2.0141219460982986,89.52679650121468,-0.019291061075811314
0.016304070040106356,2.0145327042534,88.02589173233095,-0.0037726621328302637
0.015973764093504324,2.002885615288964,85.56452495162625,-0.004956514537969862
0.01578880203908046,2.0063353961517496,86.95959726472725,-0.015593425909535767
0.015561508475954887,2.000829471627231,89.8477297795151,-0.009427530590404597
0.01561038443199224,2.0061359934775287,89.56025299651559,-0.01720048345626272
0.015052790308499413,2.0205526954520456,88.36595921765901,-0.00429414175503595
0.015687487245502025,2.0002907997749584,86.26510647578327,-0.0023312660928041795
0.01573732421843735,2.0086761892533147,87.74985895034004,-0.012664512010231334
0.015613636480039076,2.0158455344583994,89.81696895199227,-0.004669400197512567
0.01628858995520443,2.0603398820260734,88.65423356039635,-0.008216723647533869
0.015147408174341693,2.012427387322229,87.6252669054436,-0.005876496239456737
0.015699519628300806,2.0010723329117788,89.84561953634942,0.0010499592986305574
0.015362430348778782,2.0026274918416527,85.09296653774373,-0.0036142176631863377
0.015800803980188058,2.003533164310503,88.11711650316715,-0.013667957168065634
0.015897765097019012,2.007109525115787,88.86159400027358,-0.013801531179418935
0.01590427324520778,2.0057573365351975,88.72903356736404,-0.006452456955858347
0.016545313896370113,2.014579789320026,85.74599597274758,-0.006512809056379486
0.016006215793330357,2.007139187131901,88.91368122728507,-0.007134124828965136
0.015829896313897977,2.0177516462821368,88.62702989845405,-0.004882433278262929
0.015911783249496294,2.0039462951609948,86.44577353848227,-0.01074850179719182
0.01563180570907733,2.000550712076196,89.29409477370949,-0.01470320824234853
0.016239668304531742,2.0172709082625397,87.92701909839006,-0.0013613460790929711
0.015529060560560984,2.0070479104690793,86.25492256272108,-0.013208858861170514
0.01613258833347241,2.0053053114612127,85.91462526674826,-0.007150960404984577
0.01616922570940499,2.004075682968989,88.9002832983854,-0.013547461019049502
0.016587938865595196,2.0001013568801222,86.45602515880196,-0.004321912893618055
0.01628422376786163,2.0047163799636247,86.68999200867054,-0.0016638689173720262
0.016599262141767067,2.0000352864435387,86.30419627160565,-0.004836368707549698
0.0158920738793072,2.010119186374077,87.73532920480974,-0.011144741316410554
0.016223315067630653,2.0112821341869083,87.33267957937312,-0.0060168773872264535
0.015524001067414323,2.0102549350911714,89.13519356370743,-0.006342009381158016
0.0164355790959687,2.0133763446710073,89.50718365279126,-0.01546995818617522
0.016390440277609438,2.0134544764806974,89.75528244540023,-0.005616815642288802
0.0157487334062329,2.0061535133075274,86.21973102754643,-0.007943864771592573
0.015488820006550788,2.004322339050212,87.98356905855735,-0.007575868990958971
0.015210687729982431,2.0008453487584665,89.33041468492112,-0.01541483290676935
0.016072231907287286,2.0092333806815654,89.7145864255607,-0.01163435125575521
0.015165332353417556,2.0184603511087222,88.51647252607674,-0.005668371362308252
0.015620343407802917,2.0034723839173108,86.68391471704196,-0.0026575143149388065
0.015533204096707878,2.0114232424067695,89.95650467931952,-0.017356546223770287
0.015694236059589188,2.0066184170435397,89.13777799768945,-0.001955402201380678
0.01611536693001796,2.057823236865227,87.86068356293916,-0.00830002978203379
0.015297316579831235,2.016149558872659,88.02789200840354,-0.010861096397541074
0.015699519628300806,2.0010723329117788,89.84561953634942,0.0010499592986305574
0.015406557534282977,2.004570470304302,85.27545996836041,-0.005497022424717885
0.015924607809617203,2.008970443095884,87.97772727274484,-0.012228208652784957
0.015584418992688542,2.000320446654473,88.25174249265343,-0.015897379294526462
0.016221473099893493,2.002206884880659,89.02345656109473,-0.0012425583031028566
0.01593713330088683,2.0098641086334728,87.36677016422648,-0.007460004408079093
0.015888624687532292,2.000055374385397,88.26030420624174,-0.004943385881433178
0.01629389311820124,2.0451223763368214,87.66305853407053,-0.00912113320084025
0.015791317010204017,2.0069094171625967,85.98428867487505,-0.011021444906322416
0.015884442441770945,2.001540560465653,88.33166554549176,-0.010925507740273378
0.01620241665337081,2.0263259389763895,87.33755388526048,0.002460392871839385
0.015550838723007727,2.0088568708961727,87.01818315303078,-0.01138712399969327
0.016055403957317797,2.004865220549762,87.37919947194827,-0.006866030199807374
0.01598461382947501,2.0098505362810863,89.38287219895498,-0.010854987813406117
0.016099112005536723,2.0022514226864954,86.69806029576613,-0.004719237921151439
0.01578300384112993,2.0002802239779163,87.96707586220215,-0.013002254939650237
0.016290101446249528,2.002635463806839,86.90119769367554,-0.006726523143607775
0.01673873468599528,2.0004820097026337,83.08812333393364,-0.0160964372165793
0.01610175610720453,2.0069448514711876,87.69361125414373,-0.0029726877633771695
0.015067045159815195,2.007488017590057,89.6180503324875,-0.010832355338060436
0.016276450731336774,2.017100120395274,88.96559585737775,-0.015499417815659937
0.016069923788336358,2.009568662730151,89.47844082304229,-0.004950371735819129
0.015771905608509457,2.012686308353514,86.55510017918587,-0.005368960089050556
0.01508877656404201,2.00804137062142,88.78499978238968,-0.004481672757309995
0.01543990921449029,2.0140278503591396,86.26125280732501,-0.017539418402820774
0.01615365922321884,2.01058492255548,89.58212504539,-0.015216833155674658
0.015235435360063072,2.0153764161772307,87.69921885595812,-0.0067415381210753555
0.015475903026009184,2.003518695037872,83.27156149153235,-0.0050876171231292976
0.015371810640802189,2.0082519730934663,89.72027734548143,-0.011813749973185468
0.015714914481205485,2.010178447405541,89.60815091743214,0.00015550426973860373
0.016199089825363805,2.0361101164483055,89.20788636842146,-0.009895801962302176
0.015688939603300346,2.019242720526616,86.88240282552024,-0.006204224602974255
0.015603560684872318,2.0012363971928075,88.97336342413024,-0.00029227317731519726
0.015762636817165252,2.0030453587152155,84.84138703117503,-0.008151467861703527
0.015603923014652172,2.011061825781031,89.26818149297267,-0.011147587952251414
0.015481228148511278,2.001737493489025,89.98206167413505,-0.016417325925323037
0.015924345141322484,2.005632490834565,88.21380847427254,-0.0034589017074695442
0.016367249870703125,2.016834750484699,85.27718085473497,-0.00531057883998088
0.01585189357460818,2.0023750388438915,87.63201144333841,-0.0030718057935726507
0.016122355126510116,2.052859638155647,87.44319850398995,-0.012127034921188891
0.015877022813052505,2.005495004387445,85.07567695560897,-0.01553057774197676
0.015978474590068553,2.0055201205121245,87.97132038559253,-0.016244593835190717
0.015591228681559,2.010692012554119,87.39864127068063,-0.011347918460703987
0.015212879617936834,2.007289593513555,87.99516659178698,-0.01490364660920766
0.01671101033330051,2.0013106254463944,87.96341707310715,-0.0056159339814842975
0.016626461988372785,2.01009162287335,89.93898106591269,-0.012034280936026783
0.01610451009888724,2.004009879124313,85.74424523777635,-0.0065805740876515376
0.015810950971954316,2.0015956150506695,88.31312288671562,-0.011462373591363947
0.016455582279519824,2.000606142261997,86.6429463536878,-0.007000822195894612
0.016415830549055068,2.0069921659357766,85.49154139793954,-0.014492064273288648
0.016000989284357076,2.0061658724360383,89.13603439903979,-0.009922506066944486
0.015419663545271639,2.008903245092674,88.39058749304678,-0.011148433541936686
0.0161727417224957,2.017079337597164,88.47476768884705,-0.014118729138903214
0.0159939051696728,2.0156257009190703,89.09506626541503,-0.005554507948784034
0.01556100412888459,2.012256722902481,86.8367257789618,-0.006777854721268382
0.01591052979072732,2.0036841400077723,86.46540776075,-0.009535706502598398
0.01543844622192777,2.001518620505355,87.32352023645049,-0.016575026047974672
0.015915429385587227,2.0059090166433893,88.29181297481635,-0.007906712527460391
0.01497912529631645,2.0162486851337524,88.49591689451832,-0.010147289702918661
0.015547782272785929,2.0112431194535256,83.84236705256424,-0.012596874300942803
0.015222678060428228,2.0072823936353257,89.49890226667556,-0.009339303111593072
0.015789401044117607,2.0112550023168696,89.90687032225777,-0.002517431770924565
0.016158084007480124,2.0383093890253647,89.31086974889641,-0.008605452151971284
0.015491320693747056,2.019912866432439,87.28086448424533,-0.0057100692549531176
0.015455373982130928,2.0049052311757682,89.51066230539786,-0.0012857519724652437
0.015971620025521813,2.001032669018447,84.39483500214838,-0.0038869733746263848
0.015598562381639631,2.0136123668415986,86.8056082834651,-0.005266005057854501
0.015457104759038106,2.00410936377037,88.76201581027487,-0.01618139422152198
0.01593877539342942,2.002314002713738,87.2072956511036,-0.0006645583108177292
0.015815765173455183,2.0088948785723986,86.1040656137347,-0.006873189961382546
0.015872397027785912,2.0036986875465317,87.92658364296408,-0.006223845469899236
0.01636395642739609,2.0372436379708625,86.47513845373467,-0.01431402544714673
0.015943442568190563,2.006312229509678,86.01590333436144,-0.015908288022241583
0.016478936545023536,2.008729028128904,86.42544098077656,-0.015060884094173598
0.015767462307575163,2.0056324558815604,88.7024631504428,-0.00605571506401116
0.015518182957570464,2.0067066013867207,87.25154224851678,-0.01096834363118537
0.01649354143223908,2.004459199147315,87.71296707092206,-0.0028927162989148495
0.015900177027697672,2.011771519539025,87.83278466310921,-0.01048195120870264
0.016326014025800063,2.00286021211732,82.44548570789249,-0.00492181024707176
0.01573042732974621,2.0004205580540315,87.63370148171857,-0.010214278973695281
0.01605380982827364,2.0003306511169794,86.76952065442158,-0.008866998382844004
0.016412776914694987,2.006925416040777,85.54017663010377,-0.014451975207636223
0.016146911846433312,2.0011138278485143,89.77460937303317,-0.0109616155511046
0.01589977192335004,2.0084812556146954,88.73456084219744,-0.013123299615671585
0.016062803181964295,2.023405607426027,89.35354307074047,-0.01624617798795076
0.01607975681975188,2.011515664856538,88.28282459906212,-0.002694261996800164
0.01578104897562018,2.013976950655608,84.9062270572724,-0.0063921488916816455
0.01611146729180621,2.002777169023708,87.13983379334096,-0.004065249017423541
0.015408106184463073,2.0015359557492247,87.21855235422596,-0.0168154203294878
0.015652460112850184,2.0054496748619735,88.37624121495733,-0.012290397505807654
0.015378227320243083,2.020633229953401,88.201583043936,-0.008531291687104542
0.01576506143446129,2.0077433003481104,85.49745237753191,-0.012283595393005548
0.015478787864451648,2.0043893610482577,89.23500068456724,-0.006793672681796517
0.015872210375276086,2.0052443330345597,89.10924433698625,-0.0116889654355028
0.016113922391908276,2.0661333512077267,89.10700590186887,-0.008056582782245025
0.015532636988749153,2.0257061572118777,87.7887294494064,-0.005228945121910033
0.01512012361890559,2.0056280367771424,89.91170592050341,0.0033605247477684445
0.016228292169536817,2.018626934678105,84.52738946001703,-0.0028215630748219186
0.015741122072805962,2.0092920899805673,86.75193524832207,-0.006154727289761253
0.015173543392455793,2.0068634585957636,88.79559289062631,-0.01530219530645903
0.015754261452251096,2.0009264676079455,86.53864568862565,-0.004805535434714231
0.01634532260757056,2.007750152888321,84.92554593335578,-0.007916486804833221
0.016606293342554444,2.00237669752133,88.79000950186976,-0.0141945001607619
0.016355017481057763,2.0492962483754154,84.73156662235078,-0.018834450548382613
0.01600651174504597,2.008455399229713,87.70402002886718,-0.01830725176027341
0.0160005551476499,2.0071799990056194,86.36765287655501,-0.013850921278719803
0.015875110387161117,2.005934906338696,87.56473075247854,-0.005909243706512727
0.015606089557195028,2.011979842182165,83.30294869669503,-0.01666049813211031
0.01625622076281977,2.0005010197733166,87.64755084255191,-0.004320550446487913
0.015651301618975343,2.031537743633883,87.41541552851164,-0.010597053379835844
0.015926559312155118,2.020088942433278,84.57977226739494,-0.008753315626936355
0.01579892406101448,2.000024053437688,87.81751560829828,-0.008765956490623956
0.01594948359057856,2.0003475925353884,87.05249427357906,-0.00941304933116169
0.016279208635692877,2.0076318815982312,87.82119709241385,-0.014503281396648558
0.016146911846433312,2.0011138278485143,89.77460937303317,-0.0109616155511046
0.016498608075601034,2.0132052434063605,87.25238338645808,-0.006250619461588829
0.015854799225917912,2.0204589695737565,87.57949371871679,-0.013611538754672671
0.01671537647207746,2.0268170034318223,87.9536132717426,-0.00476030628447024
0.015792450672883953,2.000974768308829,85.5769482218094,-0.006300727972018178
0.0158801854630556,2.0041175304083683,85.38010154703738,-0.0016775478851750007
0.015414958313820809,2.003327565957705,87.21563174619797,-0.012592788108942243
0.015483462682450178,2.003322255865303,89.45599714884025,-0.015714776372455275
0.015524332514745056,2.011728467923157,89.84310698484774,-0.01096421447759233
0.015795309649219387,2.008141124509507,83.88513979675939,-0.006415042643699728
0.01590714657009786,2.0075572808996203,89.01317132467933,-0.0059428446922932645
0.01600188568226033,2.0008972242096124,89.37274620372926,-0.011765786144160868
0.015931286982836433,2.0391091930742555,88.459766215322,-0.0063773481229008186
0.015854856090883874,2.0314125556950566,89.17841444954149,-0.009997859110320043
0.015814973822460877,2.0063377340210646,88.28519814898827,-0.001554389512881732
0.01602391042739357,2.011711981206491,84.46247534478559,-0.0013769331897603761
0.01582258745964344,2.006068370928364,87.2994185807991,-0.0028066337475447997
0.01567676303564874,2.0066370334373893,86.53427023296412,-0.008537149631376355
0.015887486098142313,2.0162099735619243,85.73932399036897,-0.009976413114693255
0.015677031665561246,2.003917162360225,86.72289428228513,-0.0019458754602116666
0.016014354589162727,2.003249203142028,87.84836942702046,-0.010519890341451255
0.01620469471171845,2.018503869983829,87.69186058845716,-0.014491453152035457
0.015914656114899114,2.02186561050321,88.92690213942369,-0.01292619283372656
0.01615445386564746,2.0166380418182848,85.5874291132599,-0.018249717792543217
0.015760805111443833,2.004732968747514,88.55847238772604,-0.000437676315498018
0.01639381408267683,2.0127462747186162,83.63725659328175,-0.012569333999531172
0.016217418601987423,2.000460548621013,87.66197255202475,-0.004697748356747736
0.016197392708878634,2.0260066510612815,88.31690433931823,-0.005403012396284607
0.015964255911204442,2.026925251833923,85.13067333571122,-0.003631032160390091
0.01579892406101448,2.000024053437688,87.81751560829828,-0.008765956490623956
0.015745042961666816,2.005617988676359,86.42455301680245,-0.005231274930352523
0.01598430724320804,2.0034450095082614,89.17625560855669,-0.01654752182854384
0.01602272696958094,2.0004989070275134,89.16126274566841,-0.010057041685414221
0.016768826334108533,2.0036131789180613,87.60734208304139,-0.007089191346054336
0.016214673606957532,2.034519420863578,88.12494965357882,-0.009933402098394122
0.0165961507423858,2.010224040979286,87.20152573370778,-0.003016034551232944
0.015795934970573244,2.003529281191721,84.61927773782354,-0.005245509134823812
0.015617376481468657,2.0093893605148394,85.9439474158353,-0.002151544190360965
0.015224985440245498,2.003374964571089,85.88867547164871,-0.012915089406545234
0.015496205842905857,2.0082916574035736,89.33878326626355,-0.023090984237828058
0.015743777704054343,2.007739681830177,87.35877281327457,-0.016617954930186602
0.015712443141563493,2.004021074878534,83.38726860175332,-0.008835248108308885
0.01586016406660479,2.011118011106264,88.75790728430304,-0.0030844447962619023
0.016131451840382564,2.000766277478566,89.80630064623142,-0.009781826371498782
0.016297014823459667,2.055856649270457,89.57247360884162,-0.00416628116401054
0.016037513983951406,2.009146868000478,87.37568748895723,-0.004690320451406229
0.015892782028276327,2.0031015602311255,88.30117733427717,-0.004374520259374695
0.015751209155670114,2.016894185726084,84.37489640817033,-0.006564120784478671
0.016097709057933368,2.000202906630432,87.94500374372991,0.0031862196846031855
0.015240921238238465,2.006118959688191,86.54836028687862,-0.011402859699433991
0.01609444011251463,2.015946553690828,88.53594012481845,-0.009594969811596332
0.016056952254652014,2.0082577457805364,88.76031494466845,-0.00020791063682234177
0.015902038274847773,2.0074654528303904,87.87867924026816,-0.010251648252403918
0.016379974292296207,2.0015098897594084,87.22385106373656,-0.013193385982150772
0.016052130363487405,2.0675330694235816,89.29797884026335,-0.018234955371440893
0.01589334956441144,2.0124259585199638,87.04933061687562,-0.016026329585895147
0.016168796067256797,2.013026618874368,87.65518278440777,-0.0016699643423260056
0.016441968723717355,2.0252634239619782,84.77410291735954,-0.011610419397136047
0.016111945458788187,2.001218103699308,87.26399569413283,-0.006326449003334849
0.01592351091491594,2.023116477390919,89.44845259287885,-0.0040909792592565015
0.01608333699454349,2.021004257261966,86.55300506983087,-0.006413341733751968
0.01538789882419646,2.0011343513171007,88.8587938406307,-0.01556389895026431
0.015644492993564317,2.003014872574523,87.65515273765432,-0.010444554222896398
0.015836386211599322,2.0038670900325926,88.93173195913184,-0.014861038020674826
0.015897662572933294,2.003733724299248,88.9000698383172,-0.010611744695749664
0.016666953507874206,2.0072313931243637,86.182558579745,-0.005747485223692211
0.016446380731065,2.0453230442209143,88.60266801010883,-0.01098668001980216
0.0164306269150994,2.00610550355577,86.07992724585823,-0.012493989549128537
0.01597240042748463,2.0088043770545068,86.15599691924548,-0.0030321351675499627
0.015372655554194021,2.0087894838443026,86.98512309842647,-0.010135450878263905
0.015841258976490868,2.003606658606458,88.07917425355976,-0.00707576931549843
0.01581493651812151,2.0047725222750508,88.90705335229227,-0.016806152662786605
0.01598232103694813,2.019790238932342,88.86008522461341,-0.01413859679510187
0.015703269553708182,2.004839666442411,85.37824335550893,-0.006664214582851219
0.015732737178259584,2.010152667502893,88.16101276228115,-0.001635627508869636
0.0161732388526282,2.0003783584164534,88.9086385286134,-0.00552205145386692
0.01614022335064985,2.0363910713286737,87.67574684046842,-0.004519298777260513
0.015545284229596482,2.0008898380676703,87.14648883726335,-0.013667001363438245
0.015762277765213384,2.0029504097246704,88.74482111466223,-0.006110491620985498
0.01604847754088263,2.011149454952661,85.8681870495276,-0.005561326835599114
0.016048550664985634,2.0048096743946333,87.64234626870352,-0.004875231722213517
0.015213450693002723,2.0039535963943282,84.13622269529043,-0.010000547983141903
0.016187363210222093,2.002584998265879,86.72678922260636,-0.010159396690587044
0.015691697144114614,2.006552332420018,88.55007179509323,-0.004148763998217073
0.015741668918258223,2.009375531836876,88.12804733024672,-0.016024501023389412
0.016179739882057193,2.005126378221814,87.46686264089143,-0.014003418963079408
0.01614433543984342,2.033636846796215,88.42665928310046,-0.0072444243796156
0.015465874928367613,2.0219763091117215,87.17626959227597,-0.01926727846164452
0.015859923083723398,2.009895929349679,87.03927419915068,-0.0033912484847918043
0.016327303896684194,2.0163322337091913,85.78963220108488,-0.00789330417578619
0.016184973985534357,2.0032734436720703,87.54116796111418,-0.0056966408937182385
0.015961381087749686,2.0303848105900166,89.56164009158225,-0.0042185127330212615
0.01619164219247328,2.016227407417149,86.06627237201619,-0.007977477114284072
0.015543887736753097,2.002389737530205,88.58965716120976,-0.011083976220366174
0.01566090189574892,2.003964506733877,88.33635921718675,-0.013688096481399152
0.016006431067012585,2.00355602761926,88.52146031545799,-0.015095654637699655
0.0159911693777731,2.0013465220713433,88.07720535623952,-0.005164203672458914
0.016375358582497754,2.008561024179484,87.10653361892705,-0.004947554818410883
0.016222499840878476,2.0456497066359938,89.01017632317416,-0.014566697819134966
0.016275725460878198,2.0038477350974464,86.14296048762503,-0.00873056014821579
0.016137133239229228,2.007678885941912,87.52460835550318,-0.007148375983456111
0.015835533493468147,2.007612379917993,87.2867954168941,-0.005966343172477738
0.01623682808593271,2.0055667288832866,87.30419990346981,-0.01111122556380669
0.016267414287296694,2.0059218560493846,87.61911233413166,-0.01820703088631883
0.015990118134445293,2.0207534369191174,88.9136540096739,-0.013697013192293958
0.016225576892931314,2.01331017608142,85.9777581037693,-0.007676794765218044
0.01564148971586942,2.0019800496284432,87.12046511938914,0.0005953965409319448
0.015973216122207798,2.0065992118137035,87.89586963066844,-0.005424666346324706
0.01621670437485417,2.015548908444633,86.95188075101737,-0.008468022078631055
0.015914902576987546,2.0159739774850745,87.48260725453243,-0.015116055571998823
0.01579718581861043,2.0001678729271477,89.1030457596057,-0.0058507573673585115
0.015960825463269334,2.018567184837569,84.26491835228245,-0.0052042633773355185
0.0164473340794783,2.015035279733628,88.06541396249548,-0.009469370010241047
0.015355934003712495,2.059129704692081,83.27933855783522,-0.012453943223356407
0.016480770402911907,2.000362182067349,86.13950676041084,-0.012850371728773381
0.0157083131932655,2.010637653269321,88.89198648822887,-0.00699412947775715
0.01481307193726588,2.0059161899251623,89.55475705955983,-0.004805672528586146
0.016659606262262157,2.0010084097257703,85.67546382436993,-0.017360587235601077
0.016357839332998645,2.0434411389251395,86.62609514959007,-0.011275302087501658
0.015443033608890037,2.0230882762425484,85.21141292620311,-0.005166536277967312
0.01630894905356219,2.0101557869771787,86.08683728565434,-0.0063695097291432655
0.01629646514427561,2.022952170962853,86.98401643257225,-0.01606678800707107
0.016205529895720328,2.0094839234935526,86.8472071028809,-0.006999800579620952
0.01608361781646166,2.01890159420254,89.23635676176767,-0.005049170197603912
0.015760063378261188,2.005863897806485,88.24435047166914,-0.009302940489296222
0.015418256595536787,2.012394165871512,89.63262412133274,-0.00728608846295954
0.015656304374707223,2.0036749104412275,88.4969393028633,-0.017387411549672622
0.016032324159257923,2.005985178868558,87.88412594330389,-0.02119862353136576
0.01590120374875581,2.011026912971161,89.22961231112083,-0.005696953539683713
0.016175617386712998,2.0152016601059763,88.56858748408695,-0.004882686672066438
0.01606484732661479,2.034904935166788,89.24305632383076,-0.009590642063226679
0.016453905246280605,2.002753810469159,85.25353558980105,-0.010498946235259373
0.0160261563825332,2.0252728991096944,88.19360630338251,-0.004183034918644395
0.015317630035757483,2.0194704686064275,82.63638235132727,-0.004735350309603859
0.01656971116117443,2.0062835438387157,86.97658161360735,-0.004517431708592964
0.016156077463216664,2.0113458496269145,88.33819184418978,-0.01518176003963319
0.015949432927813836,2.0315484930277026,88.63694217374379,-0.011133439685186645
0.016146274087341563,2.013821044733361,87.04397682702589,-0.006327268510097955
0.01570343733687748,2.0019703446309713,86.9059696340731,0.0009122894731405954
0.016047979199097256,2.0000159409684355,88.48104637143244,-0.004400522410836626
0.01607910201588285,2.004418446567788,89.28494290945517,-0.004822040974565155
0.015460095979950565,2.016696274535942,85.6268091185165,-0.013000442161244203
0.015815219833296597,2.0008436487862973,89.01153314249392,-0.0059112260085502745
0.015951699498768616,2.008365052863654,87.49128339117217,-0.006174328335089655
0.01633656421239539,2.011025671296975,88.90897567321281,-0.005725075172128193
0.015711648677855183,2.031381222415941,85.64258796592112,-0.010118895743057844
0.016325289599880832,2.0024216761612994,86.31977707271096,-0.014312118291085904
0.016024003893440456,2.008981119036708,87.69395508050458,-0.008799806867982849
0.015385367167434915,2.019303759738628,89.80458397894941,-0.005100979592736476
0.01640001313208361,2.0119371595137525,87.08912782692629,-0.015603453876936822
0.0160529677693227,2.038794626543257,88.37065245112757,-0.013639318208377941
0.015301305233804019,2.0302368395806525,86.38680554811114,-0.006699756413994446
0.01653432287377756,2.0101102322690068,84.62519907567831,-0.004770766844905756
0.01539456347716022,2.036896262640934,89.09862503934632,-0.013364616603446027
0.016378090056876,2.0100631711603203,86.55608868415969,-0.0063193481584632415
0.016106356199419823,2.015301177109979,89.52688488947432,-0.0023583168921369017
0.015456647226072234,2.009393927588893,86.73823543058609,-0.01606450532135124
0.01543134667840998,2.00744306295273,89.89547817226303,-0.006121703672917693
0.015918960759495282,2.0081769844986517,88.00297426184939,-0.017361199459932197
0.015822807843818194,2.00353822016823,88.51382509457005,-0.014700335416166376
0.016284291047388325,2.0043466076347554,88.76939413759153,-0.0026886104660295016
0.01651647256704402,2.0034374961717827,85.19984247878531,-0.009708746302601988
0.015327523224191805,2.0210429258137017,89.91603616987877,-0.004993483771503845
0.01608011764013746,2.003026402831213,88.165425458114,-0.00681597873525966
0.01620547224374232,2.040775503441393,89.49557230254877,-0.004214194311452434
0.015854149603107975,2.0138198418000375,84.49616745881222,-0.00464197170085512
0.016597150873627852,2.0059606442262945,88.46295986990286,-0.009009440159452205
0.01636883847233827,2.0011209002644113,87.3825404429115,-0.015742735495300652
0.01590978599514398,2.0208665324254245,89.80197423536595,-0.007420397226925396
0.01518933957596918,2.0279275909155343,89.0048734001425,-0.014976029053324853
0.01595447364647265,2.0049527336636137,87.50914168962295,-0.0027648343887123426
0.015727860974567655,2.025004026539458,88.12272575711627,-0.006718518080154804
0.01612693427996875,2.004197889098127,88.6562128803988,-0.005078765041594411
0.015539329069647227,2.005467864812699,85.29980093330339,-0.01743787461456476
0.016114246463204782,2.0145169396419984,82.99322644513941,-0.00795330675179752
0.015565823681814311,2.00510866086841,85.48281723542495,-0.006341560103959882
0.01612759723071773,2.0114960849377854,88.87268995854964,-0.0028513391180788397
0.01590425502307899,2.034880357513037,83.42890071804344,-0.006581361775230891
0.0161042886026105,2.008363581844822,86.87020730130425,-0.009283292555795287
0.016553353530082332,2.0200771535311404,85.79519819467207,-0.016749106077184057
0.01523210440525819,2.000147396745545,87.681015653143,-0.006225607512616985
0.01592452685769496,2.0077982073637766,86.83350253707876,-0.01347102100922432
0.016224852640395023,2.0459067780543956,88.7088096129985,-0.013786810101883203
0.015957291584129125,2.01920858999705,86.57968016707945,-0.003564415931670431
0.01613857571250672,2.0315535221214325,84.65395834067212,-0.006813901914196067
0.01548011624176997,2.0277863709298374,88.87796203500251,-0.011757543826242145
0.01604572928112,2.0105820003496526,85.94298608297765,-0.0052864303896856535
0.015672249016751766,2.0216383588672886,89.88569335834252,-0.008462728894649645
0.015584657895301746,2.0089918749801994,86.92246148789322,-0.012110238386838326
0.015431843089319976,2.0072457042750362,89.97305562188467,-0.0029749625689823858
0.016252479561695805,2.0063439517488035,89.1732742502966,-0.008976204259985677
0.015868574827960714,2.0033658033211306,87.00014029490576,-0.013050220784042625
0.016218080948964562,2.0011652442871433,87.89485379565403,-0.0044572532195205185
0.01610084500231678,2.011679647942021,87.35939994684976,-0.011218378637316962
0.015243007320219507,2.0185287792588573,88.9331891818145,-0.0078002252453802405
0.01604354297758238,2.002006000447617,87.76607155378636,-0.005513595718959142
0.015686472942359836,2.0150161225191634,88.51232389672782,-0.007303869742676997
0.016000906228844276,2.003933407856584,86.29414734010841,-0.005272834534058857
0.016587478555800523,2.0019065044920454,89.9952035925071,-0.014121785341655676
0.016180789254300554,2.0000808221022885,88.19342490981455,-0.012899463174954467
0.015705254075303134,2.0227348216781533,89.80566555631188,-0.006235531503890066
0.01567215705810079,2.019131099745428,89.38187989781078,-0.012054334753202597
0.016077995582912362,2.00043038751941,87.40835026171119,-0.0032958027252186295
0.01604692036339616,2.0181462919091766,88.5035777659318,-0.004564548251656506
0.016082716953254084,2.000342711418167,87.55707567464874,-0.005091882470443691
0.015636857148403287,2.007634073385422,85.54232950246927,-0.015359139736958138
0.015789450656954928,2.014712353709953,82.86401288687112,-0.00594054207711393
0.015371490613208713,2.00755727571017,86.3294341852028,-0.0043479380726385766
0.0159377842199327,2.014611526459678,89.29280792147385,-0.003726016803976469
0.01591952113158591,2.0225881156635164,84.04873632714381,-0.0033107072062382296
0.016009745224688687,2.003735921829922,86.18016901457538,-0.006289028322379669
0.015926006703178917,2.0078113327027745,85.63531517420269,-0.0068203612603890225
0.015172385948003433,2.0062439660106643,87.8390162928403,-0.00687359152526479
0.015555232086067487,2.004155687782261,87.56329879133943,-0.01562352428859133
0.01545114215213713,2.04985302997851,87.51487059361492,-0.0045935822991609735
0.016006695653489847,2.0254084839161237,89.06151616509567,-0.0035939748162235096
0.016058037989450238,2.0177563438575894,83.38820675894256,-0.006758790026504373
0.015915759678671686,2.0158351453398544,89.4821946622067,-0.01269777704924275
0.015927726712744172,2.0068373351597257,87.3805886596181,-0.003395498938652569
0.015750359613921062,2.0276049152279003,89.90871941826616,-0.010020943180063385
0.015298311226825333,2.0047976401426637,86.70507563261373,-0.0152632786511947
0.01553177148232705,2.010907841409738,89.84428227914444,-0.005660367770129429
0.01620638273666239,2.014775315275266,89.77892510500818,-0.011053155260857185
0.016502004198317037,2.0099411440773953,88.23454027782822,-0.013992292865437008
0.016132371176915718,2.00576058945475,89.04732404869151,-0.003157927052086365
0.016291879952673206,2.018407536289367,88.53310357778113,-0.016873799148323522
0.015294784381572512,2.0175102258246103,88.8923451233974,-0.00808176570328196
0.016050378689796165,2.0002519348197327,88.29267546714021,-0.005551138777959188
0.015797484166962517,2.01135006955967,88.40685489987368,-0.007379756015916279
0.01602029981447992,2.008917636331062,86.21690588364264,-0.0062000009131543835
0.01598043403008081,2.0153114814746207,89.43288573613886,-0.007680946979608003
0.016007585061186436,2.0048425659097644,88.82617714327174,-0.012691679843548773
0.015928139125999136,2.0185356401388184,89.8061327389897,-0.0075547738087776845
0.01584796480118584,2.006449866537481,87.2154015090849,-0.01624705395027991
0.016038145589875468,2.001681327210583,87.23625703597749,-0.000798422496457949
0.015880169982394655,2.0131677199234335,88.37244081978265,-0.0018994342310534457
0.015967168596917207,2.0034151635373583,86.42151241744685,-0.004233867867713905
0.015646837110684996,2.008873393545806,86.07318768301906,-0.011527616445439854
0.01591749037695684,2.0054128672575264,84.60592978688719,-0.006904164964407223
0.01574525083833876,2.009514319854604,87.28148080636264,-0.004813621710106379
0.01570626589385703,2.0116682200452294,89.38505897907034,-0.0035891669393507287
0.016024243297871162,2.0164806829500477,86.08668405325949,-0.008265118235246734
0.0160166678108508,2.00284323810247,86.11464505575954,-0.007135910208306952
0.01562694832143636,2.0103252585276596,84.94042843205898,-0.007275246086191653
0.015700170804969094,2.002080573544368,88.5113390385458,-0.009553175944678992
0.01564176214758537,2.0056173869899974,86.88911206761,-0.01153824353917975
0.015776596714026616,2.042624404494365,88.62892318906583,-0.002528799443521237
0.016040751635390753,2.0272239316239444,89.77718165518309,-0.003362377831668519
0.015975740873566246,2.011442589253827,84.77346181403708,-0.007454866423372843
0.01589792299215468,2.0173783056481365,89.41223547440715,-0.012199378341081648
0.016326333281101075,2.0049072053531773,87.54379987986786,-0.00036551089284039134
0.015783361559570726,2.0270587281040693,89.79099884847814,-0.01038829359609273
0.015389505352450034,2.012331003172472,86.70880082783557,-0.014472880827356522
0.01546148763776122,2.0120887573784496,89.89075116789303,-0.005754889179080267
0.016397688139081462,2.0011476338456116,88.36432648827342,-0.009340001844200188
0.016274351962647246,2.009180976768398,88.02677132507941,-0.015608149736148283
0.01597025798696882,2.0035118012405455,88.80176899349809,-0.010925583946968047
0.016124834689736942,2.025467701394797,87.75042426766676,-0.006383680919810475
0.015076031504272218,2.005157251241497,89.4755472762612,-0.004047152122297365
0.01608613463032028,2.0001460799536823,89.15625472827365,-0.005440140918292414
0.01582637301300084,2.0223559088853182,88.3421661629304,-0.007819285443292433
0.015574274629814448,2.019489504743273,86.05486696046032,-0.015657108286350148
0.01592321977056166,2.002207759953094,87.29951958052162,-0.008008715412328763
0.015966706112772483,2.006501550671915,89.39999045925332,-0.013524771828298783
0.01586796026031163,2.014926548019017,89.34374652174441,-0.007745922353486535
0.015749570132936642,2.0062852150131563,86.02491767018597,-0.016918354282566602
0.016140374939749444,2.001271598041626,88.64508464864578,-0.0025051733930232644
0.01566363288168704,2.01165284442468,88.50057933711206,-0.008925798514680344
0.016144094659625217,2.0014508992746727,86.0003603805545,-0.0013120728538849984
0.01554109131579434,2.0077730516326815,85.83371532327851,-0.01235867446751962
0.015883595767733585,2.002012961926866,84.39919880985585,-0.007378300904196172
0.015517144290090068,2.004159037674495,88.37239805949757,-0.005319099814838904
0.015758064571605813,2.014032843032725,89.6592888258541,-0.0030929244424070085
0.01619534265744219,2.0035312949575856,84.30042624325043,-0.0027694647852403043
0.015930639388316,2.0096912067377497,88.00284529282763,-0.005141454934118056
0.01530591214981852,2.0123131312788693,84.13927659843947,-0.004669417401708372
0.015621440982103123,2.002705962648236,88.19263498598747,-0.015217384045923418
0.015620555584407727,2.0018124082206077,87.79182334860023,-0.013270194150522873
0.01588467917500652,2.0584430402986187,88.13653609398025,-0.00379957997720273
0.01608194045462827,2.0272258218872707,89.3395873835751,-0.004225593781209213
0.015523478883868925,2.006893045162889,85.56066246779592,-0.02263870164198816
0.015814335404248706,2.0273875911100236,89.73696037552934,-0.011207076965356656
0.016114001505988934,2.0214053418145053,86.08892830596275,-0.0061313928325662246
0.016112489077621986,2.0258339712807722,89.8775567112184,-0.0064934401376135435
0.015512528203502239,2.0230909509936996,87.65258016344745,-0.00971394232106548
0.015502645666449521,2.0047058914791602,88.48372422744117,-0.006856769406581531
0.015869576929241094,2.022292988453875,89.0656555260201,-0.014528826297914419
0.01588102396345633,2.0060227651013207,88.68164407212413,-0.01301174966350099
0.016356598481372955,2.005441897525456,89.4164985668366,-0.00948657899803886
0.016081364900852744,2.027363769113396,86.82326083836467,-0.005407403225276655
0.015544470699279653,2.0084475210398294,88.88781936051267,-0.006694621061362647
0.01603500901416204,2.0025576538961376,87.73944979493133,-0.005158993974164338
0.015938840668607724,2.029634068346699,84.95621340239487,-0.01670454308471743
0.015629660159627176,2.0189757878200245,86.08761906915376,-0.012533199708671436
0.015560587104784526,2.0012826098103678,89.73033063587756,-0.0156197834012427
0.015865867250652282,2.0030968284234194,89.49207205183949,-0.014748519522215644
0.0162910251790531,2.001638256888974,87.81324705867651,0.0004117398554215994
0.015888346499768394,2.000470002490982,86.2917449395557,-0.0207640221068436
0.01613891210708888,2.001547598581013,88.75270193005221,-0.0033489028069135576
0.015505768373057907,2.0169830531650916,88.40951413099509,-0.011920803280386385
0.015895242796449126,2.001883473540484,84.45851701258168,-0.007886971223995957
0.015605910668784103,2.0097655233095733,86.50500447218049,-0.010802914770753992
0.015968278283597207,2.0118384505169895,87.02325190162573,-0.007292247944039092
0.01567531272045266,2.003841550171448,87.33168204488716,-0.00528375140652098
0.016178081679837843,2.0172467296514975,88.68136722699644,-0.0057231558820226265
0.015812164402985364,2.007650473114368,84.42655110151651,-0.0023055774813490497
0.015693414041761153,2.017903785277494,88.23279827516085,-0.007569494623776549
0.015509209989493393,2.008933279879124,84.64296881787277,-0.0057694287969811305
0.01573188098666265,2.0082194427539943,88.58750439242718,-0.010896067036609397
0.01566698091467475,2.0054970031970027,86.09689526079816,-0.011239206658309374
0.015640217044266387,2.037527199872709,88.52127058536776,-0.005454116557505718
0.015789029780141323,2.0310333532412175,88.48188773847625,-0.00588379712395427
0.015539910977423018,2.0062440689638663,85.4926150571454,-0.02271654310992563
0.01588520920313216,2.0097055076364647,86.64123862393976,-0.014660136502150433
0.016147874823835555,2.0087840175685696,84.75009835967411,-0.01587196481186171
0.01619457335035652,2.018187946911218,89.76104119352829,-0.0075971957164438445
0.015378495195491892,2.040348558596698,89.34963913778691,-0.005108857976384693
0.015324062379980515,2.0098250427618347,87.87650244147336,-0.0006652166484627121
0.015729137971997344,2.0234169126883716,88.2042637342218,-0.01844299132525362
0.016122478746106443,2.004648169560437,89.96166702973788,-0.01282730071513857
0.016002822884172707,2.0071221547801787,89.6498739328809,-0.009745388185545701
0.016045730225836597,2.030827189976998,87.90462569523672,-0.004323086961692672
0.015672440908601735,2.0144337956194613,89.19306871537833,-0.006389879629064365
0.016402797464555897,2.0038315523361656,89.54673895512671,-0.0031760733485497214
0.01580619645874675,2.031044935007128,84.96163796044904,-0.01212628006774128
0.015477279267780702,2.007804054517968,87.09404697882044,-0.009595211782763406
0.015426008099860814,2.0013552878967897,88.18061793252005,-0.013255905431120586
0.015878569857678007,2.003364596737535,89.28642066416646,-0.014787527865519328
0.015866254389863818,2.0035938330758922,86.76044787918669,-0.007841423753299404
0.015985110500089675,2.0117170672178237,87.29252990983129,-0.011438121627549166
0.016054077865948944,2.0013324517019973,89.49939555154855,-0.0027155061831554608
0.015202456419544402,2.019574746779879,89.78837722221803,-0.015182293175398914
0.015952247551005626,2.0005079721340278,84.00004342946829,-0.007530563908513942
0.01578191788156202,2.005151474125751,84.42988470606072,-0.007688283247768911
0.01622767710702294,2.0130568919629463,88.72563014105275,-0.0108051314490178
0.015752513602192802,2.0038612663690323,87.95045482622665,-0.005517542716087246
0.01630424505056341,2.023060438426998,88.42170901600858,-0.004141038568597656
0.01610934259678019,2.0063696884076907,87.5133201678122,-0.006932808559599123
0.015595972427394661,2.0088490502914125,88.32518631933762,-0.016233625613796626
0.015569733647728132,2.0063645217250774,85.251681950406,-0.005137075462438585
0.015897856457129975,2.0059218120351763,89.85472178818321,-0.012821847552394832
0.01456761353183805,2.000018187376694,85.83309960258175,-0.005947643943156778
0.014846641675639205,2.030243347990733,87.97267336691208,-0.0021254879826551904
0.015431342671724767,2.0127298050930107,85.44585602555004,-0.0073429966732353365
0.015594956281985763,2.003299437594913,84.75433937896676,-0.023276839682489288
0.015539257108858088,2.0094099150787406,83.96569593496723,-0.01848342558227164
0.016017132995340147,2.0134003499336424,84.21702671612206,-0.01868188483363379
0.016133331341381542,2.015946411035002,89.67184318012409,-0.007903909286071795
0.016085812568114536,2.037024264939181,89.03645112763411,-0.0020482336585121675
0.015520145767325013,2.0064842357770862,86.29159846400265,-0.008957917315456088
0.015945914704460502,2.0104810360712864,87.11433750810129,-0.016193163633078503
0.016087606945348148,2.0051946518253203,89.78845100175843,-0.012064382176165943
0.015845628084367777,2.0067350992767263,89.16385359160911,-0.007905624208627098
0.01570944478291885,2.017895955329084,89.91982541350741,-0.009696834033830882
0.015585387512889418,2.0153103417324885,87.71324473636747,-0.0064786817996124865
0.016195280973378152,2.005235741899481,89.14881749683622,-0.003323310023163167
0.01647458809642946,2.04183152433745,85.81869956067978,-0.014357777293696293
0.015533020644633138,2.0078541819075633,87.51754063943794,-0.010141157050186256
0.015462840343240306,2.003044224319603,87.56112947886133,-0.015270777978102246
0.015724388157227476,2.000587214678653,89.85466782429722,-0.014693865279844972
0.015822434675508958,2.001735663179295,85.66746299530774,-0.007619302185787812
0.01641243500521086,2.0390559081289013,89.65194234073145,-0.017080666056933272
0.01622989362396177,2.0005063407509294,89.06495106069548,-0.0031669489093370915
0.015359285422166644,2.020290051693357,89.45646368434215,-0.01594527687167385
0.0160032579127271,2.0002613894564774,83.77665595064491,-0.00759743074798122
0.01572200501043499,2.004217888790082,83.03643225272667,-0.0035148433953529224
0.016127240335317893,2.008017413738449,89.36363864156674,-0.01363933129002567
0.01582269218978712,2.0046883803071385,87.41009137908489,-0.007232483971597375
0.016388807733522852,2.0306544670325994,87.93705085562131,-0.004494710276939188
0.01640307338287573,2.0121817866028975,85.21790177839347,-0.004877554548669493
0.01601977648940683,2.0042366817329023,86.93853361839365,-0.008382480978853891
0.016038378537649153,2.0203040392825957,82.6790639910518,0.0046761170285784985
0.01606092052458161,2.0017622996826994,89.73661809408995,-0.009893701928294231
0.015557996276303969,2.008623035634557,85.51753580808716,-0.011062379081230254
0.01492377452362087,2.043323760325097,89.09777299887031,-0.0008452529367392724
0.015194196800606137,2.0217332464480386,85.89957266296564,-0.011879424517740409
0.01597696997107662,2.014404683194654,85.97275986879663,-0.017366331646204637
0.01572722561307378,2.0059220381615583,85.63775120890834,-0.014725421729887046
0.015944108978692584,2.021316892688256,86.5824153462688,-0.008793789851313863
0.01632830271949544,2.0159526881857737,89.253384387931,-0.01547669651946277
0.016308150756696144,2.053704277242542,87.44327013714421,-0.004965261298697264
0.015597920280255096,2.0018914600081703,85.28615719168059,-0.010528925424042605
0.015966218505299522,2.010115899499207,87.57013143180284,-0.015927316878168042
0.016124276183922513,2.0046460919396596,89.58724148294424,-0.008359078536256922
0.01627552811745671,2.0023463554122602,89.37156418700724,-0.0013061399149818399
0.01537316581766095,2.006346926708446,89.88023124358367,-0.00655681356022275
0.015602034859041025,2.0063536797314825,87.05785358479372,-0.0065062651674052665
0.015832992599382794,2.002912082439313,87.47341149369939,-0.005688823215372649
0.016187530382271127,2.027640225150916,87.05183789756285,-0.011502449602482848
0.015656686095462016,2.0015744219304317,85.63309001557316,-0.002112376533370843
0.015390024481940602,2.0095669654547126,85.68945738994195,-0.012894487315064582
0.015710868714536964,2.0003378622962376,89.87114642676318,-0.014729254717003133
0.015958804633681496,2.001649273326889,86.02429711004082,-0.00928833209405724
0.015723525075247966,2.0337892866068157,89.0666925349599,-0.013029032986864343
0.015822946250966433,2.0017336108022614,87.70227172070926,-0.005481663048130981
0.015477105537725728,2.0161196453917567,88.52185427090731,-0.014026725334465433
0.015722944356916353,2.00652544521217,86.17426336345375,-0.007852942778134968
0.01585409123027216,2.0037955530059754,82.62196841941011,-0.002948136665507757
0.01628400282231424,2.0060743331877986,89.37782960765216,-0.015681930515484378
0.0159101428897711,2.010305841090877,84.50576708714655,0.003978116369758708
0.016340983244116005,2.0256915515559273,88.1239514263631,-0.007089309240853457
0.016280665036335896,2.0128170515715014,87.94879259269202,-0.005171856175098733
0.016058630944830978,2.0064376143684113,85.53590548187938,-0.007618413272616972
0.015829874837661413,2.0077617344246588,84.92838739714539,-0.007190770012489112
0.016380444033611836,2.003644845748656,88.93354509401793,-0.009282870424526073
0.015831168542868753,2.007665123990594,86.92948283643764,-0.008803282785996895
0.015435499371961633,2.014666238176319,87.31197164443194,-0.003312958550645205
0.01567907989914863,2.0247431217245313,87.7734421777818,-0.013404807008495164
0.0156358355911338,2.010830207207631,84.2933059220278,-0.01911907576551896
0.01590012343089745,2.0075588583882076,86.23615983088638,-0.012487801787408668
0.01599956553162871,2.019703819735885,85.43371944852437,-0.006979544424201328
0.01613340338041308,2.0139473202139553,87.69103876597899,-0.009950245944880585
0.016250129209607396,2.044827145771846,88.29027127109644,-0.005465824255802534
0.015648825217126135,2.002014832489274,85.81485584145824,-0.008633265629202802
0.01599416716449518,2.011779172729045,87.44273541001581,-0.010817857993968392
0.01640176384811949,2.010265613070998,89.72829435970006,-0.004246542931080597
0.01608698904926112,2.0035757076755556,88.30327792665817,-0.0026981237360990847
0.01567305348151376,2.00351898930279,88.06559129188398,-0.007035935966300532
0.01571137433117726,2.002067742693076,88.29550633772031,-0.005133764359618493
0.01584191818647728,2.001188665547721,86.29708512306479,-0.005766473555025999
0.016528514634777478,2.064775150777888,85.53879916735028,-0.01550180349592689
0.015656770290447944,2.0034638778972433,85.42852652290571,-0.003441873215791708
0.015424616817363183,2.0053608255140047,84.27053088477595,-0.01119123570695877
0.01577875407346446,2.001439363224548,88.9520754827758,-0.010561265380781164
0.016176578633488727,2.0038055745311727,85.67285907791883,-0.004655823814724666
0.016072258189356,2.017046571645801,89.78591824978965,-0.0051829698107835435
0.015870890650180075,2.0029117915797823,87.7423140697239,-0.004940863823860994
0.01608530646589813,2.014774073073442,88.76697879289745,-0.011792060687813102
0.015986910852392896,2.032285710646161,87.72103436530857,-0.007254984880573754
0.016063680978242602,2.0052092014266116,83.52983794053839,-0.006095550697613121
0.01609545481709298,2.0042136931818186,89.17615579805603,-0.011833902835614666
0.015965690780199063,2.025870423044684,84.64484067826271,-0.008231520263924793
0.016235137110344362,2.021985566663882,88.76058722243538,-0.0067704430839367405
0.016455639207084483,2.008283378647289,89.19792341028727,-0.014902633061130752
0.01644560350605016,2.0159772572482346,82.43742556975397,-0.008104418703416293
0.015595359145178091,2.003539535247284,87.13447320071887,-0.006572286291675106
0.01676813123225031,2.0057551627249617,89.70131110433275,-0.008935389254687209
0.015341434725448314,2.0011496798317774,88.07740803677694,-0.015675902482412036
0.015788104172711342,2.0014757687780302,86.91599383418038,-0.0014582564268585674
0.015359066576033921,2.0231317921809318,87.03931815531489,-0.017875822713106126
0.015976495752455053,2.01473000746939,85.70671295393763,-0.015454157552624147
0.01620340718000253,2.004723165791262,86.54158008025388,-0.017585615055713405
0.016126563810616366,2.024346039269745,84.7610091827629,-0.003418739056620705
0.016585576897624743,2.0266787214498665,89.40107963616605,-0.01758120541628077
0.016294553215548655,2.041294292391986,87.20795256927659,-0.006119614326459799
0.015755868883043454,2.003761757996343,85.17497821292163,-0.010601311448983339
0.01591128573451592,2.013342053298341,87.50265496617605,-0.01384435424922275
0.01604359993447934,2.008959204706636,88.2126825402113,-0.002586362998427813
0.016230053036623275,2.003146354020754,88.5696454449539,-0.004058494180306155
0.015515331361268304,2.001024795091279,87.79658913117737,-0.006080746476155526
0.015685839611687093,2.0017902530160683,88.17927541379514,-0.004552169927190183
0.01584609819030097,2.00032156919561,86.30678867990166,-0.006181111016858264
0.016284449516032223,2.0478364493262915,86.44594952376308,-0.010675210520072233
0.016008172251937687,2.026910715940951,86.5109935630197,-0.008697792980025749
0.015742144736829385,2.0264007659034657,83.96918365670298,-0.007494017811697704
0.015927357999924417,2.005993697669045,89.01804934996905,-0.011084794109859127
0.016316794369716753,2.0041569132643122,87.16651546244694,-0.006947672508327793
0.01589835479110348,2.0083308342714488,89.69359539640189,-0.0018915331006953183
0.016132295674388047,2.0198320384152355,87.72997166081683,-0.0068909346443068896
0.016194694284195288,2.017012260026872,87.13833852914323,-0.005893644282394581
0.016042461743152173,2.0288654879786034,88.24445927245415,-0.012667185113562211
0.015923170755875224,2.0080949636687526,84.25046857570823,-0.0057848614176850815
0.016228941072494542,2.0035016045990783,89.89476556597955,-0.010808455119651766
0.0156471629575155,2.018172376671125,83.11613865798084,-0.005005888779054571
0.016139905042967497,2.0280859821279114,87.52095504298973,-0.0049802438764762185
0.016254764559324363,2.0070137307603755,85.4082805926999,-0.012439224717380591
0.016183198545140814,2.0116357655292703,83.79100137157751,-0.00855461849511564
0.015204870316478644,2.0025096215093443,83.84584577721344,-0.006357915644183226
0.01637854745806948,2.006038399805169,89.10485658579557,-0.006639751313593447
0.015299552869718845,2.0006729922752,88.6661721370397,-0.017118722700391213
0.015708361263701284,2.005472234932576,87.41526771091434,-0.0031796283643914357
0.0156547310336577,2.0155127774120127,87.99430316908278,-0.016255920150619753
0.016475854236088723,2.0146353643053914,86.47709169947726,-0.0146662762144666
0.016079161018499898,2.003832709555949,85.12893881369708,-0.016033170878098538
0.015626234864528993,2.0130110498411025,88.68229603037828,-0.004948737078276325
0.016377526695721626,2.0205344749858787,88.82811720225294,-0.012651240741047306
0.01635664060355092,2.0383291682646196,87.17951400823665,-0.00783686429579936
0.016021724507195613,2.0113604509213716,85.02136672394998,-0.02257678243887036
0.016074569422118698,2.0405616111092177,87.29130891640605,-0.012328348884339283
0.016044732277071753,2.0168985871180563,89.28006705163897,4.234480757407677e-05
0.016268423270805847,2.0001058285988806,89.91385781685639,-0.005096452958046031
0.015579732586445322,2.0005411207751904,88.01798643837155,-0.007610743214606864
0.015640219932369158,2.0002643235095743,87.78230883799134,-0.004808084907254248
0.016041636896476395,2.001446879121431,86.20103324003676,-0.01022392608173521
0.01598686148238038,2.034288835458566,87.97693695968547,-0.01200410730436225
0.015982694659416936,2.02608894847244,86.7751887466848,-0.007412622355818825
0.01535377119668928,2.0282873558453236,85.41806534908268,-0.005389394384186872
0.015650814682818603,2.0040616735276906,87.34226724152938,-0.01973873361507121
0.016314175981241394,2.0007242383840205,86.82237220434094,-0.008702906052246603
0.01577971897398856,2.0322319572940257,89.58262210096522,-0.00210994110504285
0.01635477418187036,2.0044585921170794,86.98073049020545,-0.012092665538017883
0.01637418401154422,2.0050128058765764,86.18517233315764,-0.0004560914719251505
0.01634994205503406,2.0285252215506517,88.95196121638895,-0.014162954953324427
0.0165555336183451,2.000617775503995,83.80842731972065,-0.00852772789552354
0.016228941072494542,2.0035016045990783,89.89476556597955,-0.010808455119651766
0.015780470741297035,2.0051592213900706,86.37406328043194,-0.005198746342369607
0.016139386702623867,2.027538256585899,88.94410049818804,-0.004807830278112869
0.015894968224202194,2.0034341645903693,86.01885524846648,-0.008407844819334315
0.015930214686640583,2.0232284109629566,86.5692606733804,-0.006612942772166328
0.01539383513355852,2.0008113839399284,84.9257951396668,-0.00040454804198311774
0.01660644783794536,2.005150569053142,89.53723196636298,-0.0034823501605307002
0.015584966905548728,2.014327081010345,88.86311254679438,-0.0057823739116770485
0.015874767451682745,2.0061556886274228,86.97543553585871,-0.006045215273503699
0.015676233876317495,2.02222179690361,86.32153084044552,-0.015831087151099113
0.01638367541236202,2.0100352468942306,87.7310350311947,-0.010965479365696067
0.01599385744771458,2.008832397848785,85.94194204235558,-0.010776600111841741
0.015706717048233593,2.01006248249276,88.29007095345705,-0.004555612393834292
0.01662714397040286,2.0046224679049183,87.7138067200444,-0.022591795628922433
0.016407140711360613,2.039698165855204,85.50109742549569,-0.005617958600673566
0.016257464412222325,2.002508093146725,85.04423446892682,-0.021732959645715855
0.015570784400476234,2.022016280265891,88.47857341060507,-0.008410573695957362
0.01643828382716879,2.0313301366195637,88.06415461026903,0.003924736216617305
0.016268423270805847,2.0001058285988806,89.91385781685639,-0.005096452958046031
0.01557383378412881,2.0007470476054645,87.98826016359426,-0.007669855365189603
0.01583149740878664,2.0067370842022925,86.14220734441422,-0.005899166284107597
0.01622571292534307,2.0017242460449,86.3872835118089,-0.010839013751767716
0.016190854897786624,2.093350671530778,89.39449348570466,-0.009639176359280903
0.01575962767020717,2.0374864733716502,86.25367562021532,-0.006485378511683864
0.015786690686714653,2.023913806673576,85.84781568644775,-0.008413242819901705
0.015216843307911924,2.01273555912686,86.35196645914289,-0.0067451401731226
0.01632442704198297,2.00086279533967,86.12971363845656,-0.009510944950453105
0.015815293035765267,2.017845789822188,89.89450072378737,-0.006438098353670568
0.01636545457027546,2.001609039258058,87.88866591468232,-0.01050361284222709
0.01532317531432264,2.0080194988318354,85.15846919822413,-0.0016602943162635948
0.016227162401562554,2.0371882542186115,89.92650459877123,-0.014345806792526995
0.016261885230047044,2.012655619554558,82.25954969000283,-0.008630333762625286
0.016330554378628605,2.0010979884195397,89.99069377013825,-0.011200016453908935
0.015920329287205433,2.0010752309429796,83.66566826621943,-0.005191023196328124
0.01636067780924688,2.0467099001183984,87.43772730670113,-0.005118786133240143
0.015821373188017438,2.010030816752792,84.73979382117687,-0.007317757828554049
0.01670526012731443,2.0510099543536606,88.57064635236927,-0.004822472411848179
0.015355453515402217,2.000427808622577,86.26392542139324,-0.003966434931015081
0.016308364303640816,2.0196288695535043,88.6902988337133,-0.002446472175591057
0.016041475821240117,2.0006261685238336,83.6233587258491,-0.008633387959171691
0.015552265660194058,2.003857371210232,87.01776748487886,-0.0022726307786079935
0.015959287015265305,2.017995718103458,87.49249300014031,-0.015065459046894068
0.01674143176725599,2.009827102242633,88.4316348835088,-0.014024157415160277
0.015992694961754206,2.0100748026846142,86.37010187057446,-0.010663071539707395
0.015669127725619177,2.005669955977047,89.08790990746324,-0.0033153631636266574
0.016633841098533525,2.005090617004192,88.77378220621188,-0.014524249155311966
0.016123174086945424,2.0173582363285623,86.99870436658834,-0.005966571809849775
0.01647512955503686,2.0031637728658036,87.66861723817095,-0.01727914349715462
0.015321377379030532,2.0266203379655297,88.48989988846657,-0.007692995422826461
0.01620510249820743,2.0228818501524195,85.76423064243025,-0.00047496481876169215
0.016113813834822587,2.0035383228085797,88.12444059737246,-0.00586467716020698
0.015555660685818198,2.0040476016944866,87.58609356680672,-0.011964464345076536
0.0158522161649152,2.018894719675655,85.70622711514996,-0.005138099326057532
0.01635406206789438,2.0004834042523756,86.93849479404925,-0.014693988002983646
0.016051519909263623,2.055269869284412,86.4153625366507,-0.013942089619123728
0.01593978812211154,2.036589933055832,87.0578939993197,-0.00788514537591895
0.01594763794227012,2.012527601095642,87.32141273011307,-0.008279605955045743
0.01509723439986062,2.0024925439758774,86.2707599008689,-0.0060588898019486356
0.015873568508765125,2.000426819793442,86.06685351139555,-0.006675561123488683
0.015862418933665735,2.0191928387476907,89.7610270556942,-0.006122513151818985
0.016614648574215712,2.0010498075102015,87.63064795446684,-0.012482361853622337
0.01579399169535214,2.0084272855567984,85.79905968494113,-0.005585795005487211
0.015677341623559597,2.0258771838077103,88.2807239835002,-0.009275211435657885
0.015827419172290465,2.0129252075466106,86.82382425021315,-0.008031916258255976
0.01611543249481417,2.0026633874312663,89.10698564927547,-0.009331838627179956
0.016249278736542624,2.012247218467966,83.17077838924752,-0.0060989438578962375
0.015734181404227644,2.0296337795718595,87.36058590693946,-0.006209697804100551
0.01617116451584674,2.0158596859405544,85.46139588942899,-0.017370577359805607
0.016365732449489793,2.0258005970154955,88.05778403983292,-0.004270061784019594
0.015463306650531625,2.0088741318600016,86.34522383058115,-0.0047520958935421305
0.015406550272026984,2.003532504075207,88.78015912622777,0.0018848811811535034
0.015979284124855185,2.00202034538858,83.1067145693994,-0.007707385695404187
0.015596754331429354,2.0167181321064773,87.7156009323623,-0.010130976087089884
0.015820597364968457,2.0120787704474616,86.72355654432604,-0.014387032342612639
0.01642874387983249,2.005992418784193,89.2700223327096,-0.008788559747356355
0.015903386968121627,2.0031527626087664,85.31244929703024,-0.009070062954664993
0.015755013822417927,2.0106258932105514,88.43458860163754,-0.005533757278389841
0.016167812432723125,2.008391439397989,86.97356253525258,-0.01039510220715991
0.016336321293178045,2.042002271054281,89.04133549453469,-0.006051403473518766
0.01601818367741244,2.0214292400029876,89.4881569675093,-0.017373964011500386
0.015353006376222259,2.0306444461745987,89.72910126032843,-0.006592312837811503
0.01611709542992739,2.0149300748165695,86.69288639130056,-0.004062513193963176
0.01581036882601758,2.0038053750660803,87.97604299924664,-0.006977011959040411
0.01557660687602646,2.007385572413494,87.74014455199506,-0.012552549367039634
0.01560157258374563,2.0229825798763152,82.14353980341215,-0.004437557005289117
0.016326234659685197,2.002036141930128,86.9282771396374,-0.014386012365119147
0.016101178590146686,2.0330384363737943,88.3226549301258,-0.007597184379834296
0.01647264699859781,2.024383238527424,88.8732351515262,-0.0030363109216923192
0.016317849683191183,2.0176445527452884,87.69156496940452,-0.012880444978733767
0.015086443960672977,2.003442534142244,87.98989546827798,-0.006396848998883044
0.0157704899130619,2.0030656601512757,85.95102002136215,-0.0064451338042946504
0.015793761189888397,2.0184627587951045,89.61516469791906,-0.005876909049282553
0.016439088357760444,2.0049466099912596,88.85503025321329,-0.01154829464259242
0.016103666472281737,2.00556744974152,85.6461511207261,-0.004288832007824575
0.015008173867442215,2.0509689477970396,89.65067784047274,-0.004807421674013183
0.016336798453593718,2.0281246147397978,84.31116638769944,-0.014131299088100877
0.015472703060332013,2.004623863521174,89.66459032357076,-0.0024291647356193633
0.016115312543778876,2.0163048163367656,85.15231872551891,-0.006613393664826078
0.016017839979288327,2.046958203969423,88.95005138029696,-0.009813010468608108
0.015873605731503534,2.023641031785275,84.95659689816583,-0.017151960987011154
0.016045852662006324,2.0267386109155097,87.71737514785384,-0.004091943796772307
0.015041659756306855,2.015716309279348,88.80872690024995,-0.0026420201212163565
0.015270761680984,2.007557774494579,89.33890309314067,0.0005123185779804468
0.01585207116363182,2.0024520155318912,83.87515556641063,-0.006332236140264202
0.015393374243157636,2.0223495978976005,87.99955662630228,-0.010660249303995664
0.015890994894470423,2.016388867598144,86.59446884330508,-0.013761871199143162
0.016302102454811233,2.0063459655696017,87.40234287460885,-0.008619195875113408
0.01634774325608927,2.0049575764635894,85.01960971638873,-0.007567976859498472
0.01609716819356619,2.0079175177375053,89.21906100543843,-0.005285732509585056
0.01606241277398491,2.00755666722999,87.94968101144454,-0.01003357467962785
0.016519975331016217,2.0562603324206337,89.9033998507296,-0.00519174444055588
0.01604107321695402,2.0054442123647176,89.27932197068951,-0.016890308328746516
0.015603351494905528,2.0354740708283345,89.9831791120643,-0.006173196427309973
0.01603799610329036,2.0186802126503465,87.71862526170216,-0.007836159209989597
0.01529918209160846,2.000946654597262,88.56953887624005,-0.004865891716790424
0.015365415092243186,2.005857651621874,88.07733947830816,-0.006501793746291222
0.01583759573709504,2.021784259465803,86.06652114324267,-0.008231615931000172
0.016523950214888027,2.0035939319461447,86.82851566051554,-0.014940323643552907
0.016112981832436663,2.0312995143066734,87.82711923681018,-0.004014876850049043
0.01616894570993942,2.0184430340953856,87.84085463850352,-0.004212627220094918
0.015913708952861292,2.033247466542105,89.02405786646841,-0.010189006830894062
0.015515902882946297,2.010385880794786,89.31940390660662,-0.005248725908217258
0.015991669346491665,2.0025170367152794,85.26118202497726,-0.006422812514774662
0.015800053836944605,2.018316609630574,89.98054863510815,-0.004954919946952795
0.016346592204987874,2.0087164958036574,89.62332616124469,-0.010582782151190942
0.015948445400540016,2.0087529198892184,86.83908893184733,-0.00387380063119893
0.015388255992951396,2.0312194327176223,85.8744357565583,-0.005025861137497404
0.016491917118800638,2.015828183492742,83.23710836957522,-0.008739414180547807
0.015583141797436799,2.0113288638907574,89.57430298788174,-0.0042760560527047055
0.016234330852902226,2.014321123737386,84.9280667115567,-0.007886501155070015
0.016124600169522628,2.045104158839713,89.1161761274042,-0.002683009795787547
0.015801579047750345,2.016781724314576,87.22482777038992,-0.01205619109286541
0.016552934394211544,2.0226803507299826,87.469376883951,-0.012925859637183562
0.016079917180526294,2.027127434318738,86.1734957870433,-0.009704960627308296
0.015559932865130558,2.0093979952725096,87.4668864901038,-0.004742921618172157
0.015816926102761954,2.0116153051184806,83.924851788776,-0.0044079639833734235
0.015738359249286033,2.0164708826614675,88.7394424950841,-0.016953703209303825
0.015574689281952363,2.0121609275176047,89.11192531555308,-0.007335497414030014
0.01597414003417756,2.00939878500978,87.0701099082071,-0.011324698777408104
0.016270337685546952,2.0079692041583623,85.17478075569147,-0.008244659189121251
0.016168644606419973,2.0064091716222676,89.55979309248596,-0.004274611622574169
0.01634014666704494,2.003571416995867,88.55769081178852,-0.010646252206020723
0.016355487723272857,2.027063640300419,86.23704753008565,-0.010821185341534438
0.01601643059581721,2.008749311694362,89.34009412884728,-0.01509009164476354
0.015636554784897252,2.0198548216305006,89.48079692219788,-0.005738654191036908
0.015713474162900982,2.0341202706605563,87.93140851357302,-0.01612839445305644
0.01547068734900012,2.0021461739977915,88.11604506940927,-0.007002486477475109
0.015365415092243186,2.005857651621874,88.07733947830816,-0.006501793746291222
0.016393773593693664,2.002649492275124,86.80894850682454,-0.013239471128717787
0.016426736270218897,2.002866449671787,87.83519203935617,-0.01135676718832851
0.016287397280945155,2.031293236286672,88.34887138134401,-0.006229063999355703
0.016571999750004004,2.017315117871306,87.95282706646597,-0.004338905970134998
0.015857767329298125,2.0239023769825835,89.98205213955025,-0.012984408719408046
0.015720370198366786,2.0199039000475896,88.1625108198736,-0.0062886213751714125
0.01602443988668591,2.000724655473829,84.74283841115769,-0.006415237482120162
0.015771998158161552,2.0156012568041515,89.97981775163609,-0.0010516254380664811
0.01616846269385371,2.0125684776971413,89.65328801950317,-0.006975189092979663
0.015834257062856027,2.0026531215382626,87.67660307774737,-0.0030038684995742243
0.015454512143851198,2.026677450365843,84.8493742007203,-0.007027036572085309
0.01619053125720794,2.0157031349972483,86.92085689785591,-0.0073998636920177075
0.015606193328489823,2.0141200364117924,89.34655731343429,-0.001878629233378228
0.01628647985534973,2.012643863531706,83.29228269840821,-0.0058482434498317365
0.015798457811677238,2.049235958622995,88.87810462521952,-0.00695760110779536
0.016045392073850393,2.0206426391374035,88.38625533726248,-0.006373476580679178
0.01612899997439818,2.0161325445600684,89.57624315957791,-0.014544732331905789
0.016381788246807596,2.047252866364061,83.78092914291783,-0.010547370457414766
0.015498240243319342,2.0004561692569176,85.68238172605055,-0.0037602604871788954
0.015751619986303284,2.0147311937394967,84.15088389463445,-0.004942753768486265
0.0160524993422855,2.012329028347695,88.86642328798168,-0.01647444019137982
0.015645700360874083,2.0043785671457512,88.05031793610527,-0.005451604132044402
0.015699295696518973,2.002558460363761,87.72092659270686,-0.014800751598525369
0.01609762542449342,2.0043795728394658,84.12826080496596,-0.00728190220687551
0.01620997600892251,2.0064051156187257,89.85986847800002,-0.0030366080366098507
0.01655429246160508,2.000295179210181,87.75209856130998,-0.01551082570125484
0.016120281453680444,2.027071794064503,88.11199731083273,-0.009687431023533442
0.015598316621856087,2.006901811937579,88.1279163195929,-0.011008183205800373
0.01569973029928936,2.0260863692094664,89.13664354451869,-0.006422198064447112
0.01536895976171604,2.0281281887453595,84.44064800786094,-0.008345844936359825
0.015320063759158184,2.000154480899001,86.97381289108554,-0.007532796437298329
0.015208674599282058,2.0091867410353026,89.24318223542024,-0.004685622163040869
0.016245230989270377,2.0083341622358515,88.5830393140908,-0.013878625482928042
0.016498326654121882,2.0007105418639473,87.65205040505037,-0.012522881741003454
0.01645198889924366,2.031937258768866,88.40970422625719,-0.0030252675303744266
0.01635055814154284,2.012790580445289,87.41410252484165,-0.00257789715812111
0.015739126030127944,2.0159945836968687,89.20345558324482,-0.01030928518912074
0.015746241996695616,2.0501399059704664,87.53126757091827,-0.004958356466268927
0.016233194480981327,2.000078645083357,83.68310903053045,-0.008001278764495735
0.016048008289247438,2.0153385856517594,89.29199123042137,-0.00395705134523725
0.01658220102248285,2.014177459294655,89.5724017854708,-0.0071887332668400285
0.016029282045476403,2.003887251075706,88.3660487281462,-0.0016770338242084618
0.01584529292866184,2.014998776207051,84.54567264079735,-0.006795371282145149
0.01619902213630873,2.009379369773887,87.19267565763379,-0.003929276937257325
0.015404616585876883,2.008200004434243,89.91780002905173,-0.000891655198938227
0.015926357123585585,2.0084378939187366,85.92091829287149,-0.0051093693515648405
0.015509159148776774,2.031874747838099,88.46336068469871,-0.0033097452595031275
0.015573271250697138,2.004162722390354,88.39804235335588,-0.017609513384077315
0.01599224946074109,2.012612682134028,89.80628358190458,-0.012817314030987691
0.01579591956042014,2.0332329077146993,84.56445352435475,-0.008596891171037197
0.01555590946983002,2.000562407458736,86.69644517261824,-0.0025415545427908146
0.01570711393816046,2.017362980497867,85.94428045460518,-0.006596892063412022
0.016271519353792525,2.001976877819542,86.29242918063915,-0.014118406660053092
0.01588613997729649,2.0009203306689054,86.24166011034359,-0.007241722340167408
0.01608134344350897,2.008698350925229,89.00193375696672,-0.018397872514891094
0.01620595854108913,2.003260348434496,83.33695438433908,-0.005661879748456639
0.016069610440389213,2.006226695613554,89.48857397997872,-0.006721268035274062
0.01655429246160508,2.000295179210181,87.75209856130998,-0.01551082570125484
0.016070299684164454,2.0241724205160554,88.66716284371479,-0.011451445172899434
0.015871268277101145,2.0090921660066754,86.08452856520108,-0.013663640086072265
0.015398377131193498,2.012649271206575,89.5143632293617,-0.005526124338884407
0.014935030345523136,2.0155455884020888,85.37222248887349,-0.007486682101878846
0.015396049590236273,2.0037829948742307,89.41267134991062,-0.003302376842597877
0.015234005314045562,2.0103309740951563,89.02523448389276,-0.011587443805974798
0.016400624085936,2.000150551365782,87.91627244841453,-0.01401415384703093
0.016535421481090096,2.0035381491127096,88.36218829221124,-0.015224264648949645
0.0164470633715073,2.029802127488298,88.68686825724095,-0.00317085026654288
0.01591109396261075,2.007051505174678,89.1939901306535,-0.002427314159694289
0.015442066342514616,2.0121410205730257,89.35766728314219,-0.011083698443245825
0.016261761609911003,2.0443617525219047,86.23785664861704,-0.006938405002035886
0.01587262794560394,2.0104250082211186,86.62319439378665,-0.00738894818697446
0.015823592606160144,2.013125656428779,89.15058758074962,-0.00421005430027413
0.01613587422189034,2.012163776456839,88.57611974082018,-0.0020812971720365146
0.01592991110794247,2.0050788963540502,87.13492847291492,-0.005780530588399068
0.015752814076759714,2.022162092770125,84.17181657312517,-0.005873131670425382
0.01653362176367554,2.000467290370818,89.17332566327217,-0.004409168613351477
0.015417327228808063,2.008537722844311,89.92222796369639,-0.000909034308509889
0.015713293273593606,2.000171866082839,85.07335455596365,-0.005274917557396751
0.014919856787551478,2.033973709538919,87.51816853822243,-0.0038676808505453608
0.015838017069980132,2.0009433504234564,88.75583479357772,-0.017784661086980524
0.016007567650028393,2.01202376426525,89.76344190791062,-0.012303360641225506
0.015988030270093125,2.016871592271075,83.93726133116634,-0.007463938779125179
0.01549741751747244,2.0009569176562465,87.10920574337284,-0.0017215332204627877
0.016447263613761125,2.0241875226427903,84.08267467552875,-0.006044849464533645
0.016149246903742157,2.0016053801472213,88.59355639890454,-0.021070144817689
0.015565677670729847,2.0068463210299634,84.83801720896824,-0.003956178231127049
0.015412608252079693,2.010773312640184,87.75271797584138,-0.014968676847918295
0.016090890826656663,2.0047244063184433,86.92918764565977,-0.004570361244799419
0.015846011268771835,2.008572975311486,89.81858362274221,-0.006364259256064601
0.01633440276875457,2.001728022979868,87.61776617176915,-0.012645959862166961
0.015848397637780422,2.0264731897556194,89.2961300422793,-0.017425975952789424
0.01611098531473633,2.0070018542227652,83.76167518857348,-0.010936023244985736
0.015396934323517816,2.0128647860224604,89.52108043361747,-0.005288683006576313
0.015216122230135127,2.0056889877555952,87.64764671689723,-0.007297629701224037
0.015446239090593825,2.0026291963966534,88.64093450556453,-0.00501134607736279
0.015465476318697376,2.0026265431017274,89.20197305050704,-0.016568566617389167
0.016400624085936,2.000150551365782,87.91627244841453,-0.01401415384703093
0.016422418535496655,2.0021927170485756,87.88276949605445,-0.014925791335404549
0.016209417907660627,2.0467312062186913,89.45721531916631,-0.00290999516458384
0.016309147840486107,2.001429733787195,88.68892934908577,-0.006787734490794614
0.015593587877270408,2.021844781340022,87.88149074647347,-0.011437260507785992
0.016201308016355637,2.0423698572044633,85.45564515943869,-0.006542096569609208
0.016178403724287867,2.002687614592867,86.4552491952253,-0.009188549849956653
0.015796199023826143,2.0090449943858038,89.48836280652547,-0.005108214036524818
0.016183048976370656,2.0093050080084724,86.968607628074,-0.004995454122477186
0.016438448401765057,2.002275562173373,85.89937242480109,-0.006077169248773398
0.015793200867957855,2.014809640078235,82.96834676610304,-0.010328892841334331
0.0162383094359261,2.006166460108109,89.48109233446577,-0.006402449840392693
0.01561005241398045,2.0069330349895917,89.69674253915329,-0.00682287339974344
0.01587495996935007,2.0026848051085717,85.81637878018817,-0.005780404549584813
0.015827765212294183,2.0360331627724197,88.03590801068444,-0.0036099730566731187
0.01575543129905398,2.0052935248484407,88.79757993327974,-0.015112113150342416
0.01617412738908188,2.0081464344823936,89.75056251481215,-0.015610027093477623
0.01591210967301226,2.015991814786323,86.60642656188577,-0.007287738977027779
0.01634683395310298,2.000528172625338,84.61763646043366,-0.009105089520524893
0.01626293348283797,2.0161350473024253,86.77461569375863,-0.007501720210461409
0.015962849041173652,2.0068558976584745,89.34009246554976,-0.02162658744183362
0.015812318672581364,2.004289937654304,85.5397318953837,-0.006438745936090936
0.015331487928582644,2.0101552508185887,87.90571722926366,-0.017545075790286958
0.016012833629939653,2.0052111596567213,86.66283689605937,-0.0007284754158093532
0.01579322443230944,2.008469129930791,89.8882738498613,-0.005030029416348579
0.016488671667188134,2.0087600908165753,87.19822035155445,-0.011024827167708445
0.015971310254073764,2.0367664978107016,88.50540357328826,-0.01379672439134223
0.01552877966027013,2.0122646480594355,88.27894137037376,-0.008784715045538006
0.015611029940841955,2.024247547637571,88.17478142106104,-0.006075414709825876
0.015137777991294225,2.002211918494491,87.74836955844462,-0.007823139631246652
0.01572024850582377,2.0014643777887007,88.0875396005115,-0.0056480291946796254
0.015498809805232045,2.016107206103756,88.9151917359637,-0.010484096589617367
0.016410340390332116,2.00007087967741,87.95747120188382,-0.014091090556176234
0.016432983436528152,2.009271901134516,87.06053346970423,-0.01772070054057633
0.016198051256207772,2.0318483005028454,89.1705004361175,-0.0034447763907650385
0.016243915898871822,2.0017222805267876,89.91379561368295,-0.006554235741036757
0.016138407350989564,2.0161899469931877,88.11442324851986,-0.010614788484591773
0.015849027729723162,2.0457876274725275,86.28499774581564,-0.005278108530162066
0.016448097786302185,2.0038463429550415,85.99238222670789,-0.004001523328073914
0.016138228025929804,2.0096265324648352,89.24466684788722,-0.006888296903028552
0.016476486245335722,2.005461028921477,85.7095786193487,-0.004705875957851685
0.016211598063262157,2.0089097769816795,87.02791555344984,-0.011119823118138812
0.015954709670165455,2.0073092295889055,84.96765875996945,-0.005751316089320331
0.016311972460425112,2.004208952792315,89.65832050789146,-0.005004910670737838
0.015670013269766803,2.004347718876861,89.87090719435895,-0.004869022521946171
0.015746334415888512,2.0016129276157386,86.5212008123275,-0.004188084428909828
0.015556940575824824,2.0305240766724384,88.74254821191806,-0.004548665122129754
0.016199117927481573,2.000675348047767,88.71411283115523,-0.01614757498292349
0.016192018707783466,2.0078680948652994,89.52706825808777,-0.014992663047277095
0.015519037368736964,2.021382619780273,88.3068401771178,-0.006041621939436676
0.01599853515664378,2.0007406614721854,82.31860754626521,-0.007729554265410015
0.01612169747704653,2.017352737294609,88.7653946367789,-0.007873999573664893
0.01587435175748093,2.010613222828441,88.68207266018098,-0.016783853349004108
0.01574800528575742,2.0041477052877537,85.50262424252266,-0.00826189147569277
0.016030206909310053,2.010935317200454,88.02142555028337,-0.01320122031845815
0.016748216648666676,2.0107479057414666,88.7157753420503,-0.006538781681744713
0.015937439351232104,2.0027615578085283,89.82856983184145,-0.007742831702173554
0.01647330622984854,2.0083797254415923,87.10391275427226,-0.010864545950098992
0.015974625366528303,2.0284048460789768,87.73895450635499,-0.009729977737526607
0.0155187857980878,2.0015973487780454,89.97412690715115,-0.012387019474276352
0.015669950283592207,2.0282038111439076,88.13486513010587,-0.007803950788371815
0.015122661475340747,2.001820298845848,87.78766665516832,-0.007922912179683727
0.015313135697100811,2.0007000311006977,88.88067125673173,-0.003918521427474423
0.015463870699953522,2.0188744887506735,89.66470929609063,-0.007489832338412429
0.016435797258217574,2.003154846722168,88.00824985617596,-0.01335744592953778
0.015876707941327093,2.0258751205399825,87.24138705886703,-0.014561808432660783
0.016074902604756094,2.026794024852388,89.36562102004054,-0.0062266402240922815
0.016255708179068216,2.0013574028651155,89.95064702964933,-0.0064656927375942195
0.016543275464953558,2.0188357529305168,87.89052662801073,-0.010378485220924008
0.015980849842743387,2.035357852561879,83.78923103519833,-0.006811987641823716
0.01610405194220648,2.0127468419303667,85.98623977044836,-0.007541278987162064
0.016209412194488765,2.005864876208375,88.66591024787616,-0.00638801828675512
0.015932059538541887,2.0126947102508126,87.94174809967399,-0.006059567028891764
0.01607959479119446,2.0017701234586007,86.53643895972897,-0.010852441377903522
0.0157025634864449,2.002733649095872,85.49849355747142,-0.004454005101509909
0.016441557880565547,2.004737927034759,89.74230406655013,-0.0034138922747786148
0.015917193171055215,2.005928088607253,87.04551111327793,-0.0072658336578471
0.015870690547087046,2.0002775877696686,87.46431208537295,-0.00316263403014533
0.0156784426974924,2.0271912574423223,88.87328675868685,-0.004997943559735888
0.016515623174362948,2.0011185052742864,87.05843708167578,-0.01523729316143006
0.01637914462822903,2.009213201519913,89.47392248790473,-0.014723625506695575
0.015463231094968107,2.008030515401741,88.88936888875145,-0.0055368297914374885
0.01608079991922328,2.0055576640784696,83.91014318282829,-0.005995545697956686
0.016454188775779238,2.0176601767884788,88.83134159848987,-0.0014960353621409645
0.015806429744459432,2.0197860840327295,88.85760441245206,-0.011881988276112549
0.015737862911803926,2.002698876138129,85.0675086619144,-0.006721357015566571
0.015364429100601377,2.021967292968429,88.39967956954534,-0.0028940042167398955
0.016670156976793218,2.0092875531542815,89.33948916029189,-0.004480315621063614
0.016353659672246695,2.000975589916274,89.01421966328812,-0.009671319250982626
0.01622953605049563,2.0014727566303967,87.74702564874356,-0.012756234063896272
0.015809275747332933,2.0730107276211656,85.10017840523629,-0.008040055222498116
0.015629635705301726,2.0099103564510186,89.47822440293719,-0.012909135375838087
0.015522509573982591,2.0257474834209668,89.36338628393919,-0.009001151747665572
0.015824067100426317,2.0075825246715815,88.51944640244312,-0.006057841325586788
0.015211435266061816,2.0017056944890594,89.55788921374868,-0.0015177757584004699
0.015667758908644486,2.0128827583469344,89.15958192556818,-0.006595418882847855
0.016797237981992858,2.00114640596182,89.58063102173138,-0.013585346070142074
0.016357955590518093,2.013337897765548,88.67805469789107,-0.006247421459258521
0.016184326715534728,2.0307356299884507,89.82031587248068,-0.003809320512411266
0.016254916472295433,2.0077989208040523,89.77281850756206,-0.005827977552443959
0.016260426763059214,2.026213369921574,87.19395849202054,-0.005802711069585894
0.015881185454410855,2.0408721821331657,84.59897950679655,-0.006487179221294488
0.015714033189849735,2.000345123319638,84.18253947118241,-0.003993968729032073
0.01619869302100106,2.012835168484852,88.80193116983659,-0.006404133799094632
0.01608497763425623,2.0200068266279643,86.68517410275103,-0.0019028906890351384
0.01602102144958234,2.0030158595497185,86.96195954385837,-0.009409254563305292
0.015726596842579006,2.0042272398039787,86.53290506540324,-0.0029947917229815203
0.016350660573832946,2.0026784036706298,89.45408687938504,-0.005324339036960019
0.015624063388347608,2.0015780120880264,86.0435044059581,-0.006018059726838988
0.015870690547087046,2.0002775877696686,87.46431208537295,-0.00316263403014533
0.01659932924974741,2.008444563866694,86.17418817574146,-0.009183265851066437
0.016391056081837333,2.0008586711542455,87.01899613837332,-0.012865752841094948
0.016474677385018486,2.007009825517755,89.47476622470776,-0.015484372423890036
0.015214197341649046,2.0097091218231853,89.96833979475483,-0.00489573431712732
0.0162068693059839,2.007159355988098,83.59684390651705,-0.006426121644412172
0.01580413138650249,2.0322397518025497,88.82216919078722,-0.0027632048578435536
0.01561651725033747,2.0339504543892675,89.77291101893887,-0.0091907955963085
0.015621824495779818,2.002664052364053,83.30364133701988,-0.006280272248874397
0.015885643889175766,2.0150624764605802,89.11936600616437,-0.005558378124900517
0.01705446985932526,2.013895869762173,88.32755230571442,-0.0050625966048179535
0.016370274490803947,2.0021494620099123,87.37369545792758,-0.006501851392589795
0.01623192298266786,2.0020645587439536,87.93667810749186,-0.012107743579552426
0.01630366894214833,2.0557929255389618,87.73906236049892,-0.007645009924636933
0.015395751108535359,2.0107755248630688,87.79423718709,-0.013159089044592467
0.015630763580944385,2.0245165119875486,89.24403919296472,-0.006531246943184112
0.01570130861848584,2.00491826402422,86.53957266639816,-0.008500048979766955
0.01562374004353199,2.020321547740523,86.86153038027793,-0.005617059947652742
0.015412732506942316,2.012621065226396,88.21024667828787,-0.00580491861250692
0.016166497233356274,2.0039293567738037,89.52636320230438,-0.009993599445629338
0.01647700859385047,2.0087670482484405,88.3677669829465,-0.007581915601644737
0.015223833168897217,2.0251288936692795,89.67703348197054,-0.004752344350195845
0.016194221043799063,2.0072003967898824,89.41401497128082,-0.005846265675808959
0.016005372599226044,2.0286979238095584,85.90088278703138,-0.005320160071616028
0.015636144037621248,2.0202604535218054,87.78425914613565,-0.005882936881397947
0.015851027228462215,2.000696221864349,83.20883907913569,-0.0024230911277457095
0.015618253133620507,2.007930368148564,88.87843025224839,-0.01140446963096179
0.016377083061728977,2.0055038808382606,86.75985982224509,-0.008295240234565304
0.01594995070155873,2.002324678292747,86.75927812104703,-0.007944189836798144
0.015317149521685681,2.0044588600432305,87.45555097209424,-0.005490198672495147
0.016383511834174865,2.0020084441966985,89.46694281195673,-0.005003265271632376
0.015788262053763404,2.0015684634210946,86.49356084316506,-0.007031809957470333
0.015942547481056855,2.0002255603509487,87.31062147091968,-0.004450159095096608
0.016129777695601442,2.00992845005823,87.63857856743185,-0.008184457815382943
0.015690628329065457,2.0039216128081345,88.28091968003858,-0.012680122606040269
0.016494984915350945,2.0070328860967046,89.26270134128318,-0.014953970078300703
0.015364529275067573,2.008103240527128,89.12651665228374,-0.0051969460316567285
0.01639843869021807,2.005952203363566,85.22984414539462,-0.006865558327326679
0.015961322035090354,2.026118736412457,89.3359861317628,-0.005500500051620916
0.0156912319575772,2.0234156872222924,88.61842146767329,-0.008019372262555505
0.015432786494977844,2.025017078374482,85.36973441490717,-0.004898712160069891
0.01545898982551054,2.021218283426067,89.42774434584588,-0.0026549339756332703
0.016874210060499124,2.0122024841202015,87.68582735133839,-0.00518711441246336
0.01626998570459673,2.0078471600456407,88.38760861421832,-0.005330161271643909
0.01607859293266971,2.0020761110141003,88.76766688821303,-0.012071025579247524
0.016215870187077704,2.0855461492021803,87.31051614936781,-0.005912754607585104
0.015179352821128382,2.009225110845319,89.18021518139155,-0.009848941989607484
0.01576180585313891,2.037176421766844,89.85891971462786,-0.0060672603293052884
0.015579525978289948,2.0027781238811446,85.9951091011099,-0.009228748902963036
0.015473479830104402,2.022237878114039,88.69669489436885,-0.007449879563541885
0.01512138048668365,2.000163652750886,87.74870038835061,-0.006048176403774999
0.01634716844915349,2.0011925806678734,89.55937160341004,-0.013044118397299428
0.01640606939432187,2.0028744365184115,86.54812955903354,-0.006846993848501572
0.015931720246849756,2.0146369961888064,88.92843865774704,-0.005676670856471455
0.0161141133335075,2.01646066406345,87.93058308951368,-0.00518753592514127
0.016335277161634736,2.011164342290449,84.89483605230143,-0.004782175833200971
0.015508182111079134,2.054369017717681,88.71598299582804,-0.008415016686870077
0.015515124487620897,2.005145659527546,84.08113670062903,-0.004476798839402756
0.015384019747245336,2.0089730198167204,89.53759771538452,-0.012288968846940834
0.016188220203191474,2.006155670027313,85.27338538628607,-0.010324063508470548
0.015924271343948648,2.0018207482027113,86.64079100775743,-0.00730585836374553
0.01537924233198634,2.0092181314273505,87.62645986465277,-0.006738456744551266
0.01597419091758371,2.016885151478997,89.90624230633541,-0.00622855645903684
0.01630442468728183,2.0078451445299694,84.68006494851093,-0.005425951939955653
0.01590136549889863,2.003334111016039,87.39767968913225,-0.004246172976128526
0.016155390883249854,2.008838258118643,86.459186115734,-0.002340274637430525
0.015805648689697038,2.0058411045725424,88.29727621839623,-0.015932460432853728
0.01639688287959145,2.010713593782457,89.17755851716959,-0.01592324645880996
0.015509155043482901,2.0055231999806744,87.6237563517698,-0.006870509998789392
0.016477548741607128,2.00782964020529,85.8963116543048,-0.006443164805772685
0.015827394486017703,2.023802386785936,88.74753051371894,-0.011506264588530688
0.015079668206806243,2.0212569783494176,88.66734774889804,-0.011093614128571874
0.015390435122974047,2.0219842494769296,85.81142581284661,-0.00669141429087444
0.015261669858871075,2.018023916259798,89.97593369005315,0.00023696814000884192
0.01679041746352036,2.005054413180939,86.8701946694406,-0.006610961708379613
0.01665588040473092,2.0002496337960936,87.21669522375551,-0.003209557498851566
0.016257759421871555,2.001222152415982,88.97402201776178,-0.013310155451744164
0.01611774665911538,2.11187512987007,88.29987644514419,-0.008264608196748145
0.015051754813819082,2.0084599148595688,89.90865719263002,-0.007797067651384657
0.01578208593938113,2.035651970972827,89.95966654844749,-0.005813007673091306
0.015769958243818945,2.0024071265893273,85.64780135886234,-0.008698614783738033
0.015678962668258658,2.01883344912285,89.48505161499627,-0.0107918579815375
0.015563020459761209,2.003510947378064,87.53511710607535,-0.007061970481375645
0.015802189340002087,2.013195855723007,87.84441163448923,-0.013755101132042858
0.015926240244981456,2.0033465431106925,88.2973901695564,-0.010649118157637564
0.016304867105266862,2.0031321598793004,89.77372977581527,-0.0020076531198831883
0.016273887370713325,2.0076110234184363,88.93177331875977,-0.007225869659871718
0.01619332607784311,2.0036699075481232,85.82854566117004,-0.004402660664643674
0.015660820569070182,2.0355246053515876,88.5354878650202,-0.007866557490464476
0.015493828700116672,2.001706327611307,84.56916881025501,-0.0067709702830184
0.015578220931571424,2.006119257711289,87.35176022199784,-0.015475647110599568
0.016360443308901466,2.009553409139624,87.11091395097701,-0.01390364808771861
0.01544629610750076,2.005759361236324,87.77888175710004,-0.007402588973646472
0.015879796434934413,2.0119682384175563,86.01866682274189,-0.0002997410520471505
0.015694639389968647,2.0187234714435114,89.67706802274466,-0.008168901900965843
0.015782692301555865,2.009373793299891,84.12042758686944,-0.009793972732232072
0.016035461507028878,2.0077498730724956,89.42228015178134,-0.0014892906749097538
0.01598406434325571,2.00554702724141,86.15412239727053,-0.003226079705827084
0.015858787199717235,2.0048263879549033,88.76705495797707,-0.021388608106231655
0.01614326671097729,2.012989787095845,89.34636159853,-0.015932364922970364
0.016136080469279064,2.001987470454112,85.85348453263063,-0.005477579955420094
0.01610361387607633,2.0154404258628245,86.73324183790173,-0.004370658235933574
0.015737552134879807,2.052831706447348,89.07510224865477,-0.016980948022613282
0.015109922789437558,2.031601783597145,88.76329212235935,-0.009177216655455591
0.015212627985338456,2.020570978592338,87.64226326564216,-0.006413429301361847
0.015541197232612587,2.0147414893977595,89.48874033522848,-0.004142942837321423
0.016486074519145716,2.0080752691054413,89.78155907142738,-0.01369510276399799
0.016390979155159992,2.0028282703580436,87.30247426025186,-0.006160787295988056
0.016212977846762382,2.0005721754249643,89.4218308823104,-0.016433124984579814
0.01618606013058643,2.0780266318511162,88.06074620650988,-0.009265278140158375
0.015526758461491137,2.011743680038244,87.21735905318785,-0.009444787908749122
0.015574757888575916,2.0156836277520127,87.57907598210748,-0.004725255993278558
0.015740313560860544,2.0022923578467635,85.79336186241012,-0.008056983301446599
0.015283483955398063,2.022404925451664,89.26526257549617,-0.015750905861415466
0.015428194812508294,2.001083996929927,87.32591872060335,-0.001301464430246686
0.01629381626240112,2.006719525015478,87.01397930469481,-0.014511960744420722
0.015945123715577516,2.0000518754010894,88.87710448975119,-0.015643135753456123
0.016130499422989216,2.008931478672218,88.54433340295284,-0.007337915415568966
0.016223050471452533,2.0087304737072875,88.92382585480928,-0.005213925415655081
0.01598039167452432,2.011564224058311,83.10738366624612,-0.004812775467989756
0.01528472505641192,2.0059679850121053,88.24755051797433,-0.0094847643100084
0.015950104509102905,2.0082089231744855,88.62215466032924,-0.013801078671230869
0.015634498054786467,2.018865482014058,88.4313964824095,-0.00572812572170479
0.016641782083746448,2.0163818151185198,86.24963292671868,-0.011475361806414043
0.015216111576313472,2.0026982085022116,89.06519227454409,-0.0070464955724537015
0.016092417705399244,2.01201988336717,86.49397240573508,-0.0032452385390013636
0.016020029477432814,2.0124586772743234,87.43442710348083,-0.007274093519588471
0.015824702569682048,2.015458230930721,83.5728855351418,-0.007044349022006928
0.016179360942688008,2.003134534701262,88.1360623908336,0.0013021916853154453
0.01571692880702619,2.002421548168427,87.15564426701727,-0.005939880249057813
0.015693655825273926,2.0031193223096735,85.1352746190956,-0.0126270209128077
0.016183276742369752,2.011570182045104,89.05227846279966,-0.016752125883834578
0.016147491957903076,2.011972703085336,86.89235750777866,-0.005790016783752537
0.01611068868812833,2.0360646995761913,89.21289964819759,-0.0055234850615112395
0.015378220701484554,2.0756565562211646,87.8741043832179,-0.006636863405286523
0.0153096989316703,2.0220000863378966,87.88596488567862,-0.00835182943201512
0.016089594440567744,2.0094034769491356,87.33365619349644,-0.00608230234056189
0.015757379068564132,2.0116801754852456,89.45020854308565,-0.00578142864582578
0.016282253811343003,2.0074014469846064,88.87954292756918,-0.010641591998362216
0.01636112017486648,2.0029518271008793,87.7862553920856,-0.0056332232480399876
0.016200863905085183,2.00585752435983,88.30300672086278,-0.009755527167134093
0.0159833894624089,2.0339880979508553,87.68327281848971,-0.008758780051271956
0.015414877086893843,2.0049593743376177,86.8718949341367,-0.011119688092215866
0.015644078375813563,2.011890994614881,86.739282226696,-0.006892012610975073
0.015943956169322187,2.0004986729945635,84.18978111566334,-0.0071324546355943244
0.015519385269921467,2.0101109344441053,89.09746248280388,-0.008661392683972731
0.015427734880327875,2.0009652015343162,87.31440947349634,-0.001146442178224182
0.016337112418411855,2.0062945076924885,87.18086068277715,-0.014078364928401973
0.015873555850438516,2.0002183613319144,88.75404955704641,-0.006561586885337693
0.016192877464999294,2.013426751725285,89.8095405337456,-0.008375187167167493
0.01679729744489391,2.0118906028573673,88.21808256435838,-0.00645826279565249
0.015793592593788933,2.028684745382914,85.91290242383685,-0.004167086700224297
0.015549458569705006,2.001967322672082,87.20915404849885,-0.013262169168528237
0.015889926761427094,2.001975896167221,88.86707246594032,-0.01730559524174076
0.015484072261005337,2.027037131779124,87.7104078871442,-0.0033081448945398335
0.01622603307470944,2.009306105396239,87.29193229705488,0.0016390484041832673
0.015481744676372053,2.007801152110773,89.7076305507362,-0.013143890455695825
0.01615946588300401,2.006320678050685,88.00199368178511,-0.0018092626612065243
0.015823413437429542,2.0207659857426137,87.92474322457042,-0.009273082902513082
0.015902714540867977,2.012700209767223,85.9523127534258,-0.009179072918807473
0.016093851300314006,2.001747872464581,89.39047298295108,0.0008377251074144958
0.016255478862801737,2.0005549389629973,85.2389695767656,-0.005043167073228834
0.015908613495956417,2.0129981194355073,82.81988546744326,-0.017037308694658002
0.016173964987255693,2.0107374119662396,89.04303304689158,-0.016707278617976176
0.016047505362552294,2.008078537634232,85.13221036785336,-0.0020594730235490195
0.016353172451657537,2.055508013848203,89.3934027965426,-0.003820204162684732
0.01636115764848475,2.042203173171294,88.83589420002957,-0.004971135966131772
0.015838536550684762,2.0138903320999413,88.2251184224177,-0.007259972221060457
0.015631599430827807,2.011330923880157,87.27546727913139,-0.010231747632286892
0.01614094042820167,2.0137142296736514,88.05465351179124,-0.004538724712757015
0.01642531890640757,2.0093410895165396,89.25849009648249,-0.010103488929820848
0.01596687426953203,2.000234501105207,84.07876289682983,-0.0038382942397480265
0.01613827432212577,2.0191590298862154,89.99658392040239,-0.009230747752407118
0.01641729300063696,2.0404187780683016,87.80505246590671,-0.007092936783831446
0.015276853913363996,2.0056163632041795,86.73867561706052,-0.01276044845486663
0.01614820683904758,2.003297780947637,86.07304430253856,-0.0022431264509752604
0.01604622762127338,2.0025983955768427,86.33334786229618,-0.00981318778949151
0.015689268615994435,2.001360328542164,89.5016142373245,-0.009284484481613998
0.015724079236484435,2.001346884797979,87.77105492452772,0.0004000100525765188
0.01643960627632491,2.0004931890906867,86.70281644910898,-0.014678001041803527
0.015765383574463197,2.0008173811936434,89.12264983042827,-0.007383020922131422
0.016430892016989107,2.01647848892943,89.72006759802485,-0.007832696614049492
0.01673079975806552,2.0267041701989115,87.70473688872697,-0.005780273801873752
0.015713990831762725,2.033176824171045,86.00154047769387,-0.007189877672529108
0.015515999627818067,2.002488911621586,86.04611041726744,-0.0161531429508286
0.016157784446931254,2.013957859090325,89.044846312582,-0.017838374548460458
0.015745381429378855,2.01894596314782,88.89438278553054,-0.00617645332783026
0.016119948014130775,2.005125067362937,88.57635928851813,-0.0014198270996364452
0.015121462675371723,2.010949684723335,89.80591701030265,-0.01539576249027377
0.016155209295728855,2.0051520107374357,89.92904499374966,0.00028666553612580366
0.01554532143690582,2.0157537851633025,86.42992639143793,-0.007976329546146927
0.01615761337326707,2.01090305420268,84.65542692864469,-0.017023413416461755
0.01593116631517187,2.005348722509936,88.83059597001356,-0.005211692902553811
0.016026904971978173,2.0022804245326027,86.22676549609614,-0.008822621260859498
0.016264252877688817,2.012664646450822,82.12269568916618,-0.013704408672391918
0.01608554345431775,2.009971588443835,89.42867467463292,-0.011197165066868915
0.016068709322284613,2.007675437685475,85.18786541503317,-0.0013799830313612565
0.01555511934169915,2.0584816711149188,87.96503194293474,-0.008108275635543815
0.01624704391119724,2.0295984379301717,86.77984024208773,-0.006503963823163104
0.015967687424448148,2.0140057903948603,89.33952530036484,-0.005765444677687187
0.015295073771789989,2.0138394733865805,89.41581734196673,-0.015271380025605583
0.015981533989819476,2.012812898445809,89.40042150450607,-0.0010230646211723772
0.016320479219879,2.0004713852720695,89.47882020614918,-0.00790154457742902
0.015966248482607394,2.000512615744426,84.26963272674466,-0.0043116042835481885
0.0160674276852451,2.0180374547867825,89.63649495501957,-0.010199392269297346
0.016292937387381815,2.0224008624124505,89.68262407176466,-0.0067895690724447295
0.015203924990554462,2.0031555797968057,86.59761929935354,-0.01328434794062005
0.015813849270032234,2.009958729436168,86.28363337945801,-0.005555461613085399
0.015932891422145858,2.0052437815343365,82.52327996274491,-0.008934628935735458
0.015689705418268453,2.00070860139149,89.5582399486662,-0.009383292324449313
0.015392646481954372,2.000130449054072,88.41321461295455,-0.00677477739758031
0.016187124486485488,2.00127091578136,88.19724112340678,-0.014043030385238187
0.015783259678483295,2.0007437044089067,88.54524335697565,-0.007096688873120597
0.016437304511818192,2.0116610109923454,89.90262604824923,-0.00754054344482664
0.016133616134274675,2.02401674171594,88.37954317922217,-0.00458005745501683
0.015994155830298423,2.027103347751519,86.8470193105739,-0.00523059509128435
0.01529477042090835,2.0032897461502484,86.74668074924014,-0.017469012977711796
0.0156396454023427,2.009257394157327,88.38468598708353,-0.0157903583839306
0.015393769789669096,2.02527657488153,89.42996361970205,-0.005495026449002351
0.015886425434506506,2.002017091339467,88.74955576157693,-0.0010904190061527229
0.015281341478105613,2.0081583144020354,89.15956276081829,-0.012222564553481616
0.016167956717580586,2.005960648541186,89.89235345100536,-0.0005005878731074963
0.016072017155209756,2.0167497468811058,88.08274953069655,-0.006314743252092063
0.016052230827462412,2.014625751936773,85.08064528259902,-0.015435695137370859
0.015984988628836013,2.0205825646284765,88.1340994044962,-0.001666137335514135
0.01568226321590924,2.0005681468951204,88.1798573845862,-0.011584924056397225
0.016338018249032915,2.0143305639087066,81.13708153311339,-0.0137370336125076
0.016048600027309123,2.008005535353677,88.63413579237167,-0.009783897359412227
0.015683196591105394,2.0016913690898877,84.2848462442765,-0.005611231174314964
0.01575441481974875,2.0529430923924137,87.75571941196395,-0.007728638251011823
0.016182031967786115,2.021799335310727,87.87772789293122,-0.004091913273536257
0.015954847445075113,2.0146098344182013,89.23788572823096,-0.006949796983399492
0.01532691585359674,2.0147311158281274,89.09034338236833,-0.015565334393456256
0.015903108976013894,2.004342043382158,89.73083088574577,-0.0006960592811164979
0.016238685546428572,2.001088970044032,89.18395847613088,-0.00744372559131406
0.015692664519467308,2.0061520619216817,86.42677892328946,-0.01151488034648811
0.016059506784641103,2.0207883057450826,89.76166388750643,-0.01039010931799954
0.01634166291425339,2.0246580746788467,89.67659859403771,-0.007551210518838323
0.015308822251650835,2.0021351222847095,86.68186498703632,-0.015010896396345848
0.015830063765578318,2.0354994071489143,84.53454080904774,-0.0014673056205579803
0.016051009657577962,2.0023548880880413,86.09283385909755,-0.009895844769556664
0.015710403027349804,2.0007124412295703,89.46032226636238,-0.009829381592617328
0.015442947076769265,2.001021394232075,88.53134255388262,-0.006538690910979297
0.01646422564435365,2.00162588508377,89.87576018722025,-0.009355235687954096
0.015872508421556825,2.003529533308583,87.87992895599425,-0.005216295370883596
0.016485943179991924,2.011552855572923,89.92830664188081,-0.007277954620483971
0.01597540947315515,2.0278259174326836,87.21144505040826,-0.004459884602944141
0.016249165355466316,2.0289052623715254,87.32464357037091,-0.010136528930766525
0.015731887065176496,2.00263805218428,85.92251214210756,-0.015174706147005643
0.015642877416716026,2.0072562921119292,88.45467033707958,-0.013194263956819996
0.0156955979029203,2.015385437381089,88.44815357960795,-0.008520694662777356
0.01570326500419074,2.003496606568332,88.60788858527238,-0.004012415378919203
0.015185987053103152,2.0076807850139913,89.20516713160774,-0.013116007886207742
0.015951479383856073,2.0010215272436054,89.23907748739167,-0.004855824175983911
0.016151465278949128,2.022067841018371,88.90505523289548,0.001891707539850903
0.015494174161978996,2.022523199087018,87.11190256322996,-0.014676737969644856
0.015720254134892635,2.021233194717846,87.61456032732914,-0.0026941273856446383
0.015769563149529212,2.0003816446610965,89.89413345185278,-0.006501048208572091
0.016181612496089084,2.00633808458991,85.11859142965663,-0.01011873859574091
0.01593847742405505,2.008294717355279,89.37609933010246,-0.010522347973414569
0.015661382808764047,2.0005812943267727,84.20313345080211,-0.005505234689505057
0.015789303652719112,2.0443268754659636,87.86537080899056,-0.008045863291073293
0.01605252953622712,2.010825458566545,87.66380589795023,0.0010861124242510182
0.015685925696259942,2.02097044947814,88.98466916723503,-0.0054198335461407045
0.015483280372284892,2.0160582502614073,88.6549740357588,-0.0125459291822912
0.015903108976013894,2.004342043382158,89.73083088574577,-0.0006960592811164979
0.01702656183669277,2.0001145342103257,89.03295062856547,-0.007144847828674265
0.01578127129759758,2.004822279362713,89.09623896769654,-0.014029268183885623
0.016120339325812243,2.0101414655233554,89.40927392668628,-0.013128648452569003
0.016416636708378094,2.034930650418381,89.37225481689211,-0.0069608358550601905
0.015440938854130115,2.0003240037261234,85.67566475829699,-0.01524374727242627
0.015668576770488392,2.023107394080172,86.66593073938027,-0.009615109247994812
0.01643859756656375,2.005998080535927,86.4520240219783,-0.006231932016154953
0.01563227112893041,2.000186962603895,89.84665031385859,-0.008380805389405808
0.015668075436561787,2.002019355486165,88.96243811616782,-0.005480652483206
0.016130553177931696,2.00459172665156,89.35609905056005,-0.007623157771718863
0.016030700612575374,2.004775468915556,86.94281422043365,-0.010665740594987776
0.016476659353611724,2.0091052087636045,88.54304107625872,-0.012406459276815395
0.015714717194220372,2.014433977813366,88.3199888594893,-0.006927792836764989
0.016285473714738197,2.034421910648151,85.32947126080647,-0.014146604161473897
0.015630808193241832,2.007760087179761,88.05320691529583,-0.009573694642331385
0.015929942802807538,2.0150234555426882,88.5941060130013,-0.01686221241567822
0.016266012068128166,2.015458218036804,89.32606907208066,-0.01203066780380828
0.01572624150558117,2.0057316427118757,88.59888693932027,-0.007330749018945134
0.015738806691383233,2.0048423304580756,88.87716613715978,-0.010874084245549002
0.01617646853675925,2.0002811925399118,89.46595360306685,-0.00459401298052853
0.016375286951133702,2.0144244336201864,89.74775313581006,-0.003952891464417709
0.015800244128630646,2.0155034489825945,88.47380320965594,-0.012298362577580485
0.01588980643918414,2.01471302904208,88.7890445101911,-0.0024721369453750315
0.01568121890145328,2.019863907652577,88.98096741380166,-0.003988165436374876
0.015917716037355787,2.0118828975927157,82.41766752077318,-0.00880705836571825
0.015724683922212285,2.0104447926461773,87.89057664861687,-0.017695829919701252
0.016171693457619808,2.002349408511035,88.79853129848334,-0.0005072442649298858
0.015913731891868985,2.0164814637073634,87.77732583529368,-0.008641824164947756
0.01610451521514572,2.0089152176570892,86.73443177199528,0.0011023188068438041
0.016036178515862254,2.0106385527971313,88.14532619871756,-0.010681416297140972
0.015515798095452175,2.018683227531822,87.99449596639106,-0.003357825963960356
0.01591200069140874,2.0040334847615617,89.5478836444737,-0.005460780680105894
0.016042257179221472,2.0116919823816772,88.32263472790625,-0.00803014432256349
0.01588907901488638,2.0011941142489125,89.3585052167183,-0.017093054044734025
0.01599973066548723,2.0006207494605275,89.51144170415184,-0.015891986776408004
0.0165870965989151,2.045744341873599,89.87028406656952,-0.005598606361879194
0.015652700253950692,2.0042152114208784,86.93365817151692,-0.014700086074192771
0.0159682018154463,2.0117291974611007,88.62806491273437,-0.013486843530024606
0.016343040993636673,2.0042025267777337,86.99337896958423,-0.004265183358580514
0.01588053844728,2.0082462212390397,88.87004282600515,-0.005476686903645927
0.01560487362668918,2.002288579055208,88.89166167106984,-0.005240424125250281
0.01641702543465447,2.0062307218441555,89.75953984643506,-0.008638629767679169
0.016727907540437664,2.004212831831256,87.69906287508778,-0.01492653831386177
0.01625207594493064,2.000078391021921,89.04561258919799,-0.0101091947247251
0.015732493106705252,2.016704535925853,88.19556476408509,-0.004488775347235481
0.016243351110788482,2.01636336136056,86.55375817796488,-0.016668724332886437
0.015612126427503625,2.0121002273041033,87.1771647426064,-0.012535365631941879
0.015997849641372387,2.015684540323947,88.32670236078668,-0.014816229667474356
0.016132444804480867,2.0045670710587657,88.90782883087687,-0.01461593615764251
0.015261471275233444,2.008011608056855,88.88924936273436,-0.00937987520724207
0.015547320464819022,2.0136399456078906,87.75881990171158,-0.01744456988533845
0.016165277036815404,2.001133999083746,89.5029770924837,-0.005224569103594694
0.016348289705212803,2.0116888584426498,89.40694457989402,-0.005212317349346886
0.015847589620936502,2.008890481051036,89.28185575828284,-0.025403559813943304
0.015887723320332375,2.0190068511961248,88.59619299022776,0.0006722835692759299
0.0156915859482542,2.0273412224398957,89.52538726615497,-0.002429956313221517
0.01588841509393915,2.005460937079715,82.97610767142646,-0.007433903530128986
0.015500420040379534,2.0089142501629187,87.40583206523576,-0.013863576230972806
0.016154867015291393,2.000591027567433,88.8039448318858,-0.0014542352759236367
0.015970723482630077,2.0139136222181806,88.96106454763274,-0.0009065674362845819
0.015656497626378676,2.00756097488817,87.14553770820848,-0.003751909737187766
0.015876735462713266,2.010904672530379,88.09139717626009,-0.007083608858548577
0.01562645800747862,2.0245802701679847,88.51687528939085,-0.004842471049528379
0.01573712231275438,2.006781300460969,89.63709265015129,-0.00646655568479135
0.016245492719622764,2.0194381157318584,86.78723266717445,-0.007333926733588984
0.015853373480495946,2.002418686355114,88.76506365309254,-0.015309600790295742
0.016004507513169716,2.000006292621859,89.76181766370796,-0.01775931027479251
0.01605818360700429,2.031107031410657,86.90352974419913,-0.008098213295931885
0.015875686197479786,2.0066845218568874,86.742891950502,-0.008227504747974798
0.015871541804394994,2.0039274735886234,88.57895809794377,-0.016714904253838033
0.016453285255053778,2.0006008582387356,86.11863483032316,-0.0016162540358993782
0.015867232523729964,2.0079828483680693,89.11931305822269,-0.004369933058288167
0.01531314160810762,2.0071686364700803,87.50922546258758,0.00027889628286742463
0.016452008424414268,2.0081205517512455,89.54192014459576,-0.010973946378892908
0.015988899512274286,2.0071567142659603,86.56467450169094,-0.012264431073395584
0.016160112055958388,2.00092493648523,88.82685848713291,-0.011113571183680044
0.015652890669513028,2.014751690258967,89.77220915178086,-0.005094844531156789
0.015912193745755053,2.010884052007571,87.4547304258779,-0.014395861874414183
0.015195754083783389,2.0126626989024716,86.65603190694,-0.009779245209115793
0.016016738255948203,2.012852237125337,86.29582743889485,-0.010724034517898724
0.01671698669940566,2.003477919416974,87.38158825894406,-0.011234618048239796
0.015391886229581894,2.0179695722573365,89.32591966876507,-0.004987691047027797
0.015355490877426867,2.0215474777029385,88.08950752776273,-0.02133301584882897
0.01590259725813995,2.0020028211468497,89.57632540960338,-0.01053470788981981
0.01614931577517466,2.019407172930232,89.79109813943876,-0.006816960795407605
0.015877009227113912,2.010247930427553,88.29485178308461,-0.01218748959249771
0.015976369451791886,2.014490727616575,87.59458969459256,-0.004900095043428865
0.015776847768244836,2.021642758234009,89.42392056717897,-0.0038080100214544638
0.01591811658651181,2.0053503479302393,81.66936736703833,-0.0069858210583303776
0.015700025658164515,2.0075746059369086,87.53014084104336,-0.01155377901575452
0.01617357566990989,2.0017100626131814,88.90629969057062,-0.0025525040274055905
0.015849795685961957,2.0099609879526215,88.99481692212044,-0.0069057532323623045
0.01601919434480315,2.004023698305672,87.26334095745584,-0.00868358118629562
0.015307493731560321,2.003892872350686,89.09739850789171,-0.007572963678535107
0.0160198498875654,2.016689831930526,88.1690936225099,-0.004289616176621939
0.015339445152267024,2.008376080971287,89.88614023874631,-0.008288156168758285
0.016311001176732093,2.0170061068309506,87.15931034693786,-0.0037802224494299357
0.015848789750868793,2.0005781118408703,88.71471775190398,-0.017376524569740755
0.016099119506707883,2.000990065088328,89.48035342984485,-0.01586819816703639
0.016267352783655202,2.045332685492616,86.4477525210416,-0.005802272863795988
0.015859885248946732,2.0009836078000487,85.63875112104263,-0.013407885899672678
0.015621633155408533,2.006465564734246,88.62760071196173,-0.01142917255589342
0.016384679404318175,2.0035860546967768,86.36528652585552,-0.0026330705642104613
0.015593296580302262,2.0130444699388335,89.29999680979576,-0.0017717616622984662
0.015355996371324914,2.0064886277044462,86.54912828884713,-0.005544080258725728
0.01591875258776752,2.0044189112823854,89.48442715905269,-0.009859566300096347
0.01566612532075746,2.0193513557713216,88.50115582454633,-0.013556987879711834
0.01603973836804996,2.0019955686104973,88.70421525091332,-0.014740023255780632
0.01572677508782661,2.0059572197247895,89.3076684917214,-0.006366383663185873
0.015927908094911545,2.001850758446477,88.52388356328156,-0.014874428276958774
0.01569673466021925,2.0082317361447206,88.00648022325396,-0.0048034761357235375
0.016156962930654474,2.018756881753435,86.51384167083243,-0.008852673962313685
0.016465527659040215,2.002717274201662,88.18229790365788,-0.00733731559657306
0.014969932430221277,2.030890508520838,89.70904543995596,-0.006145799859071153
0.015428948151340787,2.0218534479670742,88.08512698145383,-0.018714535317909127
0.016388159468084924,2.0032327841658306,88.43212196315203,-0.012880738462841561
0.0161300605836055,2.023775043134642,89.85857439962611,-0.01195865802040154
0.01546993392331151,2.0159850782289452,87.79897887617085,-0.023849531756890998
0.01616003384596987,2.02020163200989,88.953521194652,-0.0009069550407647779
0.015853441554412866,2.019983561734737,89.92841548717848,-0.003327687157985696
0.016060028959154298,2.007396663993751,85.83437018533776,-0.007729189179867847
0.01521474880243723,2.0068334251795124,87.57015995012281,-0.01529101412203512
0.016307969167617828,2.0006328891530214,88.62648273134376,-0.004963613290203381
0.015987054105995734,2.008228730385371,89.75172001037149,-0.008139989641089284
0.015855199163530218,2.0037470488848905,88.17027294075288,-0.013005824535696073
0.01563619128270452,2.00299587870134,89.0476798041667,-0.0068259557216518146
0.01610654114858291,2.0173221843300206,88.43236810854798,-0.002892626789214506
0.015731396544816232,2.0049266276000046,89.41484041519674,-0.00988205126556127
0.016794970160394,2.0257652436831854,86.87345964529818,-0.005630336508227904
0.01580326439472808,2.005890248441955,88.23573014512158,-0.015782174097763522
0.016044813972722893,2.0023224099987296,89.46520495442273,-0.015163162751611147
0.016137973572728476,2.0237715565550447,87.88848708762166,-0.014133817211604298
0.015800003166640497,2.0002122425663558,84.0272273485386,-0.009796917331452907
0.015440282752444837,2.0056529497043045,89.83917349031552,-0.020119429961722946
0.015922933709138845,2.00609556361554,88.39858467218947,-0.005888006961398177
0.015586169906935898,2.012244501792547,87.82311193076062,-0.0058390783035337165
0.015225518107387061,2.0020816122295373,86.39493251667106,-0.010292179005593028
0.015858492771462264,2.003895629520168,89.9228192894673,-0.007275167001914116
0.015498232861698245,2.021551905715406,89.33706541986339,-0.008408961695696084
0.015787792593588444,2.0149447463732697,89.11356462137435,-0.01110787824763597
0.015783164304171163,2.0058564035311957,89.4746403980215,-0.005900793623606028
0.016127210988564584,2.000914781971863,89.22670876679874,-0.017317229124752323
0.015943891488816062,2.000172896972626,87.27853757321542,-0.004822045858807791
0.016099756305445658,2.026955586913521,84.42986921595653,-0.009548900908295944
0.016204471629210168,2.0020439445906235,87.86286154675855,-0.003186409701223006
0.01539413587122479,2.0223395913169786,88.537393301398,-0.004533712506406353
0.015660493993496772,2.013566116528231,88.002864305734,-0.012119818902178118
0.015988857999448814,2.001878989493567,88.70551632451964,-0.013879510082245583
0.016058075863521704,2.0187446870049093,89.87728011562096,-0.010711779180730038
0.01561979833539411,2.012975310018655,87.48100517272044,-0.016449235101877197
0.015899677682089622,2.0187883629780035,88.5942688158711,-0.005724334065795863
0.015904662203628055,2.0152219508453415,89.69483934866173,-0.004086485918503767
0.016308473118801847,2.0010421951700947,84.70117958580754,-0.012024258234950506
0.015327202755348001,2.0046508635892177,88.79743531566722,-0.014080263027565057
0.016344649953539826,2.001937400849185,89.83408264899597,-0.004216221829223792
0.01612837253999323,2.001284874448407,89.98602912888676,-0.011926645150478107
0.01586700823888246,2.0066206047493966,88.80776117052629,-0.008554987215261954
0.01552443207987448,2.0012071849732704,89.6433003167352,-0.006477032721492952
0.015874129811323794,2.015929030577048,88.36405691590511,-0.008767106937222286
0.015584557498601916,2.010701532684411,89.88898326825924,-0.005532571360315644
0.016373448927859184,2.026230923317905,87.41874491720833,-0.005777045303885206
0.016439595531239803,2.0085534604412145,87.67054881883088,-0.01768301823840875
0.015945040717157462,2.0054070384805844,89.16372952339184,-0.012016914242101457
0.016250822051442012,2.021354410535597,87.88277280742778,-0.010673285920116652
0.015396918740061919,2.005078795567367,86.2071294241138,-0.01445509864659708
0.01555590856471563,2.0047419355187337,89.93576460583508,-0.014698857963362837
0.015745841750731453,2.006638899187757,88.79230687541921,-0.002613505019782662
0.015406794058761596,2.0042251580064874,86.76019406285981,-0.00750378788622002
0.01573583248190485,2.0076490324493337,87.9434062670301,-0.006429108366356944
0.015864302741454932,2.0065535885444765,89.84207743852049,-0.006466242661585029
0.01576095358002085,2.023630804355911,88.99686339481538,-0.009102114600313724
0.015408167142460552,2.0041527914302315,88.29514295833248,-0.011532333665375684
0.015745586377959038,2.0040662950007633,89.79688050328232,-0.00594385900613951
0.016246097756346608,2.0015698688210564,89.65751411157478,-0.014945205369591607
0.015506432337663517,2.0014882270155314,86.61737357717479,-0.006248164104364468
0.015404573777293713,2.0275086845844763,87.23183345072933,-0.007757603763084303
0.016253906637647315,2.002342302594363,88.13959722857888,-0.0049142542547170355
0.015592278037716895,2.0139615493109546,89.29074921952223,-0.005518084101742869
0.015990592821709563,2.0121751156279397,88.04004570969596,-0.010282556569293434
0.01596520933481325,2.004279882800951,88.32081991108808,-0.013196640398314762
0.016117425671629527,2.01537058069233,89.55399712348091,-0.009329177656725932
0.015625036148608405,2.005440584274833,87.8386334891447,-0.017270581441630163
0.01633849721187677,2.0168452473349623,89.8212760837938,-0.006345350794614012
0.015763221114865212,2.0147178690766703,88.66942192889495,-0.006842597797208531
0.01599035537477298,2.007228903754998,87.16025061679085,-0.008094987747882474
0.015493974805142191,2.009523202989961,88.77631030222355,-0.009682111914910254
0.016199456723269733,2.004234552006244,89.69295681727614,-0.0044795032127406195
0.016084272168220497,2.0018496799117425,89.6329254219882,-0.011866205405396218
0.016036111995972484,2.016669244283721,89.36643166466845,-0.006018032264964681
0.015243171313529355,2.000682514752134,89.63966128469279,-0.00696495911288481
0.015942740238497198,2.0189234360212915,87.53572232881046,-0.006087716378233772
0.01612959051567905,2.010778863180298,88.63964486174606,-0.00456529712300689
0.016734633970755995,2.0429832301007096,85.7968408402853,-0.008862397138092488
0.016100688606691987,2.008001696748068,87.32943478968028,-0.012750627809685881
0.016166958735250755,2.0015553020198866,89.68137132273652,-0.015326364086080308
0.0166448879035161,2.0106216293162764,88.10905893423785,-0.011201881893277157
0.015617067950162433,2.011247041978688,87.50401986635427,-0.010080134338510183
0.015753045290857803,2.0093596160599794,87.45965769831875,-0.011931019965027226
0.015765605198574957,2.0049786464423387,89.00553926331587,-0.0019134154979737854
0.015388475668614147,2.0038785540627635,86.45451039728871,-0.005814755977673984
0.016239748888867825,2.0019312890924272,84.87764601951275,-0.008413429633067519
0.01553933338936475,2.00838011842238,89.82839342082904,-0.007803445764369733
0.015473953905343524,2.0510244639525728,89.07809024380187,-0.007418629891969191
0.015365326089757157,2.008138645395314,89.12768020752469,-0.007505621270899205
0.01600799525136878,2.0133642519418804,88.22768104924762,-0.00237030347941781
0.01551608682774796,2.0062817418141323,89.44419648894734,-0.012927069114123698
0.01572707684443559,2.000984405777402,85.6981532199354,-0.005445108525432855
0.015942674432489756,2.0097968490315177,87.64609986859175,-0.007400506860252964
0.016440746067898325,2.001752870194213,88.65234308422002,-0.00550993847353971
0.015784569379737105,2.011651321000702,88.95910135798111,-0.009250719018764002
0.016125053313459044,2.0122078756033837,88.12119781413129,-0.008251663630203035
0.01573688855849916,2.0083260597834123,88.24159577170467,-0.014669050439472819
0.01613032817360967,2.020939688493778,89.33607839686643,-0.014246989425828839
0.01567044507841251,2.0057868905598366,88.0636752142544,-0.016582474563844464
0.016561943806483338,2.006070820185552,89.90353400196545,-0.005958650928675202
0.015833406787816365,2.021187623404524,87.76959903937022,-0.004544356486111353
0.01620252967958323,2.000640561411375,86.6198424340055,-0.005541920916412079
0.015382084435892177,2.022708025840676,89.05921023469392,-0.010220859855922757
0.015878928007957458,2.014644758532725,89.49028357143655,0.00027544883438281997
0.01606929390572192,2.0009279904401565,89.5368444230991,-0.010641138902712684
0.015979943560752923,2.019430429045137,89.45521735907937,-0.0024555161120024534
0.015689000990505592,2.0015037481949562,88.66091697245913,-0.007317626920041884
0.015650215278875907,2.0109489661329345,88.40397611263822,0.0031535370466914646
0.016148963648671348,2.0071789801382183,88.70603146876448,-0.003481284125251262
0.01632703781200944,2.022479312361235,89.01657635851873,-0.0061884599422855685
0.016280284901585243,2.007978857305678,87.14048643859809,-0.013693966637305715
0.016126347899575257,2.006195897869428,89.71085794819771,-0.011801601607798026
0.01663260792908477,2.006404950626042,88.12943163248232,-0.005884719369359413
0.015576029712090668,2.0184323359373804,86.6310357342294,-0.008161123971428454
0.016267905682820608,2.010788940476784,87.44785622157103,-0.008752074658090912
0.015975852974303657,2.0037279508674257,89.10747291433371,-0.0028779322252201604
0.015409266658920312,2.0118938582900494,86.78971522040823,-0.0015279809159132124
0.016065403592727796,2.0002168203833133,86.24594958233621,-0.009755224059800869
0.015747349211600974,2.000626615958617,88.66427060176309,-0.01345633818139783
0.016283262053166308,2.0370514946796403,88.17756151819813,-0.019197369821552075
0.014814898458794044,2.014098775457768,89.8741504874664,-0.0043230242320310966
0.015633734119103765,2.0149650635513967,88.52545721563102,-0.0019624463171253326
0.015315163713287927,2.00710819884812,89.33084122237481,-0.014317151622776875
0.01601399257393673,2.00157266619181,86.5174746533764,-0.005093984256671795
0.015945428798952516,2.0038854569179136,86.33766911624862,-0.00820606931405098
0.01642737655999359,2.0051645529656206,88.55338328192302,-0.009445385292981516
0.015841212745285237,2.0037413230570564,88.39400044094576,-0.013664587529277105
0.01586273430021052,2.0142151876952066,88.67959290004228,-0.007928917979395085
0.015748316470471015,2.0090404717250223,88.07426023318294,-0.016474794572941518
0.016311277279487182,2.0224790309437073,89.69298347917895,-0.016945399322478093
0.01554003119915673,2.0042817198755114,87.57763617372538,-0.027497090589545366
0.016168274304834883,2.0144512114968793,88.90255560806787,-0.005493227649123537
0.016275462987925298,2.0307153820130224,82.81765727953217,-0.004529380364067977
0.016068319913359483,2.0044285715978836,86.9952939061363,-0.008078018862245798
0.01546127278098668,2.0170252891632194,89.83388789888093,-0.0061054114188273
0.0160176718660234,2.0095912115531585,88.57514440956984,-0.006082876418464381
0.015876266318469126,2.0009244463039844,89.0748600709651,-0.012657763811185385
0.015992362150506572,2.0160315473778074,89.91343948207765,-0.00996738308266942
0.015581644164010887,2.0016590222738184,88.56622707908315,-0.0119592848127561
0.015537982254937235,2.0139632513581147,89.0485200881036,-0.0007387694361570361
0.01585489180035194,2.0005569022747456,88.11918601991505,0.006736410899542605
0.016450092618828193,2.0284384158520483,89.56952354337753,-0.006157387939983848
0.016136520546587187,2.006062852578043,87.69861484912144,-0.0146991978796273
0.016130681009381614,2.008127776809903,88.73402601850074,-0.010185404075833918
0.016329664712781918,2.011623758481493,88.40196824040319,-0.005147571273958334
0.015735852551812222,2.023064292111592,85.13449847821568,-0.00853548823863967
0.01576368207030013,2.0291499598308436,87.83055225961047,-0.007128140205025465
0.01568083437243141,2.0035512131139153,89.68444594559924,-0.003587775453274294
0.015665337019374614,2.013838636338806,85.93778525568456,-0.005872542933282697
0.016065403592727796,2.0002168203833133,86.24594958233621,-0.009755224059800869
0.015727709291060803,2.00543222291468,88.52784745452038,-0.011245476922115786
0.01582876574382056,2.026596451163594,88.61613135177348,-0.010163544035339374
0.015061787471285249,2.0112299788493693,89.02640500112544,-0.004435025719004299
0.01607617093676624,2.030317445458597,88.39830173175994,-0.012310349080214514
0.015225847781598098,2.005770795924397,89.00445603907323,-0.010841598457965309
0.015858649593117766,2.002978154228915,86.10623660960178,-0.006766421495089838
0.015742535614055034,2.0042286298873915,86.08150060963578,-0.006828087430607195
0.016440466353364307,2.005442748005767,88.34499528196422,-0.008343496965992174
0.01587745798133137,2.0024316394650774,88.4988808159884,-0.01375432682384967
0.015646865420414394,2.014501842203061,89.6087263539155,-0.006752743158685886
0.016001104710815763,2.0166448440368465,88.76993994307641,-0.0068899573864540506
0.0161015853971543,2.0148845036336445,89.28137528362525,-0.016371818882638084
0.015592705734700828,2.0070316725231345,88.19386111158872,-0.02600467156934026
0.016070488464166952,2.016077178216128,88.82659558113235,-0.0013362568561513374
0.016375976276565462,2.033130958695891,82.63938399379572,-0.003995089788408921
0.0158407989910446,2.0055925561117602,89.48086161862614,-0.010532510164791852
0.01547082173327275,2.0170089769368444,89.89416620003816,-0.006030816844554707
0.01631437301887052,2.002072003518492,88.12040054656295,-0.013517316406196358
0.016021086312064205,2.00194287264867,89.85484908874615,-0.006067324500162324
0.0163229275215922,2.0041268900642506,89.7017036339022,-0.01263752393334792
0.015682400134139417,2.004265508897205,87.80686993195935,-0.013488207713626747
0.015477156956723657,2.0068093175637505,89.67307983453114,0.00021971173957279367
0.015936910898062446,2.0010071112322274,87.64194249592074,-0.0059415826831460475
0.016576016106647936,2.036698783125324,89.9662092208451,-0.007614613223835021
0.016079015810335464,2.0005364444665994,86.53417096507162,-0.015004430327840029
0.016261056652492483,2.015279252360651,88.67357068536917,-0.014969327867940455
0.016210557674125384,2.0074390961493362,88.41337814793944,-0.009161056098518448
0.015562784286688582,2.0230209742161693,86.61053440400008,-0.011230739978379303
0.015899538115939818,2.0273108710829337,86.04217107020402,-0.00670702913819484
0.01566053903608377,2.0064545711566857,88.88748475154686,-0.004945642078748418
0.015718384210263735,2.017411657237602,86.53981999167641,-0.005597168507955624
0.016172487065180506,2.012876782190779,84.95718775419473,-0.007458392049974385
0.015773706993845178,2.0037619569005103,87.80671526075535,-0.011832879151388259
0.016288874119922827,2.0255045973068,86.11333520138476,-0.003442048061507847
0.015709649046006705,2.009092821275153,88.73325906056078,-0.006428814938951255
0.015932439594859973,2.0447668106377694,89.91000465267041,-0.01413703957489915
0.015386531407816838,2.0044732432055916,89.05575426435038,-0.01160648033610889
0.015924893962404114,2.001019260069701,85.45664587488578,-0.007142174831192436
0.01557272410630476,2.0038066944246844,85.46762857884147,-0.005419535308801717
0.016263355994707268,2.001631700212386,86.18491242846531,-0.014123013151231302
0.015828108525163583,2.003727221119982,88.67454845103093,-0.012600691194034501
0.016155517272050914,2.0198065844717257,89.93839240206427,-0.0037313590377026466
0.01636801372316806,2.023898582029264,88.77640451809586,-0.005711748520713603
0.01586353716870088,2.011162530335034,89.30855009335592,-0.008718966213625232
0.015760445686316495,2.0118518111825203,87.80036068617076,-0.022705346700841067
0.016179602357625958,2.0054612463595025,86.23253875468426,-0.0072526415549352494
0.016219573131691964,2.0103109422635757,85.55386036837909,-0.006546595035526942
0.015800063450830893,2.006069604471876,89.51538789201429,-0.010379004870219956
0.015505057749508581,2.013851527794117,89.54331885450749,-0.006220043692370518
0.016323300451465544,2.000250261364015,87.87280222875195,-0.01490563932762019
0.016072634389309573,2.0011843664762283,89.91339959832884,-0.004952011852733623
0.016070778736400868,2.000573959687826,89.45608034379083,-0.010736858748685426
0.015526616607490277,2.006045431126852,89.61210508666366,-0.011498714214655686
0.01543062255358802,2.0056763161934192,89.51225142706626,-0.00032703427796118047
0.01580313868320152,2.0002199565357968,86.49398583814369,-0.003950976082441189
0.01623689542824493,2.0418962906948948,89.89919233922042,-0.0027039151770178616
0.016074660766738875,2.000044113847256,86.39951251076171,-0.01539222047850455
0.015972177772388955,2.0219627456022,86.98278792553013,-0.01733650810852715
0.016485290999001475,2.0128623232346525,88.73013724778362,-0.004988460630583409
0.01562724585585089,2.0108790156541745,88.08597732052216,-0.013405091780332883
0.015776495015586037,2.021511973982891,86.26108572294865,-0.007258278903184501
0.01579877559003294,2.0080794346500492,86.36590958965648,-0.018505108826516674
0.015755019414786842,2.017911067782177,85.07848833656362,-0.008584808674392843
0.01606927111113284,2.0042189955697602,84.83383450397176,-0.005537592843126268
0.015596546291295983,2.006159558284956,86.41359967386143,-0.01669608045001498
0.016335627505508862,2.0190915976058377,86.03470304624801,-0.0021311058153279903
0.015641633239555863,2.0012557233933683,88.14370659186663,-0.0069749139229640985
0.01599215695061762,2.0330557327964702,86.61707747028319,-0.009585897930931243
0.015650039514556825,2.0025744061573176,89.59942691028468,-0.009219450965186927
0.015900178305032302,2.001530646198062,87.32161425237705,-0.005138249254237998
0.0156613145372957,2.006765568344772,86.06658066309645,-0.005550316171772615
0.01641590028380215,2.000917791093311,85.19234941487434,-0.013855610709369585
0.015856828542830506,2.0047594130577147,88.09489776878074,-0.010709365035251677
0.015989517140378558,2.015146423853545,89.49917879805825,-0.005087378961708782
0.016469159334767374,2.025112981929165,87.90313792949021,-0.00779290803706589
0.016143026769881025,2.026961883952106,87.4012074649178,-0.005845400546036496
0.015790162322983314,2.007726681244963,87.70077738267132,-0.017593508981506814
0.016195228195304584,2.017635587886399,86.88778245781077,-0.016603566610264207
0.016511577103699222,2.015215811853163,86.71586920036789,-0.007963477270389438
0.01581166639150062,2.0061980531543577,89.6491009773844,-0.010121739250696676
0.015194081137046041,2.02072237802627,88.64771550903865,-0.0067403392330633305
0.01629923143955056,2.001713381022712,87.62042922626861,-0.013485522201377876
0.01608423465144207,2.002554590388093,88.50438788234173,-0.0042228675731415515
0.016152947438799237,2.0010003138359553,88.35559324166782,-0.00869574963051237
0.015672739964758743,2.0024424963164056,88.41831805684087,-0.011790677840812815
0.015380765385342403,2.0197543908016016,88.41777967071839,-0.0007172400046441662
0.015759784377943616,2.0030458070471173,86.45089219690158,-0.004267260201554175
0.01644796060897519,2.036998845019857,89.42412657751431,-0.005674725645520335
0.01595240494596445,2.005166043803006,88.62925949458273,-0.017614167830079585
0.015856734668531085,2.007138451782024,84.78335099309948,-0.018442925389838268
0.016402056492070317,2.0100277612363615,88.755773569711,-0.00800342845073835
0.01564926684309359,2.009816131585599,87.74420212014454,-0.013687318116312883
0.015973615744379516,2.0076381094272504,85.88951658424918,-0.010990788407852566
0.01622588743311426,2.0070334399158085,88.21804124756032,-0.013471892804051096
0.016155619685675818,2.0137776437030177,85.92264197194994,-0.00921207367334893
0.0158602242665597,2.00290973503118,86.22243444545602,-0.004838904231496759
0.015804596527695617,2.0127148765476415,88.00902145705444,-0.011747007857319986
0.016041846007707337,2.001662630351994,86.75200599303248,-0.008763708828821425
0.01554576929351089,2.0004349267235404,88.10509673910082,-0.006941930350524405
0.016008650849684013,2.0400849672520205,87.29258647652729,-0.010313147710042665
0.0155414914770638,2.0008543396519824,89.3951336404682,-0.010275516851888822
0.015823802242436992,2.0028069144173775,87.11039556215765,-0.004769980918680363
0.01566328557918281,2.0103004624945084,86.96292705960543,-0.006596962284264358
0.016177481654473407,2.0009350258633676,86.7326891011386,-0.01581054426192333
0.01573202684156784,2.0094485616125395,88.18518773309577,-0.010563508602929499
0.01589449107772448,2.011319583158376,89.48227437947136,-0.0058859313440448435
0.015968715259690104,2.0078726877295856,85.08102719845527,-0.010432919861427368
0.016259663371837547,2.033634655775105,88.38187392950161,-0.006862992200313243
0.01594203406131299,2.0055738565599035,87.68600866537399,-0.015387552718841098
0.016416881964552352,2.005987257854732,88.08302686628804,-0.011303703710026654
0.014865217967182305,2.026242093768822,88.41489479502108,-0.004783248390815273
0.015741233766311886,2.0124695582205057,89.76719999170449,-0.01516537359435384
0.015569333222648998,2.01614217184541,88.40833994132038,-0.004415265848454676
0.016415769832611168,2.000133519941101,87.66161535699088,-0.013727820899780724
0.016487480450121172,2.0048249641372813,89.83411144159828,-0.003953836598985106
0.016191777709104377,2.001345691791203,88.9169061295034,-0.008756184553252144
0.015807656628507,2.0079616657753334,87.60157270089474,-0.017125487751746795
0.015490794574853256,2.017664862713756,89.41881019500532,-0.006764808258678343
0.015865470357209994,2.0087687025649354,89.07426506164312,-0.008257377599999002
0.016467117112953664,2.033882574975205,88.75184441911705,-0.007353470484884054
0.015591004674082327,2.0237619021225415,87.65079791228362,-0.012141380798570283
0.015805208462767437,2.0060279789955375,85.20438768069408,-0.017602377995024465
0.016340420467022946,2.0108253453865754,89.65296092131015,-0.005674532341524955
0.015210777537698457,2.008173141150495,88.77514934607831,-0.0180024202004941
0.01584887433576062,2.02479444554891,85.11171845804633,-0.00469414881851282
0.01642490473582097,2.006271505620941,86.91503439537317,-0.01628177798149314
0.016094980485344013,2.000247668581115,86.64334363018231,-0.006128098015412899
0.01597060798940936,2.0051147124772037,86.89198692525399,8.820069635387309e-05
0.01566254774994421,2.0231106779130674,89.89634077557616,-0.016498045603162172
0.015930407095889366,2.002794232814298,87.71946810033535,-0.005406671867268124
0.01560100913191852,2.000906195389425,87.90746860728963,-0.006510405467923184
0.015660431643935064,2.029276333769928,89.41761131618442,-0.015684576390550275
0.015514940094988104,2.002800192247156,88.50278995325762,-0.008887052130075108
0.01587237464343389,2.000505413593768,87.11476402843805,-0.015968756712753617
0.015748889263688757,2.022012359476919,86.98210809595797,-0.0091497119341858
0.015688497319985735,2.0071673455560073,87.94991524478817,-0.011890308122744796
0.015146387029218198,2.024436068812853,88.20591631427634,-0.007931583119862896
0.015887308646252783,2.0234938730821375,89.21531039759245,-0.005159355121696258
0.015823188734483903,2.017002099125305,84.39473868045734,-0.013767518439220014
0.01634083452198424,2.0383448104465227,88.3771512721776,-0.0067267112907052114
0.015927071302636934,2.0098069440256987,86.87963694881715,-0.01168213487539525
0.016439888620436827,2.0008980891622574,87.35631283532294,-0.008937964175399788
0.016060349398069825,2.0249899758992584,87.03782628148154,-0.003508161151074542
0.015587158031270872,2.006935163799812,89.51011675074149,-0.01780829584701064
0.015731068424503246,2.011758658799236,87.2312317975249,-0.0021188887313544134
0.01621223332778909,2.012629505235019,88.62431870716044,-0.014860742996518687
0.016005416839569967,2.011213728480837,89.61548473760627,-0.006428567642214742
0.016090003450768657,2.0032274851918723,89.76749668246285,-0.008771545677985755
0.01591983077370662,2.0281028467830335,85.46944948737853,-0.015128820031307062
0.015820644000225113,2.0120041701486007,88.62689554317244,-0.006412007292150487
0.015229312203026585,2.0136012350071115,89.38809606391582,-0.0076269092022804436
0.01596005198491811,2.0196214448474366,87.37660813396526,-0.006217881502666327
0.015916309669854065,2.0400998757323228,88.21104220715686,-0.0061795336993011535
0.01587627456629304,2.0126748650932473,87.61528785464293,-0.014506629845956978
0.01623115975936289,2.009324713565776,88.88344025158379,-0.004500378962559855
0.015351646548393742,2.009917863058601,88.67094121704062,-0.01460465212981433
0.016068282401154942,2.018684030224296,86.08711378955267,-0.004309123279623143
0.01635307629472442,2.0002349407394897,88.68754230320293,-0.009064828865113714
0.01609423639983025,2.003526198275319,86.54492553157381,-0.005822047063136599
0.015866177782192882,2.009105857986002,87.83746948677701,-0.002791862945451565
0.015669103119281123,2.0244933212486202,89.89760870277078,-0.017907944448933913
0.01591498245422356,2.0017322784539027,87.85626627718514,-0.0039235815605514895
0.015660062855708153,2.0016074117180125,86.44369505419081,-0.006858434304972036
0.015955028026494646,2.0204957276579973,89.5470246723117,-0.011434834101267386
0.015374461462542755,2.00065608853546,89.6102113165623,-0.007944752619977978
0.01581778160312928,2.006030359968685,87.39084159618999,-0.01431017834080018
0.015881091653213688,2.0377029794117867,87.65896284185787,-0.007551820282294526
0.015724822559413855,2.0121050090014996,88.72601604978492,-0.010625467156505187
0.015604791671893568,2.026963238712229,87.7616412018294,-0.008925104971922055
0.015737999937534372,2.0412640107610867,89.2747646159707,-0.0016077307114709116
0.015621445445884967,2.0147669420177983,86.79812993650643,-0.01569993010860577
0.01637815528216772,2.0381832138426246,86.78991871984877,-0.0029869889526536655
0.015741593595708727,2.003966021981746,84.94386214030817,-0.01402844959816522
0.016334740861270007,2.0030202613752714,88.10155781132228,-0.008473784661162836
0.01623706712762033,2.022883897993372,85.31499435904884,-0.006806518985805862
0.015845875864117308,2.0287156260197734,89.42208760709322,-0.005929901972074424
0.0154091312358351,2.015392555938905,87.8183384090836,-0.0025845246272828827
0.01627100359185639,2.0022162119227254,88.62810558727105,-0.015125561881029436
0.01601598186149949,2.010234209215974,89.74344023724457,-0.003917870989426691
0.016090003450768657,2.0032274851918723,89.76749668246285,-0.008771545677985755
0.015390602317996995,2.0296238270579305,87.64420253409074,-0.015760603984553617
0.01553872119327284,2.0058754055821058,88.37289032985049,-0.009080919020886792
0.015798928239506547,2.0225826844712658,88.94557284537032,-0.003662861027269891
0.01600568444448206,2.0143836719766077,88.101345633602,-0.00673506937221444
0.016718726737602274,2.0539775297257505,88.01779527347485,-0.0020251921610648926
0.01617778543391594,2.0037560234738123,85.37281226018223,-0.013499310302989951
0.016615202722987325,2.000694101003714,88.95003246958751,-0.008617905794050343
0.015449266992932486,2.0069005799238466,88.91075301621576,-0.014510521213424686
0.015723442707537474,2.044747982390407,83.39014654801083,-0.008392847242565714
0.016346897262754675,2.0008306599927304,88.59516040172214,-0.00885110705707925
0.01581159837013251,2.006729216009303,87.34607108834392,-0.005827817660909472
0.015847190070058463,2.002638519309149,85.975553774137,-0.004954500016421845
0.016009111057467943,2.013111815036642,89.56237761985835,-0.014045448082651525
0.015792579649362225,2.0050248904324146,87.12567097230938,0.0003792161494672562
0.015031109550201238,2.002721490466276,85.57735221742404,-0.004326726577366604
0.016017504166564972,2.0239594639493372,89.99817537223069,-0.012131486714425344
0.01519725511225293,2.0124484770068762,89.60241308240464,-0.0036805278988710655
0.015800942060003462,2.005122556458236,86.50269154269066,-0.009118696015193876
0.0162142932003668,2.0304151282229426,88.49312514494198,-0.00625291623379813
0.015631167441792163,2.0113730473211118,89.45440589729931,-0.00909180580494023
0.016625197418570527,2.0091235409646417,88.2598434231211,-0.017253544796160106
0.015539434189342269,2.0446901845570653,88.26085439596416,0.002695053228290431
0.015630438272692764,2.021634277537045,88.33850764303514,8.480850077442932e-05
0.016436888319813336,2.0279595498239185,87.94672914201705,-0.0015300669771374398
0.015681362796748,2.003043596052885,84.46188264278696,-0.014274837762316337
0.016035184498602518,2.0023290296071403,89.85733336673732,-0.013042758219300806
0.016383117277781325,2.022914596500911,86.1547398993945,-0.007270234735415663
0.01593571939753506,2.0273771052240708,88.62823422898637,-0.008247938461554187
0.015806216590458354,2.00989020027647,87.50992509463354,-0.008911812594780306
0.016585534437453107,2.0065856104799074,89.36931726606326,-0.012397483321075793
0.016125755969300142,2.002057546399855,88.25362581000044,-0.007382825493629586
0.01607535303084889,2.0030835926078137,89.8573979468803,-0.00816947610305918
0.01560990991087445,2.01527649273571,87.0097869086583,-0.015038556809395528
0.01585063882152793,2.025140273577563,88.09799970216035,-0.015664627693709035
0.015402590202083215,2.0096790209897897,88.39282817366932,-0.0031432869065093293
0.015612011870490888,2.03019435377274,89.93500482922944,-0.005228467552574387
0.015996549477758738,2.021671308732453,88.68400680710695,-0.005670419683825706
0.015824038698367522,2.0009506497950986,82.9810954527857,-0.010481131080083896
0.016450772182257514,2.002979610598944,88.99671328695443,-0.009961891880117
0.015479705699070312,2.0096090583769897,88.89435464465905,-0.011062490807858004
0.015661039264538715,2.021400803390221,87.21370125761193,-0.0076375446141975405
0.016468470204483367,2.0019568327792356,88.9445193829091,-0.009767280515411182
0.0157831310725466,2.0029639217177624,87.52525943678363,-0.0024171606104311273
0.015642359098015732,2.0020404975866604,86.20977944133583,-0.00451815663667952
0.016026422188696893,2.0057351884071237,88.43004785516732,-0.019258109761839018
0.015916264218634197,2.003466617547974,87.41146165720905,0.001513656268286704
0.015282748665094876,2.0055687953489447,85.26734478748045,-0.006027219795672096
0.01607738751308007,2.019996863958861,89.7716842459027,-0.011392603735903515
0.015848654719245892,2.00803224739838,88.94403131671488,-0.005627434521304124
0.015897934429633536,2.001456104386009,85.64031803958954,-0.003713430299271612
0.016038588623071327,2.0250559417138243,88.01339013060813,-0.006680384075874916
0.016554716896001853,2.0190979820322936,88.96958588123856,-0.01879418568486469
0.01624509780011325,2.005977369150237,88.76380728580068,-0.011839099720276039
0.01544548365207652,2.0407761838703165,88.48508369784123,0.0012025985277050039
0.015924554458618668,2.0269087336276326,88.27846432796515,-0.00010569311382276243
0.01655579266272684,2.0363184153816083,88.14663389794342,-0.0032415053544239503
0.015744615686010047,2.0041825747008906,85.50196592402618,-0.015741703348852124
0.016023799849859938,2.0132026262347695,89.84719370401679,-0.012270523831205287
0.01612288648220816,2.0203013428670116,87.53945158830378,-0.006000172889618851
0.016289081510076433,2.045358487225035,84.51730276432934,-0.010447536333964898
0.015389373904618697,2.016750596623983,88.60986855323638,-0.0057094113127096925
0.016260201554473958,2.0047784020519237,89.31910471796951,-0.009717125714350676
0.016139594817707718,2.003840841794307,88.41314584314803,-0.007038231175476249
0.015968215820459992,2.0024252645808014,89.5228472850103,-0.009280310953816394
0.015550032434723863,2.023689620599963,87.00702679213,-0.012305550700499681
0.01583627015458851,2.0276309708164737,86.5011931113301,-0.018860990148403367
0.01584926201020148,2.0040485092613585,88.48875293962352,-0.007583816004273725
0.015644387971547095,2.0294849162119406,89.9236426451647,-0.00565730541543577
0.015835614125874656,2.0189216989114604,88.529213453183,-0.003827225338597655
0.015990675641507697,2.0207851733679907,86.10472822690494,-0.008097708157745678
0.0157894171882304,2.01058202501064,88.4187849490802,-0.006355154403221659
0.015183158954782863,2.002470259291009,89.86433894736058,-0.010294460865066107
0.015617178835144463,2.019364577359403,87.57332497865694,-0.006566301734793814
0.016026691714148868,2.001571787493356,89.41856214316098,-0.01040333429423826
0.016019556102925187,2.0093559488158808,87.478459464137,-0.0011464756903871098
0.0159171779967555,2.001819081505542,86.91996591427264,-0.00011294860990362574
0.015886366363450064,2.0095842933629293,88.25673194194665,-0.016721801403224424
0.015830169277960982,2.003896589236399,88.069220989743,-0.0012945781516952633
0.01541829591008108,2.0102702603873652,84.83430101771073,-0.014988226650116544
0.016954282309437397,2.053781737469912,89.09718272975937,-0.008457152250963221
0.01577381189353119,2.00700595323574,88.52785080802002,-0.0038786231416133993
0.01599360845926273,2.000086161535445,86.2157570423499,-0.0060942285227554415
0.015876204073395038,2.0155125523921025,86.78296248639198,-0.009038161723379689
0.016034886568445768,2.0134247006178323,88.52895124779403,-0.014152598809011084
0.016222260206023634,2.006738122013768,88.84898897809778,-0.013187935259947981
0.01568934671922272,2.028703762690581,86.7514750685198,-0.00707957184818074
0.015907658983635383,2.0248756940900168,88.1332264906156,-0.0030768195787792725
0.016326903843671026,2.029519701686458,88.60381953872175,-0.00567154270452995
0.0158115963434528,2.0020437507796043,86.93811142118696,-0.017228734940250644
0.015970287139741766,2.015249838914981,89.93887063202386,-0.012184942681205693
0.016120582514872323,2.0181676971986318,88.47596539880054,-0.009701577859336792
0.016131593324535305,2.0351419357991234,86.6419488502006,-0.007524379753807663
0.016298673067344886,2.0203278406062806,89.9243199523393,-0.002125987221283994
0.01619267425731175,2.0000616334552137,89.60562473926718,-0.009837201055742538
0.015895367362522856,2.0017312866221086,87.85245152775222,-0.006060691294716921
0.016239093992275366,2.0020387571904115,89.64185433042502,-0.009433168121201535
0.015777016707362156,2.0142813401055157,87.47019595932942,-0.018328621555698383
0.016187243780583758,2.0205883918235705,88.0738224182997,-0.017816348924785324
0.015864614152339078,2.007412711545905,88.1212990537821,-0.007340847823334577
0.01596486944535206,2.0222413075178336,89.09146401664344,-0.007361951415115907
0.01564222931818739,2.0171232496088387,88.17622984690112,-0.0005066086738207531
0.01606432069717625,2.017520859246546,84.60211164366196,-0.007503722396545913
0.015894030632674094,2.000942642436853,87.67813486962628,-0.011372089702684397
0.015509912033613734,2.0030792035802882,89.32149706469012,-0.009021689086318887
0.015382967184412615,2.0290607572593258,85.76168075536832,-0.006649468288547583
0.01611634456312953,2.001135377831705,89.7318301930497,-0.011392096386345278
0.016196327077018728,2.0075486357808257,89.16739003952944,0.001267394543620461
0.01640760813082479,2.029482922871868,87.45079454226708,-0.003929073391359944
0.015831470125356756,2.004249957682149,89.31755937604449,-0.010304476147624307
0.01599470391895309,2.00743801069502,88.0606063794323,-0.005956759208466864
0.01561143012738158,2.0033921876310767,86.79854583468233,-0.013570777242277881
0.01649978499210672,2.010370663490877,89.5695121526184,-0.017126803478266887
0.016032312785493313,2.008021541476092,88.06745431879244,-0.0029675888998927525
0.01599360845926273,2.000086161535445,86.2157570423499,-0.0060942285227554415
0.016253956038913726,2.026885040167225,87.925411263297,-0.009518895870137482
0.016075479029143237,2.014377780611957,88.29476117686696,-0.012770931007625073
0.01538429193237461,2.005406729890548,88.0218412068356,-0.011234262510482932
0.0157037625196414,2.0217082636209214,87.67762824222113,-0.00025179774189621265
0.01557052229073453,2.0195438480383485,89.59795684811499,0.004301158391674248
0.01627088685747049,2.0286523481071543,89.64777313654356,-0.0026112851746080135
0.016127599298366546,2.0018240862867707,87.79281489165807,-0.015204839512250719
0.015841723476000567,2.012633396917709,89.34619383709544,-0.006258786389893209
0.016087727757123485,2.0412050682086758,86.50876949855311,-0.015268687532047916
0.01621811270490339,2.054148916621561,84.45450944406848,-0.007713170904114145
0.016559551998177484,2.0246899252471042,89.74438542146402,-0.004953074635348733
0.0158727296047194,2.00384701576745,89.32038110143783,-0.010409596358419253
0.016027458162280045,2.000220438821425,86.8354310884435,-0.0015200835360358973
0.016009561235938215,2.0097640425679595,89.13306813472323,-0.003032188090803584
0.015730041279422947,2.012032656449105,87.22858908852125,-0.017220196999204112
0.016297373710689036,2.0142378002844565,88.41856344498841,-0.01585073355115117
0.015598389401911675,2.002175892386487,87.44074043426714,-0.0009933574268739531
0.01590277146549348,2.026346596813463,88.2781056573718,-0.005987145032230993
0.016026264715248054,2.0131896599979715,87.33254734641416,-0.0038258202779629233
0.016039055881033173,2.0164018670673194,81.82852514661977,-0.006248137865331244
0.01596644509744382,2.00441622849776,87.86967806883906,-0.012259191096263385
0.015449741447933013,2.021137477203974,88.66519725973048,-0.008365553319969648
0.015765067192011383,2.042754972319479,85.90580296106246,-0.00689983988560363
0.016132563788715013,2.004202607008883,89.71927549503522,-0.01074953354290693
0.015820810477040592,2.0052687369064066,89.47306748274193,-0.0014122042383385306
0.01667225052368298,2.02923079433154,87.45728763218362,-0.003294219450985085
0.01575371838648169,2.0025872257417365,89.7685785486947,-0.015704370776155496
0.015774546028571482,2.0113814733764688,86.39441178727135,-0.007383489803516906
0.015424307952473201,2.0003619786765996,86.30435375440847,-0.009707308169482436
0.01613699142771832,2.0030346678086595,88.723311833164,-0.015183253680652842
0.016321384411113655,2.0039628618243,88.86131240253444,-0.0007912461542168409
0.016078778843459835,2.00198992959214,87.47077129083627,-0.00478454648370483
0.015910746440839927,2.029300186870367,86.41217316621723,-0.013097353817786074
0.016123136451013202,2.0235735630122353,89.90075461022202,-0.018254615554180446
0.015604472336856197,2.00694915112529,87.90573930442433,-0.010702825139445933
0.015702964180892467,2.0132534770029626,86.74977669624066,-0.0005042540266151584
0.015741060154630598,2.017387656483077,88.95130169056083,-0.0005997108351807248
0.016633016563947854,2.046908501155719,88.99975809791641,-0.005894063230485172
0.01599191924204351,2.0057769057017114,88.41785573617307,-0.013150452713371912
0.015563825639693923,2.034362962790709,87.84425728497841,-0.008380252844827093
0.016222240133331643,2.025198877770627,86.376929913089,-0.0021496299838268187
0.016053144272979495,2.036722193964619,88.00567693809536,-0.0070886395156800255
0.016533003681169625,2.0250948289963415,88.1659408095815,-0.004764645286469636
0.01589129584226002,2.002691687598342,88.96737002224933,-0.012325730480456872
0.016418228501887497,2.0034991595328764,86.43308837906312,-0.007748881233706176
0.015526717559360826,2.001094298726866,86.74208693741069,-0.005153102989306909
0.015733213876733664,2.0162793149548794,86.00411841620182,-0.014073811440533636
0.016468761472463282,2.000386215166382,86.53865765013603,-0.008479799746049775
0.01576913739092667,2.0023326686388123,87.61950672348874,0.001324359930837226
0.015841781983698063,2.0176064190293053,87.76607628593842,-0.008903133002219264
0.016513326375813514,2.002642806582229,89.1881735398043,0.00108676920953498
0.01593401867379248,2.0137269289354567,85.31523439740378,-0.003646329580996634
0.016600216348273102,2.0066256127617357,86.5977890847768,-0.016262917963826465
0.015421076173578711,2.0143576835038575,89.68434547262078,-0.01582225551527901
0.015739857665043013,2.043274507212969,85.38219591648794,-0.00956383285307126
0.01601274023179367,2.0033289839382573,89.04791240296302,-0.012407266793338242
0.01587953531939157,2.007737705982203,89.4603611555131,-0.006043629247270213
0.01637455021591929,2.0392178741479494,87.2632249365117,-0.005635306600504125
0.015539716892049783,2.0046285686217327,89.17151410679067,-0.014713157840945994
0.015782673750388002,2.0024341788915483,87.89650514354481,-0.008521268686573776
0.015723423626611464,2.0068164996449545,87.51973172567061,-0.006132146308125834
0.016227250299337522,2.0012277194988557,88.69591785017188,-0.016339805840842034
0.016318175377052418,2.0039647230330644,88.86203087852394,-0.0008440213410485144
0.016129652096712695,2.0014219686370307,87.6491978271111,0.000366573734886709
0.01590213919424786,2.037135381992585,83.82030089132074,-0.006661156563539176
0.01601924291659153,2.016515703606996,89.89144431840924,-0.015206006993186557
0.015743351817060176,2.003948353575989,87.92423225066804,-0.008481020319333878
0.015429838301007585,2.0092820740089667,87.10278625485857,-0.002172558814563342
0.015571158424308404,2.0247468051000674,89.20924704480636,-0.003567778353530565
0.016368567241346648,2.0268462132319875,88.23293243515973,-0.0056727551735333195
0.015786669348652745,2.003921451955032,89.67164444710022,-0.0111041714552997
0.01624711004674552,2.0269983127066444,88.88758152733352,-0.012099808989461641
0.016206910361719347,2.020360427268786,86.23095225418855,0.00042141084536840775
0.015929123846215785,2.040942551319353,89.58618590494147,-0.0013179109164203453
0.016908397279295065,2.0202053264903306,89.12824901409537,-0.006927775156998451
0.015738894497866026,2.0033466737736676,89.62782965827795,-0.013417517311447311
0.01627129139873235,2.0031381256502345,87.37864847814755,-0.009906355294022125
0.01576811813103521,2.0016736304598717,86.54484370911545,-0.0017962598714980522
0.015856751618083354,2.0039754020633986,87.22152847575074,-0.010557407719796744
0.01591640279461967,2.0042002856548735,86.31597238078264,-0.007749941568811824
0.015616417600010282,2.0063140727576356,87.47309478887314,-0.001555718276820179
0.015758584612817362,2.0189209068814176,88.39931001198906,-0.010920347589169477
0.01600348899837174,2.002338545264481,88.79764996303453,-0.004174709370764055
0.015984250540453243,2.013577978900915,84.32331187399177,-0.006525400555045058
0.01624606713046044,2.0102018442081664,86.00863532834967,-0.007687131614499429
0.015157639583982795,2.0397762425848907,87.96351273894395,-0.014530522839863046
0.015534721244034653,2.0521520129853172,85.58009926357444,-0.00601574369937671
0.015961613841479913,2.0047116940624363,89.63504866971583,-0.015653703935508533
0.0148956595894435,2.010704241889942,89.77572696726976,-0.010707264545776335
0.016162003454262948,2.032841560378694,87.36000301472495,-0.009313437117102436
0.014926051503025436,2.00302701226355,89.88143062674008,-0.01607849341623017
0.016215889194629476,2.008750829526995,87.32501675440187,-0.005686104423059569
0.015800452919317122,2.0039658113564696,88.6457908633143,-0.001887021569127846
0.015845373976562042,2.0047692831066177,89.13202149016303,-0.014796283623212763
0.01608108079027261,2.0066996751656903,88.57087436739832,-0.004483922685735592
0.016150761815794085,2.0033065167811466,87.60792025583577,-0.005041692566960418
0.015871315406024978,2.038751957876508,85.51205756598318,-0.006171799838010494
0.016010153649790228,2.0161344424270515,89.25537804774973,-0.014076146714894544
0.01568206133309621,2.0005244385687178,87.49438862380893,-0.0036706260761214596
0.015754209240572935,2.004229101943736,85.72274802284043,-0.003728561930691958
0.015727407370033128,2.0132721117509345,87.62885054424535,-0.003288041944487429
0.01626351213926101,2.0050843418655986,89.1817941089123,-0.0036607306624400994
0.015985138928816704,2.0016331158661576,89.86377326520912,-0.013344516313311478
0.015313188352979954,2.001894716491475,88.62741820786471,-0.006567310930045026
0.01596561012242323,2.022535744285653,87.18787744925805,-0.0018820292459777515
0.016122662108947746,2.0235745497469866,86.5651784162729,-0.007382371106505699
0.01654226681901726,2.0302949647598103,88.39769710023171,-0.00517061427851477
0.015543674593330257,2.0016268922327143,89.53739386296753,-0.010067956556621786
0.01649411864378834,2.0027893972589474,87.05573774093601,-0.010917740848089209
0.015217611096048831,2.0000201222287597,89.32194201144665,-0.0038108337398651227
0.0159730322361358,2.0031385734396454,88.12695760073683,-0.006344298590873435
0.016050929864397958,2.0044353640738484,86.1195572058577,-0.009977358667206383
0.015475567011372201,2.014163612853398,86.5541215762788,-0.006248005963718526
0.015914492132822925,2.013919327861281,88.32613042162343,-0.010143648460658256
0.0159642463365752,2.0019286821571605,88.93831147324457,-0.003639572632580434
0.016012550566438043,2.0140279153706997,85.29137145119242,-0.0071450606001115
0.01617408369808437,2.0172087043365354,85.74816218486549,-0.006122228298857547
0.015330503048034683,2.0265771338907133,87.80123170088773,-0.011615037197086531
0.015564421530776331,2.048044886062701,87.22735629322528,-0.0035733466274317253
0.015893005269097406,2.0089858670099954,89.1506118553339,-0.01456000591609517
0.015382356880438217,2.014581048929369,88.90905721213308,-0.006961414788813657
0.016188208170977707,2.0213910950592413,86.50222409588211,-0.01206225262473673
0.015252769941208165,2.0050889878035556,89.0989314970553,-0.01171708114374698
0.016294575864501653,2.013224375003723,88.31787597582598,-0.009814159468617117
0.015808570434757897,2.0045479852202797,89.6182905755372,-0.004114368975248663
0.01587028537353725,2.0047340266837734,88.70867484804917,-0.013255312069384994
0.016384405629725148,2.012297930452135,89.56759503264881,-0.005086522853138823
0.015827078080199713,2.001581834305608,87.99097159214331,-0.0021588309310835484
0.01616403664937046,2.0497870150413036,86.50373132323416,-0.007045465004043857
0.016215157244452202,2.0222367258657603,89.38585925403409,-0.01445457214791768
0.015776137655361667,2.009370631677768,85.28287260908648,-0.00878879291551148
0.015557449629640945,2.0102053192447076,82.57732689854576,-0.007708888842356476
0.01588239873189547,2.023203467992806,87.77418019995471,-0.008102203933923267
0.016255197108350092,2.0247804776135703,88.3732276445547,0.0005005252226738307
0.015836838517104126,2.0044649488547863,89.46845838630024,-0.01149294838977466
0.01545492906736163,2.00277618242482,88.63519661943374,-0.0025528258152715576
0.01578673451268158,2.0137085774097505,87.89272181242606,-0.0035532692475796273
0.016160588941294438,2.029063787586046,83.56219020276959,-0.0156796014591479
0.01606697319168494,2.0202386530650096,89.37516401505518,-0.0007670823689252017
0.015894471184832264,2.002017170182973,88.70669068366287,-0.014083707404667044
0.016297336556412245,2.0142996847386514,87.38275582317516,-0.007102504174926104
0.01496833811887569,2.0015652245636075,89.88445019038966,-0.006625530963478496
0.01614532476608738,2.0055200976950753,87.33516742376158,-0.0034234618218560403
0.015938700541545066,2.003742237341573,85.96523807820543,-0.006898528798731816
0.015357997018977311,2.0171655282692886,86.45896407596857,-0.005907894602667359
0.016521448061422063,2.0005913144584997,89.11273730284852,-0.004479623751968393
0.0161399617780075,2.004642571553889,89.41807614847323,-0.008511026979467158
0.016110549540230567,2.01623181796016,84.83597469603066,-0.00808096552838618
0.01599077085176886,2.013468795318299,87.68958448809802,-0.013947468839217943
0.015030746729561822,2.0177632286393488,88.88230398254797,-0.016587330279814502
0.0159048469203949,2.0091340374042472,87.279789934527,-0.008495123480081399
0.01567836308185227,2.0156575744658074,89.62049181972746,-0.014290980267061585
0.01574412183831008,2.017086238314145,89.1946735323259,-0.006035513073907419
0.016524537670294766,2.024813985667038,86.70695556617721,-0.015762064054031886
0.015294195773211278,2.0078135084219304,88.82855530828564,-0.009081988103289439
0.01594078228488325,2.0306493482214774,88.54044191210416,-0.018231400666513155
0.0159311058249032,2.013142565478,88.86892839511583,-0.0014341701692573731
0.015326498392768421,2.0016266886226712,89.99317041472389,-0.014517869898588429
0.01626192159084671,2.009396302441873,88.68635356061147,-0.00519935756265278
0.01583816771155327,2.0242608773478414,89.10260722290619,-0.0076789029525449175
0.0160750126353972,2.0381814120872503,88.16825609132492,-0.0027841473478973063
0.016314117022016263,2.0142148410374645,89.19044062028928,-0.011948004051282112
0.015344132935333916,2.002141594863029,83.0202950456228,-0.006858897011582616
0.015383800661408532,2.011370617939797,84.01153765117367,-0.006917317593687326
0.015913322961209873,2.020861154659241,86.1135980123198,-0.002996860778105449
0.01605910962829568,2.0219413121864127,87.58237363908007,-0.004247746777334765
0.015872112034275666,2.0051013606582107,88.07105857342486,-0.013430916789635395
0.015477217745368643,2.0007696590993396,88.54756924399477,-0.0005333680644496997
0.015897602787349547,2.0007678027371822,89.46524452533207,-0.0038389905755791542
0.015991571315784152,2.0137495794391156,86.15080636752565,-0.015308371754031106
0.015847429060617577,2.008034085686755,88.91935745509375,-0.00259675836367789
0.015980903058640628,2.0013512287338164,88.11007106350718,-0.014385098357234328
0.016754300853468705,2.0399860948997346,88.47864422674832,-0.0042265911551258965
0.015452491931226038,2.0085244794449792,88.06574771848894,-0.012988024236657228
0.016305772578247085,2.004516742296744,84.64941253572707,-0.012709978061188532
0.016203879683500868,2.002568480025909,86.20695902094867,-0.011365511888225105
0.015837552362879568,2.0346741164346964,84.2311002610378,-0.004283294468688241
0.016128748965259797,2.0124491005048157,89.34362439962258,-0.005622647838112285
0.016149065978498377,2.003698825033558,89.40655361659934,-0.008287223231063318
0.015964085142369716,2.0094937823359986,84.2083814442755,-0.006930391218948246
0.015580229375718702,2.0077985123209885,88.1817639957946,-0.010289078101064535
0.015609790020471869,2.0425289465353704,89.24798037739765,-0.018765018481534192
0.015831707301617638,2.0118025567300313,87.5578125972458,-0.004831620882411007
0.01576511160975297,2.014468450936088,89.55468625745597,-0.015125847793638748
0.015700779765059212,2.0250904557973484,89.5827945961565,-0.0069933919612757585
0.016528192076670296,2.0248227770154603,86.70005619403346,-0.015775887129962633
0.015547406277255257,2.00377696300277,88.77339683532952,-0.006584987015563142
0.015950263958456345,2.0156191647067905,88.99523781459351,-0.014036908334254696
0.015707564749738192,2.0127644791578017,89.7168785038219,-0.0017746403002107114
0.015605770898805224,2.011044113770125,88.63861160984972,-0.004892607508801148
0.016033920267164138,2.002266646078672,88.67073696465991,-0.003571082401166383
0.016148494289225362,2.0579435600486145,89.71766887642386,-0.0067106641799970475
0.015905887948084788,2.029981539102938,89.82215999682472,-0.006222807498075725
0.01611469122243227,2.0227153352455045,88.15047043919593,-0.01426620007406499
0.015438813849830629,2.0028613091360863,83.67945664157124,-0.006683935258870747
0.015451216650817917,2.0090620832361203,84.24536299101062,-0.003102048356256908
0.016242937962019918,2.033855177697235,87.18207064056607,-0.003906767122185634
0.016282657099008786,2.0822806081255134,89.4949267915889,-0.005316622785673181
0.01590092081416464,2.0019100321311107,87.68790355714751,-0.019383073204187418
0.015281850987865504,2.010764805202507,88.80894505844935,0.0007329891918748388
0.016033056161266546,2.011924572879611,89.35010582238557,-0.0035438150764159435
0.015672358621054688,2.0103025144477957,85.51712676164412,-0.018652252556913215
0.015847547885712812,2.002943383674151,86.13745397520013,-0.005086225627952043
0.015766466425365482,2.004437355193359,88.28735127703675,-0.009641680680683867
0.015972594228744745,2.013988405199826,88.6310044110413,-0.0017036193190852963
0.015723606595364596,2.0116013999816325,88.46981897585073,-0.01380029248695897
0.016264870026913934,2.00526688358021,84.71850911834916,-0.012099193256491869
0.015863706229082973,2.0236315192104573,81.79294080437626,-0.0038229216683850187
0.015917953697986778,2.0215223370988586,83.31320375564921,-0.0036901484768344164
0.01613842915660265,2.017913292916771,89.57035902142478,-0.006635011071451591
0.01613193959954733,2.011073020423535,88.71230616966355,-0.006115302822569987
0.016155054511188715,2.011120429526593,86.32437055612579,-0.008852065903160556
0.01551901795969307,2.002936988167541,89.24613523187784,-0.006086782714151948
0.015811679422445865,2.0551439580715853,89.60312306015118,-0.022012372792347044
0.01624756277820283,2.009008991065049,89.3099074793261,-0.005189440504949036
0.015487969999776398,2.013825145425744,88.50619127051141,-0.015806458715636493
0.015999461203234835,2.0286494727864004,88.80117788186094,-0.006524765770033566
0.016087057582991667,2.015201592855089,86.54334360473007,-0.016015948425736993
0.015592569866285565,2.006691609539849,89.36226211552494,-0.004777705730566492
0.01598175657237452,2.0197105121147527,89.27447215233218,-0.013686050557102428
0.015778101073928963,2.015824340660016,89.41355331199578,-0.0034740188410812313
0.01585278559807605,2.012713212992035,87.85844274737113,-0.006293622015071553
0.016166934855721807,2.006521978436683,89.7844348628648,-0.007449049866731606
0.015912547495878743,2.0404375790436338,88.57376450968565,-0.014046646509129167
0.01625209174937848,2.026125197100683,88.89187888627646,-0.008279132602289574
0.0160678132205286,2.0217000295156735,89.21067045768517,-0.017526365633283268
0.015670605058009535,2.0105175641734547,85.63602874728956,-0.006194804116693417
0.015702494192268494,2.019063780698615,85.46080141343299,-0.0015962872923825657
0.01614565129913042,2.026574384871807,87.89931921148614,-0.005927998119253132
0.016138394548796883,2.0525580258221865,89.48707118466808,-0.005083698956945194
0.0159459265444479,2.0054704309499245,86.6509856408944,-0.012879736058038046
0.015398400756566654,2.0083308534511097,89.40959988646348,-0.0029830462747807594
0.015726847592330596,2.002526425955464,89.34164487453432,0.0016952117214448182
0.01568625465900009,2.0067359869250514,85.94933390842026,-0.013282043370377673
0.016076520041941163,2.0022469896292354,83.18803797001762,-2.662892980699952e-05
0.015123471613884946,2.004862627023811,88.96448023776212,-0.0048037241945073465
0.01608794167446643,2.0131892568583853,87.82518624323508,-0.0047747689964522085
0.015717400936164017,2.0098999253333383,87.8926455984377,-0.009461181996825288
0.01653159769941546,2.0078766125916627,86.64083130959887,-0.012695437639535161
0.015851024722938856,2.009654602483013,86.37796005322912,-0.006354754442054857
0.016260029967162547,2.024263414030893,84.43564498226563,-0.00554428587625732
0.015994793184850593,2.015802967276936,88.95127039725978,-0.0074528988487641435
0.01636148754490445,2.013055153823565,89.57566380723605,-0.005359153123785705
0.015715103577329734,2.014890007185837,86.82007211871489,-0.012356514778491187
0.015544205256156024,2.002734865250735,89.20733465543559,-0.005786729722389838
0.015902496337812225,2.0340999018571875,89.00296525347669,-0.012262053068733625
0.01597384918279416,2.0041520523600096,89.22987926717683,-0.007357022554209824
0.015330036472537889,2.006224248095139,86.90421790718091,-0.011597181569478043
0.01609585836765034,2.01284703237637,89.58949866476014,-0.00340663828573324
0.016152417432237966,2.0169088476543386,85.71201141562032,-0.01700617487951458
0.015235665295365798,2.007240062028814,88.746538957652,-0.007305915423626123
0.016520816945442746,2.000507927505721,88.80014447387701,-0.013840638914108553
0.015709011154009894,2.008590383940691,87.35209929105072,-0.005796338043534451
0.015616505298112255,2.000868009517743,87.62137201905634,-0.006933986461150433
0.01639382940101038,2.00827580270687,89.60854446142865,-0.008646491172563373
0.0156532729869962,2.0196067105051787,89.02659130747965,-0.011172262128560793
0.016117488041799834,2.022597571733896,89.75313737478834,-0.015071137233888232
0.015609409593094384,2.047068613473593,89.65398805921791,-0.016667189705539404
0.01581173004945618,2.0103225101047566,85.88576043767628,-0.004698805170274968
0.01591630879367682,2.019783069576388,86.00457879865913,-0.004184455736653455
0.016548377805001763,2.037298528901367,88.12526028845089,-0.005761281124298733
0.01631942517150721,2.0454893165968318,89.8030521890554,-0.005446881263992326
0.016040593305214457,2.007265336799452,86.34455100764728,-0.01393507152798269
0.015734122213110956,2.0006122330431415,89.29362002906575,-0.0038707765276638044
0.01599123881513173,2.014629062590394,89.22725468385934,-0.004566381387280942
0.016405149284341447,2.00872755156986,86.04440487493507,-0.014225048038737809
0.01634187706976318,2.0012812156718005,86.78384716893908,-0.006190101177996205
0.014927302998627169,2.0012947378172066,89.48916063376969,-0.004725660101870624
0.015889849372608403,2.0066543998021773,88.83150004335344,-0.004979302067339967
0.015664400885522303,2.015687475942217,86.70258192242922,-0.008334235109113085
0.016357306344312785,2.0122874820808994,87.97236095528739,-0.0113824676438091
0.01586781239805646,2.008515447513437,84.09593159297299,-0.005398298716915096
0.016198527228395897,2.017000400367764,85.93238635372136,-0.005296046841314742
0.015670488698253524,2.0070395745828353,88.81388519083863,-0.007545489403285956
0.016403116293506024,2.0129872850167967,89.70842111623307,-0.00533092736663214
0.016321754510074855,2.039601473015165,85.49858197445987,-0.018347759131583506
0.01545495049518297,2.0019587122190328,88.08718957092074,-0.005176215149307066
0.01589011959024487,2.0282083421979977,88.50013651879026,-0.008015331843731459
0.016388265353071113,2.013908755073166,88.90055086976585,-0.006559248068373309
0.015393068230453298,2.003633131873654,86.24311639103558,-0.016238266528212034
0.01637711357574312,2.015746441131268,89.8924593910943,-0.003910445556918353
0.01628856724067035,2.0216422558531333,87.60381498843289,-0.013782856266357661
0.014829541069685637,2.0051023097352316,88.50853695226603,-0.006143624174060508
0.016482221569907675,2.002452146381852,89.32147936821826,-0.01592762710673877
0.015710552218794843,2.005779122158182,88.088804437345,-0.004859521642400047
0.01525022516528625,2.0008435712359587,86.4791837323047,-0.005895176236796739
