k,a_rstar,inc_deg,t0
0.014215537908611483,4.812175961648838,84.71605037249473,-0.002457495380456893
0.015284120975262142,5.348584255379345,86.03778123371548,-0.005057100875445078
0.015696659253255807,4.50041568519449,82.53755715350987,-0.0033957707339001717
0.01559154923430746,5.951032336710693,87.6817176515596,-0.006952495164122115
0.015533720302433093,5.255512789926713,82.99273003533847,-0.0023209677374530645
0.014994112014538518,5.113578692038703,85.65764364819805,-0.002441241338561189
0.01456640617670444,5.05475724144696,85.3366634486575,-0.0033504159350694054
0.015616497218220858,5.3742256426793436,89.65291234002763,-0.003990958698231532
0.014913051598409947,4.812485547700469,83.86280159697938,-0.0020217484653120617
0.01481497454545115,4.557576450474236,82.91294457783057,-0.0019960766947920133
0.014796430186540532,5.532029338461094,89.77664905732622,-0.004452197097430174
0.015581078911761356,5.897055108323308,87.08303406065873,-0.005831534678936665
0.015252211132467967,4.7636967150370815,83.73276642964656,-0.002510302782753532
0.015328687970324053,5.416729110820599,86.13750891216618,-0.002822789767825382
0.01541796853930712,6.576837837187892,87.82710642165064,-0.008746765167711456
0.016257613075174256,4.312212006677735,81.33034329535735,-0.0034839812262731067
0.01569162008577056,4.3091064538809665,81.38292224247468,-0.00333369338488948
0.013918972452823995,5.5757145677710085,88.61615025155307,-0.003799343318217109
0.015263638632875873,4.963120391531112,83.27810317874619,-0.00608343258617762
0.01436145327301263,5.047487760591822,89.08306374147196,-0.006076406581209047
0.015025705249817197,5.48462677344665,88.87339723769713,-0.004265610284720431
0.01539040009903524,5.222297211500967,86.49136967492285,-0.0029490850682321497
0.015285846618874898,4.668166113503431,83.60387242038006,-0.003373397666607612
0.015596556327405621,4.4689413539302425,82.09054942306192,-0.0038108854859948693
0.01391181378926317,5.03237062022046,84.62686003311173,-0.002367832865954812
0.014410513721610764,5.461420023446986,88.30628358770296,-0.0032198457751581584
0.01445816325050137,4.378424562467196,82.14838546908564,-0.0037145967451171157
0.014348220740506484,4.248796088754925,82.38529426621996,-0.005199221647432287
0.015355817323834633,4.194429815562054,80.12475082621037,-0.001642002257518228
0.015448801056082479,5.35905462599297,89.84955587818314,-0.001958438004076507
0.015496210945832435,5.821436124083089,88.91569560450186,-0.004886271325401686
0.015272831104454114,6.296289152729209,89.58821682998662,-0.005700422736353068
0.013985977084970468,5.256309534544343,86.96097443989636,-0.001368947141610381
0.015681481954719266,5.97507617365573,89.43276282485517,-0.005373985488057935
0.015217148906925384,4.5344684956918,82.56190476087158,-0.0034399353820984157
0.015603166594380564,5.98050748638065,87.8153540868249,-0.006881068670500999
0.015410768147847247,6.1731928795955415,85.88366223867203,-0.00256298550888219
0.014802810924772248,4.65089643655286,84.89207356643688,-0.0016450106774847158
0.014583628049342877,5.051808809729977,85.20955614914061,-0.0034754911781506364
0.015616497218220858,5.3742256426793436,89.65291234002763,-0.003990958698231532
0.015403226462229245,5.126229453339833,86.81625678259228,-0.0018575457218559148
0.014256434597503543,4.862140368284557,84.24425646704125,-0.0025341735892637027
0.014796430186540532,5.532029338461094,89.77664905732622,-0.004452197097430174
0.016195094665143125,6.764305499440946,87.37046926603895,-0.010004393159611666
0.015233740800440487,4.561658572806126,83.27653451502033,-0.0018153743742822283
0.015384071779098733,5.485948376907906,86.38148954177669,-0.0026807060528767296
0.015404689540419821,6.55154721003559,87.98983823620057,-0.0084681793535063
0.015240939666183522,4.641352069524201,83.0082981401182,-0.003258904477680248
0.015599954667766586,4.307729854500869,81.52040782833053,-0.0031119168582219026
0.01441888325577105,5.432680459781318,87.99387190040565,-0.0044177224503832175
0.014405740693514947,4.997371828595291,85.0084395374245,-0.004450336664500801
0.014771533676571264,4.977220927951052,86.84939053031162,-0.00449105110828266
0.014149370286649242,4.805252117737399,83.44096338489825,-0.0032396843103121103
0.015403295088799344,5.107160053981464,85.83875084992499,-0.0030794259454371203
0.015998822421768505,4.886774383723549,83.4150122001904,0.0010110250518666525
0.015473997405067172,4.37025776681183,81.75363931687674,-0.0032331583668836032
0.014775468987739068,5.25763845001731,86.63622207626993,-0.003866930732616699
0.013687255284228574,5.153868610168327,87.67261968632181,-0.001960226099559104
0.013723242523972275,4.11192763525151,81.03113796589582,-0.006045149220868089
0.014696336953714051,4.080980878326451,81.83224415884467,-0.004784208691112027
0.015374757342112303,4.193407880568427,80.08225888570594,-0.0015751364092437999
0.015450506594367476,5.2789572030145795,89.434738528531,-0.0015524700884118284
0.015114960563522994,5.434059875011286,87.98327968862979,-0.004176993620370135
0.015347364975880157,6.376090702766767,89.74740791851842,-0.005812595305411779
0.014777388333282897,5.19549395453806,85.52001019769921,-0.0033862441403678728
0.014764707408584791,6.243575412554529,89.49821944986542,-0.005776680771370193
0.01565885190471432,4.211925089111633,80.94150865969331,-0.0035141007425921866
0.015220190877496055,5.71822265698562,86.93254286688568,-0.006533439354066055
0.015419569334849411,6.279294683180035,85.87275739266681,-0.0029035740526421913
0.014242314615207842,4.871889779813665,85.6808177361986,-0.0010742148119706517
0.014136755374200633,5.387122254364164,86.98737393351118,-0.0033985270316620343
0.015616497218220858,5.3742256426793436,89.65291234002763,-0.003990958698231532
0.01513613522344429,5.265430556477748,86.6862817872611,-0.0033831495847799174
0.013849309424526682,4.977675886197372,85.36845365224251,-0.0047835290812198
0.014706659740767717,5.539879410153902,89.86698914037898,-0.004178118416320059
0.01615134876137092,6.765332769854519,87.47071806754789,-0.00998650293520267
0.015013583886932035,4.520110964035932,82.50660164737101,-0.001401809067054314
0.014771762041634603,5.169768574144161,85.11309241394217,-0.005495742291477732
0.015233653291988282,6.128985661535888,87.83172535727577,-0.005252778352653612
0.015106314356967371,4.354249555346469,81.99765778301142,-0.0031425818799233384
0.015437475259863139,4.435482121741025,82.69377820718813,-0.0034637649883750257
0.014150748145392583,5.313121497980382,86.54144780805485,-0.0033375137207477105
0.014766061210519158,5.054282959605855,85.70133055937924,-0.0032772797334555733
0.014171120147546852,5.083320002923701,89.71527233162573,-0.005223615481393439
0.014088946292413711,4.862453565204696,83.52510385580065,-0.0031009619895343153
0.014738478919175586,4.827834728830011,84.8774752675449,-0.0023718575375018414
0.015329022443639938,5.25553098795497,84.9098340992201,0.0005644737053414985
0.015239297671513826,4.288164452317673,81.47565077886301,-0.002951394540234932
0.015351704266390594,5.122244753627753,86.15786803879146,-0.0031165797383512104
0.014409862939727123,5.03708611103225,85.20130552668775,-0.0011073109200064079
0.013823767286987148,4.033178094849191,80.5387954524395,-0.005904777215241621
0.014521738397248045,4.509751463618937,82.86650402354304,-0.004954712081668321
0.015283551443503665,4.442814869671571,81.61393283586436,-0.00118272097821772
0.01533017956321537,5.434717221906381,88.88922870884404,-0.0026919911960288576
0.015934730743994922,5.501322940587041,88.56097951797568,-0.0034504044794663284
0.015347364975880157,6.376090702766767,89.74740791851842,-0.005812595305411779
0.014135043859149064,5.966806039563611,88.99092159356823,-0.004397538471700507
0.014693230320150626,6.267477342653028,89.3712484359236,-0.0055441072935898915
0.015768083838363055,4.305892721439801,81.07521149858049,-0.0037589900026214415
0.01592656589915192,6.079485790046494,87.99931465078882,-0.006243398086545559
0.015419569334849411,6.279294683180035,85.87275739266681,-0.0029035740526421913
0.014043354412597367,4.648431976929344,84.7368506732425,-0.002230619314135459
0.013565771573419292,5.6337299517156385,88.36661964345758,-0.002454506469728535
0.015707569835931436,5.394351860563196,89.95452845393758,-0.004040574367701653
0.015349120166532252,5.770018013077282,87.50745702473844,-0.004269901069319446
0.012839940198495596,3.9607512945705063,81.78579561196108,-0.006522208498001647
0.01480870106730217,5.537707219334064,89.76322946518071,-0.004138470116984452
0.015866822032504224,6.173581788459219,86.10457050699713,-0.008356964575062367
0.015257297768074433,3.9413151940079763,80.19869790878394,-0.0013882915938173827
0.014403600139988414,4.932529717971677,83.54512311277168,-0.009423952259912861
0.015209419044388899,6.101777452769863,87.68351322333831,-0.005563473324366985
0.01520834280016301,4.179304311946952,80.67263154143882,-0.0038191530677127456
0.015335241798111382,4.249943305173553,81.20885029379488,-0.0028247637291136892
0.014979733536951102,5.819262779337809,89.68115818264008,-0.002801913838531656
0.015520230970339784,4.95404002999008,84.73451569018907,-0.0034456590797651843
0.014704795579339385,4.909423213516762,87.23198507800505,-0.004068304219689502
0.014811882801420439,4.865942140195849,83.9000422279636,-0.0030149977954798757
0.014345622251835704,4.948136587392606,84.87019761840084,-0.0019063727922835304
0.015063712767656012,4.972338792376516,83.41084347429664,-0.0011830332904653827
0.015731348720091638,4.128299980866164,80.43783203835974,-0.003520490986871375
0.015449237729367401,5.313570445960973,87.62395803638722,-0.0037155133435876394
0.014030690826970369,5.695396043391155,88.88490518675587,-0.001595501407239035
0.014627377060936798,4.1920375513712855,80.9425718692573,-0.004008085307311911
0.014349831605322228,4.260603543879136,81.37076771226836,-0.005401303973864221
0.015474791054012943,4.876330354692921,84.04823969668684,-0.00150243027660385
0.015696479040521013,5.423393923252632,88.79784904157927,-0.0021977632699489093
0.015923514708738543,5.5225056549543945,88.79188322078413,-0.0027400724622772404
0.015368930688142284,6.434391047381082,89.97686385453372,-0.0059203583306991475
0.014344327984466818,5.304130888568836,86.31490765242927,-0.0035774288597141737
0.015310697799110248,6.167064991672547,88.33389133118044,-0.005442282106402624
0.015292620997840792,4.991809025126792,85.23737538584462,-0.003261770508205924
0.015710903662805416,5.707976820456014,86.42908635751402,-0.005915547231049203
0.015599978645355913,6.495268505266796,85.91792784139768,-0.005570374033767606
0.014568659527519196,5.367736446568156,87.5122229534283,-0.0016331054533175844
0.014574276902852646,5.247662486091469,87.83539421867607,-0.0024099090958627336
0.014852380583891316,5.193588933385976,89.99245219917805,-0.0029494770568334995
0.015958702243814325,6.824188931684832,85.06012507082298,-0.007560443158466528
0.014128866828345445,4.033982614525881,81.09214275707635,-0.005087643737741393
0.014791658121838108,5.420421189557697,89.6167323642335,-0.004506362013944413
0.015455229097218031,6.211479572900311,88.10257815491485,-0.006216035258969349
0.014979362830053291,5.010334949853188,85.24398327091106,-0.0027647650265444886
0.015015944432885531,5.115175913406404,84.26270666084753,-0.007458989275231994
0.015309094133266109,5.928743970170444,86.7079693678204,-0.0057166336277466616
0.015689805418264403,4.694639262399064,83.46678219335324,-0.0034731910735137646
0.015269511039881245,4.780724260465078,83.77350893633185,-0.0036093389086957976
0.014854936548188832,5.767331451450613,89.3769343439993,-0.003109677517196571
0.015059826488507124,5.0858186536378485,85.18705765046076,-0.002704689754737529
0.014715195694936414,5.228042319407532,87.75148742083822,-0.0036115988132061176
0.014682402759718228,4.463073633414977,82.0935906457911,-0.0022202396013459268
0.014406199079242121,4.4569052968323115,82.74347492035619,-0.0026450023672777876
0.015055721779466118,5.114671324070208,84.55077207146859,-0.003574173215802971
0.015453011426019379,4.273656243982206,81.01976975142586,-0.0038488222019951806
0.015418618681136623,5.203691809370422,86.12240005827569,-0.003926135744760359
0.01402678438833419,5.3145472447602575,86.95238675098537,-0.0038065021435361064
0.014614800196388791,4.060796338429744,80.2246326359991,-0.004098605859773884
0.014086006180861125,4.997833415573387,86.45382320574745,-0.0028528156147973978
0.01605435599489733,5.510760833154552,87.631513279591,-0.0036813576934029276
0.01546401808157356,5.634003202180624,89.60645884414942,-0.0022728693985643953
0.015434436058161487,5.5336258706802885,88.23491230146342,-0.003766899862279877
0.015266305155177988,5.987497620134334,88.54008199351797,-0.005092144988838602
0.014712397805054905,4.9365015737699025,84.63839954456377,-0.0029719064043311812
0.015297364409459726,6.1277124725037195,88.52740483208306,-0.005474894610665916
0.015534789847490052,4.360511624054963,82.08119892023507,-0.0034688482148682075
0.01571625944854906,5.713582523214871,86.43693747269135,-0.005934149569032673
0.015641411687534277,6.948796775871587,85.55273229499342,-0.006461613105855473
0.014638892186184813,5.259073285819075,86.98044174744523,-0.000880962851878977
0.014056303429695379,5.2233277753002705,87.94449221108245,-0.0025163481679894594
0.014789529078017245,5.4061141453996955,88.75213477632205,-0.0026896886038207416
0.015868217842037652,6.602385067284003,84.82512530395407,-0.0070883204261200945
0.014664161794370035,4.974565524083182,84.87768131755874,-0.003839676404068752
0.01481818840113739,5.413917537328335,89.54932431062132,-0.0043467039770784255
0.015173944569382362,6.067103364320404,89.38931314501986,-0.006900245148118102
0.014308424621850209,5.205517655470255,89.67127331167383,-0.0005763630638491212
0.015341668815416917,4.7534865380804225,82.7595778627946,-0.0038880451482512096
0.015326462392577211,5.910963211086453,86.36338613213442,-0.005564526057298995
0.015535709792281362,4.780743800707956,83.35697258966246,-0.0030563570311349787
0.015345480851390467,4.032164385293019,80.08755812496506,-0.0026548378549347846
0.01524142803141809,4.932548832880883,84.17798448360733,-0.0033612628271297014
0.014706829902557065,5.572452577158322,85.66580531868762,-0.0007938849036877547
0.014905160801574335,5.558390136642144,89.27108464376185,-0.003253886132805479
0.01504354397771124,4.582213714571303,82.68723812797397,-0.0021379213515326087
0.01436657182195152,4.356673990099632,82.15095287556407,-0.002447933863329195
0.014543506073277594,3.9585554117725237,80.58278362493131,-0.0004969816740546524
0.015509180044848603,4.062291582002097,80.17416529623566,-0.0038087991336803843
0.014870405423494581,4.790278281322304,82.8913951150483,-0.0038770206657853636
0.013630569308769155,5.234057331890738,86.48190695562646,-0.004584846886001771
0.014614800196388791,4.060796338429744,80.2246326359991,-0.004098605859773884
0.013967927028526393,5.3257607335780115,87.55573966597798,-0.003500297906176168
0.015483589478763523,5.461481708413602,87.68801448037529,-0.0032671488227700492
0.015467065790091883,5.641626853081889,89.65661120245909,-0.0022738475380233818
0.01585182700516879,5.834283609728047,87.87790683140916,-0.004197076819861631
0.015098518955913718,5.663643429561462,86.33830970680594,-0.004192564083216183
0.014766644987842192,5.632463638226152,87.8483614836381,-0.00265050452957571
0.015456806112233592,6.138188150848553,88.34830806909441,-0.005477945650603841
0.015977505184869536,4.017342475773257,80.07974529374152,-0.004629653023369176
0.015910871830463493,5.932514377054628,87.52723687806571,-0.007018238289358207
0.015464058515593687,6.525672108829671,86.43297002864908,-0.005684180670492517
0.01457954436419048,5.5048956525401715,87.6870741121298,-0.003353156375072885
0.014408372149733747,5.2545885825602845,86.44504783599963,-0.0024600926888498154
0.014951564977362006,5.260338732110629,88.59473230016712,-0.0018734835481807853
0.015896365929213965,6.626882361522862,84.7171284897504,-0.007179583367394913
0.014608668884356277,4.487986284916153,82.38369591552126,-0.004376682503380169
0.01493660537428873,5.557691710152038,88.98226629500022,-0.00422821648367702
0.015173944569382362,6.067103364320404,89.38931314501986,-0.006900245148118102
0.014923643109050665,5.345106512412882,86.35230058179914,-0.003010161897033516
0.015312881670621281,5.5042128668540995,85.55999449811225,-0.004380865313393672
0.015517620275903081,6.0300670107929015,86.98156411278906,-0.006205520005355823
0.015145662546365938,5.564044679947852,87.88001768111017,-0.0029167423830217232
0.015257684435391125,4.4875986214310455,81.85392215109741,-0.0031206180891637566
0.015174475490617408,4.734640686258552,83.98124191171023,-0.0027911350489970084
0.014851697237446242,5.571666205870503,85.28045751888556,-0.0003957515215839264
0.014301649874516313,5.603677994328138,89.89437988136898,-0.0035590424054388276
0.015164411972806742,4.621664484524509,82.84942796381728,-0.002258060708674749
0.014033776969739021,4.329009672576525,82.04989386631836,-0.001879608757177474
0.014775314029003025,4.9143495483897475,84.63457252289864,-0.0035241340615021974
0.015509180044848603,4.062291582002097,80.17416529623566,-0.0038087991336803843
0.014741803580290749,5.193437723655707,84.83891845174942,-0.004124997883321489
0.014989514191837494,4.947387683677315,85.05394666564341,-0.003542151384292703
0.014651757549876488,4.1680608574693885,80.4948021644011,-0.004167605653400609
0.01395699593395896,5.472829880040746,87.13000547394064,-0.003163568938315621
0.015799552246630637,5.355001180761759,87.1702544586468,-0.0029787275338521543
0.015650238855758943,5.487437066126324,89.72655317394758,-0.0034062940615777783
0.015755781726825558,5.4114577031437525,87.07647547682453,-0.003667229358175394
0.015199206736171528,5.294549698191352,84.7889120559236,-0.003937659328300288
0.013909624030132208,5.103463372653116,87.36520880132402,-0.0015199441231429026
0.015193785425766689,6.1371212090255955,87.26200141863794,-0.009358853699128776
0.015318429767227793,4.515905211901716,83.02005416392358,-0.003542224622985323
0.01567377355755391,5.909961344960944,87.3436798111758,-0.007271801954673356
0.015509195068409278,6.830647047503776,86.69361249772552,-0.006073308796971151
0.014651431827547584,5.595534650083952,88.36352201845544,-0.003477355643728385
0.013738236074853168,5.3455028964192195,86.7075978106411,-0.002064076655323291
0.014689534850118653,5.177031693615305,88.98248613200377,-0.0019373772258524354
0.015029362345449935,5.973551073901124,85.0695892784926,-0.005211475010146619
0.014979938436349045,4.572791935685903,82.72530911436057,-0.004054957339965918
0.014877874200068246,5.69568610101219,89.79350799796205,-0.003910095904498903
0.015215930117263987,6.083789621073929,89.64306537315751,-0.006807782819653481
0.013438031438615949,5.1360348101873585,87.91668611326449,-0.002887929487504995
0.014833845941202857,4.58158118640808,83.35632207221288,-0.0061726871219892985
0.015517620275903081,6.0300670107929015,86.98156411278906,-0.006205520005355823
0.015181501399672942,5.266619162202334,86.2311483682237,-0.0023778657947296465
0.01517922933373672,4.659103420038558,82.61486326450547,-0.0033138057934230117
0.015282531457632698,4.1925844883298335,81.14937779609154,-0.0025197662259480343
0.015025616532659108,5.529423159331817,86.16581392052814,-0.0014572746559655316
0.014450234841245262,5.595717701766464,89.26488364916199,-0.003503712901781258
0.015218222700645198,4.797809749012988,83.35432065562541,-0.0024740055439192387
0.014797940709497007,4.582886593936144,83.50372201031173,-0.004179330106559076
0.015405578618649723,5.518536588184482,87.68217760364368,-0.002970567391760825
0.015474353076632377,4.152230849146166,80.85676722630838,-0.003803819147840474
0.015364634648299468,4.614387357274745,82.55719379591736,-0.0035066664432434323
0.015407697828576213,4.245208914503708,80.62629119866335,-0.003272582065394667
0.015118794490859759,4.536208338964402,82.41021385034749,-0.003814262271408652
0.013975132481286855,5.303669894887926,86.35107662524771,-0.0038396495267708857
0.01744391937444688,6.174511069721813,89.52037600258625,-0.005674646190810428
0.015795151925272755,5.549377280477138,89.00616431364513,-0.0033332580322490905
0.01571810815780867,5.400930347781197,86.99733712588227,-0.0037082500545229566
0.015935508738280254,6.382783853682381,88.48213697725774,-0.0042103933465881625
0.01434610235818239,5.215045530470471,85.74032218768014,-0.0031712341075931464
0.015193785425766689,6.1371212090255955,87.26200141863794,-0.009358853699128776
0.015625116265451704,5.096928377329461,85.64579368530603,-0.0042022381594918
0.014565273473193406,5.520779109533833,86.23197519984974,-0.004764365908614803
0.01552194509837716,6.9526630828926965,86.90935040686331,-0.006178635204312271
0.014383265288192757,5.350730810025289,87.26105783330053,-0.0038146971493027127
0.014596477428773232,4.895268151733676,84.33474469612631,-0.0026011230890407334
0.014809969814515649,5.4729522045119605,89.74834485448025,-0.0031065408012617545
0.01517664756797663,7.09303529955234,86.46544916269883,-0.007626148213926243
0.014829165721767476,4.651397533697336,83.17784863749152,-0.004158578763693838
0.014875379854360795,5.6943823625158245,89.80447166061589,-0.003901146132911357
0.015254053093850549,6.05755928478537,89.60402985744878,-0.00653599226152873
0.014796268857814904,4.998409392759005,88.42510555764805,-0.0016304554699314259
0.014823715378993206,5.5684358257770254,86.30319765303142,-0.004731634605991532
0.0160177631283461,6.0824009048526975,85.6515903340886,-0.008302304876962438
0.015166567901675022,5.471810743908177,87.429282392202,-0.0024371185528595032
0.015084494003153228,5.570656691452976,87.01345645105134,-0.0032920767092385296
0.01520833243039448,4.500744682286539,82.56870401557603,-0.0030756826605740206
0.01524656533279518,5.630595894664006,86.03404421916191,-0.0003538387181878035
0.01491657293663705,4.928150207779945,84.65465281824468,-0.004793402782765776
0.015382105461044394,5.5473488572241125,87.53269434533368,-0.0028184086074129117
0.014130463578172483,5.195550043643814,87.09830286998323,-0.003984538611889804
0.015001388154628034,5.29628416324105,88.32528041319274,-0.0015610631558718837
0.015345125233860737,4.860890454804901,84.16639303168013,-0.0033687372405376446
0.015554937783362595,4.268301269056117,80.99899878969599,-0.0036105832476609695
0.015418813775162018,4.2098040874219755,80.66406405604539,-0.003329994264493555
0.01476690215648039,4.720024531242078,83.83030783843684,-0.0037525925830745595
0.014386477072697175,5.326801164986806,86.46537285725738,-0.003830426139510899
0.016298031456316645,6.011983934362279,87.39891102909836,-0.005703155889476364
0.015543745836389187,5.445255515000021,88.89154594227765,-0.0028289705778861743
0.015268793603434515,5.227953391343493,86.2766813003601,-0.003351094935861278
0.01627421458743047,6.7169732885537545,89.95829283297283,-0.003990376800980775
0.014426803209634353,4.763447861815263,84.17985264697793,-0.0036810601160280725
0.015140330433190711,5.344339860605089,84.84266111959614,-0.006422190364868848
0.015390162555847301,4.855063194140107,84.80000341549743,-0.0038818587257233713
0.01466490997875956,5.94250354137484,86.8268049642674,-0.005399689593794653
0.015580646848923612,6.782521928014763,86.70239805555747,-0.0064425329896594065
0.0136571297381298,5.2459282396666636,86.0784300987671,-0.0027825080945100625
0.01440592358537391,5.544718929470142,87.24264490299518,-0.0033316064440075117
0.01475460003024239,5.456128322785721,89.7952949456383,-0.0030193769742237106
0.014893225594056292,7.421885441544793,86.6726168708118,-0.007598304409442539
0.015755654207927287,5.139725839322761,83.61447185422475,-0.005350056215411495
0.014784948418959836,5.645211067791359,89.90861914897701,-0.003946682594774313
0.015651687138158513,6.116878810363838,89.70692893462288,-0.006686300551788938
0.015299972875078442,5.621837623601181,89.33285310815862,-0.0038779099257688055
0.01498944932713945,5.898962443518908,87.4721905875753,-0.006920989027578
0.014987768526657166,5.663403095219912,86.26444728637054,-0.005691552477024889
0.015144042281259942,5.460403866962437,87.24774592138982,-0.0022060891688653024
0.01485791039244601,5.549799669720739,83.99445851296329,-0.003527273281118206
0.015303117546264683,4.195391415376357,80.7611837875273,-0.0023112846305148992
0.015123332786716358,5.579856590415346,86.03405865129939,-0.0020171596907894423
0.015290465447151692,4.493106886157485,82.21894443293515,-0.004619858159772871
0.01553976904525259,5.829150036247184,87.92752767820353,-0.002106940113924117
0.014519330432232668,4.56428957230535,84.30040414748701,-0.001906728441252965
0.014998618846545093,5.3086942912387265,88.22698463345817,-0.0014683930916912168
0.015306889668911387,4.400394038510239,81.46684165838631,-0.003072770746009302
0.015307129650687909,4.258708645828126,81.27960193966616,-0.0036058634051243012
0.015373839801834491,4.233071150971363,80.95118781174175,-0.0035901314870326927
0.014738096313686729,4.91978230814681,84.77208450418766,-0.0035630413554584833
0.014319102970860215,5.4876333948419305,88.1170099017564,-0.002928079540804807
0.016611346400582937,6.150447030133449,88.01381699164807,-0.005847730958096723
0.015296013216757581,5.560166408228202,88.7944555826849,-0.003353421197691328
0.015560140181951706,5.005811234789491,85.3025444523904,-0.0037518349931848116
0.01627456096124062,6.717576311927488,89.95879866321467,-0.003990927516802705
0.014838999942184537,5.139992274413016,85.78353665498679,-0.0034615056773858416
0.014739097966406225,5.078731942309248,83.33793618163081,-0.005913188928506166
0.01542683519452312,5.143417977769767,85.42511659814127,-0.004401949741415898
0.014949180774447653,5.990811390876871,87.06587672611934,-0.005761510413959068
0.01672161420816194,8.006325471514996,88.96926551539548,-0.007583857172351017
0.013382918151382258,5.179173897617979,85.68225728282457,-0.0028209541202324374
0.014474216044310227,5.556797449527399,87.34471159778073,-0.002701235961467585
0.01475460003024239,5.456128322785721,89.7952949456383,-0.0030193769742237106
0.01435728471086767,6.059762669798478,86.57607786140056,-0.0036928738018996467
0.016030648717269076,5.062483795412666,83.30499627556777,-0.0050892923783445124
0.015089490462037137,5.370075688116793,86.66753372401051,-0.0048604653541626346
0.01591635831990041,6.104744378135985,89.40662078315513,-0.0072655488143045935
0.015299972875078442,5.621837623601181,89.33285310815862,-0.0038779099257688055
0.014848923223443597,5.8422159358508265,87.17906474973114,-0.007014756167945311
0.015191133102732393,5.867538928775951,88.20669872108282,-0.005401274384882822
0.014337535371560923,5.34707609004063,88.22294676995877,-0.0017386279885051236
0.014598713357791712,5.509225520106544,83.77712247545037,-0.0031466941949919976
0.01513905112227481,4.341514592188638,81.32314289310892,-0.0024662724477104887
0.014940059687472012,5.735991881620826,86.49354799031588,-0.0007610181922825762
0.015426213694142652,4.265401350444801,81.41369421019584,-0.004141096714361213
0.016214347511286732,5.693934134883409,87.29564175544736,0.0008967726670687998
0.014996300264471171,5.194365672106906,86.97793205362373,-0.0023426508008232523
0.014801485862596027,5.515165410242196,87.43682812577977,-0.003324109020294198
0.015457341211373675,4.585986587292734,82.55163596045807,-0.0036359565138546113
0.014581260516976419,4.846123363716989,84.45891028289304,-0.003836866463591104
0.015350949200167687,4.281327781875398,81.18046309859926,-0.003736066681077846
0.014505847172503961,5.1727338231565145,86.3954074488529,-0.004295291405992554
0.014296368498030464,5.200922707597905,88.95195922375538,-0.0013411064413975866
0.015632724262782248,5.9330848250171595,88.40153867491316,-0.005431437313939365
0.015151104380124597,5.700053269372142,88.63837589155771,-0.0029071856892391194
0.015827519364907793,4.613453034523652,83.33684708338411,-0.0039624320026173275
0.016245469706409176,6.685454050722031,89.91931360924548,-0.003933414177493019
0.015787323131222337,5.188966132482094,85.56671495382513,-0.0025093156551885144
0.015038090738956972,5.541620142196806,85.13726557818491,-0.006091156821117167
0.014129675374143487,5.566133180734202,89.43935785256247,-0.0035773027694730743
0.014581149487632302,5.415453404857608,84.77732683373972,-0.007169801307589323
0.016025873420578554,7.201648631863663,88.31123642308594,-0.006124723067981485
0.014504596330062876,5.40619753130108,86.46975251246053,-0.0023754847191937304
0.014447080472198684,5.505470003182178,87.31552697907583,-0.002781452982685984
0.014596241086199226,5.528083226354639,88.8641579434943,-0.0030406713750549866
0.01491358985641138,6.775350666405324,85.93691823642526,-0.005208401683076005
0.015799396713458525,5.1544571546469955,84.26563052156344,-0.006221097919145357
0.014896993691076051,5.177217146337897,86.02329910884245,-0.004462649789204657
0.015767204162777666,5.84238139981505,88.22142053514854,-0.006618193859260051
0.01513845064771875,5.507755109174248,88.50061801394452,-0.003184813862216073
0.014423342843406845,5.737547319830017,86.29095066541397,-0.006914766547871652
0.015514895546651855,5.937244129273447,88.13619458481003,-0.00745567952787491
0.014770485807500393,5.339775348881358,86.96723547661942,-0.0021575558773912944
0.015001140590637587,5.41412224506258,83.6148252656208,-0.003564322775896713
0.015101867318181172,4.290419161526372,81.21465356968235,-0.0028053970522049325
0.015105489175503584,5.6399721535319225,86.21356611394089,-0.0015364590512947519
0.01554750310690794,4.253481181441829,81.13617320716587,-0.004496439287788958
0.015123633515489562,5.33892591020235,87.45856259624759,-0.0011782262994521496
0.015061305133471146,4.202134457696522,81.7087333384877,-0.0023577046541613687
0.014438871629510647,5.522520434469442,87.71373987107289,-0.0036119199773513504
0.015567912911649861,4.25476503890114,81.40085153381139,-0.004295736706931267
0.01314619379936226,5.283416827092031,87.37982605475025,-0.004140789895202659
0.015384686074879767,4.2324428416786555,80.85979599327781,-0.004122559858627308
0.014902795512948541,5.123449508907105,87.10309389717276,-0.002136051573084475
0.014798572775511224,5.0695220783089425,89.2978834103996,5.612626467899149e-06
0.016245479455423248,6.134641748692578,88.67979907924837,-0.005916635361014206
0.015151104380124597,5.700053269372142,88.63837589155771,-0.0029071856892391194
0.01484684148319442,4.781929154200016,84.24015103726596,-0.004000130063641952
0.016144704167104347,6.611487774482102,89.91121019703724,-0.0038035748108260553
0.01516948104277917,4.85053014549675,86.12682486815977,0.0004871980937500367
0.015334875334265557,5.595309661590369,85.38102319642518,-0.006267353919977957
0.01388405523959505,5.494554785844484,88.94454619349904,-0.004589289578157792
0.015327637152903613,5.810254865844371,86.13002491316384,-0.006680242850673203
0.015842867412051462,6.391142922396031,87.39754007648679,-0.004437326376800092
0.014532716378354816,5.249744365959007,85.98711081467715,-0.0025197554284423756
0.014057078919907184,5.52368087632188,87.23591411645847,-0.0023922145514774975
0.014900469620502977,5.6395644819102975,89.49226679243566,-0.0025492531284102378
0.014522979119299355,5.809944266758415,89.6737622350987,0.0005532438273369491
0.015883223966807646,4.4531122612174014,82.25549804431743,-0.004811944273137462
0.014849145905594304,5.209014520226815,86.7206160066641,-0.004109791931380323
0.01610277546623122,6.464734098511367,89.8248661479206,-0.009510028450858372
0.015009072484919365,5.349721986235493,88.27208710200749,-0.00417156676285383
0.014880789871391535,5.945680421445738,87.63190869969763,-0.006826204209979423
0.01604478712291604,5.946575267986584,88.05786215261861,-0.006567149441495352
0.014383532825881364,5.325833993508457,87.0391386349556,-0.0029812234229723567
0.014990880953924748,5.390644643586271,83.35725216258011,-0.0037641161251887306
0.015065411286902817,4.213367480901532,80.9843628005346,-0.0032120182863565735
0.015158071805926758,5.885112667383689,87.73793180257036,-0.001398600867024989
0.014274822163646266,4.700137157358079,84.60115922229164,-0.003248775705467866
0.015408906650980943,5.110504577392896,86.0046486115442,-0.0009593271854468244
0.014948925565386368,5.086364830431457,85.09111920783862,-0.004151671620718448
0.013980812761260984,5.30023436459204,87.17333226226184,-0.0022023151633082626
0.014960770660476881,4.077767051531959,80.58372605325837,-0.004753598614958569
0.013863086922284691,5.29722843951553,86.49084373356624,-0.004220534059143898
0.015791949266475844,4.381042665647122,81.12502136856742,-0.0035163095332262167
0.01502260657678747,5.093217166605781,86.74652325329318,-0.0021678590018937745
0.014621059089639295,5.220561899638648,88.29420376985583,-0.0020284899146730847
0.016174361819534175,6.16050352806222,88.83884378463642,-0.005835934045475092
0.015178490522491749,5.466038347142839,88.5743753206395,-0.0030892982458282994
0.014523426749488396,4.97151089586665,85.03001181685815,-0.004635691471567744
0.016028138085323843,6.807822847214112,89.79230745712914,-0.0016141277098291815
0.015142390670869914,5.050408869940111,86.17322963571127,-0.0006824247010724623
0.015335687745786992,5.595105019616922,85.38306832281108,-0.0062660744755553425
0.014455211956873696,5.581316740521692,88.30068703753663,-0.0034692518424778783
0.015479394003248973,5.858967528922802,87.4003625306199,-0.005945891192060192
0.016496027792514512,7.930220377525306,87.94220157704882,-0.006569538089874014
0.014832306173162536,5.362155534793028,86.18416289819145,-0.0035836455806269396
0.014259556655535313,5.036617458958701,85.33309480345203,-0.002840067265603089
0.014814863326255765,5.738046621720336,89.94714840852926,-0.0032612367869933943
0.01481513296123673,5.974777989934681,89.06688597222383,-0.0019110497181760592
0.015599403514962988,5.150770081342162,85.18985877887192,-0.0028776543318237147
0.015014073658422456,5.229778614761276,87.10953414995338,-0.004099839201948122
0.016027817059259188,6.4362119510654185,89.78074133356706,-0.009067663945021677
0.015108782923934524,5.4441368895824,87.72459850162994,-0.002805663712958294
0.015272990513568256,6.419143550519989,88.19365470687933,-0.008552560449369754
0.01592545339861826,6.138481682117022,88.61158311035963,-0.006612685761812351
0.013542598863558212,5.4150661108961495,86.40104782787249,-0.0035629464564455697
0.014990880953924748,5.390644643586271,83.35725216258011,-0.0037641161251887306
0.015053716009507362,4.153577575892027,80.79402405821006,-0.003079864585433278
0.015051979333980439,5.714042460600485,87.36651624422946,-0.0007712927869498636
0.014353388767711937,4.655808796074056,84.40301187389005,-0.0021979730408510896
0.015662727654661437,5.064891784777746,85.18303083179217,-0.0027299028383461444
0.014615251619069366,5.261375765588686,86.54844440619317,-0.0036017267893876676
0.014612121366882256,5.493889416354465,87.53902047420631,-0.0029048272174520785
0.01525384443320153,4.0320542452506105,80.46262822658937,-0.0041414073477856455
0.014067363612778928,5.41832750306799,87.94511017982286,-0.0024944949610160314
0.015101591581464274,5.022712056286536,85.05122985611443,-0.002910013984968154
0.015762977372009192,6.020861414040318,88.6302366435376,-0.0015561431956980188
0.015138996569308897,4.992963530808076,84.73612100302019,-0.002695832293453739
0.016076274585015288,6.198792072806727,88.61074679561999,-0.00568109097519387
0.015366891510337528,5.497720464504637,89.35393397999287,-0.0033633474371780594
0.014238732259555895,4.993500320083824,84.540334344232,-0.004203741809558017
0.01571588664473521,6.361262872952905,88.22310203494999,-0.003808890004225158
0.015177565406693821,5.0599703253354695,85.37210332137555,-0.003112408862143478
0.015322646219364053,5.476640703511405,84.92905312163245,-0.006165919171936087
0.014340080659023285,5.334257026456235,87.66543721295095,-0.0035099624737723835
0.016825131381347808,6.490280528719509,87.61655670120118,-0.007558643580723214
0.01674631703678746,8.451842855898434,88.5529432758411,-0.00663683584864923
0.014956903503198003,5.102017351306291,84.94217241646828,-0.0034644246555599863
0.01435447043118032,4.907355503793004,84.0858972642204,-0.0036867810261804273
0.014806736713663993,5.749131227380039,89.99106804945735,-0.0032236747793466694
0.014784040757606996,6.221903195250939,89.73060415269772,-0.0010494652172024304
0.01565806744587025,4.149996305861561,80.35999668434475,-0.0036554124940845053
0.015086019372806528,5.433303101579888,89.60537107750234,-0.0054705595122083875
0.015327786230971233,5.4881434628588295,86.45776568806299,-0.008229036612448
0.01566310436309193,5.635829406202249,88.90839973947138,-0.002881528058222203
0.015429924136639767,5.8463563990492915,87.31992964734114,-0.005703621492980101
0.01592545339861826,6.138481682117022,88.61158311035963,-0.006612685761812351
0.013998660882370818,5.534133042311202,88.56505956908968,-0.003676287103565737
0.015427503762496363,5.689146968169162,83.31895545985275,-0.0058911815571542556
0.015001166759455826,4.837440323263237,84.14610651712003,-0.0034415421236125236
0.015878693318054672,5.467479158333771,84.9376473285797,0.0006475561229394118
0.014726028988817277,4.745877638079403,83.76180904535242,-0.0032683064946615317
0.0160634604413998,4.759782864540641,83.96880580151534,-0.0031506062588007437
0.015220055761711083,5.189240982802767,84.9422964892583,-0.0032731170016876885
0.01507809154991842,5.575898550417092,88.2923478684977,-0.0025842399146869008
0.01527557985221151,4.5875273263007985,83.21567668621248,-0.0036546297044944393
0.014178853165185688,5.502587062382507,87.98618962826515,-0.002464648914411088
0.015149566195808324,4.573023144410847,82.84163777363284,-0.0032520286468757913
0.015879589740348615,6.191908540461956,88.71630028792715,-0.0010996741929445476
0.015606517855127936,4.257033071490681,80.43802457928017,-5.1027405739709555e-06
0.0157435067526768,6.030469547085625,86.43838217452117,-0.006256092642747053
0.016111169511196042,5.387648008785591,89.82101225223677,-0.00362326693367224
0.0143080621126031,5.007329267777284,84.56873270255522,-0.004137993785557742
0.016376226110607885,6.484434924706145,87.48936755892048,-0.003845479829970354
0.015129371346925635,4.926282947980138,84.91062763127255,-0.004564922488591575
0.01516468942003942,5.104473643424175,84.65167768201259,-0.00582953438401281
0.01401831774003916,5.229246912914459,88.95153887082577,-0.0028053719601419877
0.015553774492669042,5.340189297497911,84.93439841563617,-0.004333736753865682
0.016840288444876228,8.700556714685858,88.90289041867362,-0.0069581664380193335
0.014593775170464604,4.655777388839915,85.08963398507936,-0.0013166847796355142
0.014108248665456373,4.9959252564908665,84.24136594895131,-0.003492052629665186
0.014806736713663993,5.749131227380039,89.99106804945735,-0.0032236747793466694
0.016712143451312906,6.639867896001731,89.22977252127744,-0.002459429919311276
0.014976826141403424,4.368039669622411,81.52642734363772,-0.003625698067814704
0.0149504127931542,5.363898889335598,88.57662104672974,-0.004306068356726854
0.015480638415470063,5.591170671811005,86.32141810189128,-0.0066088731335044925
0.015381896272589332,5.459301230054401,89.19474054592118,-0.0033819797092759945
0.0156875148236918,5.9117455283405675,89.49445730749372,-0.006183442663128465
0.01587276986214207,5.830484740071215,88.64732966182171,-0.004968686301929077
0.01431500442553989,5.046683300160728,85.70079447852531,-0.003553920598441753
0.015427503762496363,5.689146968169162,83.31895545985275,-0.0058911815571542556
0.015121120806093223,4.371275488600993,81.7974423388311,-0.0023063424449259037
0.01590062247625385,5.281107114566517,85.23699327516292,0.0006733361434049009
0.014613092005984894,4.667068980342043,83.41080813061367,-0.0031518741174301535
0.016083749928334883,5.037397218556564,85.49366008501084,-0.0026368208103758604
0.014615643701406954,5.268519861789434,85.84887556448159,-0.002949907525222013
0.015636462755754855,5.104108986138828,85.2972243895628,-0.002029124479019609
0.01581267661306779,4.1951743201932565,81.22516566565704,-0.0034384752340408872
0.014362657785747053,5.560540253924891,88.23688298389024,-0.0021744175849634988
0.015247984023173478,4.549273625411969,81.67365650915112,-0.0038318003679685946
0.016292770622854915,6.057380415601418,88.21893813571707,-0.0010708165874374121
0.015667974833786073,5.326609909967001,84.71301900717268,0.00015389511487493013
0.014960381607745621,5.521185754290795,84.43402028203057,-0.008592574349819719
0.01606483883413494,5.396087758864982,89.49738200584004,-0.0036285054838011924
0.013804262533461249,4.743339451979811,83.5341067566548,-0.0035745531142624245
0.01618006469056956,6.326956826664314,86.79507860267235,-0.00413346007735324
0.015186986000292375,4.078016652910581,80.49319570389447,-0.0037797250567593995
0.014339296575814064,4.193859404701424,82.1303619193518,-0.0056030376030333446
0.014412776339309132,5.388575696767256,88.66312868733863,-0.00287194794371598
0.01603026630505612,5.3640902687177405,83.28789575424523,-0.004063875436312277
0.016119833576710502,7.4267504793977235,87.64038323947754,-0.004470959379592222
0.014504287603697997,4.456483970500497,83.5222102332868,-0.0012402722915103737
0.01523332334227486,5.8158615451222735,85.88892086357984,-0.0011798086702579928
0.015042850407488465,5.267731111583403,86.98937826390953,-0.003814325678637936
0.01563597127945613,5.528504594168039,86.3665694910152,-0.0015507128937339656
0.014733923954336876,4.084625884901116,81.81018546546773,-0.0038244837280462375
0.01546386689045131,5.465580107563481,87.97622093398576,-0.004517071086076794
0.015445200420761968,5.543491587757811,86.34063995138555,-0.006939094530359527
0.015174179688280406,5.287776162383488,89.53892934116561,-0.0035625434075711093
0.014698608879628568,5.4491568747996135,87.71025245029007,-0.004610152434792334
0.015976156663995857,4.9297339573922585,83.08151571434287,-0.004907025627996236
0.01388053013733364,5.585720156656205,88.85352180463804,-0.0033078192310898712
0.01574373777899921,6.483846516059932,85.69901563133749,-0.00656992677817282
0.014634983631475942,4.314919191678033,81.6847416426539,-0.002956952700735518
0.015672624269465373,5.374132922810606,86.69337822530291,-0.0019626854213471915
0.014824432104803475,4.549976064047554,82.74272707548522,-0.0018957886411804553
0.016088764474296486,5.066149476897363,84.63323159076255,-0.0032687920595642207
0.01364956755684557,4.758259155613531,84.07711357943361,-0.0041630455976965595
0.01529021043449403,5.373753481315268,84.18057009421136,-0.002743465914857157
0.015636406687363116,4.635880490399463,83.39492881953963,-0.003487437732692132
0.01406872522901193,5.593652031629655,89.9764710020226,-0.0019949500281935435
0.015006165276528819,4.2820744427518616,80.3365635521918,-0.005398375313914828
0.01594945967049472,5.804457785949675,86.03520286785893,-0.002585711765005854
0.01458249639638398,5.4087325535030315,88.15872345473156,-0.0013185551884007055
0.014520997704656383,5.333119565687672,84.21182825360131,-0.0063838481950787285
0.01627957566994822,5.3811744226061915,89.68948880486269,-0.003121027280555979
0.014106168435535074,4.968009249587058,84.818301966093,-0.0038479760754325707
0.015595025021397984,6.066409797889506,86.60022230377893,-0.004736115317356078
0.015090684617694937,4.349987310165958,82.03172573309934,-0.0037834528926722513
0.014668346456797082,4.7711419003262385,84.07044345516347,-0.0036377101288305406
0.014601969955381584,5.239412758185771,88.11572402832056,-0.001930876249042254
0.017048971490802003,5.018474639929985,80.61364138411473,-0.0031994220100580203
0.01622700778207775,7.6345526601371105,88.58986598794984,-0.004429023945527788
0.01464456170643339,4.857251585532172,86.5489793165963,-0.0010595164001164278
0.01478149048580537,5.519178162875056,85.7136508443506,-0.0016152326233577789
0.015206509639143665,5.310348096971767,86.95079627417928,-0.004611939964047093
0.016069012735021204,5.688440327903375,86.19830052185142,-0.0006530214049901267
0.014548797009724631,4.111351838250995,81.8597197220663,-0.0036690745075680354
0.015753044052955426,6.142641042048448,88.34251101572619,-0.005436093259981281
0.01547716209464944,5.567682564195364,86.19626629295226,-0.007349540411649789
0.015051672259430625,5.257301875406869,89.09454551560185,-0.003225373294930656
0.014579592097304674,5.918867585150956,89.59553366109081,-0.005748533777616576
0.0161829305819088,4.907560795406592,82.71381450127504,-0.0051873887341464435
0.014771687644261133,5.810880157275522,87.69212339039464,-0.004469857949567954
0.015876091870020058,6.251580846734413,85.1300764446156,-0.006097585269159867
0.014634983631475942,4.314919191678033,81.6847416426539,-0.002956952700735518
0.01568879997071724,5.254570224356186,86.85217328334423,-0.002813317778608742
0.0148981648968481,4.263400086219118,81.016901453637,-0.0028577815891279866
0.0147833067295628,5.361872158561799,87.53836162850996,-0.002528620155141922
0.01429947190889167,4.922497113419867,84.51732697500476,-0.0037344405991840126
0.014998547288136465,5.794109466247992,87.30268153192557,-0.00028217230369985543
0.015507206778605506,5.0621854622759725,85.53596561299605,-0.0036433353206861124
0.014253948719722515,5.5599580694678075,89.55162504837367,-0.002672977684331613
0.015030874926053902,4.8038528361299235,83.26886116354287,-0.005290765508868317
0.015706874285744066,6.4096043949100965,88.17798044870369,-0.0041557870672148944
0.014673047775710539,5.095562461156751,86.67310646879858,-0.001990511976344581
0.014397770292680512,5.498564549200076,85.33201954394478,-0.005796737243298763
0.015627319134661644,5.429447534325416,88.35077995364423,-0.003289987499771908
0.013189282404896124,5.302719952661938,88.65396328060564,-0.002139716549842822
0.014981001680801976,5.954153672624598,88.2850915996252,-0.004948116244994274
0.015344019429559295,4.445268594359614,82.42793402662998,-0.003765867047157722
0.015027767786428411,4.629608621503058,82.96554331076786,-0.003542520089075339
0.014569206951314535,5.322778318620591,88.00262830320602,-0.0020854834525013263
0.015817956819426583,5.141254468516463,82.6305997535599,-0.004125851136983447
0.015408145477455065,6.366227633975143,86.15834356228858,-0.004049049148803657
0.015171493212302926,4.307641210895534,80.28867246403485,-0.004155882107891893
0.015418778179159476,5.2581244533267775,86.51165177158418,-0.002672780374745926
0.015421051940689986,5.304025718409694,85.84223131047158,-0.004912345817184424
0.015714693198715084,5.2585294338253155,84.50024699221794,-0.0014856267821448266
0.014545103532852068,4.475680887522535,83.44937995232607,-0.0033644673967514385
0.016270030178146006,6.173495388020712,88.41274534323,-0.005486403178402364
0.015204207763095237,5.402504414127089,88.6119194740789,-0.004337318583067615
0.015014793251580182,5.202719104931207,89.70649654646033,-0.002594425091979019
0.014994265758542817,5.848772531761672,89.26822547656731,-0.005655320949519797
0.01600907841315841,4.807930442368971,83.77782421125984,-0.004711963323797024
0.014935678246615588,6.072965620760584,88.29214959838514,-0.005364288245165547
0.016233555240877714,5.961250912321317,84.03399157899031,-0.005118153849977575
0.014731315411074235,4.407186311669774,81.98794271303655,-0.0028021847108511675
0.015788960953987963,5.253592089875122,86.63431530453633,-0.003160937354629632
0.014980871413669342,4.130080728538905,80.07180885260331,-0.0026966851890694583
0.014826622447828997,5.4556332759054555,88.59633634171912,-0.0030994030953078846
0.014329898457319573,4.960982284186522,85.12058489796487,-0.0043830594207127605
0.015073545235013825,5.170230569673689,83.72952083434274,-0.0012372787800479122
0.015571899722348943,5.3307353503083625,86.11836792157058,-0.0042568065900596115
0.014568005397466638,5.458147582690606,87.69827055862199,-0.003731689371786793
0.014859526899578025,4.798836809631856,82.27427299763032,-0.007214351031311376
0.01575729692344619,6.701548562941663,88.79434634828847,-0.0042245712551062424
0.014561167487881091,5.372508025202657,87.24493284283314,-0.00356818365499936
0.014858346748409808,5.050310761244328,83.16752836136868,-0.00546964234835335
0.016063947379704034,5.412160732295288,88.17009283229424,-0.003215698672603857
0.01408426875964425,4.864200257866587,85.98179130870282,-0.0025631705617501174
0.01532185270313412,6.573052707146243,87.96451044838518,-0.008676900108770275
0.015294012910024543,4.569001203679423,83.30437225151533,-0.002643077314797125
0.014882271495992227,4.846076381718495,84.00616163016001,-0.003261238389251956
0.015300126377269841,5.042830349792278,85.10519036547137,-0.00256806009400605
0.015948087808341383,5.195057814489461,82.16123400407545,-0.005872521674994555
0.01517033724575675,6.624476980743012,86.50318897288184,-0.005249036216373775
0.015444950972980246,5.062145299296655,84.83419461172709,-0.0029614209001550627
0.015940759809927988,5.509911397140829,87.61810635746157,-0.004170074236755665
0.015517310827080041,5.8402706136842255,87.92673537212418,-0.006828758796436976
0.015111515278411198,4.95647916434577,84.35963590093083,-0.002323487476617235
0.014436434721526701,4.1025599688874514,81.7218369674724,-0.004920853455564671
0.015410631952847581,5.778165139714394,86.97822488936474,-0.006851088053074411
0.015332173124771255,5.474585862330886,88.43015129430712,-0.004479571134271104
0.015109753925980176,5.6332031710790496,88.49405220566275,-0.0027860018452854603
0.015496490719234642,6.207998325838707,89.4384261417596,-0.0061481775199574
0.014766736567517596,4.656204042583353,82.77301064222249,6.013853565746841e-05
0.015014908541708238,5.785613495049199,87.6811808247381,-0.007118918902805006
0.015629673268507165,5.508569393276684,83.70545050007092,-0.004006307623854902
0.015234197270409448,4.846205754902334,83.5419796837005,-0.003923853119625641
0.015525238268869907,4.928810602247741,84.49081639495692,-0.003601743528957517
0.014966188357194416,4.498187714103299,82.05899581839961,-0.0028937383967052206
0.015095620172107183,5.532470389918281,88.19447040146085,-0.0037928868278707265
0.0143246066105348,4.935691581920948,85.3170007989158,-0.004025234386732095
0.015307278704997521,5.237106003774979,85.50209590356071,0.000886987812693028
0.016299687761019185,5.784460371807872,86.85561296472436,-0.006295410120056686
0.014482940298612315,5.593246669633672,88.36151332354213,-0.0033340870699049316
0.014889541479693612,4.82001174896387,82.53643099199877,-0.006828692583134803
0.015758584230888818,6.640220464947763,88.47020082692846,-0.004226127112245298
0.014744009621953932,5.243374725317133,86.20103364981311,-0.0032921311882394807
0.015228321416415768,5.227932725479716,83.69628491321647,-0.006307962770742378
0.016066438189169863,5.411781158028554,88.16905218164112,-0.0032159583883052435
0.013821305071353662,5.127073022778906,87.75662033535228,-0.002522182832891161
0.015096320653913135,6.63924082948439,88.11660627287266,-0.007748496957424908
0.015782380786390188,4.475143359692031,82.48465901079136,-0.002037122375144035
0.014475027903975847,4.52467939005836,82.15100602747708,-0.0030472409462430298
0.015065390848978191,5.19168905343539,85.74697739393089,-0.002146140865930431
0.016248183268963996,6.278388943926422,86.53321541516767,-0.0014547655495225089
0.015738194925266843,7.3409348310271225,88.08322315026935,-0.005787687005477941
0.015405899321230829,5.042286367635601,84.87338442340119,-0.0036171584561679746
0.015975005037560816,4.76987337972071,84.1427403837856,-0.004309068617379604
0.01564357106868714,5.85512105331286,86.42394520355252,-0.005622001993274487
0.014575752202051132,4.293666270327923,81.98398896718439,-0.0006227622792465319
0.015062385351176707,4.332537474713192,81.461109625249,-0.0043336634228942385
0.015534822826830597,5.757287548840265,87.07344032767695,-0.007289410452258376
0.015052862340982623,5.209128342704998,87.58897745830185,-0.0042277158073557725
0.014754976167079301,5.296323454910397,86.80714916673416,-0.0026207570820901077
0.015147919651479111,5.704211862110382,87.67266463504164,-0.0052998465697197145
0.015034610262043165,4.500423918833284,81.73556699213549,-0.0003736823658081435
0.0148032078648641,5.813220628486622,87.87719344122675,-0.007232380176136876
0.015562999863127137,5.439004718042266,83.68813781863535,-0.003887011855409774
0.014261839732555324,4.731032052107691,85.80420763645068,-0.0020717707239510013
0.015476942660924838,4.75959181473164,83.64153880153964,-0.003077075787190963
0.01516713791636221,4.384269521905062,81.4903415311804,-0.0032581873748008887
0.014762560280226647,5.044235386947271,85.33508697543594,-0.0030436220874161756
0.014590929226582401,5.084899830490324,85.95474957774594,-0.0041989622322089375
0.015393983649177585,5.654571871303666,87.86637386780122,0.0011388811166099617
0.016098225445985225,5.777778623389869,88.04730900205463,-0.006537558905199918
0.014661246219379871,5.52841420126942,87.93851622784436,-0.0033582831334405465
0.015183690043160837,5.380645326077222,84.71846574943146,-0.005957290130514274
0.015745204377450174,6.659368262332101,88.43604582748686,-0.004388425162685804
0.015325090183279513,5.273429739733983,85.85977835074401,-0.003142226368573023
0.015224710950394122,5.161840931840742,83.72580250240367,-0.005790748166514085
0.015549962158472775,5.409808063175883,88.46622279174653,-0.004115003768893148
0.014458268713633588,5.390816801042757,88.69369963228455,-0.0033834117147947033
0.015468980279387515,6.462530838989998,86.70957270585869,-0.007906778860493253
0.015539099790454996,4.752651523531272,83.81633892212363,-0.002883290787715624
0.014637753082853136,4.554002353439766,82.41497603370122,-0.0035356086960868062
0.01527533022107724,5.487952249164254,87.89459222742163,-0.00304266348063678
0.01647796150602886,7.026280271431176,88.68078902208697,-0.001911353535106787
0.015767173075033548,6.991761126357609,87.53135273811937,-0.00512533662415833
0.01527845158324574,4.1375628653400005,80.56817753576604,-0.003055449820797366
0.015828262584311886,4.881566057203926,84.77539947165025,-0.004490016276171289
0.015519186403825911,5.894923020125248,85.8341993890358,-0.005968681595151653
0.014977559450593722,4.023389871840139,80.34637361458337,-0.0021373484467057157
0.015073478582169791,4.28005803053034,81.1306769377009,-0.002658201206988212
0.015711273384895672,6.01137087867146,87.11423900293627,-0.005911006739980989
0.014977811403268211,5.450838659477547,88.70922324065782,-0.004393092216650825
0.015155411364470024,5.727506128222383,89.95346661158342,-0.003019609486338788
0.014917651651269839,5.491696478275329,87.8530898452172,-0.003943633767480469
0.015168476760866002,4.940860207576094,83.12200733510461,-0.0013052679683551135
0.014844876419627983,5.950663217064571,87.78522661231423,-0.006805725277019486
0.015883086057232713,6.119467916313749,85.30057303734597,-0.006277210382148547
0.014332182037212657,4.678856980161224,85.36533009472411,-0.0020858343698545783
0.015059000625598751,4.278506189192383,81.51794084036159,-0.0021129123950765433
0.015146722087956381,4.180004404382976,80.3490801220844,-0.003014450219796981
0.01477560145505907,5.2931391576741635,86.14733050607293,-0.00322868698545402
0.015120971436762616,4.988571756931003,83.42620557816649,-0.0038326471468292365
0.015005304154719632,5.547546924451026,86.47058752484519,0.0009874414245952426
0.01602026160244155,6.2850539769346865,88.80480053737976,-0.005821889869798735
0.014619641020179484,5.541928907720895,87.41803523423077,-0.0029185184587330383
0.016214067551378532,6.419606107990331,85.72956258640397,-0.011226875038127788
0.015560070346232758,6.6161062858698,88.32547820738692,-0.0031002666327689206
0.014848691784918887,5.191328956026175,85.48325784273382,-0.0027746290509558054
0.01526978301369826,5.260717598231458,84.33627767285259,-0.006947687146328606
0.01551422454124225,5.565740974611043,89.50245935592554,-0.00426157248069455
0.014198781220074574,5.319384711285978,89.97436438277806,-0.0020140774619190633
0.015058354903892393,5.945467652537488,86.60232144487537,-0.0060800780992322605
0.015644213083023058,4.226304445920419,80.79490609769682,-0.002383622905053704
0.014832533794873209,5.216542211978784,88.46899603805812,-0.004974257129125539
0.015618827107868416,5.8285437444298545,87.81760363533584,-0.0037736020320886963
0.016409658172943712,6.772158973925502,87.96964581994372,-0.0019329020941588645
0.014344248460836847,4.413181215721381,81.07854236125318,-0.005228698127193809
0.015113911241701085,4.680972028700937,83.63916308273109,-0.0034133710830416258
0.01551130535983063,4.365008809847334,82.16878060374653,-0.0034452321328169748
0.01576126573278744,6.730061438090134,86.98378395195962,-0.005938153497567459
0.015108681165401792,4.448981245086057,81.97929501298668,-0.002794466771225998
0.015060777041319215,4.359204287308255,81.61881572404542,-0.002341150705529779
0.015936624414236978,6.15284674013297,87.84821489124383,-0.005746783894103052
0.014805901716056624,5.692403052302192,89.66642640954169,-0.004496737079697626
0.015155411364470024,5.727506128222383,89.95346661158342,-0.003019609486338788
0.01502206882936895,5.420770729220054,87.59832666867115,-0.0034387326992409675
0.015101220660398904,5.080524661430834,84.80960468485273,-0.0026106655783459847
0.015254208106708066,6.668581284032411,88.62129342395005,-0.008914640051650007
0.0161400934039573,4.639513918531609,81.10840215904686,-0.009379111024671514
0.014005019836171386,4.923656995653024,87.77406003515117,-0.0009656963807126704
0.015103834430732464,4.362943799716726,81.7958807855804,-0.0024002536471306292
0.015203550610274818,4.150415263710967,80.6734663699411,-0.002721504066455985
0.014286804610563891,4.94398165616574,85.67138639163333,-0.0026161487983216436
0.014970536693105135,5.119567950252439,85.2857283238909,-0.003760980012716
0.0152446208218133,5.791177046866385,85.97440917274277,-7.289439677004e-05
0.01612747832611152,5.947071526049807,88.66118360732905,-0.006752006172376477
0.014934264273098683,5.015897255277404,85.08949253485945,-0.003092657419064307
0.015323286163701376,5.944785370680385,87.2452380103108,-0.006639519946486627
0.015242437397556373,6.325916038402443,88.03170042401841,-0.0025260030467687856
0.014872499003444992,5.4440215306010415,86.32076971559707,-0.0026974077694750884
0.01573498002898186,5.504034476795158,84.0698128469649,-0.0077927264533197834
0.015138017320131316,5.403472266324035,89.50711556650715,-0.003555364280339495
0.01466054302676313,5.7747157580802515,88.37054840627684,-0.003219436964891893
0.015278680379748681,6.22696191896876,86.31742103803496,-0.007530708214023492
0.015426571106340008,4.647370123240832,83.11631587349525,-0.002858193757572724
0.015232976626676137,5.402643850833026,87.58749075134993,-0.003931953026870781
0.015837895870223138,5.851890304914581,87.6294516820359,-0.004152692736011659
0.016019317677488477,5.795501677549885,85.47608135496012,-0.0036886992554143053
0.01495754108460514,4.943328993755288,84.17247175730141,-0.005562523101977638
0.015342612888448369,5.162427005453895,85.33736286189107,-0.0037498176943438315
0.015245598181441842,4.858753843461333,83.97702194866244,-0.0034077588905149394
0.01581429512681925,7.864360545072623,89.7875858565648,-0.0075484938338859255
0.015158400806086375,4.453753398277025,82.04470933875245,-0.002638601625429868
0.015296186111320716,4.354184329497973,81.88769414873155,-0.0013257393133719873
0.015583579976448098,5.40104532078824,86.74416376735662,-0.0042514537436909895
0.01481900208635029,5.591334842327487,88.33220527022468,-0.004042398555325639
0.01525729782232031,5.529438404436824,88.4966327039507,-0.0036354135000163136
0.014794754900205577,5.521858170153383,88.99819399339371,-0.0031399233361758603
0.015140614757779189,5.099227170968179,85.15310022582631,-0.003360505418534775
0.015168389516749762,6.643109974234242,89.68022757334445,-0.008435519624133291
0.015827394975398874,4.402778388718586,80.83150298996195,-0.006754969156919109
0.014183063990519856,4.803750394528617,86.60188067788462,-0.001335626451706428
0.015389273927784336,4.247421783027126,80.92651758120044,-0.002475152788177814
0.015195346603045362,4.482610215977313,82.44770500827205,-0.0030949522818711703
0.014758798169938796,5.129021337162753,85.70495841580995,-0.003095717825538956
0.014445615808830069,4.9973080018999125,85.83133538376251,-0.0021963819664038535
0.015470082593511627,5.742990985976435,86.21634824860335,-5.953072080420747e-05
0.015259165629750259,5.603100034887483,88.64351340159334,-0.004587521063000934
0.013932406343204879,4.1750275440793505,81.62909848961549,-0.001282243355660513
0.015486812131603318,5.334773451465429,85.29915982773173,-0.005252174733968839
0.015011530492921202,6.063365642113064,86.33253738655588,-0.0020838788086516096
0.014971815067471566,5.118523503069527,84.85540902955776,-0.0032490346145174092
0.015658992477159475,5.7820268596287905,86.15363831879922,-0.00650947963713251
0.015263767041532804,5.4726324955253505,89.76075632547187,-0.002925461647973059
0.01480774997058811,5.320555425914028,86.44025359603114,-0.002891147988563989
0.015211176328300033,5.794851034828932,85.97767204849589,-0.0062979832717965055
0.015440803807858129,4.716940714177282,83.21411720847364,-0.0026308577957162827
0.015085934737880183,5.323404938518976,88.40570654059293,-0.004172451239282912
0.01625034234923206,6.073110815833634,87.52610292127807,-0.004841830880809668
0.016124952345059628,5.912878779241105,85.56738901252454,-0.0036875432344440004
0.014841935770792996,4.53261500671504,82.40484594305562,-0.005078528773624314
0.01559616457016915,5.38912789022158,86.28306107666813,-0.0028449400623358737
0.015437151080905844,4.1514785587406,81.22063169882375,-0.0029790303892863993
0.01581429512681925,7.864360545072623,89.7875858565648,-0.0075484938338859255
0.014397967846724284,4.7004757097801155,83.88283994242866,-0.0011174752331221634
0.01490846271477448,4.388171282743525,83.50859603407007,-0.001982771724213469
0.015023879019584109,5.523037215814097,88.09726645991051,-0.004177840881309803
0.01364272014743199,5.464018335809715,88.10301752639211,-0.0029473690575886097
0.015205789558655786,5.439524320116477,87.17791512701032,-0.003048918650444987
0.015086652996939561,5.103214681976861,87.02014880708424,-0.003083359403645209
0.015010751206690586,5.207630737110239,85.40636987512647,-0.0027686437363966566
0.015281953242056778,6.012342714043895,87.56291409538416,-0.0061017083680449564
0.015541890474610546,4.437560541634835,81.49087010472734,-0.005339618209855838
0.014160098561541882,5.408189816632585,88.92223272120238,-0.0022416408056155058
0.015964832454555926,4.3677681322470265,81.28909589963651,-0.005830286069363668
0.015147168841003452,4.866321124855616,84.68664269893397,-0.00319089958115569
0.014158361888179661,5.6499103720986845,87.65196047190396,-0.00319632649170282
0.014440004457358654,5.231862590477263,88.12972692795688,-0.0020751508470047446
0.015357673035027934,5.3586495345036536,84.91217089067887,-0.0005823134142967316
0.01473045015783249,5.520679396052689,88.27266809000183,-0.003932467008587937
0.014456151239190711,4.6473310519023014,82.72857367410937,-0.0027073134892613942
0.015698615819116378,5.072511163792228,85.43120161426819,-0.003810800307313228
0.014731294171391273,6.622562538993158,87.44166845399734,-0.0018594071598576763
0.014737214257425206,6.040504357027988,89.86077684310354,-0.004362194288611792
0.01567571841298289,5.804081723793345,86.16627701128668,-0.0063167286924755775
0.015037094120309421,5.614896497647813,89.73289758947556,-0.002893897716021179
0.014630397607597531,5.627410166673562,87.95463437430557,-0.002865103100497126
0.01543017008743443,5.201451459507877,84.52568231876072,-0.007372288573385168
0.015199812101347333,3.9566023732251945,80.24716223136637,-0.0027975925515157144
0.015056403561706018,5.316630008202823,88.4931038811713,-0.004158202149987405
0.015828365900195162,5.827185608144626,86.50730741216053,-0.005533252631821736
0.016292863922550343,6.051566414732177,85.2594244936694,-0.0031631120402548143
0.014672364864285551,4.483832438539725,82.63505219785002,-0.002538264657239392
0.0156261705704429,4.7965393346650655,83.7411408028719,-0.002711633181835544
0.01518817683377476,4.3392199393583395,82.02857354672334,-0.002931895441763724
0.01587701276200894,8.050138973777981,89.92170867403148,-0.007815947116145312
0.014535769320627539,4.412878905632672,82.40412730149357,-0.0020468385053016656
0.014944849269533595,4.452767722073461,82.7740240269667,-0.0025898389131863283
0.014265704099837717,5.290994760511685,87.45152424549893,-0.004362701468250378
0.014276532886328108,5.53516063826567,87.33894442579478,-0.002808470971012561
0.015057580792377049,5.4109945695870465,86.46651307230508,-0.0030307167863367407
0.015346914927678389,5.3349349886530915,87.49900832016318,-0.004729195215889494
0.015112394270711812,5.058241822574017,85.15443492498663,-0.0027836270695906825
0.015195930601908117,5.952752390457146,88.19245771977991,-0.006282941301505721
0.01578046415264922,4.307653291611584,81.39851076231916,-0.004082348446401596
0.015575656123976243,4.963150711572741,85.26136302054026,-0.003721429871105856
0.015757831221390343,4.547206289946058,82.43000414066476,-0.004592972954224628
0.015014178203396646,4.826581565581391,83.89146188520505,-0.004061023818491759
0.01473958805190246,4.977302290532541,84.74058321536221,-0.003113381823971244
0.014576821440815381,4.998444520962669,85.91755776178177,-0.0015467032218721161
0.015318616524533216,5.221028225763606,84.7102550035811,-0.0014936977112105366
0.014711411875916026,5.740581440738663,89.31195971610069,-0.0043291143966245615
0.01432502936744808,4.90135827017648,84.16216438232036,-0.00242164919988113
0.015374644261864528,5.280864100822659,86.96765807440498,-0.003461438259676477
0.014667852334535192,7.1720387246194,88.32440666192194,-0.0022295157372132094
0.014726286780965225,4.949415592654187,88.11464748764614,-0.005447600787447557
0.015612225637281086,6.538651085488515,87.8289801229769,-0.007717152484863137
0.0151004508425479,5.547113989232981,88.88837686042463,-0.0031082598018232557
0.014574298928296692,5.474989048133779,87.94726214129386,-0.0024009219830904687
0.015495131462539618,5.177963191163348,83.01131443271643,-0.00887663868745403
0.014922533180035417,4.549436176796673,82.93249660080025,-0.002933279348050781
0.014603931202505718,5.218938108758051,87.57509468991572,-0.004098287257751822
0.015828365900195162,5.827185608144626,86.50730741216053,-0.005533252631821736
0.01592454261860738,5.869336774918947,85.02383724112626,-0.003513554009568896
0.01479202530687326,4.3331775848410325,81.68439721346795,-0.0026397123961582
0.016089568879696904,4.416614565900196,81.89195910918768,-0.002885183428342381
0.015446282644606232,4.227349960457159,81.76146256975007,-0.0018379424976427753
0.015322579016594865,6.095497043603849,86.06600579206976,-0.004807577748480956
0.01505051329728047,4.306718750224454,81.32975896086084,-0.003230867827102843
0.013650143823047172,5.285090406846763,87.31174055592857,-0.0017276740786961254
0.014600825699723631,4.728385322608385,83.8249585654703,-0.003442213796223008
0.014737198905596844,5.266656877785867,85.69166403017019,-0.002938911297316992
0.01519502443886813,5.468210402809541,87.0717123655406,-0.0034997575882558794
0.015403194673343737,5.23386901005793,86.9551966798838,-0.004445301399123459
0.016189924304072647,4.965351945379596,83.37671772332595,-0.0015917165976277947
0.015179663994136144,6.142680208668709,89.0536877844382,-0.006573108344404097
0.015058967560958434,4.6145854650776466,82.77935832512428,-0.003318643547736916
0.015729315853809007,5.500900166906854,87.15187904563874,-0.004083207538715543
0.015590444648518765,4.87640198158314,83.93552105743443,-0.004017962901802388
0.014596628524639837,4.4307083755641665,82.08582688193206,-0.0042688126968022135
0.014554429514456341,5.245909996081777,85.97442914503145,-0.00294798555381214
0.01391744661727649,4.716390383859478,84.82048250722384,-0.0019189064867496102
0.014089937489136195,5.649693248817374,86.97331215027303,-0.0009850786598475316
0.014806121186246402,5.907953925351126,89.92983888187885,-0.004712012659948247
0.014495967444307048,4.842827173054434,83.93131624503434,-0.002525082241387237
0.015621492376986785,5.589894974324903,88.98996363692666,-0.0032540530871497417
0.014722503531517458,6.7168461371060095,87.85420964904837,-0.003002609800264281
0.01489927369145658,5.117863475160891,87.75398357018862,-0.004996099174890261
0.015538717062343043,6.428078213512391,87.1280844883768,-0.007429542086222039
0.014961074101016835,5.51980990287478,88.27210617336803,-0.0026110013201385814
0.015001291219313326,5.4906778351353225,87.34397989747798,-0.0031621523541772636
0.015233896121253214,5.381536825250022,84.2315921447622,-0.007192882974597709
0.014983130337842626,4.127161598615485,80.56241753704516,-0.003118060616494757
0.01449074870352994,4.955629564639327,87.18233221102982,-0.0031376123340467075
0.016115083272515922,5.91467853912339,87.13527905789915,-0.005898380493716887
0.016160693527576223,6.152974915327015,85.41228623682844,-0.003378328370406272
0.014584279121283949,5.361556063305807,86.85575585559727,-0.0024442576412188203
0.015286207367781007,4.291684585719901,81.64038421028056,-0.0036688434429712298
0.014988829376605188,4.416375488022348,82.32870430853893,-0.00241469054787747
0.015330492185004601,7.038614156253746,88.46341486835769,-0.005768240009934808
0.015308056136252628,4.3646129948225045,81.66608867372688,-0.0030444934376208824
0.014212083456545326,4.822376995023507,84.7264289054683,-0.0020471447274770134
0.015091262298531295,4.855812898682409,84.56628092271714,-0.003906623403074588
0.014627279158799565,5.159072060904059,85.19343001917467,-0.0028374609346351392
0.015072024333914346,5.50817798786549,87.550831270589,-0.002959841021867571
0.015158518773352584,5.622135440507082,89.39669474144371,-0.004090517840846993
0.01629418003852816,4.2076355028553785,80.05733793518559,-0.0011327862283745478
0.015179663994136144,6.142680208668709,89.0536877844382,-0.006573108344404097
0.014770802763551198,4.233712417154267,80.76243676624668,-0.0029877155569542945
0.016270036898744164,5.345957929892964,86.34195982381215,-0.003403332029641373
0.01542561452491263,4.805370554584418,83.90865696967307,-0.0035949716061412576
0.01424106688336471,4.132401425195617,81.12210005756268,-0.003745459577494699
0.01464559117252874,5.683304121968052,88.97088267807409,-0.0036781741211010617
0.01405861889603115,4.813734027313601,84.39224458231052,-0.002301388177520947
0.01412016173484766,6.150822513779867,88.25096524331865,-0.0007046865068567397
0.01521940712049725,5.582672820965817,87.79023912950612,-0.005459941523480929
0.014546171041897503,5.246309190592292,85.63870131632396,-0.003320853471441727
0.01568691209726137,5.449147364632832,88.55530167747399,-0.003369703285296741
0.014950399126133638,6.407762564217449,86.86730483950602,-0.003741023896825282
0.015173263828809713,5.258892642513265,89.01940518121306,-0.00575106846217591
0.015548269903172311,6.419568996135186,87.12820373301028,-0.007404164222775282
0.014462925910915993,5.19302003860092,88.85001403769306,-0.0014565954182908648
0.013992717589934141,5.421009023884731,86.777574091036,-0.0025717214272694064
0.01537789053145717,6.27256781123049,85.7203540002001,-0.005314770239072043
0.01488449622260286,4.543121381799854,82.58232799842513,-0.003008818483204878
0.014574352468389822,5.127573945502283,85.12365218271098,-0.0027134011300499515
0.01586434905898236,6.097939422607141,88.0953824252614,-0.006424985934405714
0.0163838489307937,6.583002292150642,86.7327309371281,-0.003497546091222039
0.014739709992369308,5.343951464310376,87.53434204842657,-0.0033263737259269207
0.015120781696909582,4.142564496572662,80.72689985478921,-0.003614712763719994
0.015081309806927864,5.511424890284537,87.61752044943863,-0.0030320168289627515
0.015534479747001097,7.8538589480259455,89.03893051571379,-0.008477335381075068
0.015206212595028726,4.689731885222868,83.28765611066541,-0.003010155326926335
0.014104130681806246,4.50284607991981,83.13394997308184,-0.0018135694403221543
0.01560666051705973,4.745764740189718,83.56286494210448,-0.0028943980814772957
0.015135433114379548,5.389707443143365,86.65786248020302,-0.0025277722877808167
0.015360672508113942,5.556460553577175,88.29392082087928,-0.00330622474007616
0.014923293581137247,5.548538623939247,89.25801031170208,-0.00375349621266754
0.01629418003852816,4.2076355028553785,80.05733793518559,-0.0011327862283745478
0.015045444522930076,6.1682896181109985,89.62704261684254,-0.007015328885023458
0.014693131995291485,4.216090613116742,80.6081456582721,-0.0029777079792796235
0.01665259244265013,5.643851950287407,87.97112551463476,-0.002875632634803437
0.01548225574626265,4.484829968636923,82.8074817096327,-0.0034544888476629675
0.015095427254688185,4.417554209163756,81.874921320376,-0.002529699137598278
0.014883626263129453,4.8906326408390735,85.51124051565466,-0.0014204022720463983
0.014058161846935546,5.656226999265184,89.32016278702851,-0.0022769883287068328
0.015076501204790666,5.397350097649053,84.42805615168943,0.00011816952628107514
0.01614000215843367,5.611649507660719,87.09228977088037,-0.007985290403742443
0.014916516572526321,5.795599286932652,87.0486027422405,-0.004990265960310602
0.015640793728746417,5.633144696641164,89.18899341208196,-0.0035647605608433402
0.015188250060766153,6.368008579751297,86.46267271632868,-0.003702181806249864
0.015462740382583584,5.83102142868103,88.18450348991087,-0.006405326378450139
0.015009366231441572,5.896784133623914,86.40110355893614,-0.00559869525159664
0.014820735964108052,5.261806443026841,87.91129031193529,-0.0020812428597303118
0.014750793161657068,5.445864053171086,86.86092293310621,-0.002302632699754911
0.016043574543349443,6.25450529227154,85.40217013895013,-0.006863505470245313
0.014105078355132717,5.055664512955496,86.34685886134379,-0.0036958434050308954
0.014241403140647165,4.917116276410968,83.90941890247994,-0.002873521021764204
0.015888892499986363,6.1892101372822985,88.43519645145732,-0.006827158067653804
0.017030588797495357,6.711440781739559,87.09203685714216,-0.005883961407066054
0.014957072114542199,5.181007223343418,85.31035334697992,-0.006108374828907364
0.015030088655306568,3.985848008063151,80.0796523890082,-0.003236019771668673
0.01543471816922156,5.690080578975547,88.43395176669618,-0.002893343869124999
0.015590800697317496,7.980172188922813,89.15650799257656,-0.008681810643374942
0.015394558710446097,5.054535279772155,85.27024034711923,-0.004494932434970671
0.01357357241600196,4.92040954312412,86.0801733229768,-0.0028062211513491305
0.016140163220692574,4.118720647657196,80.15338906705074,-0.003444323396982819
0.015017601985564606,5.407582571465618,86.54904273418335,-0.0029473866418509983
0.015473586359205338,5.765930680727027,89.67304218121113,-0.0028918305839906373
0.01486745200434814,5.1227551337706085,86.70676580540862,-0.0035850365510585337
0.015345646113018115,4.633426620405714,82.81913500834706,-0.001907053626196829
0.015214148455676011,6.179965935846748,89.33580728522402,-0.0070641968429989025
0.014570169974288507,4.612004863410003,83.07116997612457,-0.0031713497488960103
0.015728550067308233,5.655084261908776,87.86377693261522,-0.003693539121143819
0.015403101569155957,4.479362654565106,82.76925363148503,-0.002644039865861012
0.014999522866534125,4.292304432541522,81.79035368420632,-0.00305638579586018
0.01555256519280103,5.102080745438835,84.58359100633022,-0.0023150002428417604
0.014919627930728048,5.475580345541115,87.41343554401347,-0.0036573554038926612
0.01530884667459907,6.071926570438272,88.47548974947672,-0.0005851424705347885
0.0159188097760778,5.758257745882516,87.17896967870422,-0.0072034406833656126
0.014691622298295778,5.963548941501882,87.27935345572038,-0.005417310702208105
0.0156193672289641,5.455295021095393,88.17044206526717,-0.003474401852118352
0.015188250060766153,6.368008579751297,86.46267271632868,-0.003702181806249864
0.015546168644083175,5.872403479902505,88.40275913535548,-0.007059491435554472
0.015236927498266715,5.886448687440714,87.24964534636233,-0.006217955937402687
0.014261517120755022,5.2530230307853785,89.92624183037563,-0.0011325790778892253
0.014564577533893586,5.927244980479523,89.39512891830901,-0.0011963401030632018
0.016356714745679988,6.561489754470646,84.7335192709023,-0.00819806419801797
0.014475837480399927,5.415896131705199,88.19450967552706,-0.003515080966149605
0.014230258607056033,4.955804709268415,83.98266156911801,-0.002976043385681332
0.016290141525345893,6.60120253042912,88.79758928499265,-0.009005896628684135
0.016605818979761065,6.090880707967955,86.13139196806354,-0.004782166601553745
0.015221292774917817,5.281788086997676,87.38568537029833,-0.002962180548208695
0.015260585100701756,4.013437750294614,80.0949631102102,-0.003279272042007059
0.015383305123893415,5.836794851391452,87.66321952720347,-0.0015784726558962289
0.015590800697317496,7.980172188922813,89.15650799257656,-0.008681810643374942
0.015458445700517182,4.547441304861153,83.16424045945172,-0.002863121806794058
0.014104379840942656,5.3915251091813365,87.4173507957831,-0.004377839984264923
0.01588646648808161,4.443348960784951,81.62270478245439,-0.0033707616011433537
0.01502965899879601,5.397356290354595,86.37106693629953,-0.0029426310586394768
0.01527164717877544,5.379769393355385,87.09288950457714,-0.002926910748226105
0.01477879963296223,5.365367597132822,86.91037338214294,-0.00434987741302451
0.014742760580818802,4.536311411525205,82.66645416519196,-0.003223185592179388
0.015030716667939741,6.156743381071326,89.50125475734266,-0.007006851204390508
0.014425550682856388,4.851552523224954,84.16173344560585,-0.003369548917318157
0.01601270322786384,5.451754861585969,87.25074278043157,-0.002653660142369435
0.01514714755760775,4.1744896533763045,81.6617939556515,-0.0019699467738836865
0.01435055311526103,4.728779893923236,84.57799021158101,-0.003223917911411959
0.014648455092389982,5.914001308479934,88.56758565179024,-0.0007419491417116229
0.01497988678347722,4.757526708088927,84.33542899680305,-0.0026509691315029496
0.015468123518164395,6.021376772059216,88.31323011864599,-0.0006384063118324735
0.015878130661441385,5.728776854256978,87.15936814885029,-0.006721912898836849
0.014861424291268627,5.29377571604676,84.10806088747049,-0.005404640747749569
0.015528782764858555,5.480686397932406,89.38886945389913,-0.004412704573257634
0.01517465167119786,6.294804108684472,86.4593917599288,-0.003640119127892733
0.015393396963937515,5.961135101732718,89.10350313914377,-0.007411171311256659
0.015021498172293453,6.011293077701147,88.1178874187764,-0.006846054835822117
0.014754542885677336,5.297370440389537,87.50608679872091,-0.002496300784468546
0.013693988365972456,6.342795646294172,88.57623054188534,-1.4405395674650483e-05
0.01623761256447439,7.121498025599463,86.35831349469457,-0.007100771766165193
0.014389511324618142,5.45223017850379,89.08217987782271,-0.004498363501876119
0.014528110343127943,5.092937504766163,84.6628727692957,-0.0027668428276085015
0.015463898890382388,5.738845498154964,86.46347213429237,-0.005073433745609075
0.01611642382932931,6.615780913534158,87.13891228383021,-0.003984960962815009
0.015093411142041274,5.28253918903152,87.14699066928074,-0.0022755053378982217
0.015209102654635142,4.623564095132723,82.80174049390163,-0.0030984466925171195
0.015394889445197067,6.325997348982178,89.43018456127706,9.776248045306919e-05
0.015590800697317496,7.980172188922813,89.15650799257656,-0.008681810643374942
0.015288277834174285,4.308438944528521,81.8749227329096,-0.002369632255926733
0.014500878553817787,4.60941592747237,83.39327254359387,-0.003445080283195205
0.015568873520949208,4.648656024524484,83.1726905318988,-0.0031066852522072435
0.015141038598007191,5.028125675796472,85.15971952535243,-0.00408379043228168
0.01529421650143631,5.30960701809421,86.97222104592753,-0.003044354416545754
0.014951371844788468,5.241010872403127,86.91718981466144,-0.0029352663139463418
0.014760976782980554,4.544599033942408,82.54051409654487,-0.0037588978691190673
0.014988302741777731,6.0320980093824375,89.021034630043,-0.006664701346518744
0.014780825995356758,4.787345306043539,83.83766598341255,-0.0034586993870393723
0.014972687386772451,5.2707718095284735,86.15750015293418,-0.0029948731923439055
0.015146354966627137,4.836710227337575,84.33347106280313,-0.0014575433730527752
0.013759725547311025,5.051191505984566,85.41175570765388,-0.0032751672750589503
0.01490277613305409,5.923806333370641,88.1316955508916,-0.0013666722647966024
0.01463140995470129,4.659224167726362,82.94572549236197,-0.004022836435829989
0.01569771910243549,5.976282289055104,88.06486684570575,-0.0004169936487923437
0.015841934508547453,5.956849392677194,87.34818453434396,-0.006880313886080732
0.015160187134968065,5.294279595414923,83.91117571776752,-0.005522161438672302
0.015524529402725676,5.518971560383197,89.3140218958463,-0.004188170039223408
0.015167485328815128,5.925531426991712,85.92098717093995,-0.0030873662411973644
0.01525189717401154,5.959396185596322,89.58474444107759,-0.0065475674516153794
0.015099619867304957,6.006976685597833,88.16060598312173,-0.006454201670249751
0.014730852839657246,5.577415213631668,88.6867322220929,-0.0028653103503935608
0.014408255242126593,5.940803184611783,87.55534176590423,-0.0009911785376575137
0.016414484633060746,7.448931095938101,87.0754887158689,-0.007262847985753253
0.014299788464729138,5.375470749258844,88.4725250875652,-0.005055319288437403
0.014609581554602463,5.252550730007903,85.7262146274368,-0.0024939276034880555
0.016537603565063463,6.174590425242364,88.30793380474014,-0.006610246850320668
0.015932981752821887,6.9198932266111255,87.72571128102635,-0.0030152729923760215
0.015144811519397746,5.136622506120084,87.88061024139209,-0.0004507730291523791
0.015373390062723966,4.4543479110314586,81.63901311781797,-0.0023940232173368012
0.015147767778317814,5.954742082009257,88.6159411907645,-0.001351475288909347
0.015931542581883715,8.135144807301575,88.93264379514244,-0.008962677540502525
0.015224924104482377,4.329636413117951,81.74267718008912,-0.0027351646936380836
0.014697756175059279,4.80180919190961,84.08330408486405,-0.0029686376752066173
0.015465037221051517,4.624777604687065,83.09690751515868,-0.003092626919070617
0.01454944564983293,5.517125914480407,88.92314904499703,-0.004685875244813683
0.01605322329069345,5.463308369592372,87.572389842847,-0.003244642332193641
0.015048170228269993,5.92258005159894,89.47253262154305,-0.0011738561950098308
0.014876831541209062,4.491974833170685,82.23885945439608,-0.003519835806050826
0.014823290057343893,5.8615577972284285,89.08532913510416,-0.006697808626346242
0.015008724817373082,4.117412287594187,80.2404604555752,-0.002527435858135644
0.014915027358865829,5.731385531588391,88.52514108735816,-0.002210967419634134
0.015028951973187148,4.859441525900289,84.51146570196292,-0.0018981206719858553
0.014584331972741567,5.343417420730288,87.23109455016883,-0.0037669065615659574
0.014785278570498253,6.154108496578598,89.0218802735114,-0.0012035678903090665
0.01414977403347099,4.752132644483847,83.2101163109671,-0.004662426427757046
0.015515582154865171,5.853151464840811,87.58705706278673,-0.0006268788730690788
0.016159394235396342,5.8139021826370225,86.96101961921553,-0.007550700063804632
0.015001763142418731,5.326867488194118,84.80767339942376,-0.0060365708302808985
0.015338261626814212,5.574028213387431,89.47379974101882,-0.003701309194349683
0.015239049426330583,5.892497112837972,87.81526781125226,-0.0016494014022945865
0.015414976209506328,6.0308614734114805,89.78184386340132,-0.007681791295739107
0.014938752158812388,5.927073449355722,87.95940053878545,-0.006134414220685444
0.014635873865512515,5.697153933196772,89.99124462383334,-0.0026137287497908705
0.015203056421010015,6.273265165894847,88.45437176794104,-0.0020067629426552503
0.015400201427452803,6.330313453077785,88.78008822998306,-0.00559805723443273
0.014187737032792073,5.594573646749668,89.57388031843787,-0.0040433586295659345
0.014489119371633514,4.808967654575433,83.73504524905447,-0.0035240848802587195
0.01619279195788002,5.977284622586274,87.7128436763617,-0.006559603094082162
0.015795330126454413,6.400332645723152,87.2165951002444,-0.003515995843093406
0.015101794531031849,5.2571707766954985,88.03537289380638,-0.0005459624389425439
0.015548270111696946,4.193263773295401,80.1525287349955,-0.00036761830579597936
0.01489080775602439,6.070178634899379,89.39831557596663,5.24068375826435e-05
0.015861188500614548,6.811748311045589,86.85212090442847,-0.006296828199099051
0.014915733879638276,4.2754219223673715,82.08821306943538,-0.0025904046040350712
0.01537284853846693,4.257102987343819,83.05210904834577,0.0008223712487271245
0.01611157974104908,4.468325985244882,82.3789097823022,-0.002950235173683356
0.014690877201216968,5.5253439026061075,88.35656237583972,-0.003328122498864721
0.015799599288355722,5.492040393549042,88.32751112639232,-0.0033331225860422967
0.015102020442409813,6.0750699558945955,89.66833844117293,0.0001469965197207837
0.015059236549828228,4.476958423509192,82.02808337805828,-0.0037049066742945087
0.014371263331157227,5.8880801534718685,89.42435081088279,-0.006956559391077642
0.015051430761823114,4.18449260922892,80.50996813112782,-0.00267286469751535
0.014975053556787231,5.03535699580869,85.42224614993526,-0.0028343821866638553
0.015006468336294891,5.589598141260891,88.77900749464703,-0.0032269211499463516
0.014254701281631425,5.17153308595334,86.25492495275202,-0.003944538606397499
0.0148046379187342,5.798209033747875,88.22813286749594,-0.0014220941023020371
0.013968085221833007,4.230999647391064,80.3514361813876,-0.005988276452805152
0.015510074982346314,5.500795237226945,86.00261117103494,-0.0010586074014882624
0.01527872651715915,5.47776124146512,87.78662503336987,-0.003512906553460405
0.01533200206997967,5.228202763252703,85.45576022732402,-0.0030177899297583063
0.015324082802930312,5.155171477576525,88.57505534856516,-0.004892475516843439
0.015501188638092297,6.061834199897561,87.99666685911833,0.00040962856704547653
0.015341811708450776,5.934296070976117,88.4436893462667,-0.007545450258461765
0.014303872268005915,6.030099834637554,87.36703332114308,-0.004998956962034881
0.014161214991265885,5.6748746475359475,89.64942018746612,-0.003312281828327954
0.015370515580044914,6.010983573851479,87.60759469388455,-0.0010146277129411334
0.015054971421081158,6.419840679623365,89.46822476141236,-0.005005845609087277
0.014479139836815074,5.266530977374151,87.31514920454197,-0.0036840767249150964
0.014664488379488187,4.716980358153173,83.44872655264088,-0.00375510978281985
0.016183902554643786,6.035626429216527,87.6635250576195,-0.006232787575428545
0.015943836670637337,6.702415717376457,87.85726987511285,-0.002916327246274081
0.015220483732930503,5.466777450413419,87.94216048040221,-0.002610337411176277
0.015391765846487064,4.1976717928906995,80.21835477631159,-0.00037994769972985766
0.015086730672944448,6.385262730032118,88.76114734125368,-0.006131784773903299
0.015410722383273918,6.132049978569367,86.47798064880129,-0.0039664174073268
0.014950087896911698,5.010440185437148,85.07191715950214,-0.0034078124394282113
0.015771137358269804,5.41515025034651,86.36729951131828,-0.0033949125516704085
0.015995314506442836,4.591923312978997,82.83808334939471,-0.0029099759536037944
0.014842408092393825,5.543838142523247,87.54204995830767,-0.004320329967594267
0.015268849885382671,5.606677010139185,89.03265415042746,-0.003757403841059082
0.015102020442409813,6.0750699558945955,89.66833844117293,0.0001469965197207837
0.015206942841105076,4.173993785328079,80.44012151828613,-0.0030067842034167567
0.014371263331157227,5.8880801534718685,89.42435081088279,-0.006956559391077642
0.015189600630864605,4.211107051482045,81.34266852940166,-0.0022900698562816763
0.014539941178180532,4.911785196731403,84.65434239059788,-0.00279696332855416
0.014619195021882237,5.053636834123651,87.06191266452643,-0.001141872827278305
0.015393735648828314,5.295552348175149,85.84874575217003,-0.003566423900594087
0.014429034057034646,5.394056300402172,87.94428016749102,-0.00212023146284788
0.014315749347226096,4.560225639281249,81.5589954407303,-0.004467411668747411
0.015317343024215333,5.454777228054517,87.33869858421367,-0.0029208406935314394
0.01505731041604565,5.823724069343464,89.60238410019288,-0.005659734578860898
0.015440892783651019,5.025782032691053,84.498226948969,-0.0030276588429540307
0.0153167670109752,5.12553626030559,88.67023573788498,-0.005133683576118698
0.01514815124795174,6.113331344838859,88.09654259507091,-0.00041971131690613124
0.015304323093803326,7.0176339619494765,88.91811297678403,-0.011016532416804264
0.014303673914117996,5.824247815033585,86.37714221187902,-0.0050310921258508775
0.014186752089179662,5.6890573767832935,89.59078894620825,-0.0036284555571585663
0.015521636167660762,6.076157965881316,87.95158707380274,-0.00042823108414444646
0.015046529473674566,6.547713781606916,89.92754730833252,-0.004739485309752576
0.014699441592374676,5.262771836754846,87.57953122862324,-0.0033574934369467887
0.014896542683874676,4.814711039697693,83.98476702425948,-0.0035879078151308326
0.016183902554643786,6.035626429216527,87.6635250576195,-0.006232787575428545
0.01693548630392449,7.496350194234639,87.44319555666166,-0.0046402264593314565
0.01474287041573699,5.123781166076707,88.52702948495471,-0.0030336817853741298
0.01536592258851111,4.2309912689399,80.45979391283741,-0.0005740138921818774
0.015203237029913825,6.324792113132136,88.95613605228,-0.005698650987193821
0.015693557702562064,6.386516888066872,88.00916491153674,-0.0036189071006765463
0.01492476087551313,5.096763614480966,85.68249682261435,-0.003679130711914993
0.01593263422621165,4.9356534047131335,84.80979419483151,-0.003107057357521934
0.015763242027302386,4.67009759852754,83.19198897973098,-0.003086153100393437
0.014672897962968568,5.621288199419847,89.48361341557847,-0.0025081086148716998
0.015772875659842645,5.459524251017037,89.21980418712938,-0.002953850334119011
0.014844652561513834,5.849223067534833,89.7640667670989,-0.00018115771334201516
0.014823765029797221,4.682431036976139,83.50407615491832,-0.00316919806629261
0.014370908557906533,5.88804816131014,89.42422512920773,-0.006960348317187274
0.015139052648006779,4.373631562655619,81.64316008923846,-0.0025664788993472005
0.014752049166326454,4.438099960783762,82.0838263910723,-0.0036466501777857397
0.014627060967256978,5.209733320552096,87.92700436235637,-0.0019736986104906184
0.015112520607263041,4.7200575319761455,84.34388460210636,-0.0018347504270865022
0.014178851794438788,5.14199604886191,87.71048870931101,-0.00024466260018311966
0.014319224849264118,4.847384287929742,83.6205152828964,-0.004058195497040626
0.015703296464372758,5.462762583048281,86.3769755114394,-0.003714606551629024
0.014710247761866023,5.899120966327877,89.70502085386806,-0.006254751522975316
0.01592058724034825,4.828308579863472,82.6986397978702,-0.001576146152393005
0.015487619851316914,5.038255149554792,88.72786289740769,-0.0058326808623365995
0.01510221832443453,5.910716588960109,87.44625168274123,-0.0008090372423096267
0.015269392812784978,7.0348907937646725,88.93921860754048,-0.011022034562031765
0.01420023077026295,5.765264938680962,86.38685962436107,-0.006387381161157579
0.014114751796644457,5.288551235224106,86.75888592661519,-0.004147553534815055
0.015671472275411064,5.595203128141787,86.03787816552828,-0.0016000400499360172
0.01519864026789703,6.098387063006783,89.55622798713979,-0.005052501181626748
0.014985230102054164,5.127885790904923,85.2624193628064,-0.004047685966923727
0.014339335150313343,5.29428216428159,85.85361028085609,-0.002815568315402089
0.016427755755354833,4.626333724267032,82.30041902657861,-0.006913696581646295
0.015941399917048828,6.590641432130891,87.93222460256638,-0.003910356176025823
0.014173965056238875,5.06242101800011,87.2359240972112,-0.0023769984995148765
0.015282101271151606,5.3091348135575664,86.19941777022235,-0.0036023018205025023
0.015485849738102884,6.331838510006088,88.38143698052808,-0.006262428227645655
0.01724314550101275,7.9143404187736515,88.58437039341456,-0.0071714429478867015
0.014842888526888934,5.324043484096536,86.96253128015587,-0.003227370576806649
0.015886471935083416,4.964407498828138,84.96872849074101,-0.0031160870881514944
0.015763242027302386,4.67009759852754,83.19198897973098,-0.003086153100393437
0.015443635225775774,5.31413662683896,87.28712704937661,-0.003343966079184743
0.015666244813141106,5.109836001069891,87.23281912555805,-0.0015046208979660892
0.01449964403281825,5.715653359784967,88.136254947269,-0.0019462577289114606
0.014493374434525346,4.704324395065696,83.24488242906446,-0.003762449758576408
0.01498687107903478,5.91889195731794,88.33552332153107,-0.006902815576096498
0.014881423307288368,4.074382040779143,80.59336212350674,-0.0021750225826246885
0.015132759227877322,4.176951312952456,81.14812785992136,-0.002311843258870701
0.014855944163523805,5.606314384455538,88.5167804133161,-0.0033176669481635294
0.015119100375571015,5.409195780346451,86.04674726632196,-0.0025422664886165843
0.01455159207025413,5.367748180322085,87.51172288104483,-0.002318081949417654
0.014837585599910988,5.1694662742469495,84.88227071315008,-0.003211531369660354
0.016272486151026666,5.420219277473852,86.5857049824381,-0.0022087015306627407
0.014931684983798812,5.7383073610983075,89.69531126925557,-0.00571911546902306
0.01590079553208967,5.101567410007398,83.64440101368412,-0.0005387292090714996
0.015195516875789477,5.479791594289222,89.13083023284103,-0.0035273651512878453
0.014607281694624672,6.383968337226573,89.92840357068351,0.0010612225530889164
0.01465709376526653,6.048067947524497,88.94572230978798,-0.007254972703044869
0.01425731665919066,5.628187472411254,85.93519809387415,-0.006110434079014257
0.014162643079833274,5.072739392388266,85.51436707909615,-0.0038605669101851293
0.01438310212804241,5.326780393636042,86.47472365772346,-0.003178160834410717
0.01519864026789703,6.098387063006783,89.55622798713979,-0.005052501181626748
0.014734799860726904,4.937754857984463,83.92951132219598,-0.0027331365250509716
0.01464949306595628,5.333974665533248,86.7683367626259,-0.003899136884745351
0.016043131148917214,4.840382895555905,82.61341898048768,-0.0061853163832812415
0.015618533276749553,6.375351153103064,88.25893809735639,-0.0033630277810574416
0.01391159451797223,5.089097023532744,87.0035951360901,-0.0027840843523551776
0.014777611528075461,5.201993315080663,86.24434559049138,-0.0038454358376422506
0.015604374299708961,6.162683241433092,89.07611426880143,-0.005484577264197329
0.016768673211213517,7.011797635245695,87.19270575819262,-0.00535982120249458
0.014531548934635506,5.462745215864507,88.5268199728098,-0.004600808557935373
0.015659544095743334,4.8519001490940505,84.71121824777346,-0.0025122281737850038
0.01619298495132678,5.114763180475094,85.22497860493209,-0.003851047779098074
0.015209300878109034,5.389418626130247,88.53570447141864,-0.003993387203109062
0.0158763997437458,5.479312384642108,89.11541448946639,-0.0041832358968312364
0.014166278393350683,6.085938063028433,89.93200089627018,-0.0009662894672648691
0.014671017838171763,4.481636153257219,81.83186832005596,-0.0034769710657593556
0.014914909031609021,6.008163881065103,88.45774509432408,-0.007179143998284224
0.015091072598581008,5.159372274675878,85.57320405347063,-0.0038405908403511655
0.015180940135555725,4.092803620824045,80.64754928871318,-0.002168273343907203
0.015194714185662424,5.559522730951467,89.36763169666698,-0.004587944355668317
0.015872063483897678,5.871886682124897,84.731361622648,-0.0022446574325201943
0.014555214267576572,5.1214611386435305,86.6598047330497,-0.0014380957594025928
0.014858265816109405,5.562252750299383,85.83661121868712,-0.0019291734474236391
0.01568214212374939,5.7821236785242895,88.02203410441858,-0.0016396660499188357
0.014492717358790284,5.731950047525159,88.02078529856352,-0.00516321579194495
0.015291026929626722,5.101454080107991,84.0509105352683,-0.0013601080347713861
0.015224875766338004,5.546156854488175,88.9527806007086,-0.0034249731482364483
0.014902378192112473,5.988741987354854,88.84683252917928,-0.0010331365022102157
0.014691465659194103,6.051973547573561,88.98711591069791,-0.007163089386919611
0.014315870425755151,5.5822694083991005,85.88127223928672,-0.00593046244224198
0.014264750419272224,5.110540810347232,85.66260374757621,-0.003951912465010486
0.015044786551411046,5.397173372974657,86.68428962021797,-0.0021926724217264243
0.014850336231774794,5.544247916758984,88.14022976933288,-0.0022934243300627597
0.014932515993578085,4.762210469157732,83.90494990738529,-0.002318151044218226
0.014533592539129302,5.554238378552276,88.16043283141155,-0.004327444553751081
0.016031824147746388,5.018910658240697,81.4844928748001,-0.006269451991765505
0.016024383374059453,6.656435047943159,87.64355289497972,-0.0036273957381974175
0.014577983551334484,5.093680871112146,87.9829206938817,-0.002108856361394565
0.014650806281998816,5.010142952778002,86.07020683372366,-0.00154494067667955
0.015558734143489773,6.321391887785428,89.84012324424076,-0.005426852966977109
0.01611703099943477,6.423146771705955,87.48638510187435,-0.003545341020784319
0.014993837387931634,5.196809774857271,87.20517883164477,-0.003876267474403704
0.015602541141138904,5.325983992517696,85.96989367840777,-0.003793865233460261
0.016311609795527097,5.07681761870143,84.9674121915092,-0.00398866593362641
0.015204303516690686,5.477898107712489,89.8181112118162,-0.004293166620562864
0.01547391553558336,5.520000155871902,88.9324328652898,-0.0040273320696772585
0.014512117307436316,5.930600402856031,89.72674744422386,-0.0017127262869359437
0.015044861579518029,4.264866472598621,81.1992788716995,-0.0034924025992762054
0.015087536002670966,5.932393762629238,87.86961511854116,-0.007083591542861268
0.015488835271201339,4.926071751793058,85.80005029006263,-0.0035160487803232152
0.014916409098286182,4.180463879359383,81.15898001220968,-0.002365629768069928
0.01557832851908426,5.398599196115325,87.97479170411205,-0.004260166023990112
0.015579249489946354,5.6958005332674375,85.4670982446747,-0.0022139294589085473
0.014364877819270396,5.050654161311082,85.87699990990679,-0.00216395428516374
0.014571884122045804,5.256409755102215,86.38212728911715,-0.0027978529906825815
0.015668227812040917,5.912489323120662,88.7205356823805,-0.0018960836885384786
0.015281874854132555,6.07866751937603,89.14753509508728,-0.004230315831597523
0.015109611748349207,4.788082869154199,83.17165303365933,-0.0008495315404639108
0.015854121836099612,5.325864493797209,89.86137102759213,-0.001940839696717023
0.015001391918454041,6.221806451287671,89.3755849557374,-0.0007876133411447836
0.014691235989052042,6.050034112192155,88.98508357571177,-0.007152860405110244
0.01422800256977113,5.652754051351685,86.16755101854076,-0.006179843459828764
0.014107455839544284,5.310550305665861,86.63225234181216,-0.003489018199134605
0.014972087481303327,4.917071372326186,84.63413049290664,-0.002668479401164602
0.014351927755375419,5.209919783551428,89.93470575054039,-0.001134836754873276
0.015449765825958825,4.645800701088593,83.86888555056197,-0.0017915525064753906
0.015145172560827874,4.761775012892801,84.49330561283014,-0.0037648511969344705
0.015700226060000117,5.113905880534967,82.92696819017354,-0.003991924562239517
0.016307336640109478,7.36586910095341,89.69616936251775,-0.005194611767459034
0.01527756615715343,5.67991116552935,87.68296810468723,-0.0029103394129938345
0.014515902761911203,4.857340423751668,85.50178422301975,-0.001479564327542862
0.01554073823406028,6.280334478907176,89.7020564286598,-0.005265785732454188
0.016385995612150792,6.481159822889359,86.93485570448458,-0.003807275632037
0.014901710799929187,4.637862181218352,82.47547633305182,-0.00569929169265977
0.015913867779922073,6.019180177009544,87.75275193760964,-0.006685711164589648
0.015896003389811966,4.96946288718776,84.62083624567185,-0.00386851116808731
0.015381003431540597,5.469612638739808,89.87255562979115,-0.004533522114565236
0.015752544176642368,5.552127705037594,88.91022073269842,-0.0032714411564168802
0.014916254327808368,4.73233177973202,83.51604047509551,-0.0028850924531721397
0.015103558939755115,4.326559321082251,81.34581301819024,-0.0035669553586849066
0.015092425414482946,5.9067140657312525,87.91012966967949,-0.00699659821793913
0.015118718776484106,4.693574291297628,83.97744104135147,-0.004411363477214985
0.014917574721930995,5.014049584160881,85.04737831655322,-0.0026390419679928555
0.015542296966110156,5.41564708934999,88.06442977726233,-0.00422107843725361
0.015349314666515857,5.176870846397069,84.2731930836787,-0.0014723566615596814
0.014623530669183264,5.510965232636268,87.09560682222113,-0.0028631238517733935
0.01452358087520527,5.3801201534919825,87.87446994413834,-0.003608118846656019
0.015799220601007708,5.561751455278764,86.04560770004319,-0.0016398242551839389
0.015176719352341387,5.4534712212088445,87.09938417917792,-0.0038923284395929888
0.015275550511281252,4.854864717271889,82.7072300569847,4.350770365990869e-05
0.015388135229569153,5.669386354923619,89.46975308818982,-0.0039912780628471355
0.014983283678521366,6.217424453739361,89.47638274819424,-0.0008033826910625702
0.013519376693087696,5.809759565537738,86.81451812523359,-0.006515445009180819
0.014384412503756104,5.536254006691071,88.04764872501755,-0.005824033015866583
0.014113301939282279,5.298739456456942,86.75220124149574,-0.003329570367286235
0.014165131257132788,4.8548102558373,85.27677653671255,-0.00038533768125482894
0.014509873256892385,5.503735728989779,89.32544003041781,-0.003305364105930156
0.015320117677425662,4.733054375279414,85.34769351178164,-0.0014166960909336099
0.015311635514435696,4.51772460881417,83.61833814465393,-0.004995549088298918
0.015118423854895575,5.718540705378059,86.84220880448116,-0.004168453409526219
0.016307336640109478,7.36586910095341,89.69616936251775,-0.005194611767459034
0.015317552992877096,5.3889144436941425,86.81079839525013,-0.003096833564576822
0.01376448737697158,4.595351256652952,84.13900242193645,-0.0004130153004608438
0.015571166829936632,6.402156320036543,89.87649978107213,-0.005615345839540867
0.016412076038131447,6.1878227217023705,86.01930551867896,-0.0033472859264614286
0.015673755110863344,4.448014861549129,82.54508533465932,-0.004676280570451131
0.015913867779922073,6.019180177009544,87.75275193760964,-0.006685711164589648
0.015246162885517204,5.107842946267835,85.88203354072546,-0.002530617069151137
0.014840483578898863,5.413687033883837,89.19634183172376,-0.004621469279068508
0.015961588522351473,5.657251934777114,89.39168683246852,-0.00368404183676305
0.014923349291982316,4.6705810198484885,82.83272287628519,-0.003070469917486816
0.015194008681518094,4.18734837564,80.87019252189059,-0.004095929357229791
0.015151210626544677,5.556195817270534,87.96802484076,-0.005201996044537073
0.015589366081671361,4.883348389315216,84.77816068946701,-0.004225710061135063
0.014820618382535494,5.092873591667858,86.20044427691873,-0.002385385070216071
0.015235407516838016,5.2615144063254204,87.47946072865393,-0.004068872128508827
0.01522434599342689,5.234625730126922,85.85579858549292,-0.0021087348133581917
0.014717526163354186,5.512372184124792,87.49721662069467,-0.0028650282816286973
0.014767604986206108,5.514219770481329,88.69225326484478,-0.004289154689938629
0.015397139532287838,5.969948467910853,87.63397026851348,-0.0009409972121456438
0.015063793242380498,5.412943681805242,87.30749928537179,-0.003547630003823696
0.014702919831884395,4.201239279636954,81.89672355276065,0.00023882187042553564
0.015358108805366012,5.672883041977935,89.84898927685153,-0.003362384052299977
0.014985584713545002,6.195033190118217,89.39943799195764,-0.0008483561511460824
0.013684707889866516,5.727798708784337,86.8806456822493,-0.006277558610651986
0.01685222934763913,6.77418565221288,88.54577653150888,-0.008271817367739817
0.014103454066257109,5.220563288881673,86.39974205433782,-0.0030918447238088634
0.014581810615157708,5.311661548991141,87.01486258547294,-0.004331659593023074
0.014475278421060266,5.4975775396695425,89.89986145038763,-0.00281597075373816
0.015515853005588541,4.686308600299907,84.49071603560665,-0.0018292049472816692
0.015156143121313475,4.513968876092477,83.49787245375235,-0.005132834620079341
0.014973765047122582,4.637498352179941,83.87765020072567,-0.003594711696311437
0.016307336640109478,7.36586910095341,89.69616936251775,-0.005194611767459034
0.015279629556763041,5.347279945312549,86.56852638797524,-0.0031458966571613527
0.01542344417424469,5.498370859835167,87.79374156392018,-0.0031808524254622536
0.015856586430660118,6.806079413179161,89.9572666416548,-0.007471534262014693
0.016314957586584806,5.802790437650768,84.8475396044885,-0.003215281883197788
0.015567168894474771,4.5327749764784135,82.41279736382067,-0.0035183180090399154
0.01588997071289336,6.247195123113988,88.54315746116052,-0.005795155725577393
0.014879140074922569,4.512311646916336,81.07912925716381,-0.0003670185744496027
0.014502075705849419,5.244232445279863,88.76966047528322,-0.005444621497685806
0.015828778177243305,5.591801066427359,88.8291901093736,-0.003585387149956204
0.015000870751845821,5.044718037333603,84.4579952339781,-0.0022541193015257516
0.015230105685912524,4.893848508884824,83.70000499423116,-0.003057082089626438
0.014680768280165572,5.024633793252317,86.2699361189915,-0.0053768469051283675
0.01591317414183304,5.120512372367676,84.90599691856522,-0.0030969441210083604
0.015059316090437572,5.034492465873221,86.37707943594167,-0.001891848460085375
0.015150408506043147,5.173079156337804,86.20772247983192,-0.004419375384954594
0.015316497929536058,4.712123460907977,83.58477449067205,-0.0031259278023756136
0.0145111846384609,5.594601198777363,87.67932463963169,-0.0032879876733222617
0.014626867884018074,5.376965165965407,87.56770539758699,-0.004151031618274362
0.015285805152394527,5.277429907741083,85.75448428334302,-0.0030873194615465144
0.014859486694347565,5.018794332860109,86.68177066228559,-0.0029638865354864566
0.014276973289966194,4.080605544161951,81.41035103489438,-0.0001947987815456801
0.014931993063080807,5.33518852432181,87.16160868030309,-0.0030694369670925922
0.014879217803721312,6.060392990727912,89.06752011181662,-0.0006787508101523281
0.014284772992559609,5.7951637229322515,87.12523848021107,-0.0053426722498118254
0.016087885149964683,6.116963879980882,87.39786348211004,-0.005835570034052482
0.014413031817342279,5.268291858330139,85.74720480457864,-0.002601363428398405
0.015261002038558298,5.909854190969238,89.99577811658793,-0.0069773683800322
0.014638096604656018,5.419319677178981,89.00944436760541,-0.0032026568686522876
0.01535924568281398,4.9690176761200195,84.79781677958877,-0.0023974350632570115
0.015206775876425417,5.046935759416868,84.92759583007279,-0.002522136494504907
0.014710059312457564,4.925242015544652,84.35155632087015,-0.0033467661457180086
0.016136409379746735,6.160095119770006,86.6768201041451,-0.004224009894474554
0.015525988944498215,6.252590587397849,88.63919637756183,-0.006068745229800066
0.015565809549740168,5.767003167615279,88.9271204020952,-0.003046428947890853
0.015833277136377888,6.784232548675291,89.91673589370384,-0.007425496154858312
0.016303424207537342,5.801949655192598,84.87513006476648,-0.003257206287179978
0.01573706066212389,4.377738282400801,81.49292923257165,-0.003871302681231821
0.015795566558586854,6.207185352098849,88.51238215731752,-0.005712319534786521
0.015089721171033917,4.922860803708385,84.93060388635574,-0.003807047507531146
0.014366703182688975,5.269878054204945,89.23272287331484,-0.006478746696603227
0.01580246910938016,5.548481123183147,88.57629879226324,-0.0037450548566833
0.014805424701675141,5.417974473370024,86.51557880938988,-0.00281489268212919
0.014833241334409211,4.661915672117647,83.04614083588146,-0.00246405483578866
0.01463003384649794,5.09073105715072,87.20637664080772,-0.005517482803410315
0.015162055205989733,5.079296418000781,85.92534717486822,-0.004661087263824645
0.014683579217414696,4.9745215941243695,86.93839335145968,-0.000528476176187705
0.015835787072259504,4.655217414445963,83.09211631492802,-0.0036709745934368513
0.016505858356933016,4.111729877536451,80.50905128726201,-0.002704486650015527
0.014600611589819045,5.222383986591775,84.64519973621185,-0.0014456379077493018
0.01423510657822982,5.439988119019145,87.71046935640227,-0.00428206032531473
0.01568213456845059,5.205665200390473,84.2227062893404,-0.00017036822870754786
0.014187381060501856,4.746833447621419,86.01759237760963,-0.0003595601561261711
0.01432506308396969,4.774911741868994,84.21500027587753,-0.0013725166579185415
0.01426763479704169,4.88540488195433,84.77120632207048,-0.0024028646229213627
0.014877456681207232,5.887416710040288,88.2561080530529,-0.0010448486040803933
0.014563301829713646,5.325256755068448,86.85664697330593,-0.004578538223869559
0.016406825246676325,6.721725825277408,86.8295507854797,-0.010351778760591096
0.014320233208088062,5.342394105383742,84.83395781631982,-0.0011274476628878767
0.014864235176982675,5.44265477118661,86.8985089808042,-0.004613906246572163
0.014531286347717786,5.493778584548647,89.85357517134686,-0.0034965448463025674
0.014947931365117269,5.160228644888787,85.90970355166084,-0.002803439263093021
0.015416796809779969,5.010995455468071,84.87669111731844,-0.002810954229330736
0.01408515118739758,4.850494066326906,83.8407179373606,-0.002580718297281439
0.01614443339352322,6.532886539013804,87.48345031758895,-0.004271116687505197
0.014876188327512236,5.015109625776182,85.28847840300323,-0.0014100244998926487
0.015618351153239769,5.620102927336174,88.70851168337185,-0.0024720805552336973
0.01590504626772267,6.764584380745811,89.70587628828639,-0.007412960867022345
0.016290399044803717,5.793541269444649,84.88315239554922,-0.0032409060322719937
0.01539473140865416,4.558477290776217,82.48618211299318,-0.00378621367467914
0.015837799762766655,6.184309036595863,88.53531662341805,-0.005655810110276581
0.014910756000036843,4.905529760826567,84.90867685830786,-0.003792073160904128
0.015688379656031717,5.731264983106124,87.35647595914496,-0.007804193187452009
0.01546186124704411,5.55334065125111,89.06197071426574,-0.003850480562963969
0.014669194206273016,5.518019224723545,86.85328039887081,-0.002985931071591107
0.014842356783668466,4.672579385579524,83.07166806993574,-0.0024760768933077488
0.014600604942458344,5.352698015875439,87.77031379348011,-0.004553867691230569
0.015407027143686372,4.960983583259756,84.66428319682514,-0.004104120985478572
0.014760730691874535,4.815155583260453,85.82997143010357,-0.0013260106998426151
0.015606369682417985,4.919514219427449,83.81431085375463,-0.0030236838378922826
0.015876291342541555,4.578839041942487,82.57939304724908,-0.0023026001075605097
0.014343905372217775,5.711972217227469,86.6869975873753,-0.0007271891897150018
0.014054356896966156,5.506510211336884,88.26596622466805,-0.0034528146327210303
0.0156925511550087,5.209143455840432,84.20725996840817,-0.00011883367571361922
0.014350071016655247,4.996108512390391,86.82567033856245,0.000898018636873007
0.01427937140374521,5.111493928672742,85.43635711544599,-0.003910543738605227
0.015380699529958243,4.5588722293454165,83.01317135301377,-0.0032929625619778254
0.014920462260309535,5.9796937180256435,88.17367599487044,-0.0006308234672221568
0.015216347410268947,5.138403438134763,87.16322493065134,-0.005830075397373137
0.015290997636284385,5.6075851023277306,85.8654470700356,-0.0063653699072822485
0.014502241170255933,5.36153504487725,84.80430294049663,-0.00133936399956255
0.015099173600266061,4.740043897726654,82.87182784906801,-0.0023664861256597336
0.014225325299573191,5.2368288252466435,89.0992768320125,-0.0032285966880099826
0.0147103505007648,5.518230304382863,87.14144159795312,-0.003439408236148599
0.015590000044238808,5.1806190250059405,85.11147017656266,-0.0038445606399014473
0.013669559411011755,4.289651525548568,81.49090232292664,-0.00392888520732851
0.015968254636890757,6.577506795856658,88.51567510629289,-0.004461130809188835
0.014316253986566213,4.891694220732568,85.48721927573042,-0.003960415918656043
0.015842359835955545,5.56273604904324,88.45927398278803,-0.0037580904438819234
0.01494211817933643,6.003273897956918,88.98037475018813,-0.006788847679979738
0.015611896072740866,5.518914852245449,85.39318136529431,-0.001372665918559353
0.014987454778486032,4.2988774804056025,81.18102630930044,-0.0026476314182034893
0.015799229178838192,6.160505883610155,88.4818073935886,-0.005621951858390588
0.015192649732085586,5.061466714363888,85.93897011592784,-0.003235691813000277
0.01640953394791948,6.448538752435223,86.63751513923133,-0.011052111096779702
0.015207442685734736,5.401137375870194,89.0490937660617,-0.004100788763768357
0.014680176626808402,5.520536193999165,86.87725065404115,-0.002983327544318914
0.014615031334657995,4.508959275157789,81.50851334876336,-0.0010615376395766221
0.014175209181175706,5.4177960732329495,88.69136941686843,-0.0048172598662036695
0.015191212421199456,5.283573175050259,86.09690066715169,-0.0038252452420030436
0.015228735987189563,5.646255934149744,88.07453751826642,-0.002853284331115841
0.015675459318784033,4.490980292339044,82.48667875663942,-0.0015124386956600303
0.01611684604266586,4.45060533441916,82.58644683590278,-0.004131759723115683
0.014424239988206368,5.662903768373935,85.75501807155216,-0.0009616934923696151
0.015238358062448706,5.525589561681431,87.516954021613,-0.003113879379476377
0.015278366629420845,5.4053037081345785,85.21526623873585,-0.001123001810600455
0.01400766811078899,5.276190884186391,88.54240188235403,-0.0010377797035945478
0.013398117581112971,4.981933197408188,86.04222994963479,-0.004970536213016699
0.015758708239084856,4.662009919430955,83.27614607956082,-0.0033534796430427904
0.015040006640679011,6.113549270069198,88.95318121766189,-0.0005043183469541951
0.014735524426675799,5.156603807860829,85.66975993230967,-0.0025110249541345723
0.016177232715306477,6.904294197963392,86.62891764856704,-0.010055552100310498
0.014574836385855525,5.143180498066263,84.13199186119994,-0.0013149359425906277
0.015106003239035654,4.552323379007291,83.15918614700765,-0.003715625020258082
0.014521894423363917,5.238977137965895,88.66018176340515,-0.004697723931757987
0.015261577695030377,5.383363775907954,86.22190234016138,-0.004069220756629592
0.0157262132218036,4.435073140870909,82.23560713123717,-0.002939675492376486
0.014048895161172071,4.632085383058849,82.96637266574429,-0.003857751849106513
0.01605201399150201,6.653842159383818,88.63031615591328,-0.004616200453852241
0.014664559392353468,4.803394598184038,85.32229107805296,-0.0025128712861618146
0.015486656217019798,5.4346570324849415,87.45711374835142,-0.003559405159607096
0.014929929304997466,6.023444025593859,88.87877533776825,-0.005885117019564777
0.015539059187747745,5.486697981258186,85.2051142581645,-0.0008999707412121064
0.014978339030922732,4.3209545272541945,81.25505730951724,-0.002620344165090581
0.015780325700173778,6.05547087426537,88.34648161838942,-0.006319111849167981
0.01493724784571852,5.203164267826101,87.27271690561251,-0.004291986185416869
0.015767144274312847,5.798109372083818,84.6505855432685,-0.007439645713006123
0.014945812032798206,5.136104234570716,89.70514500882219,-0.0021786079724677478
0.014497668332346102,5.193461196353475,85.7445666250377,-0.003948472213924376
0.014401320575597528,4.323880003625182,80.6604486619183,-0.0015455327708164593
0.01423590107189448,5.430688731224874,88.43252079290325,-0.004613807091429056
0.015104370987044901,5.241745133625347,86.0737523486821,-0.0034116255026336974
0.015403972839891917,5.516424037232158,87.55565186425686,-0.0028280312863533997
0.015675459318784033,4.490980292339044,82.48667875663942,-0.0015124386956600303
0.01568636676468886,5.189877729193254,82.44582411356764,-0.0025624319111333398
0.014905216247784223,5.614830354431531,84.7176205587889,-0.002793391165507979
0.014315903860216498,5.130920993312714,86.78269587387103,-0.0027735841157722155
0.01523260931072825,5.564653098720999,85.4312898053275,-0.0005994405405822241
0.014103723867771499,5.271037937183919,87.43922499500465,-0.0008041160510218724
0.014222623507816768,5.564346776578898,86.08640390126766,-0.006824150719412973
0.016049829739653625,4.947962631104509,84.5754120523964,-0.003821585690092605
0.014862006736422757,6.135842171598304,88.31261205924632,-0.0008490729971175402
0.013766680739653805,5.054096493842751,86.5060955340416,-0.0024600702516227274
0.016177232715306477,6.904294197963392,86.62891764856704,-0.010055552100310498
0.014183279297598536,4.555832033892754,85.90963067773656,0.0018275364618109968
0.015447480519203742,4.109522698948975,80.69133948995581,-0.004351356904091849
0.01529925058534334,4.945580535558678,87.66943045613567,-0.0052323956272700214
0.015351334088762785,5.151962606237657,85.27379135634745,-0.003876878954013418
0.015565048089077396,4.664813674429653,83.12807981415929,-0.003398496877584511
0.01418584603790518,4.762840221296843,83.69176895278488,-0.0037766033506878636
0.015173144793047929,5.930390577456059,86.88276400526864,-0.005307024028748587
0.014742149310835598,4.702428609701675,85.32867940587757,-0.002040771205935413
0.014990169102445093,5.373887373558127,88.13206280299457,-0.0039573222853180635
0.01483776348357084,6.130633633053945,89.63143952689495,-0.006270122893983328
0.015775870519381903,5.740289554960943,85.68983401695061,-0.00019632597963223277
0.01515992260159201,4.347202012253322,81.28551178521633,-0.002065156897603585
0.016043746747408338,6.211488459424662,89.06074706004947,-0.005930698804357342
0.015881364502266317,4.81821061416813,84.28586045485092,-0.004294948875960668
0.015072596830025113,5.254285642153084,83.69135111787138,-0.005374937705458848
0.014139350198136953,5.527120317760619,89.589418155701,-0.0020186167771990777
0.014099152793381234,4.749209938639894,84.69497361764505,-0.004650140010838745
0.01501990064105653,5.403284909306953,83.76338270417892,-0.0035754844760301475
0.015379061497263907,5.975230465426221,88.7746660674895,-0.004158280428063015
0.015366506460424319,5.7198903588660475,89.00166819338202,-0.003172470003204941
0.015587841688720806,5.324472976932629,86.88904648529476,-0.002914056199932967
0.015075730781498759,4.631578842315625,82.68252083465148,0.0001798693823760536
0.015690253017164098,5.195351370625108,82.4387488241867,-0.0026009713580312436
0.01520809598276307,5.304132140834538,82.89872811229473,-0.00233888770223806
0.013924082605251931,5.421718177940226,88.11676492358615,-0.0029751050798789225
0.014705130854694633,6.042613474902101,89.19205953123931,-0.00022123919303811352
0.014648305282326786,5.5379670096601075,87.6688000568114,-0.003532118190589059
0.014597726758508909,5.917108213877555,85.76000137021187,-0.00981600038918375
0.015611349429440948,5.006810324335679,84.20338802119905,-0.003557044260303135
0.01469621234539496,6.007971012107494,88.17398044338967,-0.0002503162128262475
0.013606468333680356,5.160914080236389,86.75182307143504,-0.0027294819031665396
0.016051750652792823,6.676703135551213,86.56236457811575,-0.00922898364148383
0.01488207079740767,5.476803445170197,86.93642862674655,5.007715656159674e-05
0.0153256613343278,4.430684954604519,82.3291727620306,-0.004822876728344963
0.015574191218146509,4.708774239875045,84.28005169594043,-0.004097957631168287
0.015104966047587282,5.116034531068674,84.84885073905612,-0.002983796076912326
0.015538463393664239,4.451434811685162,81.83388974703729,-0.003168017568240189
0.014845620530951177,5.1763953698194936,86.17471850373632,-0.0030973071202646074
0.015418466252167673,6.186617258698548,87.93607080747707,-0.005292952703681147
0.014707352729420276,4.696322891049035,85.1921044075864,-0.0014741030454574896
0.014865372779982799,5.321607540699042,87.84231182658023,-0.004182362341536156
0.014855555726603754,6.139660133524825,89.73186944756125,-0.006181647579419437
0.015038016839726689,5.181509511183138,86.13693059817524,-0.004524125268951658
0.014881790742472076,4.280749616895002,81.91452130620561,-0.0018219537346805341
0.01679187941954513,6.238103961736212,88.5130076024708,-0.005377400892718669
0.01546724519240718,4.9574141572117725,84.76758704425232,-0.004026864759155398
0.015250624262491208,5.732086809572504,85.55904929708622,-0.006257270900012643
0.014896464485968467,5.773323758758181,89.49118480796844,-0.0029403879423078863
0.014286052781507819,4.944205006265266,85.0939819815776,-0.005099498617718745
0.015019380571631857,5.3631318591851915,83.87873042489133,-0.003318089702844658
0.015652872041337588,5.769269414328169,88.14884822051573,-0.004857221748557783
0.015497690524535116,5.714492453948945,89.55655843177725,-0.002608668864858753
0.01622856225190537,5.655617817257069,88.44932217297809,-0.0027537912228214334
0.015098709291336797,4.836418831775543,82.666230602266,-0.0005947344758669101
0.01554129316011175,5.343739344232472,83.48805459119804,-0.0035525082458809434
0.015198693444136886,5.333302299938727,82.91073917071489,-0.002264832509858408
0.014223626358686731,5.478833943613781,88.64397835209584,-0.002718822295026369
0.014802844043152606,5.986989428604017,88.54128537227471,-0.0013024619819702347
0.014199305877655992,5.43375269832184,88.44894611354647,-0.003397642205424821
0.014548025969260485,5.983641721774632,87.99598999293717,-0.007710897824504865
0.015743575293878584,4.201387083739117,80.60967643798034,-0.0036344090425409156
0.014485901406903168,5.652075885293612,87.40675106154369,0.0007700106108764378
0.014049200867421438,5.492268540180365,87.56725052392053,-0.0033993455556219627
0.01528736188292382,6.02286186211023,87.19727775944408,-0.005964875736164459
0.015008254066543273,5.327492759756879,88.05064443388758,-0.001050724569685621
0.015288720288761772,4.803304445910706,83.69304001972579,-0.0036929499393464574
0.015563152947289072,4.679400885766169,83.86617331895216,-0.0040170152254656215
0.015465422148585053,4.85910087774136,83.35408747065172,-0.004980919400014081
0.015018712021238032,5.250869546203876,86.62653548235656,-0.0030431675916119246
0.014341529854258753,5.363042579565524,85.93526835463443,-0.00326768114940285
0.015418466252167673,6.186617258698548,87.93607080747707,-0.005292952703681147
0.014727420067558573,4.699374327136287,85.14898106200909,-0.0015621765221493136
0.014315078867638498,5.530104782399682,89.62972516870106,-0.00365777111118123
0.014964682056807097,6.181270261598255,89.58195810955436,-0.007557716854309131
0.01527855888139156,4.797084203919806,84.02375687498923,-0.00371723718481016
0.015600733711264065,4.944663880058266,83.75074741488004,-0.0032604440172148406
0.0166646020681281,6.155255928819532,88.09071543240634,-0.005653878244308977
0.015855681227525315,4.7860590892518164,84.09864661037801,-0.004328497327529943
0.015582934962271741,6.169196847193228,85.6569606802362,-0.01210191947702544
0.014896464485968467,5.773323758758181,89.49118480796844,-0.0029403879423078863
0.014562548545961907,5.558065535786102,86.06759630895269,-0.006963280748978891
0.015003464525251366,5.170311382291479,83.46154989684,-0.0004376671503137407
0.015958297272330852,6.132663935748608,89.98571344844233,-0.005901204665951452
0.015340146133547177,5.446132688213901,87.46598185720441,-0.0020992960119171435
0.014949960430476125,4.988717488836475,84.66810633200122,-0.0031231636214858007
0.015102481821660184,4.832679232324509,82.63589766880808,-0.000582226655154098
0.01553561217327516,5.7364842427990075,84.39765125838048,-0.004024398376379287
0.015198693444136886,5.333302299938727,82.91073917071489,-0.002264832509858408
0.014696162247480136,5.633791285173298,89.00738105287368,-0.0028829694668938235
0.014645921280670042,5.998724378391699,89.75511894556803,0.0003250347459441416
0.015177536297419919,5.131109127279058,86.7272306672083,-0.00350532084439004
0.0142232647201385,5.743815759439526,88.70243228893737,-0.00856368138490847
0.015183914071528462,4.409392769189058,81.7260139963142,-0.0025827069061513403
0.014294812349830072,5.619647923097619,87.65718377868164,0.0003382701116061461
0.014325199647985629,5.397312135544407,86.96950589305884,-0.0033815181612789373
0.01457483162675885,5.971250828313781,87.22826037802798,-0.006329115961082638
0.014633778336646995,5.502124750126436,87.95297493512743,-0.0020808069231026387
0.015955580583160805,4.05353434202855,80.34249423647694,-0.0011714703221933527
0.015367813411557142,5.06656095993935,85.57813547392219,-0.003945207223405735
0.01527131177254391,5.047802249238569,86.20051520433319,-0.003443535577041329
0.01487692737650764,5.67756130223607,89.40698358524799,-0.0035645294677585223
0.014241616422241815,5.3349636650788055,87.04388013255719,-0.002613785604187342
0.015428861281745858,6.202468412113813,87.86109778399747,-0.005858820056587219
0.014830997404887681,5.069485295703732,85.68701666644886,-0.0032185818557054673
0.014230550293183057,5.5710891212811235,89.98637707259779,-0.0036398988261633967
0.015078460948635486,5.680759653836422,86.91325585266303,-0.0067271652385043805
0.015189478187304102,5.027734524458794,85.7400295678088,-0.003994329936309472
0.015957923208411887,4.250219005185388,80.47609636854015,-0.0008472112034441318
0.016540591988101004,6.007350151633752,87.90807332563413,-0.005725350525991111
0.015123335238342526,5.272069648167172,85.68007332697448,-0.004027804354165247
0.015793928157230366,5.747303715392611,85.00792259759585,-0.00878534782781438
0.014177137398882315,5.521572338453075,89.22945853284509,-0.001353326057359907
0.014618343046272592,5.729355030761101,84.32603482126217,-0.011033335222787825
0.015083547060659204,5.038911431463419,83.64315207164636,-0.0013648170321662006
0.015958297272330852,6.132663935748608,89.98571344844233,-0.005901204665951452
0.015164843720521924,5.369182298656984,87.41134833351921,-0.0016124748291406095
0.01487864796558137,4.397408236003654,81.32498716405247,-0.003217212728218591
0.015104690502555987,4.543373840351776,81.20664756857916,0.0008288265270758841
0.016224832159569772,7.438177107289346,87.34979025583459,-0.0073858543804694535
0.014999582360011988,5.7593592200382195,84.16775515399848,-0.002145892084638986
0.014636788790524165,5.630975758810968,89.15308379254095,-0.002816860004167623
0.014680018503499401,5.851137997404641,89.20655494482803,-0.0008569474839098959
0.014553353249271088,5.575383393266986,89.601302888625,-0.003893138760704546
0.014199839962059448,5.755371650082849,88.76293373267801,-0.00867598391683974
0.015129492252997263,4.318834192600126,81.31240986649362,-0.0024590127076525655
0.01442628144835937,5.418629959683001,86.29344330562806,0.0007527728074816957
0.01456318960945302,5.307346884257672,86.57422339768779,-0.004538678159627185
0.014581641593921283,6.074171009283514,87.97280317109957,-0.006447966493764739
0.014944183755495364,5.4623010406391845,86.70720413605656,-0.003551469831398985
0.01622519285673707,4.472410405385717,82.06498732281301,-0.0035829672556090134
0.0155189183059656,5.3789376660729005,85.1102032283299,-0.004315415393049657
0.015098160876657461,5.276591531278628,86.37507391331314,-0.0034026492295556984
0.014976396392681815,5.54396063572379,89.89009697310605,-0.00259322417271557
0.014189879132999616,5.425705081564658,87.06688255303007,-0.002774361579166192
0.01540465289818984,6.176303241648358,87.89197412510441,-0.005699336090367988
0.014762961718249161,5.000208629515233,86.75107173430096,-0.002349971502446272
0.014447817236068836,5.555308872664307,89.63999984421307,-0.003485959893107526
0.0156129012709155,6.504455974135574,88.7079732567228,-0.009676293777509448
0.014938169565594583,4.905314866232514,84.98733314889886,-0.004222584584653943
0.01599983586505423,4.312344242839425,80.75336280722644,-0.0009161067651763891
0.015366301074256046,5.6710993878774,86.74277733863963,-0.004674389284951104
0.015317816791636418,5.7578388791424455,89.05991535193716,-0.0058697801887861055
0.015237606029302644,5.139985107008174,83.81403241853296,-0.005956983799580735
0.014095156391142321,5.5288137766438625,89.4161560826988,-0.0013949181402012046
0.01483405166156436,5.54407453931767,85.73203582925136,-0.007331305521306318
0.01541291101447218,5.537668630249366,84.63984817713248,0.0001959052945323318
0.01568068767982279,5.989461473777972,88.88837794262842,-0.0062471789037446155
0.01500995151252369,5.14698012065391,85.52168069334101,-0.001728848498816468
0.01469488712695431,4.50527866559,82.83484836578769,-0.0030437100018002035
0.015184359075276647,4.842144735305647,82.81392049228577,0.00019653272798285815
0.016413482047771523,7.804498183737316,87.45934402168882,-0.008071386224388868
0.014947132507816421,5.230832120386043,83.89485623611154,-0.0027151588784126443
0.014979156858227587,5.633438255776546,88.88136954846647,-0.00355345635117222
0.014883351285596848,5.460463850409511,87.99425066013545,0.0017839656427596942
0.014925589106789646,5.545262880233607,89.00915878209632,-0.003095930862319733
0.014906420043487396,5.733854165439331,86.91406843765631,-0.006724430199395215
0.015330643345606545,3.924437231956235,80.14614315342637,-0.0025072327673162547
0.014508149897860471,5.53770471063038,85.72364299044753,-0.0012698401282138436
0.014646729819768497,5.172908841155891,86.53257632529672,-0.002945175243913669
0.014848446162579139,5.962669059044207,88.15226958163682,-0.006183060227165856
0.015746511009981205,6.240267266508045,85.17961774484453,-0.005807701145187253
0.015373174818624798,5.482511174172435,88.78102218727497,-0.004051388506576433
0.01515536151582474,5.574903251732818,85.21729879989182,-0.005967691524181277
0.015068526006467952,5.354906655670044,86.74610248686756,-0.0034624942642683685
0.014874063956917311,5.527659127151284,89.0253487323477,-0.003064859990490018
0.013890684666444204,5.592477392202778,87.13244196713256,-0.0034707427474490343
0.015338730916832216,6.033279030413985,87.19151721547061,-0.005834086781894025
0.015006922181148108,5.08136252968792,86.10656089173756,-0.001770262630346817
0.01479438752483246,5.209451554279072,86.64124046364883,-0.003243450556550427
0.015106560984306877,6.130736550118061,88.70348168813246,-0.007290476340573346
0.014834766086454216,4.937689929635309,85.36145033918707,-0.003934123056606201
0.016032554815927472,4.251248001804617,80.33422618723148,-0.0007524088141785778
0.01644356108978891,5.7193832670678795,86.58544564115545,-0.0063199871336348185
0.015440967197501885,6.0709846825847285,89.86512454612179,-0.007914134473081192
0.015207819399518633,5.150134892324546,83.78263819570309,-0.005665910189896976
0.014545256253752433,5.444970301012375,87.97424351708358,-0.00353714951314934
0.014902808077371188,5.448173046863495,85.00720001935062,-0.006854055160147283
0.015389030125199392,5.521936842259607,84.60165176016945,4.665237670403678e-05
0.015339808575493942,5.827690245295277,89.11139206913595,-0.00522584391297585
0.014957250588943122,5.191914002147269,85.56543984187255,-0.0020858143658017874
0.014335226222931,3.9515821344049007,80.25360710596345,-0.0012515899683496444
0.014982281031054215,5.04106987779788,84.73725563045502,-0.002727417717608872
0.016185266259096772,7.466229303783509,87.3632033655,-0.00758506507157538
0.01445945862738178,4.0131620114209365,80.44407986127749,-0.0011150727574334761
0.014184464586457947,5.430390813810989,88.63303614066727,-0.004674155996022348
0.014960289159675582,5.353141169985045,84.29685066423227,0.0009980146827064658
0.01479760790316459,5.116834298195816,89.26054367434631,-0.0017149761876316307
0.014741795785707562,5.432491573732612,85.15891125402123,-0.007316094890717993
0.015216971154682837,4.461786165104942,82.33542903998878,-0.004224104669309853
0.014515366264089431,5.588493928116496,85.88851083569958,-0.0014848364636877503
0.014645327013113255,5.283968329380988,87.06270059173693,-0.004450263450532272
0.014750988070750455,5.720066806422383,86.21088853368505,-0.006236353360454509
0.016357360248376255,6.982431604416632,86.44211814661845,-0.007955120117034864
0.015873869661062398,5.48581219057165,88.39612256006644,-0.003452056655683749
0.0153014871383415,5.648035472771732,85.98826995937955,-0.005925709828888654
0.015021452419194767,5.400904795204492,86.77312622735604,-0.003758428779258626
0.014636438708338011,5.497694179921848,88.52640422877225,-0.0025855519134480734
0.014093633851827284,5.330344419757304,86.38300435202865,-0.0024297101146377653
0.015271644588035439,5.916943562065063,87.05424305107397,-0.0055681720125350925
0.015449353200236542,4.797547056333687,85.23958318743148,-0.00110233473849169
0.015065375107890605,5.26413438559646,89.24113985860045,-0.00040535143993932496
0.015185558826753253,6.040878158965315,88.35247119249439,-0.00728024466728022
0.014747390753205502,4.723798835716154,83.8095121565128,-0.0038533857381451734
0.015968588648377163,4.323541412472331,80.65822429107645,-0.001030493328475917
0.016469572884716767,6.108064820234681,89.97832923899195,-0.005619283558271217
0.015248376183511554,5.989838199734745,88.80610795304675,-0.007560468857958913
0.015067082032058315,5.187633371582196,84.53808555858043,-0.005300150190863351
0.014800512648144337,5.39939859478062,87.81756152927217,-0.0032001181514850346
0.014923727953354674,5.467953664870221,85.0998299103127,-0.006794520119283458
0.015557403157928407,5.507995160109275,85.93288053226277,-0.0011882735784989485
0.015059789400568431,5.345108640974415,89.03618867660728,-0.0020272925386658844
0.015440622966489882,5.284189413339195,86.94358686869964,-0.002889620290118742
0.014585836006042827,4.715412517402188,83.78452989538447,-0.003486140086961004
0.014975594503427881,5.085534030798381,86.74334002446601,-0.00033905072799384536
0.016365770330623874,7.57965619991515,86.86124097043678,-0.008207195772037344
0.01459745287138529,4.486897425248786,83.09177692101493,-0.0020312843989630076
0.014104740640268242,5.341836153737608,88.6878551262424,-0.003965067342215413
0.014991352825967478,5.518278669701475,85.23268445138163,-0.0007622075600907654
0.014747496783185238,5.237789749699881,89.12553733451686,-0.0024274527959252915
0.015543508245894077,5.897938339451637,88.1081565939383,-0.0073957159597537086
0.015492019120239908,4.340665479016433,81.23314131679636,-0.003967888010857223
0.01440246225482589,5.553459393598253,85.73364813713901,-0.0004715084707569376
0.014407724338610704,5.3749130160426715,87.6926915568387,-0.004679724719492531
0.01462293243873129,5.900273924067111,86.87545493671085,-0.006875017333001084
0.016475926121320806,7.184142929359283,86.20370077703863,-0.0082335896114486
0.015866457979015123,5.482404695812339,88.37639932690813,-0.003455025052619227
0.015071598310715488,5.709493222883609,85.01905063972758,-0.00805837777139254
0.01543408745488271,6.105781428222609,89.76360485012076,-0.00644143628353403
0.015037948611390123,5.39140098281214,87.34291865898291,-0.002208593678869185
0.014292793885451996,5.254023920683232,86.44418470719197,-0.0030503136612013084
0.015224664278121325,6.042596183156534,86.9591517662713,-0.005624691354352023
0.015200095216893127,4.860261242213862,84.55408578481602,-0.0024829246319002076
0.0142807987641515,5.167876238103212,88.28515764429707,0.00030127055303738864
0.01476532282880082,6.385555711196693,88.3377032736167,-0.009641086176355921
0.014576803057335582,4.9390673574692725,85.50835525856192,-0.003929486019549253
0.01614097767706286,4.319732587977238,80.43878074441693,6.291814153948968e-05
0.016469572884716767,6.108064820234681,89.97832923899195,-0.005619283558271217
0.015234760621146714,5.945879385240177,88.91575058376354,-0.007159262059412301
0.015474676165834816,5.416719368448023,84.91855596176083,-0.006280320431358422
0.013500256431381351,5.279616186405377,88.74615811502882,-0.0007936075697802603
0.01512021679328233,5.67016392755418,86.50962166911694,-0.006603959150248254
0.015501570055824839,5.523429887374984,85.41999552252278,-0.0003727182433285953
0.015785071680481322,5.084446024608823,88.2300501469823,-0.001940797855094433
0.015440622966489882,5.284189413339195,86.94358686869964,-0.002889620290118742
0.014535055329339804,4.1056673506125385,80.62157494331205,-0.003639026535841618
0.014828497556974813,5.606002076895742,88.07967293370639,-0.0034257409417179545
0.01527586909140007,5.86500730395506,84.93573751144365,-0.0040732054166970994
0.014809933028574607,4.366965807346841,81.72697843414385,-0.0029318738804951596
0.015105204893449811,5.531208637126413,86.96863653809149,-0.0028426190578765462
0.01510064885006442,5.3987391643574805,85.8499315025824,-0.0010146643355865923
0.014673372156074588,5.1755310535321355,89.14158777409814,-0.0011187383463344353
0.015551601412271876,5.916656188005712,88.19039657815733,-0.007486587828120117
0.015479871284910842,4.355303210307456,81.36191586445375,-0.003942753837717281
0.01431756471681076,5.218341021488226,86.87645666707017,-0.0014343947864239779
0.014290563803600916,5.442472652045609,88.14280969960153,-0.004080186059857834
0.014548296812176603,5.378334840611803,85.38576855196449,-0.006045802384151264
0.016712422181620782,7.357063892915158,85.95656078453383,-0.00857829593853389
0.01573316563602415,5.508042968950393,87.95798984799995,-0.0034631014206669922
0.01555880611005628,6.19046193070553,85.23143201600226,-0.009322146723237897
0.015372692547339747,6.190483290212737,89.97472808589508,-0.00706890726281804
0.01495357359129447,5.589440292170144,88.67666443465815,-0.004026998272549348
0.014174486996648448,5.3904928249450155,87.29021275606651,-0.0033518639147341826
0.015572667060142311,5.8536930169058525,88.1339408392155,-0.003990130884874753
0.015228746536683022,4.513500409817124,83.07423667643016,-0.0028373917621917102
0.014367690510621308,5.457261260980219,87.4213878919333,-0.003985201933989632
0.014992254853337467,5.886607007535324,88.03065395411835,-0.0063096983534209105
0.014753411367373516,4.626272222307143,83.60037101599266,-0.0038977997328090617
0.01604470306201838,4.34619335447551,80.63171031741757,-0.00010373974783726547
0.016469572884716767,6.108064820234681,89.97832923899195,-0.005619283558271217
0.015419826958724011,5.883153807206518,88.51796333657578,-0.006816847396097169
0.015523034409389729,5.285888401111389,84.35486454161665,-0.00595052035396344
0.013993359383543394,5.3011935775890295,87.86424787506643,-0.0018488329658717972
0.01514474815577258,5.491054701575085,85.1453142655857,-0.005540679327772204
0.01564081189952378,5.537415139856206,85.31453378607303,-3.103998266553321e-05
0.01573345853815996,5.4611831888932105,88.07993002991341,-0.002985600134437284
0.015741545122101814,4.950911511154719,85.61681211702323,-0.0016321418737814284
0.014810850962041367,4.208837021256054,81.09067008031622,-0.0034773155673117075
0.015165736492471753,5.749511864542162,89.59863757318767,-0.0031507356957432638
0.015210851855936137,5.66487640427694,85.09011048051852,-0.004566474638940591
0.01477270573500469,4.450554279569765,82.09735117590704,-0.003097183862678162
0.015087007534044702,5.536095500484854,87.04269428916378,-0.002878925160261117
0.015428848215467151,5.566371129972261,86.65245565446907,0.0009893388829085425
0.015246881040677292,5.406180267264347,88.40214808884619,-0.0036540470992866164
0.015630719427496532,5.935163749552648,86.12913926532525,-0.00909160599741067
0.015589535449192433,4.260663111613223,81.11058114264709,-0.003290912220362969
0.014084745491746134,4.961190790693125,85.19848282772475,-0.0014623080407529694
0.014293172877233778,5.44879678277975,88.20932573127281,-0.004130949214923822
0.015264973402028549,5.2706194749595285,84.39377473492219,-0.006282160229147975
0.016592881225756924,7.245953501063362,86.09127894278602,-0.008251350082313013
0.01550609725573058,5.635656024516719,88.80862298428244,-0.0036773390642699634
0.016038976805687784,6.087476355703876,83.43752725052744,-0.009163231319669238
0.015609937829956004,5.514750221242441,88.43486089161887,-0.004095395860351145
0.015333516948705703,5.640262647501006,89.84029171624701,-0.003431857263499812
0.01412498495553578,5.656734129236762,88.84167797645627,-0.003609213114786382
0.015440119369695188,5.6629774141067015,87.48733517236923,-0.005037271839142105
0.01576397123108177,5.020590596758819,87.15897729049752,-0.0023427234638604424
0.014301228790715187,5.469514737720803,88.95925288154088,-0.0029618070032180134
0.014879870195889051,5.723660735284891,89.20743550988418,-0.00358472687007216
0.013788996890688337,5.362720506380628,88.64253264896463,-0.0049260322354059295
0.016020493547894244,4.430264007760057,81.14452911066289,-0.0002984045722785617
0.015406991734082541,4.976916984126841,85.15633121269562,-0.004390731881218185
0.015401413283751943,5.9623036963757166,88.36935392239315,-0.007837173545553442
0.015055899391457319,6.466675726344076,89.2472932716781,-0.007972106089517187
0.014520617919185233,4.871155468248923,85.40029803849966,-0.0023346973977817105
0.014830271318629318,5.494766365939059,85.51398545936077,-0.005885246630041334
0.015656621274078443,5.431079186927927,85.20711982046146,-0.00031029222707718625
0.01554466739190258,5.475490696135875,87.97555017707194,-0.003511488280881684
0.01505315379411692,5.464286991578991,89.11581941063162,-0.0033249477094250313
0.014821075127863846,4.144048906906174,80.82084669083216,-0.00357920327081962
0.01518754413277138,5.745484976100744,89.62257341123772,-0.0031176109672614288
0.015268707491471887,5.297815672983243,84.09667327289712,-0.005825886868834918
0.01476164061706915,4.350249112730541,81.58815161564348,-0.002988166222945083
0.015269240363586553,5.389636796235879,87.02440429120355,-0.0029310107036192197
0.015443829101681511,5.297854312190898,86.07773586368911,0.0011803066130191544
0.014702124149028299,5.184390835774272,87.78226132625252,-0.003823937170219695
0.015219747394402022,6.105790838004898,86.92183216978741,-0.009038274319797176
0.015029890982591715,4.703067672720494,83.61476102770114,-0.0038694783116549033
0.01459600628516006,5.192819882475709,86.33236609803339,-0.0028075664850096592
0.014173475433877826,5.437720332610885,87.87359001640473,-0.00466697996080745
0.015348071922499951,5.3001848434355034,84.57001764816363,-0.005951328767609338
0.015405502429367604,6.090115147139389,87.04357096702722,-0.005818325287299698
0.0157134773848738,5.554014871674845,89.03646782580944,-0.004318597365414122
0.015693367234075873,5.473735260912166,83.89812719285071,-0.004580169471384795
0.015775777218780748,5.472304537554873,87.55556054396682,-0.003237777651388072
0.015122211651929045,5.493453455819525,89.53313833200922,-0.003369531541388258
0.014408473506094163,5.634191170109452,88.93984231590991,-0.003779595799017347
0.01448832490792083,5.455386831740296,87.5978289752037,-0.003983514195795351
0.015929642164235515,5.418353354846457,88.73950751666752,-0.0029098297583919435
0.014340749426686054,5.438222589462129,88.72433660669049,-0.0029899486432859983
0.014704916527808436,5.6685310695999,89.37006830713766,-0.002494628173777315
0.013831688840506912,5.099087848885404,87.84419986923669,-0.004291166230268652
0.015180147224932614,4.86113006816078,84.20288324967005,-0.003408056034574814
0.015332817196076853,4.868051542255001,82.9092683255583,-0.005980169544765367
0.015405801858998628,5.9642628827313455,88.36950392168971,-0.007847960400805726
0.014981835147530626,6.669625369865109,89.45869427111023,-0.008665907794194034
0.014232904324169087,5.222199309997777,84.18943142998009,-0.005522320295028736
0.015075896206726464,5.748455580587819,86.46062612958764,-0.006299689483462373
0.015621346480849488,5.551454734154304,85.50892226947744,-0.001099066697989569
0.01561574214599602,5.5165609265501825,87.73189216116818,-0.00365952900974598
0.014972762647149838,5.570795243133991,89.13345951730074,-0.0034424989618602755
0.014899346957554427,4.284800695600132,81.5914768346706,-0.0035465949647900856
0.015301232810764264,5.5079868698064915,89.73955646863979,-0.0029274504342741313
0.015859504711487695,5.7771392215841555,86.78394491188622,-0.0076834198983728366
0.015032798641325694,4.4782277484674635,82.19163665366457,-0.0024918547167245347
0.015279413023660014,5.604782274505756,88.22568503764869,-0.0033880224301119956
0.01536579489038717,4.949255659022657,83.98074657057094,-0.0009038421425807634
0.014142931543881344,5.465410337004185,88.52446159054314,-0.00395803591510274
0.015078948735889391,5.411237460439501,85.15074188141328,-0.007206399908788917
0.014660117387588392,4.869799366260523,84.54752479467088,-0.004324008005853648
0.014459754290455649,4.888264266041671,84.0307489846587,-0.002205230316123112
0.014333156007652548,5.095777990525998,87.47691501500573,-0.006549754635778672
0.01573821702738051,6.129613580718694,86.07222098345851,-0.008609505446065
0.015471797983885609,5.987316914781858,87.28858783935812,-0.005187838640971362
0.015329969865119636,5.41157734421247,88.49423433828574,-0.004125814730962154
0.015060420669045383,5.917584810130991,87.29720564190464,-0.00605946423242252
0.01581354520197205,5.5165804197271875,87.79611657201008,-0.00321014596059197
0.014718836386552752,5.483260527843623,88.99559782285004,-0.0034561384760781735
0.014430872662693139,5.667245496432097,89.13347307777582,-0.00363753393102083
0.014138422966871855,5.067858643576232,85.82168825779867,-0.0017625472237529215
0.015168629199645412,5.118273452871356,88.30285899503741,-0.002251248031635897
0.014676297866120411,5.6334600168554205,88.38361672664271,-0.002865661206384085
0.014696006872490648,5.49124737484304,88.47787758191438,-0.002649152218061534
0.013743654905555699,5.2642590626777706,88.4372930913594,-0.003117473346369172
0.015291931883478502,5.120863257142773,85.34805395342467,-0.004110544820821398
0.01532456194528219,4.847723852175518,82.64104697720173,-0.007250918052120564
0.015432806238748504,5.8134977497952685,87.6313971155251,-0.005634917483258732
0.014605764966331874,6.245183658032408,89.74268718300087,-0.006166956299382976
0.014456174565608786,5.653704004119152,85.76029692256034,-0.006459482337278711
0.014857640807082139,5.626299673175059,86.60995313940342,-0.005649091899923625
0.014840017343527013,5.302031696452518,87.31122206892255,-0.003122457603080817
0.015794393826315093,5.763956007237143,89.97402032257536,-0.002869305875714534
0.014883044012048357,5.5202145313716935,89.68985261912798,-0.0030521711434879626
0.014933649029846379,5.122280485592913,85.93572223814395,-0.0036291586801126836
0.015301232810764264,5.5079868698064915,89.73955646863979,-0.0029274504342741313
0.015476880370847426,5.1670681293310485,84.49993492274024,-0.006533979446323355
0.014902759621096464,4.4013061608809485,82.02096527568968,-0.0024742271219328534
0.01573714385036105,5.710379964015035,88.78855322948108,-0.005376262391324299
0.015071746517538284,4.525613739417741,81.0665500789223,0.0003086553272247292
0.01445209422141243,5.588115444198064,89.35257417016919,-0.003020637863155084
0.015106418614349786,5.663987805358639,86.40279307415022,-0.007271486603707886
0.015039473110634796,4.995355628371208,85.51862037933712,-0.0037572952593806774
0.014365627034901842,4.919256392218783,84.09277922234921,-0.0024927771014001485
0.014428464906099382,5.112634243736638,88.99535508322259,-0.004890757033880602
0.015851196122997332,6.379620382541409,86.72291739795884,-0.007864049711752304
0.015245711930765597,5.653695254269627,86.2890681574138,-0.006269198324988744
0.01503570449744832,5.4420429578610845,89.66937043153746,-0.0032184772279024642
0.015849480387342338,6.684982042814886,89.7046834828979,-0.003752713982522413
0.015101142091650423,5.29882639035107,84.88434436905976,-0.0021271124758905744
0.0144365594452026,5.086860479230961,85.48849194600952,-0.00456553566694088
0.014446929238133422,5.511710667546906,89.02016438007392,-0.002848447313894547
0.014094612834938973,5.292458959520877,86.02703834176089,-0.0022509435864012323
0.015102015790788537,5.206663993829758,86.62328713488183,-0.003929379201442972
0.014726371234083694,5.902541318455329,87.31413312498621,-0.0009067653949051935
0.01424181428717968,5.531895423576788,88.91634432345374,-0.0023869803703799345
0.014075824443033224,5.425573026807904,88.99949390731997,-0.002451439819202801
0.01493924726503295,4.868748140946955,84.13451734478436,-0.0027001226857416545
0.01561885036637003,4.154057690615492,80.15937169720272,-0.006279948767622991
0.015528659022131333,5.871108052569515,86.21943205695567,-0.006374174774299718
0.014735450615689982,6.094634946649522,88.87754550669749,-0.006453065729163783
0.014293863118678534,5.672641935339918,88.15676650172654,-0.005284358420734408
0.014578063979903988,5.100994046382905,85.64366019668672,-0.0029669089156902344
0.014851350294652024,5.374547208980776,85.95411859378092,-0.005535342111485932
0.016534769824881116,5.650712029831088,89.99001850862787,-0.0039643258738440365
0.014859985021703914,5.520025900758177,89.66992694716654,-0.003007747883102527
0.015234863914305558,4.889420278627903,84.37687201166463,-0.00453378720172573
0.014974924150247797,5.536124308258571,89.64977373185245,-0.003050919904532337
0.016215720062635334,5.395897407199103,88.19996185528784,-0.00482502268137893
0.015104289430612811,4.869141561545865,85.07880508005645,-0.004375155011531892
0.01535679077920303,5.673204777370185,88.02968041571725,-0.004899736717726821
0.015064159557533381,4.5298432659163925,81.09906565177,0.0002785551015333839
0.013403041894707035,5.6032552689331085,89.5940953774258,-0.0016755259712680015
0.015102925558726634,5.505208863799392,85.94385382120156,-0.0068851846174427505
0.014431404288301477,5.328531315619937,88.24576495726295,-0.0010328721024941631
0.014592275759137397,4.926379740971866,85.3856336710911,-0.00209816358683712
0.014289103551283447,5.083371960919383,89.18073323227429,-0.0056877181225217085
0.015795478781610327,6.283740301511927,86.61851935851435,-0.007606536704034459
0.01518415848034987,5.658243512932789,86.33932298085753,-0.0067121076005654395
0.015336884984831588,4.949782084035005,89.63304937245853,-0.0008017395080416828
0.015763686306923444,6.593733920170012,89.63727282818411,-0.0037113328778729743
0.015343096448138386,4.9295387951285194,82.9092765002965,-0.0006668258570232573
0.014053881426072048,4.795512269353898,83.37956502388329,-0.004484134576837185
0.014521168110738683,5.582968754976178,89.13412089031969,-0.0035166718441109906
0.014352733006923414,5.343644818727161,87.42021575969072,-0.003787107471406226
0.014655986231452795,5.327975092707456,87.06498891414813,-0.0040698563635653065
0.014871052638731494,6.074459381712895,87.15174971615093,-0.00028403691670669584
0.01435566236561267,5.610223179091856,89.92269558169173,-0.00359119878208287
0.014076918308648169,5.253917261264171,87.07467252936301,-0.0017362915098256197
0.015851429614796613,5.03429187326135,84.95687424565249,-0.0027013032592125403
0.015409592943691505,3.979722864431599,80.26251265523446,-0.005499085670635934
0.015323775798326136,4.494803372168002,80.37104976686942,-0.00874456534242004
0.014609049100931963,6.072085354033078,89.14691978955949,-0.006315521762748067
0.0139424635203741,5.64503876922335,89.89075450226626,-0.0041766134487985634
0.014494212707556912,5.116025021899406,85.18016319812583,-0.003090637546089289
0.014954655960062001,5.4307778759046,88.22166685663912,-0.004498879207424455
0.01521779932162445,5.325559107483634,89.09737692786848,-0.002813871438616637
0.014504981294403335,5.198101204147572,89.26700067173255,-0.004724393600697923
0.015021417933493203,4.971867354833456,84.46581107358561,-0.003447643198054259
0.01512161940344787,5.446591556070787,89.39081594913519,-0.004540856997039146
0.01558716171052907,5.432053616423581,87.28434825332084,-0.0028145632018075624
0.014621745819359079,5.441785243620378,88.6323057842383,-0.0032843197942118985
0.01575624784462434,5.603369198817449,88.71877205501575,-0.0042648765464885375
0.014703021233896192,4.768252080699599,83.49169729093144,-0.0010288778583698488
0.014992276048869988,5.6057266618674495,88.22896096718745,-0.006463676690622795
0.016107503644694057,5.810334958193432,87.68080311240135,-0.007343130495020694
0.014089907564340925,5.170443018006328,86.88960628694464,-0.0012923430662068478
0.014734129086055293,5.3564721091770755,86.7082460362001,-0.002472635590763478
0.014702396051991076,5.284827924167573,88.58293456662794,-0.005792596717961967
0.015655146101357646,6.068680909296106,87.42397445202198,-0.006686282406807223
0.015089638659996745,5.702794055124463,86.6934566758628,-0.007357465773713889
0.014563881048379291,5.221574695481017,87.3435329011041,-0.0018630869265258984
0.015827062126488035,6.645811947353831,89.66697439925306,-0.00375286375786881
0.015296029871779068,4.955169808342005,83.32255892532494,-0.0005346372435353665
0.014040875369234016,4.844436654137849,84.39840576567507,-0.005086897954205628
0.01488857255979423,5.510628038794511,88.46488298316413,-0.0026186725995300726
0.015179207213005074,5.634119307808296,89.97981564410574,-0.004955248397980372
0.014627159253998464,5.380605666587599,87.686250729843,-0.003612945125026165
0.014839950459738172,5.94843806240822,87.12432907611262,-0.0007053573483338329
0.01436274395965911,5.564018337795085,89.72401505917443,-0.002577053915512165
0.014463175977191958,5.30815782299505,85.35023019368596,-0.002988317750597169
0.015966163552495333,4.961712933896918,84.5415958342056,-0.0024785082526297443
0.01538041701851086,3.8776845916394893,80.0294991537473,-0.005345890230920642
0.015575421260243727,4.650951204607938,81.70516151336155,-0.006702438609364298
0.014511851876582571,5.697997479917212,89.77009737967258,-0.005617288490925572
0.013979827797228797,5.50712404722413,89.69447592954758,-0.003975704808221323
0.01463272716806504,5.190053787513071,85.95921000461843,-0.0036645098800727836
0.015067911867377643,5.532877555667532,88.32977650884224,-0.002772076669331138
0.015412782652795963,5.251951392311002,88.8327403729744,-0.002889500185856567
0.014572252667611483,5.253304360600539,89.15739018097766,-0.0048291462072849395
0.0140813217092458,4.370450017463788,81.60045072121893,-0.0038331584446261455
0.01543502751513261,5.3564770904991725,89.49055184935138,-0.004235461674500019
0.01581261935156521,5.359913834768805,86.68487715469385,-0.0033893428545090885
0.014282403791059077,5.287328230386509,88.69360632357517,-0.0030297764274054536
0.015551404774701825,5.165637207835147,84.47258524777769,-0.005409694180960668
0.014776795680992053,4.865154253033998,84.54769992048489,-0.0037266629847465846
0.016032423407059904,6.4735931411037875,85.8695638453242,-0.009758417335776794
0.016047291551425428,5.981320633262215,88.78307550065527,-0.006550637334450533
0.014617200313157044,5.118092153519287,86.68721685246581,-0.0017381895438311457
0.014768804741029375,5.339621603663444,87.28514400691436,-0.0032028714689366126
0.015051954942479984,5.082611090176043,88.51409308272466,-0.006086517340204101
0.015868793724676675,6.351010851672418,87.16844663124446,-0.008044759175520859
0.015160357710283186,5.995064522807457,88.37897214214627,-0.00733044537848149
0.015531717549560712,4.8358503440835365,83.84773941101827,-0.00378846131459642
0.015708478812290077,6.7407399859073385,89.76763241583195,-0.004200021224923127
0.015000977775936062,5.243900524412124,85.6880856491882,-0.0025345686126757427
0.0135685656404589,4.6221087881881395,82.73598581398936,-0.003673714632254002
0.014041915396186067,5.421855800239639,87.83638798412943,-0.0036935370403424067
0.015142673755571016,5.335928990019554,87.84412228124775,-0.004148821517948781
0.01486332513875888,5.279964157568777,86.83866896108438,-0.00400530892257904
0.014763991629234948,5.3258665927662285,86.57684192203305,-0.003426256557391285
0.014054621920665603,5.703766493577876,89.99298341095589,-0.0027317448746395218
0.01486251018413761,5.503412459031964,87.4049525730326,-0.002887068494489849
0.015947568906342066,4.66828520102675,83.77483973271292,-0.003020155349421314
0.014041115071892556,4.034376084717993,80.34320770572174,-0.004433488430745464
0.015520525926494229,4.874804527048227,82.93555107642369,-0.005933708253371353
0.014902651429082276,5.551537893567235,88.04818058739198,-0.005398284292269021
0.014589212258933736,5.519288390908258,88.67452277213039,-0.0034872896608656393
0.014493882577458072,5.219336985498665,86.08787855290062,-0.0033767133896902123
0.015103979174293798,5.6209593618813445,88.76678618913634,-0.0025397243212284294
0.015342817186302935,5.314375946529582,88.94368115623061,-0.0018177744451349123
0.014871550551495858,5.348077224696042,88.7128288777665,-0.004161998108228836
0.014188752752905733,4.127200294186943,80.71909420430785,-0.004214107606515371
0.01495090985879838,5.452078754255252,88.55956780601286,-0.003990555026534276
0.01648378309014781,5.2205344235096565,85.72742645697049,-0.002596397141685596
0.014376473819808264,5.369473532719691,89.62591126409488,-0.002651456997389983
0.015803962901527427,5.013427389828001,82.8006314280541,-0.005821112923239511
0.014498410596162149,4.527040090822585,82.76997008052965,-0.0036918889568586803
0.015484934890364238,5.907779493929274,87.34963026694373,-0.006903817920606554
0.015843257380043864,6.034159314848258,89.00513583733468,-0.006726755591633244
0.01433111477010084,5.425034606590977,87.60290420441973,-0.0027668810789789953
0.015027724605525835,5.612035547497323,88.67261930641544,-0.00327212295780992
0.01473173571505292,5.096037702136088,87.84968340859588,-0.0052675474669847495
0.015481520525259416,5.607014304237964,84.40738714487968,-0.008024802124439531
0.015160357710283186,5.995064522807457,88.37897214214627,-0.00733044537848149
0.014980515803931024,5.134135860767221,85.93422610812597,-0.003668165354671747
0.015756015081914827,6.907486274727608,89.96654980725555,-0.004175702797384806
0.0141135532882002,5.2141296529218675,85.55027890631393,-0.002450408337718162
0.01370616935238887,4.119189691041368,81.51495690826695,-0.006291732025289943
0.013562121686785122,5.322790483776433,87.36621941686076,-0.0037103539723949684
0.01459165484333153,5.545500402935856,89.02305511729001,-0.00415280423514538
0.015335029465966401,6.1237830365745864,88.4273367832019,-0.006863670311170829
0.015193860527403723,4.96142438377205,84.28817924022123,-0.0023793141697935885
0.014217183085612458,5.473341368171215,89.41007481052213,-0.003558772326089109
0.014195109559702997,5.736219243533715,87.70319802033318,-0.002956770140299015
0.015993316464819364,4.62233281029553,83.2119412893567,-0.0033612825346715125
0.014523669341139443,4.684531630206671,83.5331798971708,-0.004026911853077934
0.015521913882508682,4.851435731143283,82.83255437164625,-0.005901653327701998
0.015660191301193574,5.729817739215975,87.17450391633507,-0.007437014147755973
0.014692874224104363,5.422484978879861,87.90728477213669,-0.003206749273541749
0.013799192964772129,4.990835230990048,86.74736869668706,-0.0011230611390220325
0.015306367330274262,5.683307925339192,89.19782327752407,-0.0024670341049240303
0.015761980270512278,5.335404572990115,89.07916298392342,-0.0012637526059082627
0.014201128953046909,5.257099587289088,88.57466486084601,-0.0033267818903039855
0.014098608764285201,4.076716940136975,80.39148312575678,-0.004465665034717086
0.015113660395168604,5.338894886803027,89.08247313898201,-0.0038095834076117274
0.015321141282655187,5.332942237144964,87.02537930570654,-0.003214614177365913
0.014253983386279225,5.366662834145784,89.97429443935471,-0.0019233254624271448
0.0156022061031279,5.0641335853680145,83.49712608644622,-0.005608678832934366
0.014442287701036161,5.476122207103771,86.2556369813834,-0.0025959913572891615
0.015285387832010873,5.883262684477421,86.9197161758042,-0.006981277713571778
0.015746641260078426,6.134560512097216,89.77341066493388,-0.00631727524097493
0.014245119908417222,4.825463009557452,86.89240828668092,-0.0010670248394051079
0.014965828999191418,5.722859866125288,88.98904395090842,-0.0034447660472153867
0.014519985289634295,5.169724224904831,89.91276253929927,-0.00524606714944744
0.015160360938753026,5.8505867827461255,86.15793308467087,-0.0063676333094967764
0.015534154962797002,6.541000909266851,87.84614653721906,-0.00862863912294029
0.01466383050124838,4.769168572210006,84.1892538113693,-0.0010383228047136828
0.015619946042880875,6.905306814145504,89.51830293322179,-0.004488408423778373
0.01416300617916835,5.256981942268159,85.61124140867719,-0.0027018682698367316
0.015872125895962763,5.346253249054008,87.5655978451244,-0.0043769956171819824
0.014545085990529099,4.912798943766252,86.25735496961988,-0.005122985305253141
0.013943771810699682,5.3622985896217745,89.33248250875363,-0.0018643160628882439
0.015377536546886393,5.891004652299509,87.5910978282128,-0.005946170079789701
0.01563088858663856,5.043697059983736,84.71438365563567,-0.003089669585031598
0.01437615756461097,5.317433000043387,87.68462258838177,-0.0036307495766799568
0.013976047091181554,5.658106874970517,86.40514821968637,-0.0015886333795556212
0.015093157343541755,4.639504691518726,84.4742548217507,-0.0015649557827830578
0.01476728061993304,5.249641638476749,86.97655939904459,-0.004806084353953626
0.01577758794095391,4.983477479005291,83.1984754261291,-0.00615667513286056
0.01516123977074237,5.628848824805916,87.54530876951529,-0.006439772003706304
0.016246442725425296,6.729283203766933,88.75556627882769,-0.0029189705744652183
0.015036718435696362,5.486134502552145,87.65801792401771,-0.0039520919386201595
0.015193815759345346,5.425944819045557,89.16835639928728,-0.001509754984965354
0.014902283494160921,5.547186946388082,87.80159593331999,-0.0034852171549235285
0.01463983584229324,5.472753976999022,89.56230269167385,-0.003165467299458562
0.014020353661324408,4.055294771442838,81.45510330069557,-0.00433386051302819
0.015113660395168604,5.338894886803027,89.08247313898201,-0.0038095834076117274
0.016018004078070313,5.267485557967873,87.79729269635754,-0.003969704710898978
0.014967906521817275,6.327468635758099,89.12690150177025,-0.008819358554185284
0.015509559162150561,4.018568572435921,80.14616263711653,-0.0036967442908236617
0.014918735809110911,5.342336171268493,86.2728053158753,-0.003771073527880832
0.014822793162707204,5.370315353393546,86.79813003114954,-0.004225855057173926
0.01576176642811067,6.145327016162639,89.78754472953582,-0.006352723686574262
0.014328953559657558,4.773397292759378,85.73360492941002,-0.0004694381638911359
0.014489423785157253,4.96118593654286,84.64049425515519,-0.0036501558370452885
0.014541020092544042,5.183658455908752,89.69640197944868,-0.005175197260665035
0.015709201871690972,6.587821520528754,85.05253072623039,-0.00893864966493623
0.015215216192331498,6.608474324275714,87.79015468045023,-0.007772153692710022
0.01454045280456608,4.787333765232441,83.94841815654947,-0.00297712933549863
0.015634508314190314,6.961575159826831,89.48073260678255,-0.004175781999197569
0.014830265332790945,5.409420686982394,86.51687821711303,-0.0031009540733303925
0.01547084193136465,5.311318824098042,86.91614230128731,-0.0037988450990158046
0.014153961458434236,5.1690342780091845,85.91232014650791,-0.0044233576558166355
0.014520041859020739,5.697501998844581,89.99038652653807,-0.003736022874208548
0.01537416071411349,6.126234800052446,88.95209051286734,-0.007125982475364249
0.015412274862431949,5.2185462833291325,85.69434101511835,-0.0031402681122111075
0.01397865960770324,5.323548770650345,86.79602629902476,-0.0031987312398357756
0.013854333811862813,6.0109832223875,86.53544807298135,8.329130309707965e-06
0.014490433478668362,4.887143758425679,84.97333844536283,-0.0021628114754673874
0.014721081982721342,5.4505899612304525,87.80274698409981,-0.00440949590435355
0.01587194750713144,4.922260018618653,82.6437486617444,-0.006439459129969703
0.015083569731262682,5.051053590007296,85.67980737167709,-0.005353640697093553
0.015991599536164712,6.469441433617134,88.3605947410516,-0.0038414443950764384
0.014996506235975015,5.872243937966866,87.72146283108872,-0.005756218508069221
0.015206869230847683,5.42096222858732,89.18268904218885,-0.0014450430252635114
0.01481469627860469,5.667542909955948,88.59623507623326,-0.003412459446094144
0.014347282765740557,5.528790788163874,89.26732352116801,-0.0029199527010751384
0.014092052160667662,4.858916456668316,84.03476878973633,-0.0035101329527829506
0.01515779833111499,5.371488677342113,88.99875060306017,-0.003639195511599919
0.014602098027504751,5.319722624020538,87.25182363225875,-0.0034428192476067213
0.015510685720847945,6.01656553965658,87.62126391258563,-0.005476577812913166
0.015011791966270973,4.293362352742141,81.54600662254289,-0.0034096686301808995
0.014951899763865057,5.070897208326913,84.91330127292245,-0.0021331329924498743
0.013966954267518093,5.379888584522181,85.0981611870145,-0.004104088792932131
0.015766293932677686,6.183436100188338,89.96304242779355,-0.006465603698813051
0.01465495351216756,5.284882058611621,86.48427841073631,-0.002633221208638808
0.014719742684001344,5.118479015023219,85.38660213564647,-0.0040706983929255655
0.014745786811744132,5.479261870174632,87.75060271987721,-0.003248442733903345
0.015185979618303752,5.803752316493119,87.3153739348669,-0.007571154853479811
0.01490169731300604,6.089734528634324,87.63142790573758,-0.006652021175137484
0.014150046726693831,4.270264361033163,81.19787206160777,-0.0022435733021794416
0.015188060044238318,6.6173592956281135,88.80444648053627,-0.0039465794254081475
0.014728604480689376,5.041759931737606,83.50399328469656,-0.0011804652059063318
0.015270352336950701,5.382718972960581,86.8455870979128,-0.003916313411051269
0.014153961458434236,5.1690342780091845,85.91232014650791,-0.0044233576558166355
0.014375812102019676,5.345551430859622,87.5090499865439,-0.003203927975012657
0.015517883539286096,4.896451577512787,86.12377976518786,-0.006114202448225373
0.015205333830971484,4.812684047347384,83.32867926529293,-0.0027253611743880703
0.013686490906778016,5.196319470031538,87.88742889446367,-0.004024201273635414
0.014011918574443637,5.573546170009966,85.58627218677226,0.00013908535366052594
0.01393658382036556,5.309233741864733,89.29151810161058,-0.0012110517311768494
0.014402202965365206,5.146629385797676,86.2605443088883,-0.004065278352128474
0.015726118703847602,5.02016459270019,83.1294060641258,-0.005207027086198926
0.015468411090439832,5.103207427164262,85.75140108412273,-0.005063697569462703
0.016197443664918265,7.135979832701972,89.1856922370478,-0.003049970547072262
0.014485600853507382,5.339237183090442,86.68492142716282,-0.0034325097002002197
0.01524201260832158,5.574985252751183,88.99947368130522,-0.003030437319614168
0.01503739388169436,5.459497174515931,87.3363033363621,-0.002308483740215427
0.014535113480782305,5.52572272989351,88.93768305829097,-0.003275438785947814
0.014074219041928853,4.743675255601139,83.76128812342994,-0.002927547155978359
0.014730137770011267,5.4935831316166155,89.7623109343109,-0.0034818892067560326
0.014828495397615158,5.045801241344657,86.07052340591949,-0.003899504615096882
0.01603635922897907,6.750844932985341,86.527116648059,-0.00936656674760166
0.01579679829181765,4.3537827362057655,80.68124478960868,-0.004582292726126002
0.014737674382615341,4.963770292547115,84.70928575525033,-0.002629147333412419
0.014397349437218602,5.081972448609868,86.61208807799889,-0.0016275689823433029
0.015614442455402866,6.060569611254339,89.46008039162943,-0.006160688526940223
0.014632405293668736,5.527629863803778,87.80124552477108,-0.0027730035628022636
0.014527649759709436,5.002910104087,84.46814638308177,-0.0039347243842884965
0.014434892563975786,5.264665673240071,86.38474193564853,-0.003999001956661408
0.014716334199333646,5.351968575744421,84.75164385930925,-0.006462429204198215
0.014252062797214598,5.291939988445979,87.31614842508837,-0.004450528329373928
0.014243142389855107,4.7491878830454,84.07440102779806,-0.002126681185199133
0.015150105594084392,6.825644369009023,88.67660585731288,-0.0041741327216856874
0.015030252161894145,4.855107914787555,84.22857988873099,-0.004038035396371753
0.01587360438353101,5.663893910496485,87.91485627684013,-0.00461657876972242
0.014755326805010923,5.0120267666762475,87.47229953853443,-0.0015293520736497975
0.014469916714276741,5.482846659093884,89.08405934314781,-0.001136947281182648
0.01501238895453535,5.077739699798672,85.1891998906393,-0.0033423844674574984
0.015770160779309858,5.157636481850464,84.9947960071361,-0.0031930738146120816
0.013862061389887177,5.202465261876039,87.46866401399063,-0.004110209804000196
0.014807842816398548,5.8759206796667955,87.39883705304497,-0.0010299218560933243
0.014888588381593093,5.415471900953638,88.33868835488643,-0.0031656478859124195
0.014978122686532135,4.514593277402623,82.55322843689109,-0.002651535922158972
0.015727885623716117,5.020868533073667,83.12872996964468,-0.005215446886840171
0.015030595223910856,5.321088867671883,87.4440527720789,-0.00479860983303643
0.01615452626395175,6.712078146197586,88.12141246545106,-0.0033515781396184267
0.014790618105895836,5.331624499364493,88.0171389829512,-0.0034447444341781297
0.015001583803195577,5.706314044860907,89.42450188273875,-0.0033413094788723625
0.015147653190411673,5.508729948021965,87.63714104593898,-0.0021672951700458273
0.014539836717334593,5.590613498943053,89.05026177954521,-0.0038083273189408323
0.013760989600422819,4.094088777336861,80.1367951867716,-0.0022519021870610334
0.01445861650902669,5.500132390157469,89.88362835429697,-0.003912820043506135
0.01472126590026733,5.008301685995627,84.93079572440597,-0.004723154823554202
0.015786864204813806,7.225227868772949,89.45975250959467,-0.010551551688880044
0.015783303794462515,4.417507842525991,80.81424800989429,-0.006478074301262168
0.014396628868467858,4.434147695432252,81.76211258051501,-0.003067925357146448
0.014669924296301158,5.171495725843519,86.97066599773316,-0.0022996693127064274
0.015270586900455106,5.500144314435397,89.53048726860332,-0.0038235843112035825
0.014576413223766349,5.553243626488278,88.45891331228877,-0.003937832348940556
0.014590109417206593,5.217447592843487,85.41814854603537,-0.0031560186935328423
0.014394363917922705,5.100881306866909,87.41260060990952,-0.006948185377302591
0.014632321066684408,5.285682810760769,84.31119528277391,-0.00649065540006362
0.014720040328132828,6.034548218611528,88.18606806867234,-0.006634780186819719
0.013450192701684576,4.608611060577129,84.06841776818514,-0.0006636913628452513
0.015150105594084392,6.825644369009023,88.67660585731288,-0.0041741327216856874
0.014587487026026599,5.4236047561540115,87.84203521874733,-0.004143669373145969
0.016621243363692285,5.377824532100204,87.51034000108552,-0.003183161318879319
0.014768404449818952,5.231101696263012,86.7740852545818,-0.003800935721262709
0.0144054162815306,5.249232601688256,89.23040772381613,-0.0017932701271226677
0.01496248729525795,4.873538763517053,84.08612128912472,-0.005344046436791337
0.015447551425336058,5.16495007809875,85.44963277257325,-0.0033968689965126024
0.013963952033716849,5.336271949195579,87.42860053091393,-0.0032668025663501483
0.014497956603762517,5.840081565848936,88.30139305114254,0.0012067026869824245
0.015054241436376455,5.264546590291199,85.91904456068008,-0.004244321986636731
0.014814703333882786,4.479785753194257,82.05723408092315,-0.002520743445402593
0.015528190797590581,4.851724163967453,82.86570240482034,-0.004985719747734196
0.014752290072746291,5.319699678423125,87.37234602296158,-0.004793280255851023
0.015954902039495122,6.558454032518785,88.2176186332479,-0.0035867848740186023
0.015257072265135134,5.466490041300535,89.5542129780703,-0.00410908102308751
0.015044051824384414,5.675071547888395,89.29510777413323,-0.0034426663050517153
0.015482317990187894,5.429661885158634,87.06515002339205,-0.0023537338195052295
0.01407989189901676,5.741230883294093,89.79013798182618,-0.0031521473100510175
0.014198950994510197,4.601699271285671,82.99567840733914,-0.002994668962923023
0.01445861650902669,5.500132390157469,89.88362835429697,-0.003912820043506135
0.014991370834468425,4.603158530079296,82.24824843328665,-0.005056034162680387
0.01523853372622609,6.215640045975425,87.11605522005532,-0.008104303099989447
0.015867213936889373,4.29959214808503,80.3575654292424,-0.006448786753610095
0.014423952299393347,4.862104018117708,84.46235898456378,-0.0039017057962770136
0.013369468918915162,4.707568142178895,84.46997818654539,-0.0016164623516225244
0.015227531116291222,5.433930182156499,87.70737643101494,-0.003746016653334529
0.014807777197416681,6.11372425134429,87.95863625679799,-0.006110303438692115
0.014552234288357366,5.04865558854556,84.80844377371953,-0.0024982585313729775
0.014412842243775446,5.094768419195978,87.10779066705405,-0.006427332743248753
0.01466365025052343,5.2890675626388415,84.18276986816883,-0.006587476537070244
0.014858678351425663,5.930309597780904,88.00691197115475,-0.005789265058126707
0.013785433007623664,4.855686776232238,85.36922144774536,-0.0014229176480448015
0.01514735901304775,6.817392012598637,88.6787889227728,-0.004170104758903101
0.015180730039946546,5.482581203428783,87.48756313912232,-0.003813510607899437
0.014755936731544966,5.556113290586308,89.17130679286629,-0.0034308820717307057
0.014984677042821805,5.593059340790491,89.08548776691354,-0.0039198574170532414
0.014349027150256792,5.0975264232362,89.64570712101055,-0.0011278458391045603
0.014576003098046067,5.057297276730444,84.52500422225161,-0.002631339208623947
0.01493603665967439,5.264562292107571,86.32443007122188,-0.0027670415168494222
0.013897048548144721,5.409360939493443,87.83865418711001,-0.0031580627085484544
0.01457420456982144,5.51232267090726,87.33485593823283,8.549349623620086e-05
0.01508641741178622,5.61778954670006,88.7922677221269,-0.003979444190516294
0.014908017039041857,4.674547139115117,83.566628693871,-0.0031642643862732165
0.01544604074557352,5.726062658745362,85.75889240132196,-0.006263157885029928
0.014618499780282684,5.345249723221264,87.5098110496192,-0.004725994172720267
0.015954902039495122,6.558454032518785,88.2176186332479,-0.0035867848740186023
0.015161171787997092,5.369694339669812,88.88594995341883,-0.0040948396792775
0.014948250933643537,5.2675766345302195,87.62992152810756,-0.0035160597370911184
0.01547015827432995,5.438046881583636,87.13782191594568,-0.002386542670339549
0.013955467192444549,5.787878540605717,89.79727931241848,-0.00301116408626481
0.014578784392478795,4.502344276715962,82.46624141641597,-0.0026925844445921015
0.014734943411288502,5.3330543114122095,87.68751028233609,-0.0035967319101833676
0.014903404595085904,4.880796712084407,82.91638396913943,-0.00592862230241847
0.015123335483078206,6.038485462832421,87.59101812555559,-0.005270115475107836
0.01581792038459895,4.449825614390534,80.8874850358358,-0.006578592464373293
0.013683087077711842,4.25745045527194,81.40689716384452,-0.0036881772371472206
0.014648185712554034,4.934916073340548,84.64085643396253,-0.0047015816095502365
0.015580371607359993,5.521701496536885,88.33316885514834,-0.004489876336701582
0.015532188929017917,7.18296619157179,89.93391799472572,-0.009775874174707776
0.014563383553664367,5.044172310710253,84.75854369131476,-0.0026011537943442403
0.014444291230557887,4.9489401753043145,86.07528680601538,-0.004907227993746461
0.015261755960326164,5.251533283180502,82.5089915254584,-0.010699663135638315
0.014265899725433089,5.098228042283537,86.82120183074001,-0.003531866179619668
0.013888230813950714,4.940097702983248,86.84194025248651,-0.0018870611847340347
0.015164052710792512,6.611842101693691,88.81199128711425,-0.004160819537823789
0.015223468346592512,5.191239046249264,86.08421806233113,-0.004107760602853281
0.014476683747065247,5.580945803458292,89.84962673579275,-0.003466732405868609
0.014515317880059402,5.376578883178901,89.22058274797239,-0.002646743735852604
0.014577420153149865,5.559546536215128,89.80160336340744,-0.0030298391048139465
0.014474595586784891,5.0461024912633805,84.62490984915516,-0.002834213596048492
0.01610446645054838,4.78146609505271,82.92931742978989,-0.0006758614881826239
0.014463697507588885,5.316077907861577,87.28072966042873,-0.003435601397304021
0.014921292936980881,5.186000490615974,84.54462064150711,-0.0003755641468603478
0.014833101777041396,5.6150951721549,89.18696166640132,-0.00335810153637881
0.014711867067699828,4.936626151992236,85.61805657772591,-0.003265461997813563
0.0159289104051161,6.2142918856591685,87.41237350312167,-0.005799093918906471
0.013924803832501028,5.5154639089209585,89.46426268917706,-0.008749656203753405
0.016184482018003016,6.727663385557127,88.38858597537647,-0.0037339261622114394
0.015483648648454298,5.513837163571339,89.86598659759206,-0.004232542374362993
0.0144941972673681,5.616792678571518,88.18475879239335,-0.0029617280586506766
0.01577618892894928,5.583888271437264,89.823884490518,-0.0029128549389418773
0.014268458036738837,5.696919174846735,88.79649207217749,-0.003710548655524961
0.014608132870820032,4.9078933527079185,84.51418319594012,-0.0031374456030797606
0.013425144910951172,5.242873044367133,89.55239598081282,-0.001617845719550586
0.014534236360334378,4.820094918919242,83.09432009407733,-0.006393082279200629
0.015133451345906221,6.064992405288919,87.92320012420257,-0.005287907686783679
0.015754424931786783,4.542298510057651,81.24471294823671,-0.006504244195896411
0.013529287787131583,4.14872412432049,80.80839108521157,-0.0037144206049863665
0.014580066889100721,5.407241200396719,88.6618945616155,-0.00504525741384962
0.015415391170295495,5.5303151600595255,88.91764547902,-0.0036831184102662806
0.015008385339043069,5.953631879259332,87.35644591140735,-0.006503848375647816
0.014909941968688476,4.936152700700241,84.30065049318594,-0.0031012412688574994
0.014531458917877452,5.27224828909455,87.70142899591256,-0.004062906064752052
0.015261755960326164,5.251533283180502,82.5089915254584,-0.010699663135638315
0.0143170694438679,5.4214114807629885,87.44594124570544,-0.003987168512301367
0.013772644109154845,4.881616179929517,85.92345474021205,-0.002315590416646347
0.01602712803144648,7.218037747353135,88.14238378153632,-0.0051417914888294
0.014890563158878786,5.314074034188588,86.36862276755419,-0.0035029549112426273
0.01465353313613915,5.5821462495721486,89.98793198024046,-0.004316906451998581
0.014628485734053244,5.2043556771591835,88.223706983249,-0.002583724229849973
0.014445081999998102,5.547972288417696,89.9609245712329,-0.0028571567161129172
0.014246543049699422,4.822431595534635,84.15265523784832,-0.002792778821199053
0.01564811945372005,4.974056016087046,84.05008285893486,-0.0024611520639044827
0.014618973216450983,5.410842617540709,87.33593521273475,-0.003666121291663457
0.015014265634727917,5.047594364586523,85.02057747942321,-0.004443378379709958
0.015901536205666856,6.078114598712983,87.6968740522876,-0.005173466085968837
0.014909675039440913,4.390774478751476,81.87484039446184,-0.0034454016980383557
0.015445437510874018,6.097474887876158,87.76997852781732,-0.0058739116237702645
0.014724180021295488,5.218670659449365,87.02255294289061,-0.005550611624739639
0.016242948234019894,6.783242103763663,88.50503910079651,-0.003764282203791558
0.01615445901511439,5.491789280897454,89.80466614502154,-0.005120904194070198
0.014663135570114599,5.420165854614846,87.43615106609876,-0.0034257552654696427
0.014827373800376277,5.202474025343604,87.32330942513696,-0.0035211365022942975
0.014166177411965252,5.775591402881297,89.57704638264183,-0.002917412283864282
0.014243569096598001,4.034666624569695,80.05038157211767,-0.0029327547593421223
0.01412540246772247,5.298939913358769,89.15256402835361,-0.0029178428407369813
0.013765834202125727,4.762220250296941,84.8431671323885,-0.005583991910772173
0.015277968680834142,6.2338050999728845,88.07441648677502,-0.005452422648114269
0.015754424931786783,4.542298510057651,81.24471294823671,-0.006504244195896411
0.014492440986348557,4.662250154173647,82.91558582813418,-0.002931367635337067
0.014519969931365765,5.574812506355409,89.20600075954127,-0.0037633950623601428
0.015651033587942148,5.46374200841403,87.85211033227485,-0.0040360277052989705
0.015113986826099862,6.254766157507901,89.1385161872181,-0.0066851595680333525
0.014695964771093348,5.06306590670755,86.31569880259562,-0.0018581445162520972
0.014597563119379486,5.288336522120759,87.93750726358026,-0.0041953888694205065
0.015268706385704187,5.223218895295848,82.33284958763413,-0.010873095153546616
0.01393764715416304,5.3599530516897325,87.25352863473958,-0.0042633454846132965
0.014327207916797523,5.450257868945943,86.88766850322381,-0.0028929981851095257
0.015868709719130722,7.223316694008246,88.32583053246898,-0.0049569107286267225
0.014303759402721205,5.316906202944924,88.24218326626637,-0.0035363722782785325
0.01465353313613915,5.5821462495721486,89.98793198024046,-0.004316906451998581
0.014797285872278288,5.194399557013029,89.81166926789768,-0.0011586494406782529
0.014851981317982873,5.367259728195348,89.89311554703289,-0.0016375710452096444
0.014639001880240103,4.999084453637688,84.64616684102033,-0.0035826140523510155
0.015869864926913266,5.11854771183731,84.75421609965899,-0.0030022292369371855
0.015509609114813932,5.691714234816974,88.65995961563166,-0.0057114807219556035
0.015247972212933447,5.006032169698951,85.00728496372223,-0.004252115813932034
0.01608524476220498,6.356104262714297,88.94643765479063,-0.005888288474425315
0.015564900791882481,4.508793795831063,82.32914122430185,-0.0026566412220541203
0.015235274596931567,4.825822982537267,82.74554576363917,-0.005847288792896292
0.014428919288230327,4.95206346545248,86.9849843929252,-0.005546007588061369
0.016203244403051972,6.684858318406024,88.27459599240385,-0.0037175141952630227
0.01548677156463216,5.48048431810632,88.81674799131632,-0.004452928927074637
0.014203352488920412,5.753094970660765,88.82403519515046,-0.0035395085968768147
0.015373470517339886,5.733390586370119,89.30309147738835,-0.0026230688997971314
0.014221685777920594,5.6825887061103515,89.27392863840994,-0.003192598822535567
0.01425071307375277,4.1555787977231295,80.63438576442807,-0.0029293589670845084
0.013907984559843153,5.152918990569541,88.7160518574472,-0.0023150966048781797
0.01392810077486125,5.833527811199392,88.48432751551387,-0.004765995563911024
0.014505323255967387,5.2422927952138405,86.23968017406229,-0.0075034678857529465
0.015618107389427321,4.586142346853947,81.59831623585971,-0.006151534858229969
0.014755902802833653,4.663774829791214,83.42495001331221,-0.001820911857552703
0.014226750841353409,5.354089423509107,89.3270234502943,-0.0037935282122505635
0.014903652940546923,5.469752157544358,88.29138067806248,-0.0032291521337756124
0.014431332090528683,5.967804818665904,87.69510870672309,-0.007248216685312876
0.01492684035356143,4.884274773654421,85.23882592486159,-0.0017788416664741554
0.015248024980606399,5.335177202060147,84.69943929957434,-0.0063780661239256275
0.01531015335257095,5.165354591779035,82.2942693871822,-0.010394587779373519
0.0143646609178283,5.255353996540814,85.81293601538984,-0.005166578217534788
0.014249498768847114,5.41738431498637,86.78170795947773,-0.002834256865134244
0.016314636918548227,6.566297333971306,88.19391769546186,-0.00433535303846311
0.014700912417511645,5.443063544263939,88.89577899500527,-0.0036630248085768253
0.014881717323833015,5.252516650975289,86.96581903046368,-0.004615984624145596
0.01391597917497072,5.34788639348171,89.64835399699636,-0.0016458232506611388
0.014899184427262716,5.331415854493825,89.41428291111929,-0.001832987998225604
0.014630664600295253,4.891624914690034,83.90323583599029,-0.0036871447381582627
0.015514609791944602,5.375028501187046,86.6538499027713,-0.003289332415639415
0.01601681276752388,5.4498337952250395,89.0280674628248,-0.004106647676921524
0.01522235167188816,4.926871688691962,85.43493341512524,-0.0036900956956391266
0.015774568745878834,6.140629732884071,89.09043833285676,-0.005640924631997633
0.015564900791882481,4.508793795831063,82.32914122430185,-0.0026566412220541203
0.015243412531158924,4.826852452622602,82.63058860161993,-0.0057000599515196594
0.013899744514460924,4.779342820918644,89.02683700082375,-0.0027693476732855065
0.01612910388024107,6.612743931273473,88.44693857824939,-0.0036448905093151725
0.015298416321587259,5.449149897625337,89.04769481154898,-0.0041779457583815465
0.013820661490062738,5.1195007342554595,85.75175186721057,-0.004634157952909187
0.015040121288864373,5.650772264946134,89.17337798980144,-0.0031185945869420684
0.014396899113214512,5.4745283752382985,89.0730122487172,-0.0030983827960740073
0.014271013713782301,4.4944106046423675,82.15897461447327,-0.0031119946308739294
0.01394287365690716,4.952302442831039,86.93462406699584,-0.00126605861699426
0.013777065487389882,5.547636406678201,89.85134695254388,-0.0026785355615842263
0.014834362819781873,5.303040391305219,86.71737692016595,-0.007070680822526502
0.015700894740614087,4.479332971318404,81.1256686216132,-0.006034679430607044
0.014423687028141053,5.521534270537652,87.50957422202089,-0.0032464629652962187
0.014155109621051197,5.3801394338550015,89.7719540146948,-0.005107575827803245
0.015136160651992428,5.423631285560722,88.4237203826535,-0.0030839011789041953
0.014431332090528683,5.967804818665904,87.69510870672309,-0.007248216685312876
0.014840146427628223,5.657770880705107,87.92411782915198,-0.003311314090776645
0.015360360393650378,5.245051633836381,84.32304559314333,-0.006206790511020661
0.016365330993960238,5.907605776153612,86.50045271778787,-0.005733137725441923
0.014368746773890086,5.290072876769205,85.21273529613686,-0.006666014770338208
0.014632755639787295,5.600928442988183,88.068621780429,-0.0030276151807009715
0.015404856204621214,5.541801961926047,86.5161120427403,-0.0038741250993848658
0.014751302143387933,5.376771434080965,88.94302941083092,-0.003943381688865083
0.015442072237915865,5.1839894531356725,84.4179237802263,-0.00580127850490731
0.013964446092940803,5.427835432546123,89.20835748390645,-0.0014994125153994643
0.014931789246160072,5.3801041934465745,89.13763445782666,-0.0023530587631574273
0.01479436555391734,4.750044771274369,83.31792436796252,-0.0034247002833183372
0.014985592819108868,5.1581218687758135,85.82891685477806,-0.0020102225383064696
0.015130413605022201,5.179014031744424,86.99544234494832,-0.003656578127573861
0.015097221033165697,4.863541049926152,85.0617853157615,-0.0038329121083529273
0.01578740462476148,6.165525454535919,89.46142558036453,-0.005554132541440532
0.015469895931570153,4.8765961743561705,84.02409110181361,-0.002734959243729828
0.014983938656000367,4.882079091376472,84.16314682886612,-0.004535824012351026
0.014176179830467919,5.023165514248697,89.0232489127939,-0.004820949010795839
0.016907735930114937,6.890205549880282,88.77246063248879,-0.0021677090939296395
0.01570269946538742,5.416213657466676,89.79364722027528,-0.004514319765666092
0.014703004104566679,5.039204125504298,85.07065250810416,-0.0036651080289906474
0.015164151843805105,5.32800183746881,86.92575117920968,-0.0037162310342334732
0.014911714574254999,5.483949777755664,88.53461161871844,-0.0032078178449650727
0.014312257261511922,4.621699293095673,83.14417721949638,-0.0037287195041989674
0.014274809550822958,5.06789792459703,86.75550734377224,-0.0003940219129163801
0.014850328502948642,6.025053711404391,89.26389234994338,-0.0011943980117956944
0.014349468343595248,5.245696738964629,87.3850186617585,-0.0034449543436053925
0.015711374049847054,4.602462096437836,81.7796183887791,-0.006050994121618849
0.01438279869897272,5.545084528440855,87.6316212144902,-0.003540182912149013
0.014395822564161337,5.3827787224805395,89.1903817728071,-0.0047423992461940595
0.015516767507307133,5.695835822916759,89.13791301368721,-0.003581353515227711
0.01433797202772614,5.974483095468537,87.69812157265768,-0.007042935433703679
0.014905387482036887,5.306141505479383,86.89711072412587,-0.003443490564364111
0.014978691768614164,5.436686660014643,85.04178360000935,-0.00654023201987628
0.01589830789407637,5.61448059287881,85.89149346312591,-0.005529928060552293
0.01391208910039341,5.530402412015266,87.47565327404845,-0.0042000784262605975
0.014649374586751038,5.554142440946376,87.65004598778381,-0.003404785055071069
0.016181635301016503,5.745843149649899,87.75820479971227,-0.00012783854209233577
0.01501369966072389,5.151782189087115,86.4289371071982,-0.004022446675371857
0.014158604980939682,3.9636005177292617,80.25639031398832,-0.007079339177136039
0.014672789788737962,5.768377039352408,87.7257897395105,-0.00029436435472789645
0.014933089269388303,5.464800111413443,89.1808719967702,-0.0026955114370353886
0.015409051421315233,4.96615269826375,84.29821886574858,-0.002771005060215436
0.015222149350166449,5.138428695864333,85.16911234926602,-0.002021261726424733
0.015168193233100764,5.163809319497467,86.58085919676799,-0.003403947840048022
0.01634017850166341,4.364267925431082,82.41919603356371,-0.005406458512606141
0.015697034687804267,5.956876422675015,89.52028988029542,-0.004333215365573519
0.015093314905895376,4.321954016933022,81.19926780720859,-0.0031376683765985043
0.015125323541931397,5.744223733487144,89.61393937342552,-0.0031836511770048062
0.013961358693745802,5.262018071074213,89.36764450968779,-0.0065118073877892
0.016907735930114937,6.890205549880282,88.77246063248879,-0.0021677090939296395
0.015326224594463535,5.61016031249133,89.37692959106379,-0.0034281785975090015
0.015262254109604646,5.234062645636536,84.27656847465535,-0.00484531307516191
0.015082257216674411,5.693972568633668,89.1739941479248,-0.004908103217839337
0.01567398375800018,6.074154424139318,88.69909726506064,-0.0008665513829471186
0.013817284263603988,4.121685854161182,80.6968940261008,-0.0035971757429489916
0.014249958745595837,5.083437363563989,87.73906239894023,-0.003078176805648601
0.015138335746477103,6.152306345811783,88.97754655290682,-0.0002776028712354225
0.015595608400501136,5.7529895558614745,88.81131090637793,-0.0034323238817840335
0.015665906556728858,4.592954966564966,81.22167726602609,-0.006104338902052797
0.014565713994723365,5.631865732015409,87.96708332990835,-0.0031092914163614914
0.014462414843138012,5.408239755993098,88.60478148527469,-0.0044745179529628535
0.015518929429528028,5.52120855449942,88.2188492072253,-0.0033351318860959465
0.014980294883325859,6.03722348960493,88.64569601932205,-0.005648880549717815
0.014287965014646103,5.8390366121100925,89.85697847018585,-0.002832294682039935
0.015042365052148211,5.390482469261367,84.91222649680765,-0.006433944580990557
0.016190311189277426,5.783485627123626,86.31996547119356,-0.0059133821748694835
0.01435495992598037,5.346957627177808,87.98264614201194,-0.0033845167357156656
0.014777990895224273,5.463551408279832,87.27083479099491,-0.0037365931977755154
0.015474741017218095,5.989913677698884,88.36137037934968,-0.0013878874850155928
0.014963147600918322,5.031658922998016,85.5645619266983,-0.003950036700650871
0.014638768444990378,5.081391993849061,85.96434422112193,-0.003769354142739374
0.01451373388269818,4.363048238754917,82.73582646579023,-0.0024792518995245217
0.015499216128261982,5.4247275775304535,88.55771910151498,-0.0032170457651530347
0.014959304761666924,4.725085704664582,82.87644665367502,-0.004552089306813835
0.014482679877875031,5.336199782240948,88.54698882437351,-0.003668518037676911
0.015239918851419967,4.83756189236946,84.61670631040214,-0.0037509001636129944
0.015991894446955437,5.132886698956566,85.0420072286659,-0.0032399907439222397
0.015663820536940883,5.983765226300096,89.69984802514149,-0.004318466483447998
0.015099160075755933,4.575041616502409,82.82739918023279,-0.003145164532947278
0.014719790993360286,5.35064869895201,89.66739159591712,-0.002580426240429189
0.014449637684585348,5.273376478115231,87.78818282321669,-0.0045751664702732234
0.015965364481409602,6.52882076430058,88.2839991348131,-0.003314985991674811
0.015371704335403323,5.653164347831418,89.94987181830307,-0.0032605997872170362
0.014602470765633662,5.082164754435019,84.943101128794,-0.0029846441158545307
0.015071284030160361,5.008590087625631,84.91894096737799,-0.004449460508591121
0.016060898586837243,6.305343350189493,88.5220770777308,-0.0003456321030801254
0.014120067359488061,4.535159718851017,83.27496691422243,-0.0029940504739794423
0.014269534172141154,5.10724565730888,87.89631137923521,-0.0028430224714920812
0.015035669330937352,6.12389887539846,88.5651669860226,-0.001413028248727588
0.015054108957148338,5.162591512499738,85.92932655521469,-0.0031994119232643566
0.015567224755708252,4.659453882970583,81.82666166948218,-0.0059808183565709175
0.014512411513240009,5.605201803516666,88.05296056783494,-0.003039152082118238
0.014379208247308274,5.404217231673379,88.66165053840798,-0.004654048683546799
0.01479976262167892,5.484598215390937,88.52520592645223,-0.0035890250111617924
0.014560447980907257,5.922862289422815,89.5312736445215,-0.004439862771496138
0.013949118624099371,5.716710949979451,89.14323287953687,-0.002982566363684782
0.015060413419601622,5.394048310953293,84.8246545043545,-0.006490543807198931
0.016190311189277426,5.783485627123626,86.31996547119356,-0.0059133821748694835
0.014067384175731048,5.5264053605241354,89.8826086926063,-0.003102670959825934
0.015028901445580216,5.397656153144271,89.23996235674382,-0.001948887555513893
0.016083153462981156,6.152375466050766,88.6294911076618,-0.0004562352193266603
0.015693312802008752,4.530401899085357,82.26416389638062,-0.0038390816361536916
0.01580009182992454,5.5074051939927715,86.89954167326908,-0.0033122179682037066
0.014737019505727224,4.47377810983208,83.07508174428324,-0.0025948563416425853
0.01516226023890894,5.509867184288684,89.08153396906336,-0.0029696047920031677
0.015423277348210427,5.745121958899547,85.54846498848345,-0.006003522838478183
0.01462675552709077,5.331719432160275,88.33877045479551,-0.0034537150278515128
0.015252958413215313,4.975392700170527,85.05397184260573,-0.0032589241688450337
0.01627923164153773,4.836060406113919,84.42105686224822,-0.004388366163900295
0.015908704790660377,6.136538435404534,89.92076109745855,-0.004849410508048482
0.015337921101048337,4.183745576357571,80.66086041337202,-0.0020319614777925318
0.014801308372194802,5.408395933061763,89.47611749131633,-0.0026826174348129925
0.013449723539993646,5.393135875424795,89.87554240047989,-0.005151027670625758
0.01614326097015149,6.92571792522162,89.8333755225252,-0.0030901067854148855
0.015469846149515422,5.232301217532201,87.21452221392282,-0.003406279985904627
0.013825039725827352,5.2779269695521425,85.80638261141435,-0.0032292670676381794
0.01563841418573168,4.645099500952753,82.12926579112026,-0.006134647757728002
0.01549857784905636,5.540905325870631,85.93684508153248,0.00022749358150088786
0.014640868770369343,5.332235047404631,86.23166460946445,-0.00215849371910242
0.014559959320971297,5.152409293173938,89.82739452442745,-0.0017545232812529923
0.01457375807707509,6.23632152725167,88.921904905134,-0.00171186812442503
0.015638410345501366,4.951195937792938,84.43240918270767,-0.0025835421483846473
0.01561237842189727,4.467767405355261,80.92387047939631,-0.006197541103088646
0.01466009735142676,5.268995055463944,86.77160761861843,-0.0041150817638610495
0.014376180099125675,5.3020981587441405,87.7187096416697,-0.00406508543978662
0.01440757001964429,5.607943897930674,88.33704837048776,-0.0031691261283884743
0.014822796447361382,5.44969920528996,87.82267340434574,-0.0031003810962252913
0.014787939444488748,5.3209038448102435,86.9103631515876,-0.0033231489036547116
0.014932047261924144,5.287110139567216,86.93570266604718,-0.004481584127848159
0.01575013793232138,5.3759782890519325,85.18545645108834,-0.004405914926618071
0.013949569953411305,5.440201181570392,87.56036661824615,-0.0051725267496066495
0.015179633209474125,5.433478400921801,89.20843841315026,-0.002195691250268813
0.0158822274841517,6.203721697602039,88.72750378107814,-0.0005735351962423451
0.015741895253104737,4.467131664613903,81.61112502064822,-0.003603847549922663
0.015075802764155908,5.576761332512848,87.7844866379771,-0.0030997353603546634
0.01497819579571659,4.301535439163715,81.80100809304989,-0.002115954881441058
0.014692569236695084,5.044672276244434,88.13298284395438,-0.0052494758696827876
0.0155375396825986,7.128276156879692,88.38570048757477,-0.01061218030049231
0.014944761950536133,5.373554057062755,88.43506001910231,-0.002681918089916915
0.01583143841792274,5.987447437317875,89.93827255203972,-0.0004576845458894711
0.015437433720749454,4.988075883902122,85.9424042651284,-0.002734267435283636
0.016183300467058136,6.348678758131262,89.69398814233016,-0.0056374385987027105
0.015604685359939616,5.181379707106117,85.26391637780713,-0.003532198807693643
0.014779234194933944,5.407573172101019,89.48200714964906,-0.0027344830808921135
0.013573184826625014,4.090569013362709,81.82808697750595,-0.0038397708356621343
0.01617533851422808,6.8320197912419705,89.50093605786252,-0.003132302667595256
0.01598592155333892,5.344961977299326,85.05130917380987,-0.0007134580875010907
0.014223200093683453,5.547797070302191,87.33311939879653,-0.0028604105741465054
0.01592002910732757,4.62673397144945,80.71054858878352,-0.007105460646754913
0.015740321176794744,5.569336642524232,86.47795778267592,0.00050042519245825
0.01451324097134824,5.197300521866114,86.29667614592917,-0.0022174660428329086
0.014591644300702224,5.308633058226085,89.88504538235821,-0.0017617037095554698
0.01457088530902248,6.344501906181579,88.74907911878253,-0.0013070391616739289
0.016053344798316143,4.767822524843533,83.15698560911879,-0.002938861753907463
0.015691038578989874,4.514023319656582,81.19498105229785,-0.0058248883439476744
0.014059453249693783,5.653928016791493,89.65063169222998,-0.002860841771253135
0.013998589182613465,5.2735633464845755,87.2607957854711,-0.00481668256028368
0.014254036659348698,5.680651215554273,88.8336593352816,-0.002846185526270829
0.015182470588502826,5.301301982089488,87.01080633172661,-0.003010390596646473
0.015170121379736275,5.134956329942426,86.01739957290876,-0.003461647981893074
0.014879170749034835,5.299336511999938,86.98122296021025,-0.0035920715098999014
0.015404775351297521,5.6183121281520325,87.48922650367318,-0.005371095224779831
0.014345515009455684,5.558759894819324,89.12255122465577,-0.003710905340932812
0.014759936840384569,5.293631817507352,89.35879390751857,-0.0018195313131821268
0.01608705407521401,6.074144954459291,87.84624810767525,-0.0009309753897475924
0.015496025988341192,4.625346029999343,82.62377179864077,-0.003725724152945798
0.015386462458279978,5.71883750191073,88.09646723027502,-0.003358214878902269
0.01487897167019958,4.2161406514717585,81.60862362787188,-0.002347141916404998
0.0151076027910136,4.583322396055729,84.40743216020591,-0.004203081299370858
0.0155375396825986,7.128276156879692,88.38570048757477,-0.01061218030049231
0.015152626142733884,5.662303331065517,89.95494753210822,-0.002316604518711326
0.015881223591488414,6.015499300990763,89.98199047261028,-0.0004009906739926431
0.01602911556219981,5.522011878437704,88.99103723520182,-0.003974733340600911
0.0162163290716182,6.308804837603763,89.76090288326769,-0.005382996426909363
0.015282533953183996,5.278873104295302,86.79430990715872,-0.0037737728289721035
0.014888957490221007,5.511313947742989,89.9304160581811,-0.0032350431390938588
0.014667052395430908,4.9523963990642725,84.73375614806777,-0.0035396130238706646
0.016044322958910822,6.705993341764284,89.53271258139941,-0.0030189160162637134
0.015662757375000304,5.658547906321333,85.6983983168591,0.001232294055557857
0.014206085606916531,5.2949578713908165,86.53828346545227,-0.0019705139963721438
0.015314980889087237,5.263150598017641,86.9556211488015,-0.0034817492909424404
0.015518717667440571,5.3147811710568575,85.34136606214022,-0.0004648682046703269
0.014489716029058602,5.140923362012813,86.00904815400052,-0.0038867806183854824
0.014633822196627979,5.312074903840158,89.62725469590764,-0.001355809697405806
0.01493651597714383,5.8214816759060835,87.79255107137034,-0.0010965964667951343
0.01603626555705761,4.641212422025996,82.81564052359985,-0.004025703320167391
0.015691038578989874,4.514023319656582,81.19498105229785,-0.0058248883439476744
0.013744734009711788,5.594561090641905,89.63376305897705,-0.002598691443047773
0.01470854004646952,5.669166373285,87.53550321038468,-0.0027363988949618643
0.014328834690150689,5.620675798253528,88.4624242314633,-0.002990037049547664
0.0145427480219563,4.7180404210851385,84.65718757026241,-0.00493391452154634
0.014637513470726808,5.031179709336907,85.18123467454477,-0.0040461796290705
0.014799250278664884,5.278387734707561,87.91643674888556,-0.00364980225380909
0.015864058146586046,4.952966966006003,85.07830385601059,-0.004873805521186394
0.014524353244435744,5.563047038445484,88.96479658135608,-0.003897367528712026
0.01472146866668972,5.401199519530395,89.86945386152804,-0.002320568289559864
0.015578204807113966,5.762817507951138,87.12627978441292,-0.0009231663538665199
0.01566340017544259,4.600001909935433,82.74297460082343,-0.0033284852886802992
0.015309336457077705,5.881568608960328,88.08929952018761,-0.0053392874764123105
0.014815255618482223,3.928001718202224,80.08253158579559,-0.0022690678502899735
0.01472613656027358,4.9577909931877935,87.98952626762312,-0.0029561121508883395
0.015479318499173361,6.746691246572245,87.99260415754362,-0.008238644058350003
0.015048815913563805,5.472971782474563,88.95639225394683,-0.0027573645827848794
0.015086810811013658,5.413846677487969,87.52255472537954,-0.0028859512515898365
0.016343449262104997,5.567604730257359,89.56419050479315,-0.0039601984755501096
0.01596654315969338,5.997738601978724,87.6102346311433,-0.005624137739027198
0.014966831447724796,4.745594180507,83.82592025386033,-0.003068466099199027
0.014888957490221007,5.511313947742989,89.9304160581811,-0.0032350431390938588
0.015029680864958537,5.346346604230964,86.00069666315687,-0.00343283875025969
0.016145490504244252,6.793662145459642,89.47439178852078,-0.0030889065797681716
0.015379260178912535,5.806333020859897,86.54437424769165,0.001026029088523671
0.015719759863553607,4.997769761467937,84.25343271027458,-0.0026369442322457044
0.015110716901514979,5.562923069559259,88.651545421608,-0.002248144497945676
0.015039157156967239,6.003457843443104,87.68888615573586,-0.006313657735778792
0.014285597220956346,5.272463650966235,86.47475658477826,-0.003326120905878932
0.014762801844220535,5.368223393163919,89.4515499404875,-0.0017808339489126578
0.015027923787712295,5.938713616215315,88.14058241343152,-0.0005923610044829474
0.016905057248469458,6.06095976586892,88.5205712020572,-0.006257651644019022
0.01572257582296284,4.439171395635856,80.66802986390135,-0.005966004511995563
0.014410823364255865,5.516251947809984,88.65681547239889,-0.002781823370588776
0.015293102505400518,5.458502830007919,87.84403659638731,-0.004044288432265768
0.014459151563707586,5.125798085329317,84.91287106587406,-0.0033783522952727566
0.014677514154164331,4.773278205424996,84.21585043385925,-0.004112361028988789
0.014095645317919757,5.258654350659825,86.24274030141427,-0.003377835177134188
0.014573979884477787,5.238178446664346,87.67266309547253,-0.004624917802647728
0.015504993832344436,4.727479855138611,84.09126554585248,-0.004074638350351462
0.013932651813987854,5.060309396341397,86.87225865738336,-0.0064008427501381065
0.014568193554982248,5.324466547472661,89.56481308834282,-0.0019159539413274834
0.015377766996356294,5.661244008752219,87.0274643950912,-0.0009488868687987139
0.01570099178525953,4.2177559635503385,80.93102671177682,-0.003582393364770329
0.015031400520448605,5.340806716668463,87.63065843189602,-0.004469844302865629
0.01521777600941447,4.993561430134474,84.7387745846309,-0.003750253785179459
0.014313780153466227,5.039184795713342,87.27870786013695,-0.0020120219560194894
0.015408124418874042,6.346758123180702,86.80951139643312,-0.007378612659856874
0.014862336673002147,5.282015114549633,88.42826698031283,-0.0035510794001860344
0.014913040337094924,5.568298108118914,89.33062008241372,-0.0020182743337846367
0.016014982323217623,5.570398331104266,89.64338385633347,-0.0036037460669158146
0.0159915048684409,6.023149802268826,87.62816539421691,-0.005702437122812622
0.01486209323082685,3.9065310910633766,80.28736651827188,-0.0020692242930387566
0.01493547050381809,5.484212610099402,89.90485993473436,-0.004408183417470806
0.015646957828236087,5.377382427856254,87.87741209611671,-0.0027038881126475365
0.016145490504244252,6.793662145459642,89.47439178852078,-0.0030889065797681716
0.015574113457714702,5.929134621076292,86.81583419220718,2.7579845322186613e-05
0.01583326132426504,4.936330084623463,84.26418105186906,-0.0026968050762743814
0.01507063748083648,5.603409396577251,88.53044130874875,-0.0024865193165755405
0.014927119571237234,5.20620420443929,85.78650658373465,-0.0034499440869153455
0.0140015760644988,4.988119367851099,85.70794594027505,-0.0036760445075975498
0.014951910230636594,5.1251824633704075,87.96529842283167,-0.002035981328251302
0.01497249508405763,5.892299139673844,88.80110673433276,-0.0012130685696947496
0.015543996649222926,5.621081912150867,87.73387256753966,-0.0037528643295865628
0.01572257582296284,4.439171395635856,80.66802986390135,-0.005966004511995563
0.014065028649180546,5.286765981048791,87.57248709027597,-0.0019156444673855645
0.014777955277554242,5.357653570469131,89.1658033311356,-0.002781544692973985
0.01477947577161891,5.057628853382142,84.87463726175267,-0.003322904888483831
0.014641973609075876,4.666855668691024,83.79494729909388,-0.0038893678269824113
0.014791114757276522,5.5999391115779025,87.95063587876804,-0.0035500555179331585
0.014186019053181531,5.314136431329259,88.4847004591174,-0.005392436922989551
0.01583571033125356,4.811374860480369,83.87618213473303,-0.0029225711364661254
0.014219086528405271,5.160591705813501,86.92489478985709,-0.0055159991847554745
0.014651762093338653,5.359221502307471,89.24408858798844,-0.0017130555729223643
0.015167637267372953,5.466899445423941,87.46258227266867,-0.0018757035805070472
0.015564800513649066,4.762674323720318,83.32580133121168,-0.0026665127671102688
0.014768430166274363,5.394166470944268,88.02649148664182,-0.004100620522988449
0.015324984828758173,5.156135482582208,85.27877761297802,-0.003724112323756202
0.014076543800720789,5.012553530941489,87.08949069643748,-0.0027698232484101143
0.015066775423989735,5.62696688548101,86.05372920540717,-0.007797784245640934
0.015303694270629116,5.252016492812794,87.82478007535029,-0.0027223371148538656
0.014965350807661325,5.57568256286167,89.44065214488266,-0.0031318155946644223
0.015899352772848072,5.526243491539564,89.19544188569736,-0.0034803376817836114
0.016072588112281214,5.623669904289157,85.38537730107495,-0.006178566227057369
0.01486209323082685,3.9065310910633766,80.28736651827188,-0.0020692242930387566
0.014923764135936723,5.472464036833979,89.76252329036336,-0.004390926749496907
0.015463374476896509,5.513393580317017,89.02543990652366,-0.003323539698359246
0.016292535311834184,6.608424062777461,88.0722573862365,-0.003955619356588662
0.015142290403127376,5.958306408945324,87.70866680832779,-0.0007047104859917415
0.015796552662925498,5.333172722167287,86.18278015281261,-0.0025909504648663644
0.014627241385147679,5.617671385631725,89.62250436403164,-0.003682507916019929
0.014768226579061886,5.37694020215259,86.56703989021203,-0.0036886972482175146
0.014148588327651378,4.7992513948672375,83.90447289667398,-0.0036765196787127037
0.01466181797466122,5.037434922643115,87.4070922283954,-0.002477309121571555
0.015074530783059542,6.143843758439346,88.91011921211582,0.0009178067608954432
0.015292725938714608,5.684734205138876,88.73934628104331,-0.002713449075344712
0.01572257582296284,4.439171395635856,80.66802986390135,-0.005966004511995563
0.013941181169429863,5.509641302881163,88.65923017748008,-0.0015477197206516143
0.014618717667413147,5.490965978182866,89.595829307642,-0.0011068348538248339
0.014835367446150417,5.301353164582807,86.60890576985422,-0.0032718930436564137
0.015142089519514543,4.493407686496921,81.9923086565186,-0.0032633056619476436
0.016000129206403188,5.526754633469561,84.57371986022665,-0.004242077365279681
0.013740646382671624,5.5067754934244615,89.5702479390365,-0.004737971716113177
0.015954337049865774,4.236701153506595,81.3646077440232,-0.0034320643147966144
0.014356266793492573,4.7561473372512175,84.02852141628256,-0.004731367179639009
0.014648202022779023,5.338384770945103,88.66759953168032,-0.001831924003476143
0.015696780254747102,5.036927503876846,87.04774791254452,-0.003457764564084852
0.0156430059946864,4.635082437576814,82.74577944884732,-0.0024771324407042122
0.014678400832074452,5.159794392896214,86.11490816445122,-0.003568512137871058
0.015936037819145724,6.13161958132519,88.35078926256529,-0.006472518039624636
0.014492158069956056,4.632883008931544,82.47244365794712,-0.0036185088457166325
0.014962324575318662,6.456427308574741,87.78209018632455,-0.012008943202941273
0.015485123727571503,5.038227421552691,85.59239252406326,-0.002914131656013563
0.014944173029208493,5.621881109529314,89.53132480020359,-0.0032065900020172454
0.015636028850937827,5.518763126805827,89.2540989675413,-0.0030174737333946923
0.016295287503052015,5.6371221276404295,82.69787352112283,-0.007922985104248258
0.01486209323082685,3.9065310910633766,80.28736651827188,-0.0020692242930387566
0.015992559093611677,5.441468041977858,89.93621937886866,-0.004077416188623064
0.01528082462228852,5.609457270449629,89.4593231696175,-0.003271445098881203
0.016116971489862412,6.623117125791663,88.27662054210374,-0.0035013523541079145
0.01571270271247129,6.991844629582099,88.69353830764688,-6.191790796266847e-05
0.016158156468382215,5.180082557444889,85.90296537916014,-0.003136916352458808
0.014691226481199911,5.515935170537302,89.12741616510559,-0.003541248059366049
0.013663976909619896,5.1766287268324325,87.68263283746943,-0.00215845988915857
0.014204961656503734,5.291328164504334,87.2157483516527,-0.0030923926678243243
0.014375409135553982,5.472476938039598,88.67064375156859,-0.0035007004744336363
0.014860858567272163,5.891695838073405,87.24865330775643,-0.0006958697273302681
0.014746993814138973,5.815508726990484,89.54678254062536,-0.003299200802005554
0.015647975442937608,4.414413215746596,80.57792615645192,-0.00599029102235412
0.014523227613543539,5.3837657918639374,88.7554421192338,-0.0018432024327904434
0.014632300469412917,5.473943089153205,89.5104307293598,-0.0013033981186560102
0.014728700510162316,5.57914755648245,87.97885436033724,-0.0037281102309646603
0.014425333787423745,5.155791078826595,85.81683558330029,-0.004053107377344406
0.016185609341858812,5.655585276848141,84.49973834086423,-0.004023233702481578
0.014301611801758776,5.000471614665778,85.85802888923517,-0.004176096267505296
0.015707411201780017,4.502489154478859,82.35856001959085,-0.003389882779009452
0.01351554740092751,4.230646201373991,82.39737677584175,-0.0044173534424820395
0.014630549602652013,5.301250319294132,88.32639476807671,-0.001936114186619182
0.01544639507064463,5.215276348378351,89.15739363766077,-0.0024407645875997473
0.015514251349346541,4.457537410096205,81.66257716526948,-0.00327034286966335
0.014156008688237433,5.269997172266457,88.27795401285108,-0.003031528214691778
0.01571555572382748,5.702881691276685,85.94826800466674,-0.005494524945523596
0.015257544738035414,4.878586978772578,81.79987603785433,-0.0030478256047052447
0.014956147274924133,5.9668379378243035,88.66016880925487,-0.0072696665946143275
0.01560614421766655,4.585058798727974,82.41566107556744,-0.0022027846082927453
0.015681876342449958,5.2323442665313085,86.75078853870275,-0.003152426139416098
0.015821677032755423,5.694745054833842,89.49488453011953,-0.0034656443880829385
0.015884636958362723,5.35313888745291,82.78249531340106,-0.006712580680000359
0.015930872772939312,4.2380383383359215,80.95186359638197,-0.002573825686334675
0.01584021006538983,5.411701936396146,89.89962057541842,-0.0035820458085836122
0.015350175381964344,5.4789160758664,87.20292446052359,-0.0034282666450210055
0.01602037809738185,6.853097330445471,89.58773699438342,-0.003916753361423597
0.014887632077106356,6.412642162049205,88.23130489965511,9.130954850590815e-05
0.015848282851263818,5.264003175641828,86.56158635646804,-0.0031968039534122092
0.014765009361852271,5.592426753629988,89.61268529229653,-0.0033418427627396326
0.013903630176161287,5.530257981923962,88.91605413964086,-0.0032035825021341892
0.013918288271073845,5.439252560588096,88.50630313875958,-0.0030238841867461425
0.01492400554103964,5.240859668243914,87.44736203660331,-0.002888085381806155
0.01543794254841349,5.435472951023621,85.2334876708585,-0.0014347436471648456
0.015001722523208713,5.374619433673212,86.80972429952375,-0.003723827861853331
0.015323023825941147,4.599753362457272,81.91307196066657,-0.005684597481252589
0.014738406461332648,5.390061525977022,88.53644633108875,-0.002405237010339738
0.014978486587137938,4.96465671290876,86.99198951701646,-0.0011887909321276866
0.015604335143534542,5.582523076227044,88.74108066943404,-0.004294693057683624
0.014832635946456764,5.288516087423483,86.41734099678982,-0.003805000750144613
0.016619916866446725,6.258787750883113,85.89297688998326,-0.0036963568794650863
0.014447033849999805,5.219210949712646,86.32338656822962,-0.004580055488200384
0.015308931734178584,4.710170597834115,83.54680993446715,-0.0033006498610268376
0.014173634571990234,4.963465970185811,85.55612341295007,-0.003748422488220207
0.014996168845343199,5.212592171283178,88.1120679741716,-0.001442619031078753
0.015638699925811232,5.508005778952922,89.14142400908754,-0.003194695382830824
0.015201579455097893,4.318887330926286,81.0097483448679,-0.0029108298485156984
0.01470813591615543,5.310836134605571,88.1630209365356,-0.0032055197127524634
0.01567471071954441,5.4876344374618125,86.419041355717,-0.005038187494923815
0.015261960563466237,4.889064789735657,81.90887449094,-0.0030658827653464865
0.014970307216148525,5.8658645029126095,88.18705809121793,-0.007010394164848122
0.014448928885428147,4.117703260434761,80.0197781470292,-0.003385704379704847
0.015093168626355617,5.339911437013728,87.39401670842398,-0.0032149964740716087
0.01577626785304944,5.699899016665584,89.67701233788121,-0.0032925799152275317
0.015106964208084302,4.881676913962699,83.7170927006017,-0.005125829007816287
0.015441481036933437,4.397724782468467,82.23715347389052,-0.002452268284970986
0.01619333082502098,5.278673090125271,89.57420653185133,-0.002613543847327964
0.015277816287010476,5.290945965428366,85.74094082190038,-0.0027102834516496335
0.016090246539159806,6.854918930163391,89.60289775615793,-0.004039013711583756
0.01524340416020048,5.745702860362364,85.94526731500278,-0.0019300687602773461
0.014983368314544629,5.2331333000012865,87.07691535889191,-0.003146269028106082
0.01480044877076514,5.697437105737091,89.83069421800099,-0.0035801097000923024
0.014453233011742657,5.574567532560809,88.45916051204175,-0.004242573429152502
0.014845425877552415,5.585203443547005,89.87384792670387,-0.003872305378447384
0.01447864967868409,5.006278409148109,84.94725045647313,-0.0032497081545855965
0.015345312243093115,5.628844286232047,84.98462290818145,-0.0001397945243349877
0.01431479143892648,5.618876295406636,88.30336616387319,-0.0038815588853955384
0.015382006618006991,4.3928612575189785,80.54584790476576,-0.006220279049661165
0.014204067675042103,5.7468375231526805,89.82361300375322,-0.0021011836819713366
0.015066276492553907,5.135216167627137,86.48549658311391,-0.0035393914401845488
0.015725338841023118,5.660656023512694,87.37385813558231,-0.0054227008822827875
0.014000911347964223,4.990336371451543,86.27997840426293,-0.0026076332675449105
0.01649003057575707,6.197469584827908,86.04797583950793,-0.003556940760754677
0.014211893681970227,5.191552194075957,86.03007210974188,-0.0044131117743617995
0.015535882085349173,5.177758430629268,85.98949602700819,-0.0034485883677572307
0.01409623287946592,5.119629320423522,86.64827443401092,-0.003957346193040692
0.01529808614877215,5.211999669207918,86.293625323403,-0.0032338710544994897
0.015567724546259303,5.46794879167278,88.93776815753797,-0.003050712378627968
0.014626088728653298,4.516117821175091,82.94899381367712,-0.0033136794217355275
0.01466765093102772,5.36438707630417,88.31874717608046,-0.0034797811048297555
0.016858104662076753,4.990814250810474,81.35043540006285,-0.00695302048861678
0.015850725072145903,4.859208671180539,81.9794166914071,-0.0019314713465869134
0.01571916299125892,6.00466967449317,88.272848733512,-0.006066800583539648
0.014355253624690135,4.343075915931591,81.81669320178338,-0.0024457193693096188
0.015023447141109557,5.6263047663411285,88.77429015393453,-0.0025799973783335517
0.015366451431468675,5.338364609165119,88.22790564191801,-0.002631983321838909
0.015202069591083748,5.005060474430323,83.63584809508511,-0.004266762227825504
0.01523353786534079,4.290763447642785,81.35629195799154,-0.0018941567935314688
0.015508182423868,4.877057591623511,84.55168248827736,-0.0037683272031424123
0.015057575842246445,5.162762084120522,84.78788442342334,-0.002919672747408118
0.016145143576429998,6.9290622660743715,89.7290686587891,-0.003946964347404565
0.01583494073271966,6.614948064819709,87.95008487556991,-0.00012486106932796826
0.014990250529468457,5.217504045654083,85.10488181653344,-0.003584665551712897
0.015486503457708661,5.658416115032911,88.9325773141664,-0.0036505730976162457
0.014635420784448749,5.036416898905332,84.49358589053803,-0.0035295108107921253
0.01488816210318343,5.425311852304071,88.66338107626717,-0.004494691859922843
0.014391823673284506,4.724525516653067,83.24362664595603,-0.002652812410590621
0.014700030952203508,5.359258473392564,85.71287489232584,0.000312537440776162
0.014376917836707243,5.606428350060009,88.05917016034577,-0.003431718737749549
0.015382006618006991,4.3928612575189785,80.54584790476576,-0.006220279049661165
0.014594378634596259,5.42904720613706,87.44411188929246,-0.003208993931997852
0.014089067372059595,5.004390773281189,85.13698266755688,-0.004332586230808112
0.016976054480682193,5.6981793138577785,86.16453763632,-0.00680929744278941
0.014332443348305277,5.538653697142181,87.30412369738347,-0.002544921893984581
0.01644630892596416,6.1601672971494725,86.16980805259155,-0.0035466303380384157
0.014962532417184997,4.853897999872219,83.94304709808604,-0.0043508038910150225
0.015748071362500372,4.976225473663604,83.96343166853791,-0.0028219826762482187
0.014678772782328282,5.647921363896164,87.60592633419205,-0.00323828410258047
0.016169769030006474,5.497011885433378,87.68370809527096,-0.003986497871556833
0.015285261160279385,5.479959837520694,89.47600313372882,-0.003515603471479043
0.014909088142215372,4.614414804332917,82.94419814508157,-0.003914721522311081
0.014716954293005943,5.178815860231291,88.40215383521277,-0.0053434290866886764
0.017269549158414364,5.4360160961203015,83.45181851301203,-0.00733828788253172
0.015378331259955394,4.817501576242201,82.28591881468749,0.0004705875962776468
0.015898289186856384,6.0942022978192885,88.45283256911752,-0.00668353527716389
0.014196142224784018,4.281716005005908,81.50036722602005,-0.004039253558746958
0.014776170572868536,5.619967470936947,88.75965071863453,-0.0021010127531433257
0.014484491822175719,5.412039048110916,89.96073696037857,-0.003027463982435641
0.016108617939871322,5.021638104796853,83.06248251133323,-0.0067498107282324355
0.014965153358709704,4.2001023095466135,81.13260349623633,-0.0018903395064596182
0.015233533498687418,5.370934810179459,87.97874893099842,-0.0014322783205545234
0.01512319239274589,5.84310558127568,87.46276515319295,-0.000980429706566724
0.016152291002080876,6.9409193999901,89.54050197715426,-0.003599116944253058
0.015649734855991422,6.273999912271381,86.96798996246267,-0.0007719619608379724
0.014988897236755356,5.225091366862062,86.35156264326169,-0.004747234338721242
0.01528064822110251,5.310758740058327,86.96080374583823,-0.0038222785732748427
0.014198442064832208,4.656528836613381,82.2673310465193,-0.007033825396362686
0.01487160497566477,5.2855140894699755,88.19278195616965,-0.004394907350560322
0.014615652077851022,4.54528578971372,82.56590817383386,-0.00443341059873727
0.014774738214082612,5.618435836785955,86.33322405075812,0.001324595858139821
0.01486178479974106,5.666737250192344,88.65846013343514,-0.0033526706275798486
0.015315820662659624,4.329460144586624,80.1255110327051,-0.005999353884692537
0.014212683003337296,5.495087490442343,87.58165756283421,-0.0023542661487807367
0.013922651720754926,5.087736703776267,85.27289471918276,-0.002522247134609697
0.016001589183814943,5.9420874217832775,88.90575540354328,-0.006977584364766657
0.014878423391037166,5.58444290815709,87.42808374819738,-0.0031721191103410234
0.015582392600175275,5.791463357299824,87.65978809721453,-0.0039691286838178675
0.014745974120909753,4.974840300285603,84.847489410431,-0.003906412049782546
0.016405073555428428,4.420698771133365,80.02938161924132,-0.0037686956596620614
0.014678772782328282,5.647921363896164,87.60592633419205,-0.00323828410258047
0.0160702700166492,5.398876165401676,86.89681853357955,-0.003907610544939243
0.015499514797211423,5.466761749983447,89.96437883616326,-0.003733874011415977
0.014960316851874895,4.669376349421498,83.51757851196516,-0.004466286803334784
0.014760005940786526,5.181604575823327,86.59618726831324,-0.003260188514130376
0.01633470607272101,5.461130903396605,84.87761209243342,-0.006288392270705939
0.015435085432171907,4.91227308354155,82.45857046184112,0.0030695547019878424
0.016439436851909014,6.122426327179084,89.131039086293,-0.0067469991669042
0.013973165568340669,4.777072605002881,84.1425613354093,-0.002800629669838339
0.015348591276179437,5.633455746214341,87.71554449283012,-0.0030389431528524153
0.014876658172204842,5.529068881876741,88.12110617790351,-0.0032800481924741168
0.015729349637130182,4.949775540253108,83.06001445423222,-0.006473165199233272
0.015345376987934638,5.233459610921248,85.64570664162444,-0.003835499170655718
0.015341101853175457,5.047687522409878,88.72631974609789,-0.0016985831499933424
0.015104935431413561,5.830011002341106,87.30289862414455,-0.0007474512330017829
0.01586106971816225,6.5770808487431935,88.98377447732122,-0.0037192625518988817
0.015284717986092565,5.981006164039511,87.65563964404738,-0.00046071882748995475
0.014985858766977478,4.565226326333799,83.93566851350305,-0.0047788448040446034
0.01567704186467923,5.436996150594483,87.80976790340733,-0.004032595222656121
0.014198442064832208,4.656528836613381,82.2673310465193,-0.007033825396362686
0.014638305405254173,5.038324652681212,89.16958636926655,-0.004875513440330078
0.014784608302766226,5.148704739899321,85.1878854752554,-0.003216665625069822
0.014934694371636519,6.189777778299867,88.76334405850359,-0.001010586356945498
0.014069212674811864,4.535737704050815,83.44124980489562,-0.0008073525874263817
0.01533561338966711,4.603014729367533,81.6415936625768,-0.005703392675140871
0.013688985981864802,4.871599822593304,84.13417093797477,-0.002315856872773017
0.013829509481728704,4.920390762951867,85.6040407051217,-0.0037983326289312766
0.015993945689791726,6.299294289321994,89.90095728066643,-0.005978907736030696
0.015251194356180095,5.301861227307697,86.1247536549522,-0.003534889698080197
0.0154107146276955,6.049327335951005,89.9804448967676,-0.00464952283741097
0.013803235493660455,4.872572824189881,87.71494306124059,-0.0023811085639384023
0.016117839649311263,4.752499168107343,83.18066035403966,-0.00375765059168342
0.014947855627059588,4.975712700716794,84.69858539159353,-0.0030327350940161754
0.01544669076250208,5.271540858310946,86.30210278464702,-0.003239980575026232
0.015499514797211423,5.466761749983447,89.96437883616326,-0.003733874011415977
0.016029405502036628,4.610000796190923,81.21438124069567,-0.006400005906267257
0.015084539814100479,5.048653235790379,85.69185717946188,-0.0037883258832891887
0.015720946185454193,6.1756453810591285,86.70861367539601,-0.007740499898609842
0.015318479091850756,5.526378063167614,86.25839817866259,0.0008554746070622661
0.016457635891385606,6.12002370000612,88.58011421444547,-0.006876849880552138
0.014554445649768186,4.904339959805279,84.40336707453031,-0.003885956129792538
0.015038566990721116,5.4605401521400845,87.97110811033403,-0.003288649264963801
0.014669977073481022,6.157722434611829,89.36522092365743,-0.00098763407970661
0.014478246010042738,4.445894977693442,82.37320254548275,-0.0043160423348730294
0.01566642103875648,5.267955398211435,85.67051800769507,-0.0029637258304435884
0.015363702634401549,5.47554674460609,89.56655350936778,-0.0033826407668948754
0.015031485172181155,5.913343685730549,87.41626847178149,-0.00041991029734238976
0.015946338355625568,6.656978206023848,89.00682845748723,-0.0037734109226521817
0.015261756884665491,6.0974428774637195,87.29487364172105,0.00021157106522365614
0.015119809022552708,4.809582090252396,83.98712784404294,-0.0026783852466190404
0.015822249285245688,5.558356158149119,88.38249152010731,-0.0035144532345304648
0.014586489940774506,4.920309861342006,83.18697210713482,-0.00705432946297334
0.014846759328461277,5.495040091211259,88.52510510624052,-0.0031305274483611006
0.014377573625776394,4.846712584853654,84.50546503347987,-0.0021071192330133263
0.014765353226145854,5.2574184158347546,85.72044972686386,-0.002863753325092638
0.014649303353332012,4.584475706693409,84.48099380408722,-0.001464674678735704
0.015322926854303082,4.561488535343665,81.43210668764038,-0.006205843735619951
0.014121898173502324,5.221579284568952,86.20767630536845,-0.003211384479440843
0.014744222113994468,5.388529510224166,86.9165207974476,-0.0034721793555841205
0.015621205945468024,6.223570621511863,89.70878836391994,-0.005351496168997911
0.014616054421952056,4.3092875627323615,82.11112845274836,-0.005594073703909147
0.01537681805321098,5.96273099863853,89.10430221168383,-0.005567688232518661
0.014702355589304876,5.633094300766064,89.94609671798335,-0.003979263082992703
0.016158671668296404,4.306155189972517,81.46423128909275,-0.0029499105926913427
0.015466451281393536,5.28822133923671,85.67109705468279,-0.004298758355015914
0.015680088511764004,5.290091150702118,86.68495328751692,-0.0028837912877351813
0.015512251585343502,5.46620997331027,89.99246243781764,-0.003745646716068398
0.01584494000415656,5.182240884625278,84.2185995481022,-0.005776515142583402
0.015469344484534676,5.53014334672623,86.03259835079871,-0.006878575241603843
0.0158677774006451,6.01912541206176,87.3568821420733,-0.006017302084197394
0.015120003955614771,5.512468216400856,85.93712425997792,-0.0009495069680124707
0.015908087092897327,6.032970584149407,89.48308258734538,-0.004117440978774613
0.014098081090300186,4.6300230144269054,83.26362951381692,-0.004621776096280485
0.015485874406328773,5.483439656822993,88.09099466639786,-0.003495578554432132
0.014248512695216296,6.095311851916609,89.97416520359259,-0.00042804215771532594
0.014331931098995313,4.465206207550899,82.69088762479835,-0.0036313360804769994
0.015679903352676362,5.294562699185812,85.56011918000178,-0.0030683525777559823
0.01537628503210215,5.489115213875956,89.51139708061392,-0.0034484055278404275
0.015093787973106855,5.963986252557367,87.52458786547558,-0.0006482884520494147
0.015941282902791357,6.677514989729481,89.02226311282841,-0.0037545096078523393
0.014872280718255606,5.999996320738403,87.88899327689806,-0.0006008647388247555
0.015016686835411734,4.967338048101035,84.39865177461891,-0.002969524226607021
0.015887413100304375,5.613574714701324,88.60429580934567,-0.0036303007120592643
0.014429484327238614,4.903214601067543,83.24284583468595,-0.007278398977893977
0.014854080090385984,5.533031514952044,87.9556797750295,-0.0024979864055146
0.015004335381475255,5.104903571874422,86.10371495759073,-0.0043266595089100435
0.014701358656818174,5.262304262606879,86.01790442675265,-0.003819915082534135
0.014618482836621902,4.989020048332097,83.7817162179857,-0.0011829081954646931
0.015512574129651138,4.445214052528744,81.68754505422879,-0.0038409670817049347
0.014889168882683965,5.5570981983590535,88.96949873855327,-0.0020079413166465996
0.012965679434467907,4.679809189265302,85.59691644102871,-0.0004653550406544761
0.01565331353776198,6.2571239609829385,89.83761996251368,-0.00540495654410158
0.014621414552496015,4.544798042544971,82.79792261019509,-0.00423429950898266
0.015384218802275747,6.044823463855588,89.27401286767783,-0.005798042251894404
0.014819307806897941,5.327708393852654,87.35639760231312,-0.004066711926319609
0.016108888711311487,4.295499905042847,81.27404686742555,-0.0030564976142744725
0.015278957878395916,4.496332563765761,81.79351354353277,-0.009008440872428226
0.015684403180439923,4.777323271780229,83.86149378823929,-0.0026216593700698148
0.015503404009480118,5.512720180910949,89.52380295144432,-0.002713764635191633
0.015965212645763702,5.0033103759872795,83.42754325081215,-0.006351199159995526
0.01493781999922915,5.472145725560725,87.09296749585597,-0.0031324080570779224
0.01648327288788215,6.255314025931576,86.2810290504534,-0.008285804427547235
0.015451546556640557,5.478031763515025,85.46887834793418,-0.0012460109288715934
0.01581420500075705,5.6670469728021855,86.78527098612649,-0.005505094571492825
0.014658756699274576,4.939400776762539,84.57002863871286,-0.00385703232694051
0.015222471855918915,5.324207062335098,89.52251901388011,-0.0036367727082246724
0.014319491233315716,5.360761130301105,86.72426047758424,-0.0020258419329501325
0.01486362801364761,5.291744336274341,87.0962946529372,-0.0039162790752330255
0.015019034198520409,5.262823626842588,86.81284065964475,-0.00403736920122931
0.015346261832326976,5.643028337062005,89.23090030753224,-0.002705098344955347
0.015207244729411519,5.933511038928161,87.30411169535279,-0.0007237467579409343
0.016043034634819653,6.571797064136446,88.92825163315776,-0.0037919609105606955
0.015228227845101344,5.484703490672825,88.16201531434193,-0.0028381322954816033
0.014742558874439045,4.365591844686126,81.48960848542954,-0.00269458466024228
0.015521458160068599,5.387317771573906,85.30715506723361,-0.005855947580731785
0.014600710625373202,4.83080902740668,82.99696742780748,-0.006734973365942705
0.015145745841194564,5.742054927008463,88.61895457248062,-0.0033561448238270115
0.014637600417124731,4.396717133809102,82.689541588765,-0.0020402716254780667
0.014392813115239607,5.831105782985285,87.95356881003927,-0.0014163119137792194
0.014861165210818037,4.549351713358951,81.52233357409172,-0.0017577510718388978
0.015801181680095457,4.477924155672216,81.6267012565207,-0.0030127338384430286
0.014836452633555916,5.562616610510211,89.81296225995432,-0.002516308863380684
0.014596215115222189,4.633388511554425,83.04847574647893,-0.00471766593780512
0.015658147434798673,6.270242602381916,89.85049376356909,-0.005425970124644772
0.014644177484013775,4.693721058072654,83.52942584122762,-0.004271339093188432
0.01529082664026112,5.964608804420655,89.8481898407025,-0.005265313440358376
0.014779409682578197,5.524504827719605,89.49025206220584,-0.004155165595958642
0.016173482418259597,4.562840341090187,82.79400261005338,-0.0021731308638395564
0.015385897814187963,4.810113683532212,83.20229862402641,-0.007907958665492614
0.015518451993709423,5.293304319277496,86.718401728927,-0.0032130598723992244
0.01556674958112704,5.519697186641515,89.97333626742743,-0.0027376988855592073
0.016052037419930856,4.9113501449645165,83.04828583141813,-0.007282010804017379
0.014000874023063119,5.786344426868871,87.00403207989102,-0.006192307455570482
0.01671861128952978,6.9961631202432795,88.30271385861153,-0.010167653686112147
0.01514020821680323,6.3147832832966335,88.25364377474655,-5.037055103366151e-05
0.015856616919888218,5.716416652428062,86.43925225506132,-0.006396532147165468
0.015160940924960875,5.078253016378892,86.56697863790288,-0.0020771281738183756
0.015280077562847933,5.48807922431199,89.9290979344601,-0.0047015424132260866
0.013674245417274477,5.363272046688984,87.30536245497103,-0.0026934434001658486
0.01487180256593876,5.599272945252205,89.96070714996162,-0.0035617806834055492
0.014662134338108106,4.672812174499856,84.51412686404227,-0.003064572541112159
0.015544818046040978,5.056109535488914,84.88871065552541,-0.0028441734992433075
0.015220413599357406,5.945746503863994,87.24036935626899,-0.0006216394216295978
0.016317903124273163,6.933877436169972,89.62227351533281,-0.0037994598839253407
0.01570216616195078,5.278071789724328,87.0663335593001,-0.004120935332403741
0.014629511032548403,4.2099513655672105,81.55331312973652,-0.0018015553955277003
0.015750371664064927,5.6713203083925565,87.39854331030976,-0.005950654570401374
0.013994296406599709,5.023068569329906,83.91021905107556,-0.0065791301357643
0.01531743739566693,5.361588634766365,85.29591421094919,-0.0007323234949268747
0.015745009041518012,4.898036977903268,83.79113503579282,-0.004606333464032309
0.014590506935873347,5.904283576832831,88.51412997634854,-0.0012184943976596883
0.014889606980325437,4.59341728345465,81.53018104208758,-0.0015330986139548827
0.015261669079358558,4.409164371666155,82.47293406680377,-0.0024309486401838452
0.014834020407085998,5.443752446784253,89.3650855239251,-0.00238141034427485
0.015057108070812647,4.746139680164726,83.95676028997983,-0.003917612233557029
0.015658147434798673,6.270242602381916,89.85049376356909,-0.005425970124644772
0.014497277875104263,4.986382429558361,86.6229110512839,-0.006121854476674782
0.01540218893983895,5.962910469210576,89.98974145499658,-0.005734089470173983
0.014723467303769852,5.440570988928924,89.54024886051728,-0.004561661918011459
0.016341342089045408,4.460213410377607,82.06850341638355,-0.0024250056391919112
0.014934111479942815,4.718824889202218,82.31843440657273,-0.007175068597732422
0.015539600957135302,5.543878908451641,87.65820159060968,-0.002016525741295544
0.015389385738953867,5.506136218630017,89.37860270534159,-0.0032303548569384208
0.015608344051017149,4.949606706025591,83.36829671954972,-0.007394046936128965
0.014397504521153875,5.233838429867117,84.33683944517594,-0.0056637960986089505
0.01604773231815376,6.2515013149721685,86.75485610759902,-0.008734542330994511
0.015340932458224139,5.997337361494043,88.36662749386387,-0.0011431908994053498
0.015541819013368346,6.326172097491364,88.31646435464972,-0.005875964160273137
0.01562579032718408,5.025662802627859,84.95978108942975,-0.0037085739815391336
0.01513532990716233,5.387705349607051,89.34365467977548,-0.004225767500758541
0.014047349503817618,5.29636405037233,87.06302148391515,-0.0034748541191690326
0.015178783672693227,5.377845899583945,86.7425578423115,-0.0036369235529654653
0.014726531534748604,4.422826789833886,82.50833146103344,-0.004184103718083811
0.015991061468098564,5.5221207143875475,83.02719827675917,-0.006006521911139381
0.015188435051839465,5.254077392180849,84.15013163299047,-0.0007342505249547651
0.016115179391021382,6.970324551841214,89.82889563490788,-0.0031047757999786707
0.015344537510504411,5.347029580812608,87.67937251249343,-0.0045672874685578424
0.014492203327672159,4.7790030086799895,84.9323612365373,-0.00045029243356032797
0.015925283166609572,5.764932844342375,86.43648855206283,-0.005475087519031836
0.014570624023328546,4.126682799263037,81.16595771623122,-0.004329870443977937
0.01541965275420684,5.857283524384462,88.80980111053611,-0.0009970063957525628
0.015580129464854639,4.205937281420811,80.87623802362148,-0.003552793901150206
0.01462204573065186,5.895816999751272,88.38331667749584,-0.0011831676259011362
0.015070163263600774,5.053899769725524,84.50476456812802,-0.0031575473539866943
0.015261182971526729,4.867354393241849,84.25158935328321,-0.004050306465043847
0.01557583327107733,5.467368957982883,89.90191046195191,-0.004044560727779926
0.013392780749421736,4.3580977340323015,81.91261101195407,-0.0035442517580172367
0.015737364024253332,6.312218305078047,89.89048343312552,-0.0056464035233359505
0.014970067212803377,5.020777814172282,85.46380746032517,-0.004450646255671111
0.01540218893983895,5.962910469210576,89.98974145499658,-0.005734089470173983
0.014687014648404337,5.470162938034155,89.80148419857164,-0.00468041697570421
0.015432811719399132,4.734112307946149,83.73887853894651,-0.002711625830939692
0.01648975574595665,5.490845008788778,85.70136463939065,-0.007027518101251242
0.015204934568155018,5.743864933426911,88.92153292565096,-0.0032762787923319714
0.015527645067442286,5.612957148318373,89.29286831065782,-0.00379044604618089
0.01583861616928413,4.734862552908689,80.63465076869427,-0.009617950838876142
0.014903481122675524,5.408491597804857,84.79872611135286,-0.005389593265788169
0.01577813894980339,5.943313544330276,87.7107990917496,-0.0071615891404120235
0.015627822551108353,5.689428783249793,87.21758515199254,0.0003709382135507291
0.015541819013368346,6.326172097491364,88.31646435464972,-0.005875964160273137
0.015302977263021777,4.855011145462495,85.42212015520467,-0.0031256429963779663
0.015706916362136468,5.434024605435154,86.55398781840023,-0.004708051905658024
0.0157098797928909,5.267826945531494,87.1970321743097,-0.003784160976647922
0.015513017953425494,5.053799960681319,84.22646158481363,-0.0061772838551394805
0.014880875596148988,4.221148762847616,81.18519779658148,-0.004658035621684568
0.016553867435074816,5.671722227099562,83.2371631157617,-0.005698652097924951
0.015188435051839465,5.254077392180849,84.15013163299047,-0.0007342505249547651
0.016107152400098627,6.879781584309935,89.58825745199664,-0.003389530269988476
0.015029576211069935,5.325603121984169,88.95025540713384,-0.0026914014005373563
0.014752868255413753,4.917776203595599,84.02083549282855,-0.0032850719175165303
0.015945253728385653,5.57975792292263,85.27311821263723,-0.0051734504505645
0.015038334539909257,4.13540750223892,80.59623331651751,-0.002953347122917856
0.015566713009905442,6.024283357560258,88.65720146174962,-0.0006020674536402391
0.015689274449939006,4.0935218617548275,80.43236979817874,-0.003497952118516932
0.014304855162314,5.899277737656104,88.31597162075818,-0.0004492979577629067
0.015316309647934883,5.292560139023072,85.84498818423168,-0.0035503437482162204
0.015832356649083078,5.484242164363581,85.31311098506902,-0.006164904872177759
0.015348410983889919,5.531157623873558,89.88627383353717,-0.004372955446988764
0.014565616865150838,4.634412242980581,83.66485214631464,-0.0035378675264087587
0.015737364024253332,6.312218305078047,89.89048343312552,-0.0056464035233359505
0.014675305860339976,4.914789244263278,85.1482299432586,-0.005288932046962576
0.015397901370624812,5.725923001757172,89.83764993627335,-0.00488304213282079
0.014935600545550775,5.469450964749701,89.83000055027114,-0.004502598599871178
0.014981911465507126,4.74776098171183,83.2263932467286,-0.0031815952374279095
0.015532270415031836,5.801495120868295,87.7066083418966,-0.005739215994925873
0.014475227580601574,5.412556687776072,87.1747180762157,-0.0038625304795091584
0.014512460365503283,5.305189688019165,87.513950939853,-0.0034557391324415826
0.015614185441207924,4.7088695743497775,82.55156150138792,-0.004790530271671761
0.014906448978893353,5.390262329071839,84.79532233171093,-0.005328635132999838
0.01577720123940855,6.108248196922213,88.56024609596953,-0.006778115426759544
0.015353303079734986,5.019077813589246,84.22011770699473,-0.0030882672130495338
0.015548873949961408,6.3335144781605885,88.3038395862496,-0.005896176540573223
0.015439033278754894,5.786963709528846,89.71993126693621,-0.002275942370856066
0.015855908094520997,4.347247583354362,81.69662306088496,-0.0026401975299913992
0.015385395507042461,5.116107881718756,85.34652044949998,-0.0036665256619871963
0.015338302067419082,4.512377982849314,81.84417978709484,-0.006967691100100914
0.014588299867340454,4.496152419938694,82.72863802539997,-0.002838670294708687
0.016221546121379937,6.278549528223082,85.92009903482916,-0.0027683173458644796
0.01569585760134504,5.930612393523473,88.07951996512024,-0.0018585255841537486
0.016060378198606843,6.833977387543879,89.48303262716324,-0.003595251287904692
0.014933935379005144,5.899691324848719,89.86343372365036,-0.003937715869974642
0.014410695163828792,5.230047961124881,85.43459949216891,-0.003285729824601957
0.015757266420516187,5.1073508498427085,84.64703534944798,-0.003157006405987293
0.015065085283585612,4.273480666525864,81.18758704302641,-0.0020783018733375345
0.01559914452916036,5.788765882383005,87.50947843714589,-0.0005988291260594658
0.015689274449939006,4.0935218617548275,80.43236979817874,-0.003497952118516932
0.014273856728875376,5.960983662127984,88.84565823718698,-0.000718497735036845
0.01510584013684487,4.636743073626267,83.33047455835816,-0.0020962735540174813
0.015838502928109306,5.414705645411313,84.951264367571,-0.00609657135435011
0.01528066950568066,5.498686214133474,89.19106250570994,-0.00436621527151574
0.014707968132745625,4.5753016492773115,83.18682811303302,-0.0034641506973807153
0.01573557067321509,6.309060850177793,89.88945819550277,-0.005626142721865212
0.013244478284447823,4.731194868275714,86.72123804053322,-0.00816585579255775
0.01531608248231295,5.3212502023486685,86.88272555800347,-0.004158907958568377
0.014804959640023522,5.559290361926935,89.63506995928304,-0.003764863417514232
0.015231360561569662,5.020024435305532,85.41914294414737,-0.003434670398463782
0.016222523163318115,6.286731923888199,86.26512841588374,-0.008041617137629381
0.01331105354721326,5.451421397448251,87.83688237478242,-0.0034374423359965606
0.014729977959268004,5.6175941152227935,87.66080512791085,-0.0033492777881478294
0.015248322131951616,5.1318299819943665,85.731672429599,-0.0043256276155808765
0.01451111471233458,6.104254644265243,86.70949532471313,-0.005851084358211058
0.01572272268799458,6.036383286332109,87.97868014450754,-0.006744681303332423
0.01593689946819279,4.763288669372431,83.3923231730277,-0.0034165167654885897
0.01494154538439831,5.727335919667858,86.74862371861539,-0.003767163938442385
0.014913706189887023,5.680086604324542,89.98510943142928,-0.003623698404843592
0.01587083497544043,4.351605782953402,81.65408795783054,-0.0028215990433846923
0.015222919050469375,4.971587488778517,85.09608368834438,-0.003988284911164017
0.01573830201471583,5.053336257083101,83.80184940998059,-0.0072275373849367535
0.014641991239004266,4.582317229504166,82.76633246340829,-0.002903109928131115
0.016066595912597192,5.997653598046561,85.9861974528591,-0.0030880451694463304
0.015703285795230115,5.691800211502826,87.07121492282917,-3.716484569740242e-05
0.016277481194150945,6.939296957011946,89.62089387422722,-0.003965170964846415
0.014840584730158861,5.730993273518248,88.19359471857615,-0.003475938697165111
0.01479923280215342,5.248894369332129,85.80603583477357,-0.003466327177362145
0.015076111236739992,5.1767432762700105,85.97304972888632,-0.0031613198300492907
0.014716283363035756,4.484990659599732,82.29718357422948,-0.002600600016236194
0.015165793064549144,5.620264001626599,87.05903301580315,-0.0011198229011114232
0.01553733468320072,4.17952828609911,80.86104565399809,-0.0035457358623676503
0.014179837285225778,5.4111412105131995,86.93253567018026,-0.0026400215960666277
0.014622815329558524,5.130499684661928,85.91709337096883,-0.002707766076293012
0.01568007435072965,5.263592071897517,83.19219654214264,-0.007624572047393422
0.015278863927720385,5.507733026423911,89.30875615120456,-0.0043767851120334825
0.014519948949988013,4.141017866517126,81.84011268339191,-0.00030830223446570194
0.01566318530974241,5.720815250211313,86.57359431282417,-0.006474200142759758
0.014473283267546365,4.77699519610802,84.91271416022876,-0.0062209358825913805
0.015548829807058476,5.059039878376844,86.20706530940785,-0.004156415656642334
0.014841214641106961,5.547987782793714,89.85601567995843,-0.0038350652806495487
0.015314895031586631,4.84001909940236,83.99493241191004,-0.003555025280543006
0.016106557118568017,6.251833586669864,86.38286795780823,-0.007778354547547731
0.014686653151091147,5.295901830970292,87.30881530042038,-0.0036293009349262955
0.01369312001605154,5.044160322445577,84.91198634373116,-0.003946806451652433
0.015390730200817885,5.131871209685155,86.27305055156621,-0.004637048393341529
0.014790395580525239,6.5426708594338825,89.31987937133002,-0.004141030773064485
0.015959603515351087,6.712205211416128,89.32324455437201,-0.00884257655973181
0.01615623013856635,5.475423870532267,87.24455344183741,-0.0030683746835832343
0.015076674615833613,5.4167728008474265,86.3241193484735,-0.0035123216932471052
0.015263088565533262,5.587218004750687,88.64483677781446,-0.002990583501773406
0.015647329887263268,4.493451162542554,81.50994627909897,-0.0014554736659844552
0.014774196222472065,5.0051218169769225,86.17594844227169,-0.004275126178606797
0.015698516239026048,4.803627136169374,82.89642327973912,-0.00692013515820489
0.014631793402802601,4.56727679931479,82.44801467528745,-0.0032030867390453717
0.01600314814048208,6.839677450896323,88.72443094304862,-0.0023512410053158914
0.015820411404351118,5.653706645974944,86.99008263753346,0.00046150735934683646
0.015449938936585889,6.252352757573661,88.89743450442316,-0.0015422138659280694
0.015235700118837368,5.987250397372496,88.88979666343033,-0.005028591181474778
0.01420173165293499,5.594433494012131,87.41498244156863,-0.0030602531708366224
0.014445601720239362,5.556404084907239,88.88069953123393,-0.004338072513648197
0.01456587409178028,5.011509607766264,84.57203021270854,-0.002784090258520332
0.015032605419013622,4.803283821418384,82.57415827713953,0.0015655559821150414
0.015466656473238123,4.379309052973483,81.8761746706918,-0.00353210257270469
0.014252701275116752,5.436617248424239,86.66742620626222,-0.003783596729434823
0.014923752022697566,4.80407625848056,84.2767128622859,-0.002651207706973164
0.015071707169608583,5.486022837115102,85.17521580294517,-0.0061393005771650895
0.015435600100984333,5.508520314380057,89.6672394866596,-0.0043654929549811925
0.014887378312579283,4.8718055866425365,83.75581373248755,-0.0024469258787878584
0.015120308328902557,5.047512517993924,85.19310491221736,-0.004591286507174943
0.014472692147756299,4.700951035567691,84.7005576889104,-0.006558869098616547
0.015329226135801543,5.6201324675356705,89.39797442228218,-0.0036341910995752727
0.014890782929213201,5.402639898890847,87.7699334783537,-0.0036274662499474683
0.01576716368123776,4.836160943977585,83.8960590386553,-0.0043207029359582216
0.016153499395424487,7.151128688113952,88.9394338766503,-0.009945118650798078
0.014422189568627095,5.729547024234329,88.47796297313413,-0.0034006160627045217
0.014272864647519213,4.704956034870018,82.93845786713035,-0.003708438123897644
0.015121223288376149,5.482458092067012,87.02464678041042,-0.005755948653829546
0.014898803198678551,6.417196531758185,89.0670586524657,-0.00374206071701951
0.015582014026403768,6.124236665881581,89.13778347668496,-0.0059470028433005065
0.01621206761974996,5.632890986920964,88.40513864641818,-0.002521457865311775
0.015419478946202164,5.570940736323888,87.30433199718621,-0.0036517750234888006
0.01512702903142309,5.7668450885298235,89.88733956782593,-0.0027024504775977082
0.01574934644306444,4.120230377834891,80.0252635267917,0.0005594453928145231
0.01514132161274272,4.987085268413487,85.19240413203028,-0.0011332004395091817
0.015334004420543912,5.1302320568793,84.27947611766606,-0.005538111173687718
0.01435397066958619,4.42871310025593,82.57298415998055,-0.0038995864686439535
0.01560099199062984,5.9170302300009645,86.5443184380806,-0.0026675444643175623
0.01565185426356351,6.448507602626249,88.75185479583621,-0.0038339597628577306
0.015644052782343328,6.3890121249630285,89.09204345715987,-0.002123426594611613
0.015212892309041898,5.967861770649122,88.9726773019116,-0.0047705892090022205
0.014105874579404917,5.330567679039519,87.98641870675067,-0.0031416036806852727
0.014126994618200737,5.31379062282483,89.85023985957635,-0.0054507358575271595
0.014579082847412769,4.364527030181241,82.58815375989774,-0.002845416690146085
0.014844957110026967,4.791583776136888,83.36306493029879,-0.0026771360785851936
0.01587665916825029,5.055029038635807,84.52152455958613,-0.0027852744504483894
0.0142183094480644,5.176210448620924,85.91838558191388,-0.0037399094846738198
0.014730037508121853,5.134860345959215,84.86071115780486,-0.0032704080319146127
0.015444389887129144,5.325293190516915,85.09125165240202,-0.006310336581780724
0.015408045365614674,5.415420036581484,89.72231174180303,-0.004153335383020885
0.01521776718768423,4.922076227931006,84.22391781162385,-0.002413124653922352
0.014857244473217955,4.836975630296288,83.97060661381441,-0.003926183060045074
0.01496222088531511,4.155894771307559,81.5966723346708,-0.004404125108878073
0.015281245967294303,5.626324499239324,89.49348392409557,-0.0034141294684515732
0.01509991169204264,5.273382751013638,86.5380458507903,-0.004205690656676642
0.016082940397259972,4.867669727394137,84.37373328929034,-0.0047184875764060465
0.015326213598608062,6.231051140173493,87.42634719401636,-0.00821696732068302
0.014446210871156976,5.626203148086354,88.39010914754826,-0.0028012989253196298
0.014632852780709447,5.092801851172709,86.18122600255941,-0.003849318781695029
0.014795893712309533,5.615571436804406,86.03157321832698,-0.00638452061941262
0.014341859332665744,6.793857391271796,89.60275651598594,-0.0040391088091188635
0.015710080047266817,6.2843981676866,88.42770010946846,-0.006278210813728401
0.01577264153505358,4.966619186139088,84.84416486433537,-0.003349228929994363
0.013902764708118609,5.995916838769855,89.29700835264593,-0.004466872038840118
0.014929887544280792,5.784495043687599,89.98825155360319,-0.002867876017307559
0.01568738894562004,4.485125607213762,81.4679887393497,-0.0011583230324212954
0.015772587618130107,5.778837748386619,89.36713028319429,-0.0005556686179725675
0.015180116316006222,4.80420887967213,83.28038843382217,-0.003514035643500667
0.01402212652504002,4.4191329951690905,82.08334749295395,-0.004796902519101023
0.01613842856322717,6.936065213695825,88.55369608916885,-0.0023524948453064035
0.01567670156073073,6.5346449350706965,88.98640526333168,-0.003970908881277269
0.016044836595559515,6.174662481096213,88.5622806023024,-0.0009406950423331167
0.015239089392655523,6.079701494562803,89.50311528902483,-0.004966042497256424
0.013693910238644238,5.274075558428283,88.46658790290255,-0.0028225381960963664
0.014126994618200737,5.31379062282483,89.85023985957635,-0.0054507358575271595
0.015322240336664742,4.426535612048729,81.57602417055382,-0.0031303398493962844
0.014799354033953502,5.009035052701391,84.97158631722345,-0.0027009983166314602
0.01563713350502018,5.227267721996013,85.1615066594363,-0.0029254374932682937
0.014514891853347004,5.113562119419917,85.65494434567869,-0.003000375674553887
0.014209311324538964,4.615869906392548,82.6434660922489,-0.0022502525926900267
0.015526578872140524,5.499287951549245,85.87173820684217,-0.007387976600927224
0.014977376111092032,5.327624859457532,88.80592903982235,-0.0038791672961794336
0.015086389215338041,4.757579918600163,83.21899185682146,-0.0027256767610742494
0.01494711211151708,4.287987092382982,81.44218772902539,-0.0032802533485860818
0.0158109592890775,4.349794011860402,80.45073243798078,-0.0058501094898110485
0.015168147357842627,5.218164314694317,86.91198010293935,-0.0031981785342568053
0.015036465827414136,5.271866825033769,86.28671649841777,-0.003953972289180317
0.016353415404152482,4.336872468493041,81.49639332174254,-0.0030189136303093713
0.015967245824010275,6.93091066213967,89.06582261663934,-0.01036700676884434
0.014478377125304368,5.338272014210734,88.41673614488145,-0.003871859447941183
0.01513587904221594,5.1717147604535505,87.1531324311753,-0.002224556514351116
0.015171223136906725,6.729834517037726,89.6017421561781,-0.008141694825216612
0.014721053841348643,6.055368318484119,87.6169903390827,-0.0037925833134898387
0.016728062915759772,7.118865769478133,88.52613595929998,-0.006861125130151471
0.01650762218441361,4.9309427763993865,84.45004155918726,-0.0038733675398803483
0.01400694269491529,5.975772384273054,89.02287384574781,-0.005582480803707226
0.014929887544280792,5.784495043687599,89.98825155360319,-0.002867876017307559
0.01569152347242231,4.471159134516736,81.35960227787798,-0.0011395198394232424
0.015420785145704262,5.529597895086234,87.93468263800477,-0.001673153899992496
0.015022917979023345,5.00305705412352,84.89850094802166,-0.0037282662121379167
0.014773465576975993,4.875561454745227,84.60329433152515,-0.003626322987319245
0.016208435184606206,6.884384708562229,88.60186141434083,-0.0021356336843863597
0.01567670156073073,6.5346449350706965,88.98640526333168,-0.003970908881277269
0.016044836595559515,6.174662481096213,88.5622806023024,-0.0009406950423331167
0.014668764667812398,5.336296547536433,87.03623178663258,-0.003567191577996987
0.01491511866645701,5.153828339072168,85.85790641445637,-0.003655612071518209
0.014157533069056446,5.213309402577702,88.67463658634757,-0.005176357975791842
0.01541411333574191,4.600259310167113,82.87667826941946,-0.0031029279241276135
0.01484604732553615,4.9368957748446265,84.68583651574507,-0.003304681121253742
0.015609200870686828,5.015059136787876,84.52085657074439,-0.003690213240145743
0.014793510053461878,5.3243715349873835,87.13746418144913,-0.003169985945759057
0.014033035514279741,4.933949995958006,85.01584574402905,-0.0023290919928268426
0.016176032928847228,5.687102330586461,83.98977282325171,-0.01115967262099392
0.014848885858952172,5.388963064417782,88.77097023148731,-0.003960378848357793
0.014413117146370846,5.4920179577496535,86.99358764090948,-0.002095261041763331
0.015081071133612456,3.997411933015529,80.01305782534227,-0.003788476924055545
0.015781730852871385,4.488620629023675,81.22625431630071,-0.00608596017514279
0.015142524522673905,5.489515267253,88.18644893682554,-0.003388000652789045
0.014553132005418965,5.646419520175259,88.2157934065372,-0.003547873301861262
0.015597788329275893,5.221366027231513,86.33632344346388,-0.0029271747567725047
0.015299771326294623,6.037576822144323,88.56800502175888,-0.006005588707132686
0.014553059142639858,5.274599705411833,88.21862766649804,-0.0038920064229170204
0.015478125103300235,5.257844617466409,86.24391777407851,-0.002811026141408296
0.014790182180449078,6.296766209883402,89.08953193782851,-0.0066813637902562485
0.014506282955237608,6.073397508146332,88.47479221270451,-0.005562285713606404
0.015358519860020849,6.301096270419639,88.9908977041839,-0.006284234167202026
0.01618284210511086,4.900447648669766,84.4463344345538,-0.00330630464549146
0.015123154863394139,5.704102728684874,86.12694939463768,-0.006472318307069186
0.015228790169740998,5.450097343514934,87.68660117960516,-0.003440657107709497
0.015271963399068491,4.85155699476824,84.28484759136175,-0.002699763213245726
0.015154701861800277,5.138401285723416,86.66814666898362,-0.0020248622674584175
0.014832629903369702,4.243837536575061,81.88794316856234,-0.002417322744804303
0.014574508798249997,5.108179939598504,86.2331824633763,-0.004051163006818451
0.01597099452031707,6.865802552199844,87.7948229100465,-0.0028458151496177455
0.01569946360691325,6.644301640760265,88.86660945170786,-0.004286668138943821
0.016149682565179575,6.511225530333974,88.65525600460504,-0.003991690576654841
0.014904254882242679,5.601615196955827,88.70857460864747,-0.0038252700470470576
0.014668325960109403,4.939750733962954,84.79064913561531,-0.003784322826533369
0.01449490100027773,5.103104986634379,87.77801745569141,-0.005013391334157211
0.015448908322217283,4.509328240607314,82.297426548306,-0.0029858450558184167
0.015059888499445322,4.51280904973423,82.41088957918997,-0.0036754983011018727
0.014961724467686961,5.016831170565588,85.76268269927039,-0.003935952465491261
0.014974064983527196,5.475234699028616,88.12128554013437,-0.0038834903129591177
0.013685120779528506,4.941538516022227,85.08322558044574,-0.0019497331662981041
0.015541539083740766,4.35855131035116,81.03585015012098,-0.006095992505760825
0.014857589903825068,5.401659768887236,88.60365453308316,-0.0037653955327331414
0.014648831550442118,5.5287544816879555,86.56159158903827,0.0006801459902311645
0.014986918374789968,4.549812064282821,83.29057256801914,-0.003749377784024996
0.015781730852871385,4.488620629023675,81.22625431630071,-0.00608596017514279
0.014923417910582796,5.6521960002895035,89.2729283932317,-0.0036003064194316944
0.014267838902466539,5.401657199128901,88.07408710559338,-0.0035770036005761097
0.01567472425774251,5.355364906636038,87.13729456544196,-0.002885999462319628
0.01589792252386076,6.6774615491625795,88.80334556500885,-0.008760234902457469
0.014529773396631588,5.467130296839651,89.06810133307754,-0.0026725821775955756
0.015203963677684562,5.4731147735299865,87.2379527433305,-0.0022620596188188758
0.014598930388294943,6.360146489723365,89.52207292740312,-0.0056961024978778585
0.015304148651994327,6.142786226437778,87.59464729685904,-0.006148562889948878
0.015358519860020849,6.301096270419639,88.9908977041839,-0.006284234167202026
0.01568890371375393,4.578045604806319,82.76993978079867,-0.003379427913724195
0.01516351827675964,5.539256578434513,85.45373797327625,-0.006496915494554495
0.015242849260417746,5.298269810759455,87.18653147816818,-0.0033113473805649945
0.015624211755531272,4.697249549418592,82.86335745196752,-0.0033164735640689256
0.015433948864183523,5.669795263254085,89.63810614716402,-0.003982850293411992
0.014858916149794095,4.354325932788148,82.31709395021566,-0.002511629187117208
0.014459771231378635,4.960183202079483,84.98241000111601,-0.004385165756448771
0.015672230015297186,6.7218272096238145,88.12240510814016,-0.003816270616934555
0.015840942279549873,6.8399762436966425,89.36337217063016,-0.004014725662019049
0.016229605475790297,6.432832471459586,88.38493549618525,-0.004002323330399909
0.014923610492482876,5.5336478051272024,88.22680507902149,-0.0036780522276257874
0.014339837586790208,4.88115160886975,85.393246917266,-0.0026217814442227702
0.01432897236968221,5.501521422028466,89.62616077245839,-0.004656114151617451
0.014866999977338912,4.647349499723757,83.17326932719826,-0.0015786525467711425
0.016025200308885282,4.817134583975236,82.13659488258679,-0.005799226445420287
0.015183321343643643,5.32823262165296,86.88861974411263,-0.003592571065214
0.015003468626442449,5.541965112922256,88.27285306926306,-0.0038871233682612957
0.014288007659503185,5.035507494657937,86.11675767390408,-0.0023433307910475307
0.015562089862468554,4.2231431466759055,80.46322735026935,-0.005359946035352928
0.015052750522564523,5.2460666384222865,87.50185404810304,-0.003730320892956279
0.014864909150683447,5.516470766305487,85.0501526035743,0.0011749087373728768
0.015033271498048855,4.893310000873126,83.3004663746948,-0.005147508436576047
0.01550782926114411,4.446512572654941,81.0356824622983,-0.005722016275195051
0.014790858034604672,5.634214878475567,89.19142908916187,-0.003713043289564675
0.014298712708513274,4.802463769882016,86.92274432299692,-0.0006564247979017187
0.01598340252523698,4.686873944926116,83.80599991119298,-0.0033363965048762096
0.01625420824334626,7.099316602974188,89.57658808430953,-0.010165657298052333
0.014361758994429099,5.569254023333526,89.02407268426185,0.0007367690252161737
0.015243437523164515,5.5691197092106055,87.46801212406231,-0.002457929415987114
0.014641148887317797,6.125507056601636,88.9075242780615,-0.0057265639460955635
0.015354473131712319,6.066587023775394,87.25432400784918,-0.006223182097786708
0.015230515272658502,6.13241621106431,88.76007808464287,-0.005313630599207554
0.0166479362372254,4.787973115793353,83.48207347010087,-0.002284406403906443
0.015278510271311878,5.4642662208870325,84.95643880587878,-0.006197249526539887
0.015652291797275283,5.558886866395053,88.81545924483423,-0.004289204061097533
0.01585706712086447,4.821690266296718,83.45763077843615,-0.003622954383895691
0.015217314782917902,5.462042493831015,89.97930795292241,-0.003977548353585451
0.015210342329990727,5.452387957569529,84.82637149937175,-0.007199998289412915
0.014435872413267247,4.633361931751192,84.56109053750886,-0.004470653762264248
0.01557673534941128,6.558881937205356,87.93569107341422,-0.004428367242747632
0.01608518579867565,7.009268554752784,89.97972430157961,-0.0039313244668126015
0.016339237800244714,6.851556493450853,89.95082629345379,-0.003908735380435782
0.014333289360308043,5.3164175867835555,88.64134193340641,-0.003028493550386031
0.014528569401787744,4.670342630415851,84.39026227266325,-0.0007097061292633093
0.014536740571830934,5.526947672039559,88.48924657918452,-0.003738484647068392
0.015634189998936586,4.636648221531219,81.88820975707466,-0.0011885105038301463
0.01538758907336432,4.849904333909219,82.28614473568774,-0.005852101947284492
0.015209684318089552,5.288648096832902,86.6118824062309,-0.0036415649776148965
0.015060898331013355,5.523265353090271,87.83947381687886,-0.0032101347917988616
0.014463050192122951,5.075068045726193,86.16370398124678,-0.002042748401060158
0.015228950224154176,4.434603374834434,81.79126319630397,-0.0035502347961711804
0.014799417121188445,5.3130516206019385,88.95026962837989,-0.0025535505253210388
0.01429004647962537,5.848963834635593,87.62604740701421,-0.0003625077197155994
0.016087096613801328,5.049145450946354,83.59293912772723,-0.006403482378777154
0.01550782926114411,4.446512572654941,81.0356824622983,-0.005722016275195051
0.01428894955426243,5.739773763543007,89.96583966335433,-0.0034081791543825435
0.01493319251107236,5.519156902411615,86.33767697585313,-0.0007742964678259939
0.015638462232651452,5.026504447416564,85.42021830432682,-0.0019497260510500606
0.01625420824334626,7.099316602974188,89.57658808430953,-0.010165657298052333
0.01418399110968831,5.091703162596481,84.88432280375177,-0.00308678781723321
0.015519199843735112,5.683432160302163,87.77437919922892,-0.0027875027653899535
0.014288735216594347,5.524932852109623,85.95367125808323,-0.006690038259366534
0.015155278301219271,5.9817460467188655,87.00432278983669,-0.007060726801451019
0.014950021481908745,5.824452550771578,89.52937527092773,-0.006188010392190776
0.016096618646207695,4.993389952013541,85.41583588385089,-0.003920681990459585
0.014964053816416948,4.766452462408233,82.3515270424804,-0.005791907949175333
0.015823624196822667,5.462514885879705,89.01124657019537,-0.004044088209416355
0.015684018639831664,5.274035020249167,86.96618853139242,-0.004089916952045514
0.015217314782917902,5.462042493831015,89.97930795292241,-0.003977548353585451
0.015756031562286967,5.522389501460052,85.45793601704506,-0.006833456262137861
0.014582518517081308,4.869377457108104,84.80607316447019,-0.003674499846284361
0.01557673534941128,6.558881937205356,87.93569107341422,-0.004428367242747632
0.01614701278486348,7.0094903646660605,89.712404946333,-0.003764464156173228
0.016011479664232015,6.526661527382989,89.6193437106688,-0.0038174521355220717
0.014481914351862813,5.228580939179443,87.78653536198831,-0.003891347170028925
0.015401903346008505,4.785798235725455,84.1661835809004,-0.0015629806946862467
0.014474600260163329,5.668031975107375,89.72438344266689,-0.0032411841856079884
0.01557614854790744,5.140316391382074,85.1701322975256,-0.003047203707534539
0.015165068342843362,4.678563661431445,81.65904873421877,-0.005435483432610502
0.01511252986442986,4.805253984376631,83.1810300832395,-0.003498765312046512
0.015248788660473845,5.698588945289019,89.4695964077597,-0.0039576244448987176
0.014387240308688487,5.373810946754532,87.10591320059531,-0.0034179775905783458
0.015493067368051807,4.347350704855507,82.54729724965706,-0.001121127300262247
0.01493686756349693,4.456448901150846,82.77079001434538,-0.003429881735036345
0.01479575956188513,5.761240704318706,87.38507864091784,-0.0003796171230161351
0.016085849591306437,5.253304569427495,84.27250067933505,-0.0061256337553273685
0.015439200033045844,4.636965959860968,81.81148411213594,-0.005650634383664796
0.014803123312660668,5.523939915919214,87.69535529010226,-0.0037944749042937813
0.014859493218361376,5.730043691134697,87.17088560959996,-0.0008331652183497847
0.015342207395757796,4.651457984386653,83.53732851107895,-0.004071557361442734
0.01586714052916984,6.311355686615671,86.6869196433247,-0.008956306538337797
0.0141490202346241,4.983946491686196,85.38613771524172,-0.0023444413273897755
0.015953546848994853,6.085847163385849,87.36808066304843,0.00028580569721944546
0.014908886234184215,5.312750309786031,86.14415767188426,-0.003554643192941125
0.015150259295804557,5.564334489697533,86.25444044804453,-0.005850197455521363
0.01461942274471715,6.073354879484453,89.5107904713947,-0.006180092880032231
0.01598068829369421,5.03073875327179,85.35005794897606,-0.0038636870513723185
0.0145296438479448,5.170560528819975,84.42252896394915,-0.0066736240583505
0.015240351600233055,5.2041066817058415,86.32643807475134,-0.004885214614526533
0.015507526941549448,5.363899802335838,87.82719468128035,-0.004072040563997879
0.015107856755348311,5.487000717992419,89.93749397053135,-0.003800193091695967
0.016360783033596907,6.058811747358304,86.55908290449507,-0.008021703383247848
0.014488351313962367,5.2333756768512965,86.80854987515768,-0.004580881227649112
0.015159257325237471,6.612555384800225,86.31588448649315,-0.005023611056833874
0.01516257205728185,6.52517489902676,87.47759493738255,-0.00327843643546098
0.016011479664232015,6.526661527382989,89.6193437106688,-0.0038174521355220717
0.01434585190514221,4.792372610190088,85.29369896892196,-0.0028685295226012026
0.014776933209423457,5.430481286736968,87.03451856453715,-0.004120533585599588
0.01448976014797461,5.627936874277795,89.70137533007565,-0.0027986887881028006
0.016319916254314306,4.9471526320205665,84.45989005717112,-0.0031664144145975726
0.015392693838573184,5.302937730543367,83.32754889014562,-0.00850682886478112
0.014981851241043457,4.216135201706,80.8753159559377,-0.0013731857660754592
0.015012039220114206,5.586878614059251,89.33631148048573,-0.00187199450097884
0.014643090387317549,5.085029123985224,85.35029338908079,-0.003285769916899353
0.015365907473466594,4.310183645240672,81.71794169177795,-0.0011247541737848506
0.015269270317006284,5.072159371597088,86.21375759383926,-0.003898678887065143
0.014896688787622693,5.846676456706776,88.21149668383555,-0.0013787485528305118
0.01546529878280909,4.963847010471142,83.5693414804552,-0.004315523250295122
0.015520352505395402,4.521586191252175,81.63541807777975,-0.005447250922606929
0.014519115617149567,5.351425977021169,87.0934660493805,-0.0036340128557278747
0.01517892092496389,5.726575961147086,85.4446320886309,-0.0005971465187546692
0.015381772330783468,4.2049092120876805,81.00238239700202,-0.004114464557447592
0.016081043206017515,6.1634984486487445,86.81931177339709,-0.008691208484546617
0.013774071284463178,5.557545892552945,88.43179993920553,0.001315190733931406
0.015862571397918534,6.036596956659413,87.30871544910313,-1.5127210345382584e-05
0.015076886624353695,5.5159180431969554,87.22783894463767,-0.003730963952340586
0.015036006073830354,5.786216780125723,87.89870533753134,-0.006537535937329897
0.014644697113069998,6.037729416165649,89.46542607006971,-0.005995623841523608
0.014978554708919784,4.905217133842093,84.00111009335713,-0.0038553167223768867
0.014745671735217463,5.2036955355077685,84.1484472369136,-0.007132488974139396
0.015112630609671638,5.711411724325878,89.7246567957651,-0.002594178097413233
0.015160821262146146,5.316546320685197,88.38846304858818,-0.0024022428981109183
0.015356053270601695,5.444776366451022,89.79974821482621,-0.0037286095683905325
0.015932063737287457,5.58668652826018,86.0938344013788,-0.006384832430943526
0.014180826677307263,5.628263682108579,88.76937270106671,-0.0028728289596604987
0.014950087855248559,6.689965979629036,86.49615059553977,-0.005508398256319169
0.01532284819755922,5.759522129463106,84.3865689842499,-0.003916157693934669
0.01585144340357297,6.193511030398019,87.4287165482452,-0.005990869300413788
0.01403544845891633,4.512707756723059,86.42291559526973,-0.002966922486063973
0.014858277992374611,5.545698126621825,87.20149142443445,-0.0032710478469324066
0.01440386170633496,5.537480578520607,89.6493889162348,-0.0028977245378749407
0.016077776351841738,5.116046230964124,85.15046880979908,-0.003832177191118257
0.015346348193596326,5.298388978045472,84.84560537499982,-0.005415434374463881
0.015164054617466428,4.353564624993907,81.23222185101882,-0.0026071179581725625
0.014831480594123028,5.46372090434048,89.42697234472526,-0.0019001156779120656
0.014604622146600537,5.1087817500219295,85.35829854703904,-0.003063318128527047
0.0151255075701796,4.645779299958581,82.66948852915655,-0.0032397634383620998
0.01581949094575347,5.304927938934261,86.46537675604503,-0.003336975558924924
0.014709407587943974,6.1064679300106635,89.0902463889163,-0.00031797387029235385
0.015252613361776962,5.092161867359199,85.16934031412087,-0.004077983438476832
0.015697976416157885,4.568968311581852,81.49030503246352,-0.006257231065517661
0.01458722501451076,5.4828073212959705,87.72920943766485,-0.002643101660761415
0.014912410380527562,5.417026264342794,85.57001791221464,-0.0006453440043026866
0.015203619202792538,4.82360332639272,84.11675193764017,-0.0031897233624071254
0.015279799321577735,5.892633267629911,88.00759920424248,-0.0062435346461235785
0.014688712321751441,5.9649506900909905,89.28306757520987,-0.0012427861522286503
0.016158068454464304,5.629986386855929,86.66202681252922,-0.0018652232802230401
0.015422896313974093,5.4255700885531875,88.22573050954796,-0.003573126897030445
0.014865783738638944,5.535771924717814,87.72223332699637,-0.004977309895809301
0.014549180508811713,6.0447735791006405,89.30668735587459,-0.006432559818797681
0.01536058049842495,4.931983903749368,84.37845403765667,-0.0031693845588840123
0.014507012112141981,4.954934590311276,83.17633805780451,-0.006421866490384247
0.015217296252402316,5.761689425439292,89.57708342201633,-0.0024031343136640404
0.015095792286991967,5.515943866968482,88.94173556410591,-0.0029077307670143226
0.01534314611989551,5.5474371176598085,89.82611868125535,-0.0033215831904411974
0.01485253325117959,5.661254249165227,88.19856858528117,-0.0035708950625312754
0.01392476134897895,5.273799313852523,87.18850827247013,-0.003833412085144577
0.015290680415939959,6.257363206864501,88.46548433705674,-0.006159173365696236
0.015417763397229643,5.5998055742527,84.2232556622947,-0.004454484265911971
0.015892291599159492,5.800773741553461,85.87238122759524,-0.005824383871630813
0.014647374922374905,5.2918072794937006,88.52024582585953,-0.0018639512953924225
0.015348611091481439,5.2023937198933945,84.98586804499904,-0.008732379264217981
0.014252777982868569,5.4776102450693065,89.66549526865423,-0.0030325871076850265
0.016269144116159935,5.0653223942645,85.42382720715078,-0.0030917483103446754
0.015837662600787793,5.277957499076187,83.91681811202531,-0.006640156040603105
0.01505252419063676,4.597507018573489,82.61257249451182,-0.0024021852149827996
0.014697407963992212,5.470387137030558,89.61992761362299,-0.0008692439557258331
0.014524296409095836,5.138633405093659,85.51735362291149,-0.00248284555449759
0.01511173922128829,4.816917018125926,83.57221974381604,-0.0033776841820904596
0.015743311147735202,5.282325205102268,86.32040852865752,-0.0035701833228349356
0.014546356300370294,5.8533910206695685,88.61559942929951,-0.0009914449895559044
0.015161867903416688,4.657353317152917,82.0808537957676,-0.007141364388059885
0.01588933152255776,4.462009693656992,80.79601544977754,-0.0067466574925212994
0.014553387790968575,5.39928227732069,86.73885922081492,-0.0026655221926690097
0.014853190354463287,5.641436717407508,85.88048195882466,-0.0004678519354203506
0.015702048147426644,4.6540222964558176,83.33133986748236,-0.0038646908661155678
0.014911222607025154,5.868567206149971,89.56279333291532,-0.00676669743358505
0.014851669574743192,5.97784463805529,89.1344606904912,-0.0016799381717963375
0.015620322901934661,5.472967912086238,86.7207052343031,-0.0030586743094215265
0.015297798960217721,5.456598673418711,89.26808459781613,-0.00220977586666685
0.014476435511763265,5.060349403510396,88.35198685182738,-0.005655281347266334
0.015003000704805815,6.136731210065976,88.8441961533368,-0.006736323395804879
0.015898451316238932,5.2836272367350015,86.39963688783436,-0.0029368311658683377
0.014294305987981181,4.585032435490089,81.45262313030545,-0.006578299851072111
0.015644040868636397,5.652757779412631,88.17601337668201,-0.0031929375603006
0.014969578439773774,5.630924095223422,89.25016758541167,-0.0030664694750330936
0.01532632318946733,5.335468125200211,88.24322707468237,-0.0031140417939544396
0.014548777162864159,5.818267808472717,87.32307178325031,-0.0065881098106138946
0.01392476134897895,5.273799313852523,87.18850827247013,-0.003833412085144577
0.015154260788219005,6.080518919068345,88.421472438207,-0.005945851584847459
0.015701065842988728,6.015670237430163,85.40321217185088,-0.0022449858193743623
0.01591401627858601,5.746237381377254,85.81873391634888,-0.005647875739331045
0.014468534651028507,5.654239579327606,89.01930272255488,-0.0040301620567298095
0.015672108521268453,5.541589964370327,84.71410795865657,-0.009098666055319636
0.01510886422080126,5.1317085946358825,86.29446887801815,-0.00439592302018009
0.01620511649809608,5.175323497792212,84.96221100032017,-0.00256766919229375
0.015449439537368551,5.303931131617022,85.13723398205897,-0.005074400873753663
0.014970063768582799,4.802658125073883,83.46671314357688,-0.002434303026706744
0.014697125861396813,5.197730474833964,89.53081492961036,-0.0010421116353837695
0.013340044691325905,4.537931727116701,83.00261955171615,-0.0010142693749868115
0.015170218095146232,5.025655990304956,84.94812380685364,-0.003664879453373909
0.015816618073278686,5.3806119925368625,86.77591066973241,-0.0037351147669045267
0.015024516789081434,5.427100361903185,87.49150390637674,-0.003138288067840149
0.01574117687685122,4.36947674206991,80.70014697458316,-0.0078342843178738
0.015839802375945924,4.47530960682549,80.88349329078103,-0.006773530995447695
0.014731381257325845,5.169683604224195,86.44578133703284,-0.00293590053632222
0.01466842346238235,5.725488559293506,86.94153028614248,-0.001106324685025029
0.015507733507070203,4.3002150914844455,81.78357380592435,-0.0038636697445355926
0.014819825144474446,5.815529718432329,89.79730603056161,-0.006630005509093734
0.015037687831654833,5.949541620419214,87.99132947233002,-0.0013361402775521336
0.015628587761655398,5.5873503174148995,87.34854035470529,-0.0027178610710272507
0.014958654631478293,5.3331785061606,88.56447707484965,-0.002370223103739156
0.014711897226830107,5.05379035517357,85.99419238488674,-0.0037491820033049164
0.015153601804178487,5.893401593268101,87.79295367719271,-0.006155490866914798
0.01564404396166239,5.232314435256682,86.28003126346454,-0.0031427784828490842
0.014425142057931065,4.463990147433563,81.38540301301963,-0.006168125537665326
0.015532832090560156,5.635822362667242,88.22968292750545,-0.003578379136137221
0.014965943081698742,5.561781338550214,87.90429940943021,-0.003010772247390504
0.015716625281887765,5.650023417498297,89.61309415160667,-0.00257602423543737
0.014807816889554076,5.771639094217129,87.04996802468523,-0.006050694872048427
0.015251210180917569,5.446844247117542,85.98105145335704,-0.0034272599458316797
0.015418869729212295,6.702637047090849,89.92194935943834,-0.008135588350136011
0.015609004960364894,5.401768566283729,83.6267085075346,-0.004527077598884184
0.016696662903865175,5.784426907702594,85.22697784279504,-0.008453783201400101
0.014451384506906554,5.182838728189412,86.75839586723346,-0.00045185173325510645
0.015389389610758154,5.888200315086441,86.92162331911467,-0.006317753393306869
0.015046544274380243,5.046488342547186,85.89557199151007,-0.004357018227178027
0.0162095514620807,5.893678189417872,88.13687210889515,-0.0018272163808454444
0.01436661878813581,4.159219877082068,80.29226468839397,-0.0030567113752517257
0.014770466818077496,4.848998518407641,83.94781154952324,-0.002710241922765659
0.014954590617879017,5.339803890956759,87.51437994962107,-0.0031701113140007414
0.01421583201952692,5.809030831526764,87.429834928744,0.0016926635023626607
0.01539588392877548,5.248527421122315,87.03157234204892,-0.0038768261528176412
0.014672125515183657,4.477051183176163,82.02488894196537,-0.0037439213473894496
0.014926887907116063,5.420203106487838,87.52059211569828,-0.0032174112685667616
0.015538194918615827,4.765142196584766,82.88109899703566,-0.0062504962817843505
0.015576902328059408,4.83865613172515,82.62509151341301,-0.0067452004827271775
0.013692362092138578,4.376535130028768,82.11542422395429,-0.0036602571862780126
0.014564812247228446,5.6018463410350305,85.68115922998795,-0.0008232489572706453
0.015512650600591657,4.349006138511454,82.01417193971922,-0.003839474038303454
0.014957982301004261,5.704908718737928,87.96008371892533,-0.0077098845996090145
0.014998498182415727,6.177672016730338,88.23614210853411,-0.0007989256308429395
0.01572066239594963,5.469062166878992,88.3462993754133,-0.0036758593878761644
0.014532816080793282,4.934817566693973,84.74606750855291,-0.0044741839541142265
0.014382081082854539,4.959116865734963,85.04641940129294,-0.004240034995471471
0.015044873368751694,6.002870747792004,87.43395460458913,-0.007256989933433011
0.015977881645281976,5.14263737451988,85.95353476946032,-0.003041490348195571
0.014483096539568868,4.430302115248981,81.22860075731298,-0.006325665758353143
0.015143126173580497,5.500745285936137,89.98013158555011,-0.004226804961946584
0.014748039423888467,6.110505096960662,88.20672812461976,-0.005241776595775041
0.016020644648443192,5.5291560899385335,87.88739058310505,-0.0028908266976677525
0.01488989854683272,5.582899090917934,85.65065382665925,-0.005790579119405177
0.01547527280832259,5.579619608032113,88.2701897858299,-0.003356416961393817
0.015339755141329387,6.370776108347589,89.83765986129404,-0.005946298299901977
0.015475039522627335,5.29995043780692,83.34181715104845,-0.0040018502435582234
0.01580516396359414,5.369520129305421,84.63401675907795,-0.007080958889300231
0.014634155838359756,5.457183434550451,87.74974058170412,-0.003800334400717186
0.015434298104106393,5.309098677103744,84.10141589586148,-0.006074691163973516
0.015206538411443168,5.556111790089682,88.71529340262457,-0.004063034945335709
0.016441381431306693,5.843773876036518,86.83925881358773,-0.0014294533677528566
0.014969100512957386,4.485690343568961,82.10488535357337,-0.0028091374622889595
0.014620436944877437,4.979706338979946,84.5336481658253,-0.002324828110624953
0.014993200868139099,5.324540921109365,87.25786289359857,-0.002943715746353663
0.014785996647276322,5.725705666920339,88.06066696382399,0.0006310528925593723
0.01549352010083194,5.747670083662335,89.80701099911003,-0.003125272735129601
0.014948423013001349,4.41049458996225,82.13651120875348,-0.004111727734884484
0.01467582283280991,5.639079982044578,88.76301452728237,-0.0029052717639936132
0.015702158396010666,4.856303681531411,83.60662583568812,-0.00584537472443507
0.01570770781573712,4.799181370019686,82.92769523395347,-0.006548416539302891
0.015201552732684524,4.7409963312927985,84.19973632077732,-0.0038339782839111785
0.014564812247228446,5.6018463410350305,85.68115922998795,-0.0008232489572706453
0.015702498130598826,4.032968402830254,80.39705145270625,-0.004016920161458319
0.01472848602365588,5.467813347926781,87.06501147718512,-0.004485576553701241
0.015322856256254869,6.083434339919724,87.84084369251013,-0.0010945297162735061
0.015736889963269173,5.606244280051684,89.16477850530651,-0.004207140451150089
0.014707993392089287,4.862725727461373,84.49622183958135,-0.004312154105882714
0.01416703037142075,5.079863876814484,85.40799581390456,-0.004023416972303323
0.01529815832491329,5.8412310384823645,87.58392606769443,-0.006107545357691084
0.015605825755245889,5.327637087460796,86.04686990551804,-0.0034216307732549667
0.014334129841108222,4.2700234362765,80.08254554793396,-0.006813251567190003
0.015171602970357185,5.406295837177042,89.38572945425025,-0.002756196687007908
0.014203619798087186,6.206138035988427,88.66850287521132,-0.006708042235149111
0.015331825715824247,5.42913060240587,87.40379804017589,-0.0033309236327581683
0.014826325471403827,5.150693648006132,83.77954151767986,-0.006179966601112825
0.015422527832287158,5.424674197279595,87.3141270317557,-0.003758020840784728
0.015392380638900149,6.029902656071399,88.35704305379106,-0.006033677783771443
0.015521108139483616,5.346370317588843,83.33432691699925,-0.004123671100445312
0.015887150158434723,5.831274561802361,89.60822533261393,-0.004442044450055726
0.014715667267979217,5.516351002262259,89.07071595141427,-0.003154549023884651
0.01568874436228578,5.254890939475711,83.94670675762028,-0.006536063389135937
0.015425110501074911,5.5138202693963985,87.95407566175237,-0.004376965466029503
0.016756894984716955,5.883917994682807,85.51526548853234,0.00017859052353294113
0.015093812771328154,4.2343644528253375,81.5995669065967,-0.0014386004111515737
0.014611087542917638,4.636690984597405,83.29822141431632,-0.0021635704050291748
0.01489954221208855,4.90436480269773,82.87539583014893,-0.0010582521035933136
0.014803352244385762,5.630550081266697,87.94961211978999,0.0012010807911272516
0.01647683039501722,5.4544795676279225,86.9994695783037,-0.0021699452611557623
0.014973652288523653,4.558494362828402,82.39185433781864,-0.003124784179975986
0.014536467135057735,5.2253702139485005,86.34340346354182,-0.003117788631336381
0.016827564016081983,5.289748585675603,83.54503578711895,-0.008459801692102774
0.015447312512021378,4.472526539728851,81.44962229689699,-0.006740420513233509
0.015265630939465875,4.713133823010258,84.16600365412562,-0.004045661268129663
0.014454169296876646,5.495427242754305,85.27190215317886,-0.0001454352406640379
0.015630087305676114,4.479124668636304,82.83854151793794,-0.003152912881516902
0.014086589116015865,5.380893318558313,86.57399434010499,-0.003199581704934268
0.015716939157605685,6.357454086605538,87.84268497543091,-0.001892954361718639
0.015286352542525038,5.097067718396936,85.56687413468619,-0.0033804436731157184
0.014303597761155315,4.727595578505671,84.38980098418772,-0.005872166291314847
0.014490789587059903,5.59159505524714,88.67062448840285,-0.00410249238282364
0.01525094228501566,5.8420291911449445,87.42164980269814,-0.0062410588511368085
0.0157402380395005,5.38047958733739,86.62085644988252,-0.0031594229747220603
0.014702280238716732,4.647112170659435,81.85319721933915,-0.006807722154015628
0.014739701720786647,5.285881286478306,87.38006012293658,-0.0034555282601385013
0.014947847330464238,6.142404123761252,88.66362413535235,-0.006564307763863876
0.01521906984413342,5.378640646812485,86.88091150890516,-0.0025889596624510056
0.015263929558491976,5.241014795479459,84.1524133291191,-0.006329094471986612
0.01513592544437972,5.470419368802909,87.42763876115218,-0.0037941444968350017
0.016219712405112177,6.2011247800647915,89.15706501425237,-0.006791531772161118
0.015569114098223868,5.605365021873862,84.17241107131647,-0.0036670966974697494
0.01568996639245398,5.597246867972715,89.25705425659837,-0.0037662631791741856
0.014677703374247843,5.597722856659392,89.66058587463743,-0.0033945057773765884
0.015635557410823463,5.217587569413941,83.94946689826511,-0.006220522684913375
0.01626007617674862,5.404491904162231,89.39520741785743,-0.00402448004613698
0.01603726649659443,5.285279428768172,83.81314275498023,-0.0026820893194464046
0.014803468997177252,4.51681748078584,82.40882192429241,-0.002486967564012001
0.01508262371497988,4.487244352468641,82.13098524542143,-0.0042969963258706455
0.015150762407664872,4.942440600975076,82.70920508912042,0.00010549654741179738
0.015238754033766972,5.789592923152467,89.21353906154458,-0.0004792819948222742
0.015471025499722117,5.361370893974905,86.14482779003512,-0.00312854829348683
0.01550869971647879,4.3695451875702345,81.66934609259519,-0.0036162582954202666
0.013670064438932587,5.2029501541148235,85.75451886685845,-0.004000552846405464
0.016042617599619002,5.256068811614697,84.05261954028472,-0.0069668959653626395
0.015517541799439916,5.8155838804759075,85.99723795157304,-0.009123487266789106
0.01523438588904472,4.66402572359013,83.83497908871557,-0.003815872203685565
0.014152724952853598,5.180250391273481,85.13757798665453,-0.002785962487403455
0.01609592360085705,4.613203373110592,83.08290075826193,-0.0035183157341767057
0.014350747090990592,5.187743677119617,85.34156293380445,-0.0038062855816660543
0.01566925699740187,6.359199936677419,87.94588322924999,-0.0021656689394688776
0.015425452322411704,5.349458070638917,88.22591514713787,-0.0010122486982637481
0.0148087307798251,4.7923543896322744,84.48996267904764,-0.004689585830240046
0.014186466722649208,5.344131651605622,89.27848041049957,-0.0029524882618138905
0.014714471158844167,6.172995425264416,89.38196425903163,-0.007042136057288015
0.014815996108543443,4.899611004925887,85.97512158591715,-0.0017443887402137214
0.014123228777049024,4.6751703810438405,85.16190521754581,-0.0009974486981347962
0.014279554741865015,5.262957033295179,89.78126876857544,-0.0006947072055560168
0.01458005818944452,6.178083104662383,88.17250629591106,-0.006550594013091842
0.015068878690234086,5.3367846639344885,86.58521588729201,-0.0023236019882041468
0.015438967005184231,5.234794569004775,84.28253933719529,-0.006377424752174288
0.014843213369819419,5.4404025683666735,87.51431315472709,-0.0028589642274966555
0.01615359891337538,6.140480765023758,89.01579445359796,-0.006605121906856163
0.015553084119161335,5.591242921081374,84.04370003105602,-0.003586526551035296
0.015607530893593121,4.6618198916521445,83.61492033171616,-0.0034849807147004463
0.014719577966146027,5.7830030296266255,89.97246911254966,-0.002982211206887659
0.01565013774484954,4.982194817789707,83.27044552227292,-0.005564465989756694
0.016012033498982687,5.663865568854145,88.7067525175544,-0.0034448103023468108
0.015748408660963047,5.463555654075806,84.30414095110359,-0.002197981741694064
0.015006224114683008,4.233621731110678,81.22300070018174,-0.0022193482069570196
0.015328330766733119,4.303627405660144,81.2654819454284,-0.004144283985683433
0.0148308374709725,4.935521927213173,82.6991832255175,-0.0018208397673570042
0.015293842734677333,5.531275392484519,87.28503209523821,-0.0021917258744546166
0.015285302254089443,5.2517861630469875,85.50116184655425,-0.0030647272091328384
0.015689517038782148,4.346434324289653,81.43651069582164,-0.0037925553196157154
0.013850625072486857,5.510566987994548,87.93806101854514,-0.0024128192792109183
0.014680199253980399,4.981838050976992,82.67805362204605,-0.005930578820307694
0.015600665596991293,5.2913202863886815,83.18608221278873,-0.009302905682543553
0.015420684837721505,5.013245807617196,84.29164303088517,-0.0032246925755742674
0.01441287039696531,5.051518013431448,84.67436240529562,-0.002931631542822564
0.01570773626871331,4.843357554660935,83.94760766785573,-0.003275514440617515
0.0147118731174264,4.9533509241368465,83.40306369641561,-0.004393011984020708
0.015727654175444777,6.188786055400154,87.29008390393207,-0.002247616533051928
0.015158050168264648,5.467904021933129,89.32534904629335,-0.001562346081881827
0.014866410570145629,4.627656473348062,85.33004565953759,-0.00506001210066183
0.014681519192461981,5.653155964445152,88.6581087504868,-0.002685797511137415
0.014714471158844167,6.172995425264416,89.38196425903163,-0.007042136057288015
0.014651563991667109,5.107811182754054,86.46407307871684,-0.0015677917261609593
0.014067314415633038,4.725964267874605,86.02878783127919,-1.2778724361041816e-05
0.014443532719409236,5.016170192954777,86.17547212447579,-0.0039190833923445365
0.015309350161686979,5.879236842331419,87.24308267245007,-0.005338294435190469
0.014704479435106636,5.9248150680918235,89.66041978479822,-0.0014538109665226035
0.015439174453928489,5.215322016369526,84.11141966157271,-0.006455247681758348
0.014685919766569173,5.610955297510511,87.9380091829757,-0.0032938243459079116
0.016184357317518425,6.177351779120692,89.08201010731992,-0.006839901450123158
0.015553084119161335,5.591242921081374,84.04370003105602,-0.003586526551035296
0.015613749720481511,4.6438713708315555,83.14082443755078,-0.0033567158191541123
0.014466198249807542,5.735454498375976,89.78686060927032,-0.0028393054548251757
0.015730920092656777,4.813763108611066,82.5270225350892,-0.00584599590725632
0.01545639571851494,5.1547881551722385,86.84364020244841,-0.0027541770695238186
0.01582717874165704,4.851888726535295,82.88177891077429,-0.0019341922997952645
0.014788646517865493,5.077082318354033,86.84761210979885,-0.0015008327822107767
0.015272590006201308,4.102825262402759,80.51839628292542,-0.00419845150363912
0.01506249960936429,4.97850596613073,81.97601104378487,-0.0015375359242136692
0.015092316205182262,5.5459964065770055,88.1841189109997,-0.0024005491326217297
0.015350696847557712,5.21777378173298,85.26048071833706,-0.0030798354449096815
0.015662029397672805,4.374337729683161,81.60637772848587,-0.003775828577265173
0.013700557148599336,5.257642847245986,86.38158973380979,-0.003489100490756401
0.014680199253980399,4.981838050976992,82.67805362204605,-0.005930578820307694
0.01581187585008827,5.384232633548198,83.76002936461124,-0.009916965205191575
0.015148846036880522,4.890693519680958,84.37698677927858,-0.004639983423663729
0.01441287039696531,5.051518013431448,84.67436240529562,-0.002931631542822564
0.015467462289240431,5.377245984872392,86.41209758328183,-0.00419587044546445
0.014824907380837905,5.170264048631366,85.4403217017506,-0.003939335673763564
0.015930224751048966,6.596078752022656,86.99289014729175,-0.0022690975934548173
0.014948880177572326,5.73523540155326,89.74293167564112,-0.0033985059119051885
0.015168457619096878,4.645930201006632,83.889077120965,-0.0041208725912988695
0.015085737093160806,5.1904393334482,86.97067193364019,-0.0036594590683756657
0.01498859179128792,6.126452716628618,89.19299500240325,-0.006810995159304441
0.014698077158809561,5.612692693866721,87.68045034737204,-0.0031212814287738993
0.01402365980981794,4.599056850820233,84.75779126335664,-0.0008595612721593389
0.014802166296475554,4.314888110646961,82.16528351719853,-0.005292332004066385
0.015320575086397822,6.421674325979774,89.29650430326639,-0.005686352024169881
0.015124240950472536,5.231242151302159,86.07914469417929,-0.002816542184637674
0.0146964534101743,6.078179152897982,87.75335000479649,-0.007347755978945627
0.01505249867701948,5.466481886066684,87.41777576837883,-0.003283988329119921
0.01598085932154124,6.035356531420897,88.73444535091723,-0.006139961187268574
0.01548882883489522,6.083989227572946,85.56793810711628,-0.002467934545504236
0.01520690696519302,4.976056424826834,84.43903803042087,-0.0025447493080909826
0.014517778661800828,5.614972045576989,89.40952504689324,-0.0023284198215387754
0.016081942146314553,5.13455020387317,82.5864330873624,-0.007874146958542846
0.014964111874240097,5.027011225241244,86.36670087049949,-0.002567867976354261
0.015051738104463109,5.287886563021624,86.67515841313661,-0.002990876092362792
0.015495266842875811,5.334208596183793,86.7942398699005,-0.0031730009066130507
0.015234475113636962,4.2008057127103084,81.00043496402807,-0.004139679531586584
0.014182239182997715,4.60893941024333,84.33120681810931,-0.001450138883477245
0.014988460999296748,5.488781274311794,87.53460250214161,-0.0034827518165456302
0.0161383883075043,5.20380395091854,86.18833488633123,-0.0029065264007932636
0.015637893963944133,4.248407613799025,80.99824825474884,-0.004103840571296985
0.014133538011061753,6.084254300499488,88.58187723778322,-0.006541145833805191
0.014721403846385154,4.705818711394772,84.54735162545765,-0.00239970752036007
0.01629901161476884,5.851051517858429,84.00339466780106,-0.00976506858834661
0.015252961672012663,4.986865370265401,84.94072390528422,-0.00437006303787648
0.014090199732867794,4.7528545620204055,83.25581971269929,-0.0020134275314381096
0.015650328000504036,5.267032115841216,86.16510753382337,-0.003894349567576759
0.014438437303604699,4.478788205398951,81.4311038200061,-0.007646655427716838
0.015516650673315754,6.442666033874387,86.99851074288341,-0.002750786748717584
0.015013609996039772,5.051684274920499,85.6410285208675,-0.0035580838296677747
0.015293519386058416,4.904789900206766,85.57884654850231,-0.0027196393578851562
0.014788617388322559,5.481682960407778,88.91493129584008,-0.0034870240762734355
0.014650582312395077,5.903452702240404,88.94845541046169,-0.006927404212177853
0.014535302747410075,5.727632581765955,88.3533970272484,-0.00289046717944305
0.01427960162045403,4.4560273054403545,83.68292880718971,-0.0020106182744272384
0.014566160553042388,4.027150214050621,80.91498041663311,-0.005669637274134172
0.015980487606583355,6.700154017074936,89.16284736486665,-0.007856554116604145
0.014934512683788086,5.3396165637234425,86.22898218831315,-0.0031573443830326237
0.014035524472904723,5.230744799514699,85.69532845397137,-0.003839625986596713
0.014599105447304599,4.704401123698421,83.9617083713656,-0.003937540146263646
0.016273164596977453,6.227738112524668,89.43879958793771,-0.006350319839742814
0.015154674713696626,5.8872859008331195,85.77564489315863,-0.0027872550332141096
0.015809582263128633,4.2635654693893175,81.36351130554773,-0.001233877030630992
0.014467007606654111,5.70717063076392,89.8248413006755,-0.0023237658364621524
0.016081942146314553,5.13455020387317,82.5864330873624,-0.007874146958542846
0.014622032019064469,4.850887509475405,85.96870384849335,-0.002419013715155182
0.014938098095006616,5.347805191976536,86.5151702329746,-0.0037776177054326073
0.01556918577200251,5.691915013392421,88.6014307158111,-0.0028298847092524636
0.015574756018317006,4.142285472419302,80.75698648285692,-0.0039522835898238885
0.014770937502433492,4.8884283279719005,84.97099457835871,-0.002994548051521043
0.015114052031908309,5.454567933797717,87.50566721639349,-0.0037472540758386307
0.016077778350959904,4.055777568587075,80.39710727367171,-0.00367526439051878
0.015441904651912412,4.238973507059293,81.19291899123562,-0.003927791001438988
0.014376927946063678,5.486975034846672,87.87624385101228,-0.0039309418658894195
0.014173680506031253,4.915721567160173,85.61490221277545,-0.002359089279916432
0.015523340264490086,5.79755418385291,86.86143914943783,-0.0065246015214338315
0.015179845975047053,5.238652158635299,85.72788293637072,-0.004040264048004352
0.015340769753284663,4.833521260528955,83.37762220539364,-0.0026433045254643573
0.01595333009712026,5.454595253332014,87.01969912000745,-0.0034617806270379847
0.014697218168203456,4.947871484101488,83.39066375456117,-0.005867196012777736
0.015556300439870828,6.336634501235045,87.11060267681653,-0.003815403720222612
0.01534434697795979,5.097623909277885,85.4811240506703,-0.004239992657640526
0.01479405486873457,4.925417359652957,85.30668627806224,-0.002340398699368627
0.01490528686078438,5.452377031828487,87.69085012048063,-0.003611434430035948
0.014738537103122886,6.210848628347986,87.94768286880092,-0.005957971801784105
0.014467264650034176,5.655799908066749,88.51031201930611,-0.0030951602501369645
0.014178183387387251,4.9615196537047455,85.83593281967737,-0.00010459442040593181
0.01463301211693164,4.120744180400811,81.32684818725674,-0.005702981470420178
0.01602537404766201,6.782090322247223,89.35542207289315,-0.008070507116992805
0.015083834923861702,5.290964413341934,86.17452587104167,-0.00220588234881614
0.01385961834030504,5.356455115901033,86.57836743674048,-0.0032016508856480873
0.014246320888060554,4.642037642329886,82.02127191884412,-0.005495597904625128
0.015727054622898792,5.616465393650312,87.03108429764171,-0.004890908615170191
0.01504957513322184,5.915624357191446,85.17233166503283,-0.001926999048466862
0.015621682047004287,4.609156287590352,82.64148302077409,-0.0019027289345853779
0.014815241708839544,5.592458477376656,88.29202438008757,-0.0037977420853505537
0.016243385427945164,5.29670866835103,82.79644219588718,-0.009689895577497148
0.01489962779648063,4.958319814094212,84.5405201237457,-0.0022469814174804455
0.015548789265148561,5.316746609972393,85.89523431741672,-0.0034980774755960717
0.015379709241816352,5.686115627445336,88.65368459140457,-0.0025818377211155553
0.01553983532704791,4.131454239599713,80.6001473739967,-0.003973534597849191
0.014850015566546486,4.074062143901598,81.74628024236611,-0.003990447453599499
0.015023980230195891,5.512540714909411,88.38767678320153,-0.0032506658287706205
0.015553454245909823,4.768349822080632,83.93231431318058,-0.003115099944726732
0.015471275541471397,4.110189282559832,80.2922251856698,-0.004015256697285088
0.013663591370132917,5.524245534046165,88.4078205788563,-0.00441588393583136
0.014730184937083501,6.096634156555922,89.37476863600278,7.820790684366467e-06
0.01594336655547439,5.740459811780542,85.253542570923,-0.008340963845243975
0.015294103822259505,5.0539726894124115,84.80554317848913,-0.0036827293050357307
0.015039328678564242,4.779579950451403,83.2057685855948,-0.002596174083906302
0.015852291836190312,4.954996065984404,84.42810533924447,-0.0029451490327290957
0.013360561181883644,4.7071806886848675,84.17554424144967,-0.0031993753985419884
0.015813362197908215,6.252212368699501,85.99114850202336,-0.0036873593940864057
0.015165982088927492,5.194663464889017,86.2599648665572,-0.002390265275950004
0.014828826923105037,4.592105955772851,83.29788831444502,-0.0013400550053022007
0.014360312765606226,5.583609981222003,89.26984231132339,-0.003718862573494993
0.015229471251790172,6.0250934382404715,87.59525509148966,-0.006277808204362476
0.014373170506216244,5.2600001484931855,86.54511408541356,-0.0029277776421314447
0.01473945999219404,5.117734309778037,86.80955247686715,-0.0006983982118825569
0.014306781874434463,3.7912766142062804,80.58345345786992,-0.0031752451826452762
0.015563529775788232,6.1088086438246965,87.60442033221858,-0.006375232723503596
0.015269967043703007,4.476056022930305,82.7794341232594,-0.0033100269996310786
0.013353518775589351,5.255891239910506,85.75665988586819,-0.002765114333606175
0.013904716156718249,4.85090980307658,82.45735319929209,-0.006640026863054179
0.015624714182970387,5.398682511541865,87.74661014686647,-0.0036281461439334525
0.014380190071432984,5.758575978123504,86.16298065557746,2.609870358994716e-05
0.015656199589182962,4.415435293371311,82.17718713248718,-0.0022358824847257728
0.014412563299121833,5.380543109029989,89.12619887472198,-0.004012198749197456
0.016040211206259113,5.604532291527407,87.3564702040862,-0.006518044489844463
0.014626662663059039,4.8702427554064744,84.43350516221189,-0.0029134952893578037
0.015609176908025964,5.301555753568793,85.92933742889058,-0.0036543100896841976
0.015130694342494453,5.661075877191218,88.8041976215873,-0.0028595865026243895
0.01521278034180992,4.454574689139228,82.30842091023187,-0.003664683042651085
0.015826186223830193,4.130122680460968,80.97166592770371,-0.003729028162128338
0.015209049812074589,5.520272017451623,88.16578733148035,-0.003893394503581979
0.014730713905775045,5.186777924628181,85.5796439503853,-0.0035593350115955174
0.015692876758722604,4.534953957969391,81.35496798704276,-0.0059901173268408076
0.013661832175382754,5.403561773387049,87.5957387758168,-0.004772785810902869
0.014502904590686257,5.972405221093033,89.18036505699378,0.0017752000476745416
0.014708742223916351,5.713230475723554,86.10622712258737,-0.006775356762489218
0.014714577493491391,5.203956836976924,85.53479574467,-0.0038601705167188765
0.015023217093815792,4.742498015738169,83.12492213580487,-0.0027887790753809987
0.016327445902488705,4.7706123955508,83.47246454029353,-0.0035929182060405558
0.01489331635610669,4.945030666656744,84.42714111593102,-0.0035740416139450892
0.015728634175838495,6.1863842690411746,86.17252614499762,-0.003711092977775855
0.01520322525817709,5.032281712032139,85.8683180153401,-0.0023349514345539077
0.014995339663822214,4.434217492064914,82.54514838564354,-0.0019059698061438882
0.01520363435431516,5.195813443554867,87.21774248507333,-0.0035743396485747687
0.0151691802039316,6.189650829590443,88.25567929334181,-0.006251772457650692
0.01445048894918321,5.345954982339523,86.63807870748037,-0.004181394179417679
0.014777860448404982,4.936640397311296,85.22422388620778,-0.0020767306600808773
0.013751464399460466,4.42045250141033,83.48488154535283,-0.0032616680231302327
0.015247124149638556,5.841128238726274,86.58749368762129,-0.006102376544839986
0.015373457857222272,4.536322042047272,82.61616728249291,-0.0033753757792219234
0.014042738919358854,5.401535516375615,88.15032786946502,-0.003186497306713509
0.014671579472644778,4.672971551861512,81.95373634195163,-0.006133480579313266
0.015438008859280806,5.4338113340081,87.70298308571793,-0.003702421902595111
0.01559550195891817,5.903288785512537,86.34419751051675,-0.00045321435587188227
0.01482803291004767,4.748432435817052,83.71350353329554,-0.0032974278591575497
0.014322117658565997,5.476513718690889,88.5810657782548,-0.0038695128230322737
0.015182432953066177,5.059192586956241,87.75135363848538,-0.0034670510581540316
0.01539205589927186,4.354051009647111,82.13581385706475,-0.0027108321958564294
0.014930866358575785,5.287892069418177,84.77056173684643,-0.004656388904513921
0.015133516564946024,5.340350639608119,87.13159688068988,-0.003344493711379952
0.015587990315493554,4.313448780113834,81.38279765854668,-0.003918309701222268
0.015408115814652054,4.370919468147575,81.87639358413577,-0.00402292321172557
0.01602885141677429,5.638803889407994,89.04989616004622,-0.004070917091147562
0.014352713580857551,5.47044703487829,87.50072955719021,-0.002537264138454548
0.0158829068644951,4.5198507246861315,81.19854956844148,-0.006560988973310776
0.013511970837115753,5.3364046208224165,87.28621747936677,-0.00444766040215523
0.014557308050191373,5.856081721170589,88.65371298510937,0.001358298274443604
0.015294466273151902,5.319055891682405,84.2063556370482,-0.0063968813391687435
0.013905390843474443,4.993135774243422,84.68357196000429,-0.003651617060661826
0.014810845704229277,5.001693839087801,84.20940948317242,-0.0032238106600559592
0.01582872355449376,4.737433884350781,83.59027503398288,-0.003327841113912499
0.015193457503126636,4.68077580440662,82.99006222706944,-0.004048181115353521
0.015760274307750958,5.93445885302031,85.35435246696292,-0.004103845605264215
0.014432710639929505,5.147233954232024,87.67659253957429,0.00012143996106144016
0.015026133111260954,5.147731702943366,84.79067082003615,-0.003770346136774848
0.01483690547830919,5.400926348803894,87.86604859798359,-0.003762698806840556
0.015102730653773738,6.1506914135160935,88.3246385111227,-0.006300086646409852
0.014809003257812089,5.3140534470414735,86.92569407699791,-0.0014067123116275992
0.014641739740221045,5.381080529647376,87.58916128138418,-0.0027900080053090987
0.014156342967083223,4.78372855153355,85.25629698583388,-0.0028471474072309585
0.01567404363877154,6.401231403947915,86.98808515459255,-0.008149447402402189
0.015480854257395127,4.138025794384517,80.5767034248734,-0.003320165562193824
0.0143741548354634,5.458651090088531,87.60242192569254,-0.0036464076452674744
0.015079876108578054,4.7226874807026125,81.92397860205888,-0.006642540380916353
0.015372494801706053,5.465257510715991,87.78402471633902,-0.003327036051237866
0.015422306978662759,5.3884784321507135,85.5833908452714,0.0008975492041349313
0.015148831789463446,4.537336414560244,82.17818357278188,-0.004197041201897098
0.014415202827920857,5.364800813831699,87.98287974224694,-0.0043285368227445635
0.014533165114523872,5.393121417101574,89.42420364909744,-0.0036670579042715193
0.015322618683310653,5.50428643291102,87.76302471932776,-0.004176577763598381
0.014902722895402287,5.259422118798259,85.94508304117474,-0.004251297931460954
0.014954041974446103,5.366961692141679,85.90927824501794,-0.0035066916219004107
0.015488875698121195,4.058213839382076,80.16410416250355,-0.004086667358371616
0.015382039798188588,4.064139816815762,80.18649060372027,-0.004243531876282875
0.01599561145754714,5.5128552571248655,88.1476581260628,-0.004344692640769336
0.014772553744095874,5.652884546001274,88.24623905568924,-0.0031649048931005463
0.0158829068644951,4.5198507246861315,81.19854956844148,-0.006560988973310776
0.013692332736824946,5.184082800377974,86.76712297951951,-0.0036925061488951106
0.014544837118218079,5.99742589556155,89.52470956916783,0.0015511485810119274
0.015217584433065113,6.43853233258355,88.71900682405366,-0.0077814811092131115
0.014084246824843757,5.32911313496368,86.1527835439766,-0.0037629073338438434
0.014289311587808301,4.486986322017303,81.1735337742889,-0.006179874004084613
0.015835479133463455,4.930434118798543,84.35935670050446,-0.0033930403469619374
0.015489909269798647,4.227793472808464,81.153871419022,-0.004195800563587735
0.017174943562528917,8.105342932891844,88.28578326325385,-0.007195377262372868
0.014521346600052608,4.859082115228213,86.29088377428995,-0.0010055468412038366
0.015341274304078292,5.038355219444595,82.42784247999643,-0.004179696882843661
0.014087430233543625,5.163126708011575,86.3272786688709,-0.0035677758866776467
0.015131738589987757,5.980172578859127,87.63119499615566,-0.006135822875574556
0.014301047521108516,5.233655393634213,84.84236670425081,0.0007245387841668619
0.014778411151910562,5.4561483186699995,87.65556952671457,-0.003710874653678528
0.013749580788841071,4.899052613934287,87.26552100760983,-0.0005047451426432848
0.015412509210208503,6.012262704180871,86.95228166154402,-0.00638919522853806
0.015746469929536395,4.333143999136478,81.60914055749798,-0.0028613514201814294
0.014890905596007422,5.140658032353787,85.40697567870953,-0.0024344147594338363
0.015473080338447062,4.743671745900431,82.17049295327271,-0.005919415040101866
0.015605000165633508,5.483256548340363,87.36602998357553,-0.0025006333177668687
0.01609836571435889,5.35205826280052,85.4495784455844,-0.0012522546494474287
0.015221388185517942,4.075275302780192,80.02148200549269,-0.004397807755660723
0.014768048249733946,5.453012408794261,88.57631169226208,-0.0046389944197109
0.014612391038529219,5.545604319615762,89.25018920438016,-0.003992422921342891
0.015498582713433028,5.338684549142686,86.67514361187133,-0.003900916607395783
0.015963534016144577,4.656593804661771,83.47013384206755,-0.004775099631864754
0.014607412748592395,5.31764269344014,86.1903892020944,-0.0022470619944275918
0.015553464223234703,4.1539267391946435,80.6542203683615,-0.003981952507104804
0.015382039798188588,4.064139816815762,80.18649060372027,-0.004243531876282875
0.016009545897989308,5.795001684275081,89.47315114320308,-0.0036037894150843276
0.014426369233098087,5.293948897275089,87.30290923962195,-0.0011459992017555766
0.01583293488300377,4.458563225240725,81.01805085202658,-0.006590473455209146
0.014190588885880349,5.20455801106921,86.51064574394391,-0.003059555325761479
0.01488489039048508,6.0238369817859585,89.74208286625199,5.997198824608547e-05
0.01555435039108214,6.262527118107512,87.42625332293792,-0.009148064065010529
0.014488712295068285,5.323828469566449,85.97938542468836,-0.0026347507772120343
0.014197307066294889,4.692520670540429,81.87189606792494,-0.006548034122145253
0.014837500790492519,5.040304341448308,85.33397267000807,-0.0044518826359146585
0.015096514489219965,4.287581269822163,81.30157902458022,-0.003846095244309057
0.01662679648604303,8.168094303688413,89.50128396934369,-0.006271568049443045
0.014149321852027913,4.896061698031648,86.04239726577136,-0.003057066865918584
0.015167196947936574,5.528166025128703,85.92665779353575,-0.00444343826046093
0.013781692468148138,5.15412087786518,86.14787873540666,-0.003583905132539827
0.014988701921515942,6.14479728021822,89.01613276489506,-0.00625453688732578
0.014346585591219922,5.285305187661284,85.09710819461336,0.0007174971061463277
0.014350682267622419,5.780344404653079,89.52517809955074,-0.0040538372067262934
0.014017585883056087,5.146501717488774,89.05877601413954,-0.002651167599701492
0.01524728179136887,5.70355244818313,86.10966864128487,-0.0052450931673015885
0.014966534397977491,4.5544008757205425,83.04342707049813,-0.001834418563762562
0.014463405773825103,5.097150426065994,85.28313641004091,-0.0022868951969768295
0.013990833023245773,5.373064559617955,86.6344732695825,-0.003775482445770307
0.01624154697622553,5.435027733779924,86.92091947739799,-0.0032075607541326126
0.015308617689315424,5.510179228243708,87.34058075205519,-0.0030223860767042703
0.015246539598316148,4.184329738646171,80.78229265482643,-0.004021320293322729
0.014765403072520042,5.419423471583581,88.62845430613825,-0.004858188282269758
0.014361231121406394,5.514582860149508,89.2916801171074,-0.004057258207516205
0.01526898107686681,4.4476183136878635,82.77224196961673,-0.0038858577818695287
0.014431692638411178,5.083952028525789,87.00555626475536,-0.0027330628566996115
0.014758604718373237,4.8619456907925045,83.83759730820682,-0.002380561343062533
0.01581726501943442,4.739399744583034,83.88542278370502,-0.0036679551187980613
0.015082358878115869,4.0706940671779,80.15484393388878,-0.003583471569640237
0.015513722928347184,5.603132545497546,88.73157719460335,-0.0035759749524692406
0.014377967102365836,4.070602449997769,81.52889266588177,-0.0002765957544876678
0.015622896363967395,5.027475548733693,83.48128206794465,-0.006031670624411638
0.01483749371024897,6.113750866866344,89.66371872255148,-0.006006819753537193
0.015083547607984384,6.14649641210105,89.26499243892815,-0.0007804327793725988
0.015253264944932707,5.501095303827885,85.54441324777135,-0.005741108128853876
0.014272479640768828,4.997891009056095,85.08443989759917,-0.0033685049624750346
0.014709202538837104,5.168449258679455,83.83063477653229,-0.006697845033999005
0.01424570105248915,4.445123033492014,83.06458375978718,-0.005318725454639644
0.015156224826773892,4.495400011095615,82.41630387192865,-0.004152061540794876
0.016227949666313694,6.853099002699515,86.51662379714683,-0.005621741632880282
0.014940833895900563,4.9252206412831265,84.40197002365674,-0.0033500216799133946
0.01584711690112335,5.813147881962346,85.95282925100416,-0.00525806436588317
0.014128712168459267,5.153006272158296,85.39451822261715,-0.0038549288599980837
0.014769927476578609,6.29629440246273,89.86834662685037,-0.0061098013293342445
0.014632538881489967,5.251554138062855,84.98456666744868,-0.0010913000626832465
0.014241625400590768,5.616198961877442,88.57293383061497,-0.003550967786456926
0.014851224348310415,5.641546827193059,87.74594579237011,-0.004043408931462683
0.015142537822588089,6.00879683416219,86.93810460845258,-0.005797112659419917
0.01554639195864452,4.038838733864687,80.14261730770322,-0.0009906449862424368
0.014241308419724942,4.84053600567475,84.6398406595139,-0.002245467333593843
0.014809787775166788,5.44868756704677,87.34651458280604,-0.003669122396953708
0.01572094946810078,5.493255394174065,88.39130535550201,-0.003297131545708987
0.015464007592453857,5.435133342817587,86.91886571181932,-0.0030886954900909997
0.014636510752743638,4.470780080021929,82.18113586219405,-0.0028836875959586316
0.014830563190047058,5.444001473809833,88.26934954393289,-0.004051092331762617
0.014400601213254323,5.3267994533752345,89.78735432606557,-0.004351046083243168
0.015304498332770788,4.594582934750231,83.03753429024103,-0.003405674450764585
0.014669604322074448,5.069758476346942,86.05251985525832,-0.0024728381306783126
0.014791303518732559,4.220206424625472,80.5447674156321,-0.0024439117452278083
0.015823675847134698,4.591712933147069,82.96100618480656,-0.00415994649865806
0.01447808022898757,4.038537806792593,80.04342140479471,-0.003863814684108841
0.0160994259643116,5.619280915162644,89.27271587058402,-0.003484173919188658
0.014539873204543498,4.5344200555639596,83.05044865472271,-0.0020655787991114235
0.015371205258310776,4.874000645161491,82.82878764483803,-0.006083071167190769
0.014856359537377226,6.123039214920002,89.6741607824786,-0.00585262715072423
0.015076063714023827,6.0043231822804195,88.72061206787096,-0.001650061346155196
0.015589293054212151,5.6260695538205105,86.14132146319594,-0.006664942897047959
0.01399370325599425,4.374612888021481,81.94602719365295,-0.002563823675647203
0.015015636496673904,5.3694444317464525,83.7839325296232,-0.007990017527776432
0.014993723360782078,5.137256589637899,85.48697574465645,-0.0034213338395535976
0.015208216915545206,4.2860181288315475,81.8971247548427,-0.005391116206732732
0.016173560051673964,6.799530264667234,86.53142838696054,-0.00553427412516069
0.01406023988727043,4.797620430283118,82.86397973132307,-0.0024666124543729897
0.0161841031744238,5.794223285561203,85.61611652231976,-0.005751430937053156
0.014131958904597624,5.24032007900237,86.72100507255763,-0.0037563048793339622
0.014819109687635975,6.021960922803865,88.44846893768893,-0.0061437387806113665
0.014538096685269243,5.363801476031821,85.46434015644971,-0.002372824353036789
0.01350722132908632,5.022810435261839,86.93945259847762,-0.004321415247933088
0.013990020934715373,5.7755438292308945,89.3025810915206,-0.0030127655871150126
0.015093079637560522,5.896683731435759,87.57113491106408,-0.005454325322949373
0.01534031319475553,4.7546233829896245,83.22696093418773,-0.002468349073473085
0.014098444096655045,5.023264338253163,85.47382227875892,-0.0018332107360219665
0.015635132491139268,5.494522352739046,89.46996322280829,-0.003777075334895137
0.015031428493393055,5.182781450308673,85.6691463018957,-0.003749268975324521
0.015856757317722223,5.0539481147297245,85.74326198478246,-0.004030098443980312
0.014358512011118233,4.350968617109094,81.54037321836452,-0.002011137940711594
0.013886476494148583,5.318950915486178,87.01532410306788,-0.0043647850341749055
0.014503444177517859,5.343027715093182,89.74987476845953,-0.004310062746967388
0.015130940202727903,4.271710740159195,81.6818060371724,-0.0038384310241056513
0.014340725195895942,5.372308340886114,87.48743087356303,-0.0034588087437515225
0.01472378334882071,4.423258514903303,81.50138558511178,-0.0030064149272639755
0.015957101903851887,5.194673785286354,85.91465671171609,-0.0024082391120153106
0.014510036797825419,4.060573512421798,80.12035666870729,-0.00392028400895081
0.016001533853300803,5.401281350130641,88.27767561568821,-0.003536704496710621
0.01457081237175675,4.453733809813353,82.19892490183213,-0.0034708273551809564
0.015241829919791356,5.004931753940667,83.40964247863404,-0.006235463068395384
0.014915849554493784,5.875120989009133,87.1835517046133,-0.006795720306024689
0.014374195455028393,6.14484708760577,87.71004167728951,1.6668055565150636e-05
0.015741018707776996,5.680878611262864,85.96545376522442,-0.00695439948095472
0.014543078999957318,4.543147533431696,81.69284912730646,-0.007091343448494143
0.015598942933856512,5.524775662504718,86.08511433661602,-0.007286260527175436
0.014869620544820245,4.968239332711576,85.23442811835794,-0.0032022013241727928
0.015402862151702796,4.772005398327478,82.82465555257318,-0.005408763869515993
0.015426640927178124,6.302536507723312,87.11626334223395,-0.003905410522835107
0.013449144693399232,4.535567184055325,82.00672140580966,-0.0013660091065118589
0.015562730615652758,5.959867217956586,86.76505265141277,-0.004947837804772055
0.014728253607920344,5.079775347885442,86.07424641345449,-0.00330017046358059
0.014372627901236678,6.008507437246127,88.94384265703243,-0.006514090889621471
0.014550649104471883,4.9377122719219715,84.53787330597788,-0.003177752087340116
0.014427424797621633,5.240491881098969,87.58474978915562,-0.004298261450638088
0.014202997915718031,5.562120280352292,88.40539585126187,-0.003196422382037329
0.01540509356248371,6.039617915401277,87.79831697090962,-0.005657671105497545
0.015439487043525461,4.934046334182031,84.5227560219493,-0.0026176207278180257
0.015386333187108641,5.309722761339305,89.47541853721478,-0.0016003672481570749
0.014981990655619155,5.52933354582084,89.75724662366791,-0.0032002552211881754
0.014693948517389876,5.690882680591576,88.65894169535615,-0.0033277859452453184
0.014902471378760574,5.606771027843982,88.39936552930756,-0.003285730199936518
0.014520027609030622,4.5640045739723725,82.1033939605939,-0.00284164778405696
0.013513327479083776,5.2586036955781195,86.6099598333259,-0.00313662473520679
0.01451270531626082,5.3719411694856465,89.70686121737886,-0.004356439394860128
0.015440247916501317,4.956373830553325,82.94670348526321,-0.0008716562864843277
0.014223192929973568,5.429258014962237,89.55841930060022,-0.0031719389696469617
0.014513796596953437,4.530584866468797,82.24514117308077,-0.0019242482681627645
0.01576383204791845,5.272104150067489,85.94027534889074,-0.0035420813468210587
0.014579789740367907,4.423342671518262,82.42109729588735,-0.0035481875543483536
0.015389805998191527,5.653726462171861,88.59320136716315,-0.002339057393853079
0.014711237761214708,4.5550523853909,82.51614992320893,-0.003436791503151285
0.016186881836046572,5.2029698474907216,82.7656392518202,-0.006881389286419593
0.015211446124519978,5.701074034107892,85.90902303701239,-0.006717145199148886
0.014352317776886732,5.929101819201243,88.13308012948549,-0.000978769286714163
0.01524631089077846,5.7755373979132685,87.19488747596623,-0.006163071458092476
0.014929438766689776,5.453860158106328,84.83400566183083,-0.006536668960660881
0.0151489167594568,5.321497775615683,87.86676166114896,-0.004935300174732043
0.014471429807658295,4.908055925051576,88.81352615662514,-0.002570930492461442
0.015190868259381303,4.172896456733779,80.8659480938265,-0.0033053962538387525
0.015467749937547338,6.721458310181842,86.6576094323528,-0.0011529024670638524
0.013867465540883424,5.511880998634009,84.92337838350413,-0.0019160470004067794
0.015612280411486844,6.033873752380268,87.58284757354711,-0.00551385523841084
0.01466413123214825,4.859644962723114,86.015440628159,-0.002105352021512046
0.014473445811960755,5.938398133467633,88.89838986397231,-0.0058727347866931925
0.014632253387198481,4.230760453806546,81.74336574023324,-0.003188588244954665
0.013882291916219399,5.200261569285634,87.70922538935463,-0.004156707418940942
0.014749546386732882,4.850069224271543,84.518674570794,-0.003920493771249463
0.015102485188489447,6.14648562317811,88.89663840246692,-0.005680771999332263
0.01588056710735454,4.787415845398084,83.68314155943153,-0.0024717989867594995
0.015260215221750768,5.469593534054779,87.93288719672964,-0.003352045980579738
0.015091077106524185,5.4350649817315375,88.71425087714057,-0.0031279260631034735
0.014746021524241202,5.658429320579613,88.9827922391322,-0.001962256814200442
0.015060978412605194,5.542657258323936,88.49993433714957,-0.0023269797637423843
0.013754875500170244,5.6378147742085805,85.98851159858744,-0.0008977837325374713
0.013786617116945628,5.270366779822113,86.1539039853143,-0.0033719640185292275
0.014431675981519539,5.37382638830783,89.54410586584706,-0.0039735065800941645
0.015440280903102519,4.95535738346933,82.94215104094422,-0.0008671653957656195
0.014443306248092546,5.217401962163144,87.50961295682175,-0.0027558987248935242
0.014565161200351427,4.658185745433208,83.0568455134173,-0.0021956066096494847
0.015774109405415696,5.250154177303189,85.8947911346275,-0.0035019548933006564
0.014595269880627624,4.438853630383836,82.43229128719672,-0.003535068859325025
0.014873193116505872,5.3574270615922,87.3276811929386,-0.003270295688429134
0.015168266554005116,4.09285816128693,80.55303311917879,-0.004854773459483007
0.016106900986850057,5.2500843266824315,83.75394384479834,-0.00614965868635452
0.015236188324488734,6.068197329739832,87.86188187963532,-0.0066389316827680026
0.014467315388823728,5.849272491897478,87.18992028491911,-0.0004809634230951935
0.015236115100648234,5.792805977356318,86.78688772794757,-0.0066561241843429665
0.01487643830105144,5.353048945518581,84.48213042834966,-0.006231979946473436
0.015143201990493134,5.544438274208153,87.72310401268923,-0.003837924357612164
0.014525526215590346,5.068576729852479,87.29398941108987,-0.006190606108505847
0.015275704237812588,4.113250072460084,80.54924098992205,-0.003186838857447847
0.015278961633733617,5.879572955618417,86.34235713220586,-0.0026540328152285615
0.014487551096935851,5.003936075257971,84.65388570849917,-0.0026091456606793005
0.015139093821508062,5.692257600609078,85.79927758474923,-0.006789962464836411
0.01398546233919719,5.102714106128221,87.48995400392614,-0.002724274176543675
0.014755819355560173,6.160612377011622,89.51097433711428,-0.007336529669657215
0.014588662307829547,4.782192440213475,83.50851385930436,-0.0024714665478797306
0.013815674117259367,5.447537688457814,89.81183632965651,-0.005066027609302827
0.014662231470574516,5.093368885572801,86.46198117475436,-0.0018533201069790822
0.015060764081641783,6.285003264722206,89.588173618264,-0.00543365534686834
0.015712610949591116,4.428858225806848,82.21007529895431,-0.0011501249200567862
0.015886662778112466,5.579439515873744,88.15943057536124,-0.003959133894615076
0.015091077106524185,5.4350649817315375,88.71425087714057,-0.0031279260631034735
0.014625171259805373,5.5568655359934045,88.40528413556999,-0.003080896241391628
0.015713128144244772,5.702255120181723,88.12841492916637,-0.002770537313698693
0.013643652960663522,5.7508537076802995,86.61759474416407,-0.0014256405055264182
0.014821660707549875,5.445781093300938,87.50904197075133,-0.0034165377522667037
0.014426558121878765,5.361403921646491,89.54462897545632,-0.003920408224491471
0.01547128215775362,4.916426080471426,82.71120600971959,-0.0009263423751105148
0.014401287709300459,5.4215790202791805,87.71983993930647,-0.0029396183631826057
0.014963654283076607,4.770374281865589,83.5023168084872,-0.0026507720410106775
0.01588260834991031,5.2899619628964505,86.0083721015452,-0.0034180170280167345
0.014578945142037912,4.572384429915523,83.13725898135688,-0.0044031759149449345
0.01502349584113808,5.401511488485033,87.49068091509258,-0.0032852009065178016
0.015502677502018976,4.407922268945367,81.99473933414758,-0.003372701287453567
0.016551829450419775,5.134740131667368,83.29528085205321,-0.005871385352023881
0.015608951819804512,5.333503924545019,85.30050124102269,-0.00785201737133713
0.014618955182615594,5.743827097708235,86.64768671065505,-0.0015274390068699675
0.01515316149785975,6.451275298485805,87.40846457171148,-0.008452018221965929
0.014942149990802888,5.305797280505196,84.75422237891584,-0.00598445220556133
0.015213544922704466,5.258345117558043,87.06550903007606,-0.0027854342266841092
0.014533564728150246,5.042431315963078,87.10126118231256,-0.006380506353104479
0.015262064878618064,4.165388701647048,80.73680854333557,-0.00309504012649965
0.015042190958181486,6.352117611195779,88.07635615606611,-0.0035165577715132183
0.014511079824209376,4.876567592021278,84.29237887772801,-0.0027499475293890395
0.015083791330876374,5.557979423236592,85.67226605380189,-0.005946666135282707
0.013979613744943368,5.480263305154069,89.81958615387487,-0.002164154658165984
0.014821844941480871,6.094802966722671,88.66792495560233,-0.007106953558597036
0.014979333680232592,5.0058137224727375,84.37100071488464,-0.0029168647237515937
0.013860247887563326,5.429740106371661,89.95709288155034,-0.0048949289863560634
0.014415331738241229,5.095428058544863,87.99138694014373,-0.000826360450905467
0.014867372393318356,5.079632026150562,87.84732208664995,-0.0038944405812927187
0.015579018099243658,4.293821355004119,81.65603235298555,-0.0016396158455116538
0.015601478151607655,5.228242262674129,85.63894002263896,-0.0031864108372057624
0.014844368199854248,5.5272721579397786,89.51604376758907,-0.0026897567712053593
0.014773172210635802,4.9879130085825985,85.16703098498482,-0.00462466991653064
0.016372612928456612,5.35734488582129,87.27244489780857,-0.0031416934077696935
0.014643571607705186,5.538882457922195,86.45160185923305,-0.003930536764707657
0.013620008588890871,5.618206345348582,89.55721990452786,-0.0026340053612203844
0.014413616210207146,5.429355814390752,89.82250610049591,-0.004079535314606515
0.015986587155920693,4.38109400554963,80.86475217252232,0.0002601091653060576
0.014378166289515397,5.565557760869226,88.39289692465424,-0.002824511875656784
0.014753829402801599,4.731760647103365,84.0822808656,-0.0023540879485857108
0.015044598071556206,5.764718651471192,89.09705250071539,-0.003121982359599337
0.014726144320639156,4.3805672010368415,82.0307935575881,-0.005067901359748599
0.015225516653980151,5.250493720267798,86.18425250782262,-0.0034764024457772506
0.015573138801827278,4.332532842774863,81.72589042758588,-0.003347271926645953
0.016827734266782666,5.019983605342353,82.89204367107808,-0.0056979728804554515
0.015467821387797984,5.1770910954962,84.664434521146,-0.008565804425649175
0.014147438620898118,5.9007387599521826,86.87869501176347,-0.0008310505314984315
0.015102569110467715,7.0037797732604,88.800079745532,-0.00993740195411496
0.015051974380696928,4.792279606305382,83.30696208572736,-0.0035124045294949472
0.015463575414726649,5.179637881274479,86.01450875844817,-0.0039940068208052255
0.014619641270489208,4.9820809352683275,86.72246508837375,-0.006582511809771605
0.015175420624226258,4.811544598065372,83.95769537679335,-0.002785141968008942
0.014763183490843814,6.819710834188935,89.39977239692476,-0.004018942172638604
0.014845240248249292,5.357464554863982,86.34822468163583,-0.0020880733689545156
0.014964178017368818,5.707878452999519,86.53458661349953,-0.0064749355376870574
0.015049365264103763,5.151492699124561,86.39914992235654,-0.002795112438664344
0.015000678262412259,5.986335254769782,88.11269627988803,-0.006934057351184415
0.014861188654346706,5.072123211368576,84.69786158725177,-0.0035079617810295652
0.013860247887563326,5.429740106371661,89.95709288155034,-0.0048949289863560634
0.014437137649204597,5.149889442868492,88.60185924702618,-0.0013516054350107296
0.014534413125605716,5.449879478250644,89.18459745527875,-0.0037484987840334114
0.015510310305730178,4.096930196835702,80.5155460602534,-0.0032388779294367487
0.015379899148188898,4.826797637932965,83.72442921780737,-0.003327162724245456
0.014902731683839706,5.54578181572374,89.83629536621743,-0.0025485953854309977
0.01489883789361269,4.776626942449093,83.14301367549601,-0.0050038050341661405
0.015602858767795718,5.278237354495924,86.6287394932526,-0.002962068018358438
0.014633044086003508,5.240020531399744,86.58054438878645,-0.0025602639706146808
0.013733586911009354,5.596902679422429,89.05183289688809,-0.002754177109984958
0.014534532538576717,5.457688302421805,89.68906477898089,-0.0036981762101515915
0.016189528137618363,4.438048395247702,80.71234247225395,0.0010447491285369556
0.014225431423830849,5.680198929959418,88.05337208855995,-0.0028986403995182957
0.014097136259412746,5.118529192340228,85.73247430685821,-0.005030668081137618
0.016149287002781978,5.5213168654149145,87.52648733294814,-0.003060175621411323
0.01452479278945906,4.8107850430808625,83.34643215167151,-0.008190060383968852
0.015909926571920235,4.473510172300125,81.58852293879036,-0.0026667046304116693
0.015367107879783171,4.025456337989285,80.66460170227117,-0.0026972036024155276
0.016635033133305395,4.99505056329524,83.03847025820954,-0.005353961666151642
0.015453790982036458,5.2042048400706875,84.67895922319227,-0.007791914740815611
0.014286589948976369,5.7547350958823555,86.03925294084121,-0.0007909351350736153
0.015465061625269064,5.186064295960729,84.28937184349053,-0.00698954367616887
0.01516792107133849,4.181929285926561,80.21919222258774,-0.0033538864711783176
0.015078538835458791,5.374284880639854,86.563797981425,-0.0034469773927787027
0.013920339882429212,5.441287254160362,87.4271509652571,-0.004033598387228384
0.015198226530571946,4.973931204037654,85.1206239562647,-0.002504840237873684
0.014757699891640325,6.902299036066123,89.65269125868632,-0.0039791307614880245
0.015061550827226731,5.169291762520138,85.58527089970835,-0.0024075616640068507
0.014846169324233155,5.900182127651864,86.79308645497682,-0.0068777039042435765
0.01465345904851446,4.748830270526846,83.67908761048125,-0.002977462872908305
0.014933671221872733,6.101808359253195,88.66437335533149,-0.006926051090140199
0.014964743870133383,4.599283844484016,82.77124261845343,-0.0022022339446583143
0.014126875884441068,5.4462920433807405,89.77068140013364,-0.0045362839685985585
0.01430560836900243,5.13540784159819,88.8244879845755,-0.0011698956066460745
0.015296916793062243,5.504396762016821,89.44360716411394,-0.00415722651167367
0.015510310305730178,4.096930196835702,80.5155460602534,-0.0032388779294367487
0.015123676162111807,5.072878946673277,85.43953838713361,-0.003404742555949484
0.015076767615590328,5.601009204292002,89.88425191774162,-0.0033253952582884966
0.013774157708641144,4.150574309882962,80.71002322353044,-0.0046219787152911055
0.015421180701802869,5.697081015973131,89.25977336639326,-0.0025241220180883227
0.014554151301148408,5.341118918879512,86.86540576673575,-0.003567808688315708
0.013978916447361479,5.7148143800172795,88.77958391512105,-0.002998652303288201
0.014241443784045347,5.507480855529368,88.38773493564872,-0.0034400845051450464
0.015895776496631903,4.557786715872399,81.43938088364213,-0.00028118601786159816
0.015212379144200379,5.360688456701235,86.21143206429136,-0.0034251215133795053
0.01483721676090074,5.237491447902019,85.79510738095178,-0.0038482430223299407
0.015751452080726817,5.070059239330659,85.31790347555359,-0.0033654939173694953
0.01490802870183701,4.8921566560149845,83.72853628898383,-0.0055682392619145656
0.01576944708335002,4.524301637269508,81.87066771341902,-0.0032795417046842744
0.015054593988091017,4.364530403714128,81.7961761728884,-0.0033255366041187763
0.016635033133305395,4.99505056329524,83.03847025820954,-0.005353961666151642
0.015439632613328877,5.314175755022907,85.10335890413614,-0.007316251151429726
0.014389805135030184,5.582017334246574,85.42253625546304,-0.0010410302248428883
0.015465061625269064,5.186064295960729,84.28937184349053,-0.00698954367616887
0.015153023436617464,4.398337304370176,81.47000794947957,-0.0032967480064868358
0.014702962418093529,5.582761328053046,88.32323280381776,-0.002734542681915383
0.014060618410386541,5.106787800181472,84.73176015588928,-0.0025921360495255582
0.015508010333573114,4.232357077373185,80.98241309174031,-0.0020622063577495934
0.014782349676583314,6.787399123686342,89.31823366412968,-0.00431325611892839
0.015050979829955877,5.099757485364534,85.30157516780636,-0.00221154690540742
0.014821100624948935,6.871530566929924,88.78442208165174,-0.010147816973189262
0.013969411010896313,4.627747701412389,83.79867100249187,-0.0020402512850843466
0.01504170432031788,5.717023554153235,86.37907300021463,-0.006217638909468314
0.015341605856507687,4.847252846064217,83.84540159640612,-0.0030207055946835076
0.014195422424117586,5.415166882884482,89.4289267420865,-0.004340187526722739
0.014679294249031841,5.695448204812537,89.26225452974572,-0.0024272076346372844
0.015120403121511021,5.493623535826534,89.45492016493054,-0.004159792745375234
0.015513840630235542,3.996718742186883,80.49319705196447,-0.0036821131226997413
0.015128927443553822,5.4724029668063325,87.5591416802606,-0.0034876968724842023
0.01487613929204485,5.473118467926391,89.5979736650031,-0.0026511365945766576
0.014599431616440853,5.001820729560198,84.97608520703191,-0.003947785450765037
0.015769899344456603,5.200120842356108,87.05564460296657,-0.0035168269823665985
0.014430569508262476,5.127239272997794,85.37551575097805,-0.003537008145044285
0.014776122080624014,5.210943366203739,86.14187317657785,-0.0030851966644657126
0.014120014424345944,5.373686951407707,87.77236258250099,-0.00415396676641382
0.01512197158923673,4.626136632907861,83.18241871455949,-0.003972879757513966
0.015815176159286078,5.7161855813066555,89.5868041111913,-0.0051049773388779215
0.014532189865022445,5.077973377127924,85.3295665965383,-0.003342196695441777
0.016179834465374073,4.835973695429359,84.0904110295924,-0.002940940411229836
0.014691196573828934,5.311771591951736,86.33567087036798,-0.0038363707642325657
0.015153987596627054,4.38207736677329,82.25241610275795,-0.0019232136937270255
0.014671779901421073,4.608413422578918,83.48580454094088,-0.0036708131816881105
0.015684943501327698,5.1804906804642155,83.8952571645638,-0.004806617254517394
0.015164677308555419,5.229625107336383,86.879232945218,-0.004995521115762055
0.014526621618955349,5.2785398503396275,84.79583157280074,-0.0018403654229369889
0.015352101132876023,5.091420561871476,83.68502193038093,-0.0068658177082113695
0.0152289498557795,4.243066404128825,80.60687669803421,-0.0032180067219361396
0.015398001183326593,5.5003458758503445,88.36120136783987,-0.0017669013647992266
0.014692242235123228,5.0793045606259,85.94753914897295,-0.0039948864481407515
0.015190134922728101,4.832792265968281,83.82786089961911,-0.003838581945926352
0.01510158590831749,8.287139364739687,89.49863561070103,-0.006768602358641346
0.01537563355302368,5.5491286446876105,86.71837363733795,-6.720012662046488e-05
0.014767235913019037,5.58054688991148,85.73998594084189,-0.005562112369867289
0.014029634111572134,5.384137567903475,88.49753848003766,-0.0011509598765069176
0.015017459015384706,5.7793909459826995,86.63414723817453,-0.00634361823774925
0.014538168659241436,4.945674503160528,85.68272150063117,-0.0019397776147099385
0.014648175755371286,5.186560138346342,87.03941060504977,-0.003830998353648454
0.014679294249031841,5.695448204812537,89.26225452974572,-0.0024272076346372844
0.01506774964523838,5.429639155795963,89.13294108163106,-0.0041325154935634
0.015132408725905275,4.626400529468901,83.67459270351242,-0.0041767876105505445
0.015068659567735291,5.418165875599555,87.13554175453075,-0.002396486179236879
0.01465913283594506,5.579236584501686,89.49839354989265,-0.0025825301574815464
0.014833981176922507,4.370813445069925,81.71051637801305,-0.002218488460026213
0.015769905310518233,5.213055621451272,86.79604397605797,-0.0013977228878190823
0.014435543031064854,5.17405492790007,85.46866460620531,-0.003883780248464972
0.014943509594680174,5.190269280967611,85.15701776026968,-0.003018251915640225
0.01410545054614544,5.383735418560227,87.9253755793245,-0.004196758107231484
0.01567675747420005,4.195911018005659,80.4370294932781,-0.005921937552743398
0.01534339145321513,5.4559014650737385,88.84401068816979,-0.00446366429583768
0.013677273090775446,5.075002611841489,84.50447969345906,-0.003469680147867679
0.015092377982356787,5.266709261620356,86.43487939418455,-0.003596987505183397
0.015187135201369217,4.941763957549627,84.38654182462172,-0.0031811282225677607
0.015086395348174741,4.4153878913939755,81.91533356285427,-0.0022954387623271726
0.014210362028208285,4.807211538524712,84.59167682315656,-0.003609685764036537
0.015944721813926237,5.319388989495557,84.62027670204338,-0.005409587475952558
0.015288758113655166,4.744056585498564,85.98870897051249,-0.004903592431991252
0.014697775017457098,5.324899081750687,86.4693774718826,-0.002244443193110972
0.015150181112984822,4.991424000708147,83.01167989717901,-0.006678571586506666
0.015047722169636001,4.436959577400047,81.82834313735117,-0.0033869825985101817
0.015495072098706373,5.0339384090276535,87.24957595362359,-0.0027735548967990223
0.014886913006522487,5.2900918167319455,87.39926614683607,-0.004090306950911511
0.015679001626158377,5.178294397723195,85.75544405907794,-0.003918185193745079
0.015117537220156022,8.412142330799055,89.63701480339189,-0.006876688571614031
0.015089497500447956,5.790535102957491,87.78682006863629,0.0007864107445720277
0.0147826007038587,6.030206716385447,87.28720804535511,-0.00687518408868722
0.014224587505870016,5.422529278437492,88.663787146745,-0.0014037004798958664
0.014875992489190836,5.795550017279582,88.27517409189716,-0.004902034277880232
0.014670953610113351,5.1127757017884,85.84717464461394,-0.0027682928589707564
0.015121582157882217,5.006405513595265,85.37025029779274,-0.003996242224902702
0.0144352763761016,5.59833918999335,89.0902206549979,-0.002534364560833979
0.015567146195393372,5.189316017580324,86.93101796617725,-0.003921679886323134
0.015401292525926683,4.798327063483277,83.68609987428202,-0.003723706409391723
0.015034894454992221,5.430731172937358,87.15711304660971,-0.0021419636122586606
0.014569907089352548,5.599502660287945,89.93461399645115,-0.0025222882867055605
0.014683152591803052,4.384229261948753,82.06407922778533,-0.0017044093385913386
0.015109238901005883,5.532940348979865,88.12637505889018,-0.0025761570533836572
0.013602128313471223,5.092353326244348,87.44405766886997,-0.0027929347996970295
0.015371097692252901,5.4627436032138394,83.60664205393117,-0.0036794091712947395
0.014110654870790936,5.076409515035275,88.17398965119234,-0.0015947710672383894
0.014782384825424218,4.939232770769131,85.3652236382858,-0.0037863494310458943
0.015299586610895173,5.368206525779715,88.26830405495802,-0.003394343240874361
0.014930839290053928,5.087543696910349,85.71042889403597,-0.001324357915412946
0.014992131382073158,5.565843790064853,88.34955096577846,-0.003821922855666204
0.01561145929408862,4.21783525934805,80.95701641115184,-0.0026388101777439087
0.014916353476538566,4.940298599165277,84.7762648342446,-0.002907283902169986
0.013825186924176619,4.716199822632138,83.54299241955046,-0.003078251426144334
0.015956469662755865,5.2914402982127235,84.2913244478505,-0.00542974023275085
0.014866708763541445,4.782694378172585,87.07846582046746,-0.004166285115740155
0.014883850174413902,4.969041009821552,84.39485099662608,-0.0024328266498992437
0.015150181112984822,4.991424000708147,83.01167989717901,-0.006678571586506666
0.014529518149072416,4.146400723759448,80.75734842619163,-0.0031479726289564054
0.01609017120779153,5.161835496223364,88.63204893191518,-0.002310602798730259
0.014374834683313872,5.406159182089942,87.63303963981365,-0.004429934909274293
0.014867944498735698,5.402123328995675,87.45561525135771,-0.004172526439468426
0.015117537220156022,8.412142330799055,89.63701480339189,-0.006876688571614031
0.015382100592180835,5.635373522623759,88.04198612948372,0.00021238702574026156
0.014784629595812285,6.67025366780733,87.49874356247099,-0.008069559115030106
0.014232882243277314,5.36903458806121,89.55081447838067,-0.0017741751111729977
0.015603055129361672,6.7029416102393755,89.59466358706696,-0.008327374244639096
0.015190921122943426,5.407238504113985,87.71266737414993,-0.003188571846222201
0.015569599508287929,5.7163472120507315,89.43640086554284,-0.004652508039697237
0.014056080399089751,5.412360928119039,89.09725058613968,-0.0025304809668179424
0.015819911860566443,5.079110535042945,84.70657197800315,-0.004324506716291864
0.015489760418811541,4.670373308596636,83.33985518764298,-0.003040678547373906
0.014992671361629455,5.631811855385115,88.16695544463713,-0.0024488934808002414
0.01461900390334389,5.435846768628443,89.3461578526589,-0.0028036918389324266
0.014664569029629489,4.414024913290919,82.11479156845711,-0.0017149406441281773
0.015327680920834424,5.678255789329868,88.38256325047641,-0.0028411495718677878
0.013588826707854235,4.9361775918090895,86.56509469206355,-0.0028334726209004804
0.015477147313813448,5.587177731604601,83.90418724331671,-0.0031163521272615227
0.015016821671571454,5.414890210394345,88.62457347090644,-0.0036792097472443178
0.01486344528368209,5.290193726640297,87.45029011700609,-0.004909378296213875
0.01584389723000676,5.657570914926154,89.14764870990086,-0.002467897955624053
0.015000120907670824,5.208910983791755,85.03282741860389,1.4836127781410295e-05
0.014912920602253896,5.3087809644104,87.89167050190042,-0.0029286512649552413
0.015481706659290904,4.196404822505701,81.3928915243775,-0.0019839858690557143
0.014569603742315935,5.04173306374801,84.4081166262324,-0.0026247730033600175
0.014202685702145446,4.9592427545533075,84.76881949992143,-0.0018775219457734483
0.015781058623759767,5.237490593191112,84.75506211118588,-0.005378905599797248
0.014785137726308377,4.794906227444557,86.9037090672948,-0.003753034221654689
0.01510236235183713,4.795212422333645,83.28772176760046,-0.0027794904447257266
0.014694683428388358,4.828631193089998,82.75534011144585,-0.005997664072771707
0.014437781352002823,4.080092425818762,80.47658983574908,-0.003064330351522808
0.015123093562944102,5.086224715807852,86.5676522437975,-0.0032255869093213837
0.014721679889035945,5.585857644640927,89.33956053432831,-0.003430957819598211
0.014842809613492056,5.357899583940339,88.24759852224838,-0.003526215767065612
0.01497000048270864,6.471907219704265,87.57462271574781,-0.004234208047863462
0.015382100592180835,5.635373522623759,88.04198612948372,0.00021238702574026156
0.015146029823016983,5.936357823219705,88.07252794796369,-0.005971301954275668
0.013851752084204309,5.1649040978133565,86.82137509199399,-0.0036022923778015426
0.015930219166045614,7.1334977692119805,89.54024232937155,-0.01018853376001062
0.015286279917266636,5.718900403239794,88.69434283221923,-0.0029035464471957456
0.015299066731254446,5.651156375512443,89.55399005467724,-0.0038875841535953052
0.013704917676157077,5.516060298695189,89.9359981697422,-0.0028228730556355587
0.015404463246707155,5.208136089960557,86.24856384766376,-0.005103672379555446
0.015489760418811541,4.670373308596636,83.33985518764298,-0.003040678547373906
0.014394129634068858,5.8184243483200735,88.05255018744154,-0.0023941690752112025
0.015340934955935286,5.450266814305317,88.28875777138596,-0.004636783966180495
0.01447920002915165,4.896282736693902,84.23800794810819,-0.0026576575839275893
0.014816760623883065,5.238237562099242,87.44241163184276,-0.001818475966244326
0.01482368903247305,4.981547208874211,83.8657133162509,-0.005317339658589892
0.014853532897999311,5.520770869381129,86.06805800700414,-0.004316588159042482
0.01435049561977511,5.649535278559242,89.12564383894697,-0.003253641068354206
0.01556254614256792,5.14109948423161,86.58751351707855,-0.0038189055454407993
0.01593411775663619,5.5711761016430135,89.75104020045292,-0.002533980795691956
0.014986208894879213,5.016519408411058,83.09490294495525,0.002466914497688766
0.014726818730228117,5.0881155965899465,86.70165658416828,-0.0023454278912514856
0.015333097795287036,4.539838535135633,83.32608647997226,-0.002564359554580912
0.014867253814333962,5.000913168409227,84.4901146186099,-0.0027802091466265374
0.014233237136588188,5.497834208694932,85.62181759369679,-0.0011058115295896915
0.016678608678279406,5.732276478426878,86.98355345232599,-0.007425247966218161
0.014626642753481066,4.553281708028489,85.73470004229605,-0.0038439820367011115
0.015149908756037016,4.350425435514192,80.94482947370378,-0.004602972245008066
0.015144448547064648,5.4707363069824595,88.35540880081261,-0.004278725453272816
0.014741847359173726,4.230339988845751,81.23532503125364,-0.002900705764729826
0.014703438273504532,5.550667414005841,89.554020833928,-0.0030296730560688237
0.014850352634711784,5.680496317717142,89.07957426423128,-0.0034787083986270342
0.015640795045256117,5.615677735976866,88.17081517213673,-0.0035852351983538186
0.014710513264763754,6.522845668423739,87.0444129049557,-0.0036832060830493275
0.015107513368863843,5.76808644808761,88.23783319737602,-0.00012266184454421368
0.0152874721359272,6.003521804548079,88.44876821913428,-0.006567025197736597
0.014313416507249255,5.166209460929024,86.04860035089209,-0.0038943211739337603
0.015927936115178898,7.163858636736222,89.70141648000364,-0.01019563159962622
0.01527897308467515,5.745454309393938,88.96130842087518,-0.003001249435469631
0.015028757166659162,5.455303709241381,89.78373217503274,-0.003991607289166143
0.01488207321479048,5.547803673680371,89.97162587227608,-0.0025496235516316423
0.015474293249405933,5.516833557776706,84.68081445096938,-0.005829108197973831
0.015633295520553158,4.599348977918081,83.10683453551094,-0.0031213617756493564
0.01450165442236656,5.415072659722981,87.02583532074128,-0.002621306620243701
0.015510065230116426,5.562294926711626,88.84749839899544,-0.0035486260697287072
0.014143252174815636,4.7669488989547375,84.48752283247929,-0.00237678198680912
0.01429256678028037,4.785954834841327,85.31277459230316,-0.0005212865950001279
0.014911639531956011,5.788591055432876,86.67846766611218,-0.010303963910707674
0.015101080075260351,5.816776751540223,86.54691685342806,-0.005444524378583245
0.014358566587913972,5.796868567054231,89.91551860961125,-0.0030730121825220482
0.01546361998564741,4.739382089137816,83.81018050349806,-0.004892044181453666
0.01594418587368929,5.573899376125738,89.75878183787114,-0.0025752726899502237
0.01518787105517406,5.073422179443525,84.25085882310854,-0.0009212790990401152
0.014607282677188407,5.407421001345367,86.56577447773272,-0.00385517905944763
0.015248402755667278,4.914480626089657,84.34502460075542,-0.0043173074097078955
0.014861922943639229,4.990309552290483,84.47359213829044,-0.002749351111959739
0.014417975112491259,4.774938493718526,83.0687937981233,-0.003327240876926957
0.016016295732559648,5.46414930660086,87.02642111647488,-0.0027563297644626183
0.014451842208582904,4.629758590019796,85.36280509314214,-0.0022534884091936144
0.015376658754227454,5.217893708610396,82.84113474854816,-0.004285102166977513
0.01534722382019174,5.560307836945044,88.8298030377325,-0.005026244808264709
0.014299307166700243,4.110226862281126,80.56532740306699,-0.0027759723262117636
0.015018894048214028,5.623349075325942,89.13452830544875,-0.0034045488924379676
0.014657064873020598,5.262817485152439,88.75405112900002,-0.002879936313856484
0.015171537649248593,5.667130160474233,89.20635785464292,-0.0034502211906229318
0.014679182737032939,6.155046042493017,86.99979943204795,-0.0035096123226658255
0.015543086338127744,6.126397525257818,88.60964388746399,0.0019044391246829844
0.015043906230798893,6.153452638907122,87.88203933846874,-0.005115275964189424
0.013736714554330953,5.324631881255134,87.14524460054484,-0.0038976875763761833
0.01577102569828771,6.678656641298761,89.08306831328159,-0.008245784009920846
0.015095073592231237,5.797056365074069,89.3640076052194,-0.003100676921207528
0.014987971071151658,5.488198328032058,89.92198292894054,-0.004002083732173594
0.014843149438126806,5.582852811796108,89.00104282473427,-0.0028976141957965788
0.015223713528291688,5.517332695695601,84.88052089804651,-0.006411664642385188
0.01581979532018299,4.294134682372371,81.57293414942905,-0.003400750317203345
0.01499838158379055,5.161847378250256,85.6150021966229,-0.0020800087140969126
0.015769198886708354,5.5091734191292305,89.09811514719864,-0.003222833831192325
0.014975368261730989,5.257494873898937,87.81798194912919,-0.003922063677676545
0.014156508299584755,4.614159358455916,83.80954427588972,-0.0011269335786255573
0.014210832417735134,4.7994507079010384,84.83059169603861,-0.005121780944487878
0.015893419361440946,7.152015966921752,88.85128992041318,-0.009891031236187823
0.01460472462200427,5.656498162726878,89.26259650239614,-0.0031987790743131283
0.015537443062089788,4.477665242535017,83.32946334725085,-0.004503546486328115
0.015851072598242717,5.609645955242326,89.50095181910949,-0.003059658548578318
0.01526393997203756,5.181658854641604,86.43263164231062,-0.0014510396393230091
0.01484366468441468,6.14519502817439,88.57388181682676,-0.006739110363754609
0.01514429298204804,4.930447318606499,84.86598490589333,-0.005023893161617898
0.014859245245764532,5.019964292765095,84.44163909032946,-0.002951130199371224
0.014534478299146676,5.055394997147374,84.3691845227985,-0.002925334945035501
0.015568717891542768,5.221634534875269,86.05232061787581,-0.003032771734478145
0.014373736902511378,4.864245651296374,86.15857768988683,-0.002531714479502404
0.015286598680238956,4.403596362262515,80.68284397037166,-0.0019889694537436305
0.015525787436593405,5.3112961718646305,88.3402740216871,-0.004463590828067727
0.014592860702266102,4.715433327018001,84.42378214134332,-0.0026040874619756927
0.014789163463398858,5.470619433525556,89.01315484092763,-0.003402035359856487
0.014115061556633614,5.295911237728215,88.32794268674895,-0.003711917793610192
0.015212075876904197,5.319438287478923,87.27162949879053,-0.0033911081007349866
0.014779269005504227,6.446595974140839,87.26379873527685,-0.0034891120344287974
0.015304460868832956,6.131034094039419,88.81626988119486,0.0013143572139628118
0.015043906230798893,6.153452638907122,87.88203933846874,-0.005115275964189424
0.014286239072707117,5.013467001781678,85.31244706026493,-0.00298432547022081
0.015258480388756848,6.047851316598206,89.15472768101327,-0.005849602544204108
0.015105054111645273,5.790509914381157,89.35847959368597,-0.0031145754539674757
0.015015538890983489,5.5695797123951625,89.96128006088158,-0.0042153775541191
0.014703464784415523,5.46163788129516,89.26268481664046,-0.0030166931084010537
0.015322548995042647,5.302179216190279,84.07620498682358,-0.00597578109810895
0.01580038506638337,4.168801070717914,81.06979914371499,-0.0036053261465067415
0.015364621654711955,5.633033111114637,85.64646916593682,-0.0005415772458253975
0.015316688601555698,5.445467677817277,88.31247060390139,-0.003159612347114549
0.015921414692604784,5.500491995241635,86.70894098289521,-0.0030384228025972584
0.014413885283642413,5.473837045905095,86.92362688322515,-0.0028374672303637066
0.014490639837469533,5.1018775352847205,84.63481179014941,-0.003586718112941125
0.014942794138006431,5.972929277171398,87.11257957748784,-0.005658348867518424
0.014643127387546894,5.615542042726005,89.03837692402803,-0.003049861918323537
0.015154633839166876,4.862830788894668,86.55643664702677,-0.004269374292466561
0.015624699281282925,5.6796735518818995,88.85004696780969,-0.003499748493727413
0.015373525090482664,5.071667435975886,85.88043494933355,-0.0009029054809328702
0.014699400440604743,6.341027476760111,89.5318597868637,-0.008833731481810849
0.015100146256287661,4.86996809421335,83.82507865562138,-0.004651680574254347
0.014840264150634889,5.008937399042923,84.31402423283168,-0.002931213990174592
0.015350678796866147,5.792388538237585,86.41061360565884,-0.006929095554321129
0.015476821340200075,4.934066825914199,84.41392499419234,-0.0028778641939852592
0.01448120762617542,5.430998051604246,89.21809273364663,-0.003264255278491109
0.014860655716979917,4.938330563357529,85.22572355423158,-0.002725360326871185
0.015050855270375828,5.461042418416114,89.43192941599041,-0.0038824873186645193
0.013938169326805522,4.636741694732083,84.68615328513444,-0.0029009118909181925
0.014723467910922482,5.149588244682552,86.49042589147746,-0.003905920738356529
0.014142398055877152,5.287913464451255,89.0527281551195,-0.0038244669531427625
0.015324986325776176,5.528482042802451,88.99726999891651,-0.0027906212659800232
0.01515595785548791,5.6306829011504185,84.96150990795653,-0.0035225258540887094
0.015128998319165948,5.971701853780388,88.84917533126537,-0.000624373456391024
0.01577152290524721,6.767076451529335,86.82269871651994,-0.006158223766644561
0.014962326534172607,5.213015454236778,86.05005053411965,-0.003172094173199188
0.015340154805372095,6.102848395713435,89.36890558563815,-0.006346485491322258
0.015029439411495461,5.601650786216478,88.6306209744143,-0.00355765712761818
0.015019525728779029,5.577096828240117,89.91457297173756,-0.00412930922435899
0.014747413521649242,5.651975067672802,89.11732765268043,-0.003291841051826171
0.015322548995042647,5.302179216190279,84.07620498682358,-0.00597578109810895
0.01580340448979819,4.184299902082414,81.13228860346555,-0.0036063946706076603
0.015681695211689647,5.678781735712343,84.71242772038818,0.0003459347639453976
0.01563163463468943,5.294559826897881,86.22975342841136,-0.004118656399191193
0.015546549617095552,5.221171875753758,86.28075700913612,-0.0036101153512729757
0.01462848850028004,5.741064403227472,87.82292019786784,-0.002011466988268152
0.014035696849356178,4.82259589352351,83.22188916510193,-0.006653431401975182
0.015135305237575395,5.373286020597802,87.1738150022996,-0.0033549247183841616
0.014439315413366217,5.472329791229207,88.40776778587171,-0.0032952275295564104
0.015596803361708525,4.8838842734281895,87.41286932039901,-0.004246499590883461
0.01582194774399847,5.554600170212794,87.53248002545836,-0.0027944714950192038
0.01573902082228352,5.611237721230302,84.97669933300124,-0.002682774612124913
0.014817102739221039,5.845004857451076,89.14414337043875,-0.006882248794283765
0.015531416670796657,4.873408762814069,85.04375645814368,-0.0041092568664008264
0.014839013185575992,5.009142140646854,84.30810932844838,-0.002929110253213047
0.015584232739201552,5.839620233154045,86.81797496482763,-0.006762278279881326
0.016073434880911997,4.6745237131438016,81.75050372262312,-0.0030547595879963202
0.014616619255651995,5.15961438805475,86.9342878234833,-0.0038329586279930317
0.015489647490559491,5.063123389004177,86.90530092329172,-0.002620115652707624
0.014814927242226656,5.387874982364506,89.73880452748732,-0.004082241100723713
0.013219019591959444,4.101205553936463,81.10179719467602,-0.005276595539693059
0.014845600030841078,5.390619821137799,87.3640780437448,-0.004132992549899251
0.014654017582270865,5.40338554001418,88.99479224326055,-0.003474481900521574
0.015889699044958787,5.773483263090111,89.33756264725571,-0.002834330404356482
0.01521655325986296,5.717593753397724,84.51453393045313,-0.0035321769435294357
0.015096701657096584,5.917362131511406,88.47317125977052,-0.0005038744699804895
0.015670259796214364,6.816073184294295,87.22459830457893,-0.00627180226414365
0.015203619312315597,5.17118032526836,86.62992894670967,-0.002381677007615628
0.015470011674900244,6.090538744732657,89.43674763048595,-0.006171934503817085
0.013930918812887499,5.355708012627071,89.61094223939995,-0.0024864985110693576
0.015019525728779029,5.577096828240117,89.91457297173756,-0.00412930922435899
0.014859263420070016,5.726319288611324,89.18211789432237,-0.0024789129469796325
0.015356966241228946,5.366904050210001,84.60764444495317,-0.005821201621054941
0.015374654706069177,4.5641091549620585,83.1186414955225,-0.0035690920234279803
0.01536765571324636,5.635661777554595,86.57307498447473,-0.0017374465985813335
0.015909859374453984,4.6715562925001635,81.76518048895367,-0.007233805550193943
0.015542513968823137,5.535692281318895,88.90279165034704,-0.003335912919465491
0.014668803517085794,5.524018598912393,88.23438657386578,-0.001970249079099341
0.015439749516068208,5.182123071647463,83.70917939458778,-0.005600217472925566
0.015689309805166203,5.257407747718423,87.53594272360174,-0.003930931148032693
0.014646475900076691,5.3889943067015516,87.31929490465613,-0.0026847098968032493
0.015038119689602416,5.220978726987085,87.3957587067386,-0.003586657920042522
0.01573823777248045,4.884111888377406,84.71350693229972,-0.0039117498059938385
0.01577169160160358,5.688602445409736,84.72831265257516,-0.0027274961153366823
0.01471384956338778,6.250366830449447,89.56152652084697,-0.007066355377269807
0.014946449142005774,5.1534519637920715,86.72541213644784,-0.004535818023136716
0.01423267567583698,5.316527163527342,86.62828657336526,-0.003872437309587094
0.015558172091874151,5.8222765089880015,86.84443118917389,-0.006636883636188578
0.015795164771129386,4.963516581377613,84.22960769257402,-0.0031629341656596614
0.014870735078866602,5.13872394386652,88.74307500695147,-0.0003098221126034725
0.015146666701711182,5.254701492967089,87.0536885980554,-0.0037318803972949187
0.0147775982544437,5.382292587606538,89.83519899505701,-0.00412190882261074
0.014942809432854063,4.987808059834576,84.68113281012647,-0.004402330286203466
0.014692151053360015,5.316517465702742,87.90660279752275,-0.004328875545859017
0.014331365486334131,5.490764263567257,88.8514426063309,-0.004207099573072652
0.015557060737268457,5.5190993635393175,88.8729695516508,-0.004099655663407921
0.015048597202061071,6.404305135217369,88.43794984145714,-0.009256001941792595
0.015327684044983471,6.090390419158122,88.60843111347981,-0.00046225245086184506
0.015595347762918753,7.9792291849584185,89.58485614382732,-0.007083944055741431
0.01566383422953659,4.451891082905652,82.31055568263628,0.001365560452087326
0.015389933040468257,6.062874264335144,89.08197545404119,-0.006186722489869397
0.014191907361396302,5.412585211481245,87.2002159979257,-0.00407721088267562
0.014962373679698611,5.559704338888889,89.50430337401482,-0.004019470006996615
0.015155453772669877,6.235620437302762,88.6505493584113,-0.005263917073223181
0.015302904201690282,5.487576209996354,85.19439162512059,-0.005965516445236336
0.015051301673404367,4.577207491609047,82.06480389147723,-0.0028658830420125337
0.015527095499680286,5.453286502869495,87.79585177510627,-0.003396214986041067
0.01576512561481345,5.120505776040684,83.8110265628242,-0.007369073763689065
0.015608016419051638,5.557557898727782,88.63512018698125,-0.003431153526498538
0.014381563717167055,5.416940202555387,88.8298593698946,-0.0018461277363033182
0.015439749516068208,5.182123071647463,83.70917939458778,-0.005600217472925566
0.01618679405287208,5.156654651482953,86.07463099592947,-0.0044241638285551325
0.015004155296219127,5.537167881844104,86.7085737985215,-0.003007745947294976
0.014789148964524516,5.293472590572986,88.1666456693981,-0.0033943248849911322
0.015884868688206037,4.925352631755695,84.36318054337855,-0.004474598307281191
0.0158179970912321,6.307189214820004,86.2859877569684,-0.0035034418052009688
0.014357879198343007,5.552210255910579,89.55210545292749,-0.007059252642063394
0.014960067877877814,4.802340977796039,85.50007866334978,-0.005945278641316028
0.014038911191611972,5.317457149828241,86.52862433868063,-0.0033419239663595194
0.0152286254893792,5.563936062031548,88.09115626595108,-0.0037569908911806336
0.015828242373214424,4.974972990766527,84.74186712093453,-0.0035892950580456136
0.014864698071719099,5.46626951131203,89.07854494980256,-0.0015486398823606556
0.014792772666632353,5.466516407261456,88.1801135105116,-0.003453031254875869
0.015081477483289703,5.448816729204651,89.65661894437763,-0.0037122944665105573
0.015268633592552663,5.36049762148996,87.0057227957427,-0.00404027385576286
0.014490796230641957,5.618544514853397,89.82095053327642,-0.004260849823119405
0.013860117487562313,5.494980403130816,89.6416508585748,-0.004418149813917195
0.015003813558743452,5.330971915497822,89.36716079233841,-0.0038072400130351814
0.015145200770767673,5.941833639027231,87.95172548522272,-0.006466374765725749
0.015319478704884952,5.978570262122959,89.1230703299917,-0.0012540400458626606
0.015052567319088883,6.749397073572434,88.88383374127545,-0.004603123163705026
0.015386855586955754,4.809743292559182,84.91850237223899,-0.0002985121567752216
0.015416005894958309,6.10804569228617,89.05897350241817,-0.006439831779660863
0.014785779578890188,5.2474674403286805,86.29785016969652,-0.004414433967416824
0.015111988522770447,5.567016159211054,89.29231787736325,-0.0026531601301173257
0.015085946212141179,6.147964046702464,88.89665051691979,-0.006367298385297451
0.015265739714299835,4.732660891083856,82.3912742175932,-0.0075918325799804644
0.014259553959787322,4.688505491932681,84.18978345710522,-0.0022142934058044846
0.015197166560369188,5.433601685099445,87.28858545985221,-0.003652597027325091
0.016190075717990426,4.538560014579552,80.75245583167342,-0.00889877876400243
0.015136695965437838,5.316233832182156,86.67185193640834,-0.003499238588987868
0.013959941190988128,4.82977944716408,86.2336243315925,-0.0022346990932465135
0.015410502404760816,5.196832833501839,84.07371887629022,-0.005444442100929148
0.0152917137326938,5.04493166130547,85.49082161207342,-0.0029059965122481585
0.015349338554825804,5.515742486282264,86.79298255536841,-0.0031061428214040282
0.015079517060092387,5.150931105575754,84.83832555585855,-0.0023752461069398087
0.016219619744846515,4.756880324603613,82.90869032126163,-0.004860225355250536
0.015855465858725517,6.488450581765877,86.98687578679505,-0.002896245461414603
0.01506438460528514,6.249365855860883,89.93167553928626,-0.0051099848568137785
0.015980800271933628,4.403589481104673,82.87572781088478,-0.005676913863902152
0.013536765959316924,5.089073771949224,85.91420400209812,-0.0033870706070319844
0.015151328143278105,5.640402452756165,89.35682097495702,-0.0032766591432738875
0.01571677952897928,4.853108448891966,84.78430869445533,-0.003742835776737575
0.014935036744444064,5.387826974697096,87.5081250281225,-0.0027151589723484948
0.014828884353601047,5.606022096838634,88.59786476474196,-0.0023043994564941484
0.015809061629064577,5.26776583861426,88.56658529529349,-0.002186133166118949
0.014971508385654503,5.351256547730641,87.4417203301994,-0.0033829536271218234
0.015203593823772418,5.382262631641854,87.9206034946387,-0.0044169188024036484
0.013914649848565337,5.52792276768274,89.4797932551873,-0.003881019611331101
0.01498206583064148,5.372630059448447,89.27811236005783,-0.0036052043198356674
0.015538764795377288,6.06303023823442,86.33814396172453,-0.007926022758206527
0.015441364380291141,6.736764772245588,89.30116101577141,-0.0034289737664937097
0.015089067628196078,6.4953297089019095,88.47273452703982,-0.004365998893332212
0.015209051156008502,5.040834987726678,84.5393247037009,-0.003361932782880558
0.015408108002949296,6.094519390035254,88.3767677333034,-0.006612363796987242
0.01438892125700958,5.324803892467598,87.01231478130556,-0.004473883114577929
0.015251307240432301,5.452805050871236,89.77541375334032,-0.003301717744497149
0.015021638836843402,6.16667600778257,88.17810731542761,-0.0057018140905906595
0.015315986245227557,5.4607326051499046,86.29048134173772,-0.005200093788970626
0.015001364230072917,5.1708410762888475,85.86109756920104,-0.00341547316529132
0.014988098571179853,5.410693144825908,87.63401690398597,-0.0033518068344022033
0.016218868722304235,4.518725435762213,80.4847095493499,-0.009241687169134524
0.01587039936018433,5.757935083842534,89.68972363238377,-0.0033536909936720625
0.014223980186377364,5.239594042330251,85.44633742676514,-0.001194987021821619
0.01570502797255991,5.102232413242992,85.75666207752984,-0.004860525997578439
0.015082371290061437,5.232452297768364,85.96556628004363,-0.0036694997457333922
0.015895066883718126,5.955583210610981,88.42832171906943,-0.0037449043789287016
0.014851490522981122,4.535637089533904,81.16172204181001,-0.0024436070417063116
0.015722953600930414,4.318319039971895,81.59191079676489,-0.003643998992088783
0.014860203059442493,6.015100204536534,86.41054251658167,-0.0026517209642604443
0.0150370701519213,5.7474751800736,88.9619471134583,-0.004202670288366756
0.016317532459324186,5.231898951693598,84.18246102764864,-0.005997156172150414
0.014120874532660747,5.163191171221693,85.38240536243295,-0.003756082406185754
0.01526526053386523,5.551559821027475,89.10210023985208,-0.003874312791063026
0.015175025377550113,5.320628955495263,86.34041946461079,-0.0023984653887446864
0.01426391946406291,5.9734947486360035,89.84467683098093,-0.0038011529688513615
0.015099023294981063,5.986534973714724,88.29701214644477,-0.0003402387392231797
0.015791494043128185,5.051407192955747,85.79008005257067,-0.004164654626661086
0.015323329909933516,5.480266441440056,87.33641246482772,-0.0033433266670044974
0.015182736162760366,5.235508463749912,86.51957610659062,-0.0043730080447897885
0.014243545174871858,5.585069950562498,89.58270166916229,-0.004074613082803866
0.015159469346365492,5.377521183336029,89.83087210729595,-0.0036507834527495673
0.015511757414408963,6.201073483382373,86.97193907708088,-0.007919763085992024
0.01569656107913149,7.096428947181848,89.47129452355354,-0.003219693423888247
0.01577558670101028,7.665385348447728,88.08227491582073,-0.00889506009303362
0.015738703062223164,5.502493267148654,86.95145019360753,-0.0026869554156991595
0.015388890073830515,6.083200485528216,88.37891221909572,-0.006537118872975269
0.014651943807345498,5.212770240631418,87.13548543110817,-0.0036633154097243437
0.014743920967852974,5.383407485787917,89.98937083705422,-0.0018406036565145885
0.014605683770068635,5.432898168685166,88.70079347907992,-0.004336823009618199
0.015375415693727423,5.493721623026554,86.96351728976273,-0.00399465437615449
0.015572258314381129,4.480565035592339,82.68183600287789,-0.00014552377736540452
0.015480513145898427,5.4267441808061845,88.3593467140925,-0.004533316756256975
0.015199586085169017,5.237649167505624,85.93128036171568,-0.004316371605158097
0.015428070865128256,5.373391158152862,88.21406978109748,-0.0037617744274475963
0.014125644018914465,5.3592418230233765,86.1780358129266,-0.0015818891227371429
0.014918945424961702,5.159693385342107,86.00148177732899,-0.0017193278250221757
0.013416690481322309,5.549342660283588,89.41771648350326,-0.0016679017961320746
0.01577065102689439,6.0079065542892955,88.2333449007763,-0.005557647698110406
0.014683916180137821,4.521679330582701,82.12330270413045,-0.0027463095521090388
0.015089910637332837,4.712657302872776,83.64585222001789,-0.002681816671845302
0.014561246666700806,5.622754814647384,85.27446410469184,-0.0024559813358920922
0.013867183670243064,5.554852406477493,88.79278699622992,-0.002574449159146122
0.016159560645967182,5.468328964654761,85.30619602043323,-0.0058917524956721016
0.014065821093240921,5.321124979239805,85.99866161378684,-0.0032550832339037225
0.0145712460657461,5.456963392569218,89.88785361272248,-0.004370346411053822
0.014975169726443732,5.371076619241056,86.37027662495487,-0.0025330985610758387
0.014093250889326774,5.31401315286679,88.88080307532807,-0.0016683846316676194
0.015177528977843885,5.986525008556761,88.47359729987325,-0.000129079681749634
0.01563894524252977,5.076720806188024,84.96146292233688,-0.0038377368677290106
0.015702969075657575,5.015230125578058,85.42211478864671,-0.004592886397165452
0.015436865600540467,5.181469169376821,86.04638548472914,-0.004216820242705828
0.01412696070500462,5.598586593947685,89.94059710245789,-0.003952262703746919
0.015128395555654778,5.41362167312348,88.82345769866302,-0.004258821498937679
0.01570570013009041,6.184785739708235,87.25578685243406,-0.008971618499197587
0.015730423735152196,7.340228039790015,88.87609650973954,-0.005651600756467281
0.01577558670101028,7.665385348447728,88.08227491582073,-0.00889506009303362
0.015160213902127014,5.196053720733036,87.07354943035644,-0.001618962659884665
0.015435523958823682,6.160033686043478,88.8792822321899,-0.006859635509507878
0.014278329731815656,4.732974844884577,83.89925118517678,-0.003643189815027016
0.01493176585029191,5.522314206051598,89.37496390808937,-0.0032508345644677093
0.01493522617900531,5.263556474405606,86.42234678173674,-0.004323718408593686
0.015473430848577234,5.209010548565201,85.8064174315115,-0.0037707063375224184
0.015732914230625932,4.340570206075664,81.73575445502385,-0.00030906122726438116
0.014896738917906304,5.629463846383837,89.31581447351891,-0.003612470820474071
0.014865484110764377,4.567219258600789,82.73832839594186,-0.004092975146165947
0.015204028977312682,5.0899586173630995,87.98623321134899,-0.005135197956687876
0.013772480832965183,5.281785768236585,87.4589795268869,-0.000851524139090429
0.014511366602027079,5.367419026758711,87.64941755169588,-0.0032185557557437012
0.014056354598101018,5.591868209056761,89.51571988370402,-0.0024418107979039417
0.015937312274550412,6.195993663409868,88.75833721186375,-0.006338213808944566
0.014955476259782361,4.665867118667483,82.96993428091919,-0.0029960569806808386
0.015605019023085873,4.814682077660379,83.11982244619477,-0.0033604420067465065
0.014395732734031075,5.612505828729704,85.69020135014449,-0.002551541993441912
0.014027979018138171,5.626994315835518,89.26657583820098,-0.002844722490408315
0.0161651646666549,5.643560042489544,85.90343690454172,-0.006618850000416537
0.013943632621762765,5.397556354648079,86.8198238583266,-0.0032160838933571003
0.015135972913656716,5.5427480037714085,88.88256511217769,-0.0037628568272865094
0.014530174026872204,5.354354620788905,86.54618621402666,-0.0028497340754418104
0.014026659637210778,5.379884122510232,88.827256969733,-0.001546719067054998
0.015377268539642927,5.999044835836543,88.57934450550881,-0.0008839159575868873
0.015391548766306575,4.927632548060616,84.1550687071385,-0.003461264314403495
0.01579559174327126,4.654423278762894,83.39301295998665,-0.0039058922987090434
0.015436865600540467,5.181469169376821,86.04638548472914,-0.004216820242705828
0.014190280550197847,5.273847140642925,88.25520439843453,-0.003182798616287217
0.014997010260760354,5.4004022799493905,88.43718152255515,-0.004380329966504109
0.015487173595943744,5.95304634292623,87.53630529775945,-0.006730611101048325
0.015341891123598588,6.713970127016168,88.46650071281775,-0.004582139894195675
0.01577558670101028,7.665385348447728,88.08227491582073,-0.00889506009303362
0.014624447388222774,5.243284276549193,87.92135032065828,-0.0027662039424868304
0.01540810717195167,6.144807359774529,89.49545052374373,-0.006950521873752679
0.014400152261917659,4.785530143153432,83.65573867104825,-0.004273768534893043
0.01494211282997514,5.375881100210501,88.2794172061143,-0.0033372104931798097
0.014727664708632257,5.5172599545427765,88.19592148463042,-0.0037625092775282203
0.015337317641748945,4.983890763767027,84.76531278695654,-0.0033484826019402796
0.014691487071025225,4.218955192885748,81.64883196090844,-0.0017765669281107782
0.014779869696339393,5.453258726290048,88.47677309651341,-0.003377293329328824
0.014791147534672183,4.492812856704706,82.40990428080616,-0.004563288048879435
0.015149208054634877,5.089423688267742,87.6504750238642,-0.005354980191155643
0.013694878949163351,5.271601664732696,86.91915922811427,-0.001883982002430591
0.014457229521786071,4.734962127321967,84.2491710863326,-0.0038320313520109526
0.014840232238883304,5.225197175607524,86.63722811581003,-0.0035989366760489816
0.01579480294340555,6.119079010679452,88.37145432666993,-0.006462442803915304
0.014945334390339073,4.677821170455804,83.00028394480731,-0.003000327024624183
0.015588381899455682,4.714374758861297,84.02456231070204,-0.003841160565976828
0.01439191833479018,5.360021164160178,86.30840775781297,-0.0024798938924300226
0.013892859532217177,5.619643060372018,89.96669169850952,-0.004130351512587184
0.0156565608893072,5.620181818610819,86.10556651470826,-0.005663577224980958
0.014615576241002914,5.356032984770595,87.26801064801326,-0.004036704723181489
0.014967287474050522,5.549947317591852,89.70471675995971,-0.003276422994901967
0.014408585481081988,5.220022678607474,86.7933761429736,-0.0028494573451014163
0.014553832646041969,5.390796845583942,87.07634334675755,-0.003671723319658494
0.015475956622680203,6.137392417010648,89.45858405485421,-0.0010279686839478617
0.01559541672247203,4.790422233988582,83.60366858610165,-0.0035799031194734343
0.015550399687740649,4.6692384156386915,83.58922253869702,-0.00387276900677317
0.015476006353887886,5.116357919272515,86.63549039412737,-0.004043773684867122
0.014772335473295324,4.9969724479641515,85.16737495716568,-0.003394562539358082
0.015250466605483229,5.48785683415931,89.04993589599768,-0.0050664610234205845
0.015525561274869457,5.817760563214089,87.13976829769098,-0.006327229113777668
0.015418482659312291,7.319043422265899,89.3457448374098,-0.005443604321610814
0.015565093772686393,6.703506020833507,88.07123471182281,-0.007645521787170319
0.015178721484243759,5.3355913087582625,88.15894360512507,-0.0050796919469065895
0.015464425069970708,5.938023081836425,88.6578769960287,-0.006287103854769859
0.015327001064812778,4.803638883817012,82.45268920299179,-0.004399923077756734
0.01490396207082269,5.4798924968141876,88.39127577062021,-0.0028973002077276604
0.014774408959181286,5.478382044333787,87.38726063534958,-0.00408323589857865
0.015324158910047965,4.44652588954579,82.34259219061242,-0.004724189128960673
0.014921085808916913,4.483399998887538,82.59578418525768,-0.0030490186274499185
0.014695813960041848,5.568236490664612,88.88585561311639,-0.0026558125010953913
0.01490784439176561,4.938005645059164,84.96445426789998,-0.004164883055453686
0.014989881567463934,5.07814913935635,87.5235905008226,-0.00506914116889313
0.014080874849877597,5.632422577448815,88.12391219692272,-4.211978416289669e-05
0.015060368322704567,4.340664806437168,81.72366245897528,-0.004089503769685148
0.01461521905863477,5.288417731107751,86.70492453425271,-0.004498547261599882
0.015866085962099857,6.232049688416193,88.78230300828679,-0.006597973148207766
0.014676641722889617,4.806443856314113,83.54357451113418,-0.0025810417797521613
0.016009368996157902,4.5470357587580175,82.7352900580521,-0.004427764221722787
0.014725748678114475,4.822690071276258,84.10221352148264,-0.004353012895903998
0.01374231561513981,5.662323848899171,89.94919153134087,-0.002438632742138111
0.015733144844694378,5.610317168817055,85.44918732483133,-0.005719169769215887
0.01398759721617284,5.534448667901905,89.36037626554287,-0.0032850829838192283
0.015005811091301077,5.473971446318063,89.1415321079619,-0.003097061220818295
0.01456318484858518,5.215962487671946,86.15414272875508,-0.00345968493676481
0.01430057684458414,5.246210764323244,86.03174821570694,-0.0039031838867491157
0.015488699528044603,6.222525322332333,89.80072566987661,-0.0008885237791197219
0.015500010900566186,4.537190611437281,82.50028772768168,-0.0021178700226105163
0.015290462746966412,4.7909485194974115,84.25832318027628,-0.003725689785518155
0.015418657532360953,5.349638653994666,88.28523618011242,-0.004047857494561502
0.01510654124729827,5.867210988150353,88.44767466780449,-0.006431358249834058
0.014911381386902612,5.358398827100108,87.8385855318177,-0.004384601233585621
0.015525561274869457,5.817760563214089,87.13976829769098,-0.006327229113777668
0.015255957910357653,6.099286451584341,85.95060520273617,-0.004205851681810943
0.015416399426986385,6.269811665853737,88.74091415212236,-0.00601566084336771
0.014968081174872217,5.074167242555919,85.96897824612218,-0.004029310807413853
0.01535357851602927,5.943676970504128,88.22473019138286,-0.005513099739762968
0.01510995991400526,5.162923613751727,86.04413269062182,-0.004013305448584821
0.014397389316670017,5.254380838105088,87.59136424124887,-0.0025008457412869977
0.01500082086037077,5.240599260035188,85.99067202055568,-0.003075898875712193
0.01553116401252633,4.5382089314357446,82.30076590779865,-0.0026104888169383497
0.015058448475374677,4.441857013537153,82.02923521621479,-0.0033786749818488005
0.014069513278186258,4.901661977144071,86.09468291845134,-0.0011905979261888876
0.01503021815317766,4.65675561495328,83.82095753353555,-0.004482316678168743
0.015258763851581581,5.022460380970453,88.74435229998814,-0.005319766391163289
0.013842910416721943,5.882982849225124,88.92914597963504,0.0005772811586186991
0.015146190108386363,4.762644255462475,85.81906304074616,-0.0041465027238894074
0.014765394747360288,5.229941823113958,86.45756541682927,-0.004668425819170538
0.016346511796463067,5.956350621584425,88.5018487427133,-0.0061243135565697306
0.014770766003193254,4.783829430052151,83.45824352500247,-0.0025019756373995013
0.015459053597044508,4.45228129644971,82.3293787781715,-0.003299005492759712
0.014615734653917982,4.913822558120604,84.55484597953324,-0.004339219018980703
0.014043728847314158,5.615265262880386,89.8609166227306,-0.0025598786597170564
0.015853216493810083,5.534747115870996,84.69232053883417,-0.005585418302757998
0.014274098022297692,5.425606906360775,88.15600860878472,-0.003838007522096297
0.01485377862416329,5.489255445202946,89.52901672324437,-0.003028976208779786
0.014678784617322057,5.024461754521358,85.28344460543737,-0.0033876869040590303
0.014238948577801988,5.025146701717352,84.80005076094442,-0.0034189474509227122
0.015105337719309981,6.075552414358522,89.84201171750861,-0.0002620961503445795
0.0153471114533138,4.592112765558377,83.3829229496963,-0.002196097802557182
0.01552202725715592,5.400024224464843,84.21210281518788,-0.005681573344458513
0.015352820109244783,5.398731682526071,88.43295000683699,-0.003925655973900999
0.015370847504908159,6.150239996749347,88.26241302944696,-0.006797661701086583
0.014764137506275064,5.079043810496011,85.59267022629999,-0.004361679341880909
0.015399328331576699,6.048365288840458,88.93350329502634,-0.006208259296674746
0.014804412642904585,5.6179504588361695,86.56884072119442,-0.003903141267453985
0.015406167007081757,6.4212958139357355,89.20851751097655,-0.005890632523097164
0.014777585020384156,5.207313483275626,85.6993559925168,-0.004113937152075105
0.014887592448145148,5.42478047845731,87.34542705301202,-0.0035837430730885837
0.015754087179283525,4.8611168685555946,84.24355871143473,-0.004061315843847361
0.014534867928140606,5.324970776323697,87.31022157166102,-0.0029074443250421207
0.014900775776137283,5.442111290499066,86.5083747509775,-0.003199144577147235
0.01567974946607169,4.793690879218797,83.82150998379409,-0.0023783086890433883
0.015245532531887939,4.760822220015489,83.486172114714,-0.0037390992703221788
0.01461319193352721,5.244397418428082,88.30608904029056,-0.0018546715036811404
0.014578534218746499,5.079482642972109,85.88677844010334,-0.0032640774634186114
0.015303257600848873,5.259645776989416,89.64107487395971,-0.005205252286689439
0.013872687769786096,5.878783973567573,88.94010720615657,0.000498970397712557
0.01515917996772152,5.049020692311456,85.5111577039902,-0.0045347529550228746
0.014575152107458512,5.132033944167968,86.3299210101117,-0.004416510460869204
0.015941964551676412,5.812805216256646,88.22912068747272,-0.005413188888930393
0.01532847082154761,4.40438036745343,81.79820629536377,-0.004269632643429504
0.015312418905970081,4.662339478486137,83.27275062826043,-0.0032017983889174985
0.014045607739874668,4.816479728982343,82.7170013112669,-0.005238532292130522
0.01424442088967275,5.370625127358493,88.43210247560638,-0.0023636368254632664
0.01632943897234916,5.651821382498814,85.93621330233904,-0.0062360853302908985
0.014549080201698381,5.641186678912872,89.44311264052924,-0.00392341066624888
0.015059213703723972,5.484512189783086,89.79305554247365,-0.0030472769227655448
0.014938095901706278,4.951144812275121,85.15894724981356,-0.003205756823569412
0.013867588832714384,5.199261708512964,85.93122643592228,-0.0022800912281802825
0.015328729638912835,5.827541325617009,88.00007444341357,-0.00040906995767499114
0.015367007473464363,4.533910135268121,83.65071498966293,-0.002517046573880305
0.015668643292090178,5.773270489927014,86.15756537019828,-0.006466980882932962
0.01538880116104797,5.260279730165269,87.85989185151256,-0.004200500376048595
0.014864942581607657,5.472690278066311,85.36564719218192,-0.006122753808330951
0.014967873237511307,5.094616941410579,85.66181484857087,-0.004850140291365444
0.01535284167235931,6.013536511909198,89.19195765569314,-0.0062154909309593545
0.014846130317127526,5.550177809222919,87.66120151506198,-0.0036207297834637726
0.015402610346585488,6.3947607613906285,89.15888037647085,-0.005812494384122915
0.01481799880351668,5.583875286144334,85.45886174330234,-0.006513488235544809
0.0145821560533169,5.474740326727462,88.3857143798047,-0.003368269875045412
0.015518769124607291,4.86842085596843,84.28187817945603,-0.004110659831368199
0.013777781874835228,5.442595471962527,87.77901276760352,-0.004507585749891352
0.014585699912627507,5.190735641300805,86.21269229771943,-0.00335500598879325
0.01561389837579895,4.511431162071003,82.78360604493646,-0.0033583737396555863
0.014935146559891215,4.565119027013422,82.92400975746261,-0.004846048526905142
0.01465144733978236,5.19592110328749,88.44998006515588,-0.002713370908347777
0.015248601243269374,5.2457504318400865,87.00951284914466,-0.002428987656158228
0.015097640828364418,5.15636779360437,88.18422466900088,-0.005505428981074461
0.0150697572531268,5.311535719047324,85.90690409273391,-0.0032207407048332123
0.015223735655667347,5.321278435138459,86.32238102545878,-0.0034805119036108536
0.014179280088538177,4.993047236826535,86.66626501922623,-0.00518929768998846
0.015738722044062486,6.352869041952741,89.709449909173,-0.006564967267498804
0.015467201369936165,4.034561748418615,80.50695978555297,-0.003315638246908984
0.015845437155280594,4.154399395049741,80.75398738776849,-0.002475675345359041
0.01418449562988025,4.962457962717471,83.6566315451973,-0.004719098155141518
0.014014758496448405,5.218841075652219,88.3614391483153,-0.0019766014230677108
0.0156870032794892,5.963216547475122,86.66888957126557,-0.0056883105921561265
0.014592107909373367,5.4562890734606295,88.77930896400647,-0.0036798522690847002
0.015059213703723972,5.484512189783086,89.79305554247365,-0.0030472769227655448
0.015173665366468938,5.087688996941182,85.12775849169078,-0.0031142723951890438
0.014582410415948632,5.734699362684246,87.10172889572208,-0.004419835752494566
0.01532293196320549,5.806398046706266,88.01073820668684,-0.0005688245237931676
0.015048935549839604,4.640536979160278,84.337102988599,-0.002340049262678816
0.01611726273928243,5.713296338929486,83.75132340605975,-0.009285331398485697
0.015151028468902998,5.32077699028012,86.37104058492714,-0.002998748170836518
0.01471525556719001,5.439381655351593,84.69058521648032,-0.006587816174028939
0.014987875663276811,5.097536786332608,85.59048930535546,-0.004507169148244986
0.015309143757297831,5.925296869000486,88.84158017956432,-0.005893755001400974
0.014987724714676577,5.392581732721732,86.94774302782432,-0.0035139364213928152
0.01534130934390343,6.246373010554352,88.21849678478738,-0.006458833120366458
0.01498588714200592,5.42205335013178,84.69760138722968,-0.005324854969919508
0.014526377585763334,5.408785828290378,86.85516830259152,-0.004132035587273186
0.016665222063337023,4.94653132374033,82.53843262791209,-0.005624843454742819
0.013868708456137512,5.410468412829171,87.63789609589678,-0.004137521535079295
0.014120958223984651,5.5432869084022425,88.25141638806589,-0.0023664805329490744
0.015433267561035292,4.441234962692281,81.481430172869,-0.003101834726141489
0.014406330406363667,4.758554013275034,83.60701013257447,-0.0055045209596962475
0.01567811229443468,4.992740370175949,88.12779797335298,-0.001724119785629708
0.015584374988259734,5.3001205565721845,86.86469800348237,-0.003323016021916114
0.015163369160507166,5.137220479438889,87.66360071155427,-0.005346797922474044
0.014914229881271744,5.263535786818329,85.3008316761565,-0.002913189216602148
0.015719784239605333,4.984452871113601,84.88483251760442,-0.0032251766506311884
0.013857823337712285,4.834182848665776,86.55434268942477,-0.005855461051645965
0.01541802243259503,6.665929381906207,89.04331784364176,-0.008158747009829596
0.014869285952208135,4.440389936768927,82.18929853160691,-0.004179202252344217
0.015818131597422798,4.246405344026217,81.72961518258687,-0.002255123566909715
0.013842774352586731,5.652355022023348,89.01045805530471,-0.002596426847348901
0.014209074284217069,5.449399293801839,87.30266176860762,-0.003957662292085657
0.015663760977841334,5.8690597605284145,86.58283807344003,-0.005534908723459924
0.014738400552938293,5.513920362679259,88.2287987698997,-0.0033799204374734626
0.015092765887233631,5.513825385838425,89.4084824809166,-0.0027611917667689787
0.015539455147572415,5.0515991457774385,84.43389890128927,-0.002652373275306574
0.014049606855098843,5.782309001539251,87.59073745936605,-0.005327822859018282
0.015274529382725223,5.803694517352438,89.49900138450809,-0.0009450017659079412
0.015704283091140053,4.489802677623298,82.20352540833194,-0.0024730929398129255
0.016578288860764824,6.014589105110964,85.83073797884057,-0.008877725169845451
0.015472191918484736,5.106809217820162,86.90856168775309,-0.00012927250574171862
0.014956600009837617,5.277540915617576,84.03525065075311,-0.006187502526541895
0.014845164378633672,5.076003687490471,85.88740526898302,-0.004452818235482606
0.015478300202625412,6.262753409150509,87.5499837269682,-0.00829628791760503
0.014901174497781595,4.468507107084314,82.45071270565063,-0.0027047893886147658
0.01536896596187122,6.22815564779011,89.73206608002226,-0.006486297479187315
0.01498588714200592,5.42205335013178,84.69760138722968,-0.005324854969919508
0.014808094809623824,5.305012036005577,86.03159949052308,-0.003536094911471764
0.01676146531552403,4.887453803274642,81.13055004337217,-0.0055675499665516345
0.014050134862790093,5.228522390361263,87.57147967685148,-0.0019983181194775912
0.014381622043209103,5.372832509904633,87.36379953996551,-0.002123394917297577
0.015217381590557248,4.933894450644596,85.60563978740733,-0.0020014162094129633
0.014211725549552408,5.27800742435096,87.36857968268984,-0.005159351775845804
0.014755267929964216,5.190162245669127,87.38943514298728,-0.0042173675963929486
0.016453485148357642,5.191807005591852,89.72163204848964,-0.0009833353343238027
0.014961236263530972,5.32835665110505,89.08531714203883,-0.0039027059757908585
0.015354331441200115,4.880363294449436,84.42731361463801,-0.002156228099072632
0.01536320246525385,5.116839591825893,85.58771238675745,-0.002836584676312227
0.014722297404446262,5.128589524488412,87.04381787939901,-0.004311607253752303
0.015158867852096324,6.037517374320246,88.83024569718255,-0.006264753521137743
0.014880834916044071,4.136069814449931,80.4187133399092,-0.004048199974054007
0.015191918641694982,4.71747398349699,83.1040567287899,-0.003818221627658943
0.014061119858071909,5.423669481474105,87.60793773588748,-0.0030692349443878562
0.013884311379770715,5.453885761683405,87.88334561892111,-0.004695362208597611
0.015200107279322195,5.952817858364227,87.62665431692349,-0.007297583392439454
0.015653822290838216,5.308133675620464,87.03138212406856,-0.003039887862831718
0.014737164483829994,5.396285972909049,88.66952929248104,-0.0025671214323907993
0.016143355489246163,4.820129220161327,82.44303370764624,-0.00015054217656912264
0.014485752766517822,5.241526956165519,86.50398346982946,-0.00403671458909239
0.015528856333343397,4.975354905570886,85.23682759945457,-0.0016069056529505155
0.015415310051169855,4.639665307987096,83.1889394644941,-0.002699711149662666
0.015720950078420542,5.6996939566492495,85.97360862086484,-0.007025839673512228
0.014646554137108438,5.458243563458331,86.87535304387175,-0.0027309938273226402
0.014971383862715062,5.359905510133597,84.3971960172741,-0.006357714351954908
0.01511133316108256,4.900228297690852,84.88138671232424,-0.0035449702719465887
0.015597038071386534,6.804983370431612,87.7718770216004,-0.011148852535013113
0.015091590784998278,4.1298173729427425,80.75922210193764,-0.0025344384376840496
0.015497739937187175,6.111169932842546,89.07841367624765,-0.0066167917645889715
0.014958389318397495,5.524381450585104,84.99088175806516,-0.005550068442638532
0.014815480521414837,5.264030127322763,86.37665061200961,-0.0033742338689732587
0.01677098555387898,4.879974627568171,81.07962411577319,-0.005561308353595234
0.014929684753118575,4.9650223480188,86.10736493997038,-0.0016514529009042274
0.015037223408241667,5.43517987793791,87.14534077296025,-0.0027422418471546323
0.015165707949886944,5.17721222090438,86.90141665246303,-0.002984129984691484
0.013876365288144595,4.835903725915213,85.67476911195882,-0.004042860188131656
0.014832123213705726,4.981011627748769,85.13009257367081,-0.00461121335799106
0.015360817950855383,5.572350759140913,88.68579037564514,-0.003856571597174273
0.014993118085510794,5.352179297676135,89.2425818387552,-0.004027364504732152
0.015210807426916828,5.583994933317329,85.61958673993139,-0.00556608275300171
0.015749727368942607,5.176123715484523,86.45233864916653,-0.0024445405733902414
0.014972791660249429,5.612920344816279,88.9240338042121,-0.005546318272450186
0.015213055749665373,6.368092473993326,89.86310189240956,-0.005964722543522696
0.014966602316378178,4.239285883426834,80.89546161135281,-0.00390743440121959
0.014798304067574146,4.976426057624652,84.57246605472928,-0.003418256478702724
0.014114564719543123,5.271015755107246,86.40194637033142,-0.0034411501783260592
0.01470434553705643,5.5671043889109475,88.21074971620573,-0.0032049186583423374
0.015361686652921694,5.6568012523037225,86.31386497564982,-0.0069727411716714845
0.014458839477556553,5.855291102147828,88.91709463752798,-0.004924806262374305
0.014466629547906935,5.497159947445924,89.85233499919559,-0.0014287365830222129
0.01612371565885015,4.834328634017497,82.59863644533212,-0.00024359821937691923
0.013954179307754642,5.155107399621184,84.10660147396007,-0.004251872412126423
0.015976954649624887,5.219135851507246,85.47133509697744,-0.0025223705995263386
0.015207894470435386,4.751718185646347,83.41836832868854,-0.0023133098509135613
0.01564215950768692,5.892946030076057,87.69134747373991,-0.006403336016763429
0.01417935245318306,5.47697658097787,87.04330158986654,-0.002785746277022933
0.014924630360823898,5.382418677946782,84.93028264215573,-0.006137833883464779
0.015258548354242545,4.352217983434209,81.87813134834464,-0.003103568147860302
0.015490317095596989,6.6651418215656175,87.62530029037204,-0.010394488868834513
0.015400541998833126,4.196016112172219,80.82217403311806,-0.0032943949169297096
0.01541799744733487,6.009269628740529,88.97657489713224,-0.006302152865643642
0.014962992854605185,5.529238197331469,85.0308033380443,-0.005557601485799776
0.014427573142376752,5.760656943655767,88.49046998176046,-0.004183075849081962
0.015918832287226202,5.294495234523328,84.34212596184425,-0.005136009927206749
0.014841111524683256,5.6191504937186405,87.79341397251908,-0.0030102149307082993
0.015078895038505612,5.5143200642513355,87.60600803260348,-0.004072016764646759
0.015591610887946012,5.577233617037308,88.14034695233264,-0.00340348300873983
0.014072809139611385,4.574415830399992,82.97986944015132,-0.003017140082079402
0.014839599572362732,4.971630295601432,85.31587863581353,-0.0043010193426840475
0.01515197610506369,5.022672981165648,88.77465955157881,-0.0018680957868514164
0.014993118085510794,5.352179297676135,89.2425818387552,-0.004027364504732152
0.014820212633839813,5.309562213896889,84.13132664574705,-0.005642013953016351
0.01519625979536217,5.135786318919608,84.96871445445562,-0.0033767458616403316
0.015547917847189773,5.800633630773371,89.82938028126028,-0.006601043725159315
0.015213055749665373,6.368092473993326,89.86310189240956,-0.005964722543522696
0.014869244505799585,4.166780828869518,80.66289320705354,-0.004171986791505086
0.014419339000085716,5.357203127881299,87.18590428082724,-0.0033830929553874387
0.013189750375269324,5.669100409159543,89.73227965556228,-0.002504719259100831
0.014647820300172325,5.765831336170339,88.95367644014192,-0.0027182455084194795
0.015557209762272005,5.750079454840921,87.25515161601987,-0.007219160746651557
0.014774542758722215,5.453073270201812,87.77502556878274,-0.0041914796386164094
0.014891403283134192,5.614420105523671,88.90663223318617,-0.0029995923325562245
0.016072623174407656,5.062970210101577,83.5375249912187,-0.0009020210711703407
0.014683424228576495,6.190313194211237,85.99390172923412,-0.007695413144426332
0.015674811024200402,4.829465767548198,84.00067744169313,-0.002441458816224222
0.015049722070873926,5.290179678547505,85.7897742598955,-0.002708530290587992
0.01595184979290662,5.955102874471977,87.65011194652904,-0.006850679346407468
0.014009632757511898,5.488609576583108,86.9448843182662,-0.0031124239788248072
0.014925159258403304,5.5187768124508745,85.34675281077848,-0.006934747263496636
0.015141601238686964,4.387819942528173,81.95109599461348,-0.0032401373734091852
0.015121853868349355,5.804436013933715,86.84757092848201,-0.006431218845693164
0.015332399761643984,4.564944464869675,82.46128859419308,-0.003160400953795908
0.01543128012762136,6.13267913118524,89.41425083922523,-0.006580621546366722
0.01424214009102672,6.118463912329185,86.39914041391724,-0.007704981261810498
0.014424431736466313,5.2934576583244715,87.9206659596538,-0.003601714842000247
0.0156241659904664,6.106037131847188,88.91360630117443,-0.006049567741274777
0.01458973095534378,5.506840210131669,87.07625907382767,-0.002945979539396925
0.01537279223526963,5.0355789353011655,84.09084864696877,-0.0016496753479066841
0.015284476843565228,5.583436354494656,89.16737759922177,-0.0031006651223182483
0.013900417221655689,4.6615798753002675,83.0021807880682,-0.003438875330327153
0.015214262089280766,5.483350937064609,88.92895573145391,-0.0036523959828132857
0.014962339319138084,5.213298377779421,87.12765966470238,-0.003911060534583748
0.014988575906448073,5.377297745251333,89.7685793465071,-0.0033609758866182844
0.014997366809598367,4.611056989922587,83.36387468330483,-0.004248361572688534
0.015213081993036198,5.207024758504018,85.15303175990026,-0.003487941099257591
0.015313790000981537,5.688269302242715,89.75735622980437,-0.005456651109017589
0.015195191510425868,6.3354118835166275,89.7733966806916,-0.005851120401409943
0.014457031554605126,4.665189682540882,83.04245310561252,-0.0021747073718894174
0.014352206573862363,5.645087343090795,88.50741554482391,-0.003841601698313485
0.013877124444941494,5.559001248525144,88.97228907149541,-0.0016371362517422674
0.01488480226672324,5.5047409493042645,87.30238451971123,-0.0029436092113370176
0.015467861603780712,5.583709186867387,87.19289383145774,-0.005428304973866321
0.01474786240968133,5.328673957204229,87.39294579155214,-0.0037421388965544235
0.014897494509863638,5.6318769367046855,89.23209746375655,-0.003014311932246107
0.015960287872845823,5.1179158732054075,83.71946517353256,-0.001158421547072774
0.01475278535544698,6.312910967349324,86.2753450737206,-0.00806452764078875
0.01579279715034653,4.335423696725931,81.53540575258273,-0.0028319606931823263
0.015189180291785849,4.549469759010389,82.67988280223473,0.0009506979379726808
0.016042928172485718,5.990397323455538,87.74165264088204,-0.00696539228300768
0.014442132363878974,4.849578063177967,83.83333854205792,-0.0031571237682949055
0.015147252009672343,5.7487508938017635,87.08342214189611,-0.006887685367224199
0.015302439063757249,4.105116511962986,80.48432420452838,-0.0032393474701036835
0.014691739547269099,6.085940472623058,88.7216627150661,-0.006345223026182732
0.015390715030534668,4.711777288379344,83.40656911425323,-0.0031769148040596143
0.0154394819629131,6.1750436922741105,89.58882488056183,-0.006829723046140283
0.014785729724874543,5.8414823746075895,87.74849679441934,-0.00665444830899764
0.014144903216142082,5.274911559759078,87.95455120157258,-0.0037459253848929432
0.015789140432689884,6.179806453593544,89.04999125003226,-0.006027053074867603
0.014348321598979575,5.39696266490478,86.51822110575145,-0.00010460464012437658
0.015132591912433355,5.353166227227558,84.82049103224658,-0.0015633358225865433
0.015334459026272848,5.3538359545869545,87.81034986442307,-0.003132225970675252
0.014451197106476164,4.694158386086878,83.26798205448328,-0.003511590277073197
0.015131580349594371,5.579275311441375,89.60199713349981,-0.0037220027370818832
0.015418050134186146,5.447806156617752,88.76549932969814,-0.004944115879647182
0.014982091970749279,5.3492588870355835,89.54998354897725,-0.0034308583383724435
0.014862044598729697,4.203644656300633,80.72641042621133,-0.004309731841011379
0.015220183741197447,5.194130499993946,85.18237227594233,-0.0036577516135763693
0.015557946291306371,5.324132647100723,87.46424806628902,-0.004705115279143775
0.015507639796808189,6.055226433241337,88.2685606820856,-0.00472317065729802
0.01509956391783013,5.128793083388582,86.02113515705295,-0.0037227693452112553
0.014922789132030182,5.529883436819434,88.26543163167909,-0.0035955001946851297
0.014143397010895835,4.94153720154562,84.97131572008124,-0.002433128450776432
0.015925228053932813,4.938278159544522,82.71475009730742,0.0008315064982876898
0.015118451831712424,5.878901849547992,88.38006331584202,-0.005695610294849261
0.014187026154955457,5.492743376126116,87.73467258167872,-0.0037018119444276716
0.014917935129985066,5.644870066479097,89.46171410187851,-0.002992821264019887
0.015352565534978263,5.13681857424202,84.22699310296004,-0.0007895721791154183
0.014659102930420236,5.940364247511165,86.47907302326024,-0.006143109702460602
0.015925261242181556,4.498614640643176,82.31226304852545,-0.003230108026117324
0.01519354479576013,5.287283367436009,86.03652761716381,-0.004218332877769983
0.01662543949008634,6.23176857323894,86.13129921355676,-0.008170731467714227
0.014038919056056077,4.413484063415979,82.05740265389562,-0.0026567422025395608
0.015409488787609213,5.058662848200845,84.61921718582659,-0.005150503553193266
0.01529709957247273,4.169141267639143,80.70314832377876,-0.003102831322711061
0.014348184043778437,6.000149771048433,87.74263221174361,-0.006632357913868611
0.01592523077991795,4.589740568085638,82.82174367317191,-0.0032488593463049407
0.015362645584832774,6.063461459469596,89.43649758575411,-0.006201363124709498
0.014917216851321398,5.794068615045697,87.76175915700217,-0.007259686085073756
0.014000789042615007,5.105784976348756,88.35706208949284,-0.0053551895766808695
0.015851438359401768,6.168075506505815,88.87627615161945,-0.005804547155046533
0.014625965170132616,5.290433758535517,85.61864826575255,0.001936272044784128
0.0154626531778721,5.476074268419289,86.99946664038086,-0.0036500963879250482
0.015521109214195809,5.456130516763435,88.64419381625436,-0.0029653170765653273
0.014547093541237632,4.8467149405902035,84.50889014793296,-0.003639560140504564
0.015045049206584843,5.092168064711704,86.14512651552299,-0.0033434494054923867
0.015462575583850351,5.428377673619763,89.41690055805496,-0.004165145863508293
0.014885424686659647,5.593704196393964,89.31523765430065,-0.004990808461021115
0.014827748343868819,4.291179827827811,81.23176489610377,-0.0040509987344850545
0.015022825307309078,5.406405947551686,88.33512222700845,-0.0033422549302393944
0.015373189259371851,5.362325784523688,87.75198330767395,-0.00475215380991553
0.014555421223769299,5.09146836567824,85.89091730371553,-0.0016607544294636005
0.01504952127726663,5.237035211978596,86.23223345762156,-0.0033399416324740036
0.01550540344861607,4.928801044464137,84.7503843428916,-0.0034000777812095095
0.014310130710040671,5.11017936085053,85.13592842215789,-0.0036710944649416158
0.015697998365976944,4.566131308962347,81.19810754182545,-0.00012027796237887778
0.014698688645219716,5.90487602701673,87.48473787727418,-0.005965549733139314
0.014683984790493178,5.0826950706190175,85.68579118116506,-0.003676746383978978
0.014942210350241273,5.505335379568107,87.82104761129393,-0.004098495901735238
0.015014141248767886,5.169789030006849,86.2319323650378,-0.00173368465245617
0.014560834342333299,5.945986781344801,86.10068473959491,-0.006136659163905562
0.016076566480219823,4.17446681671727,80.58804954565585,-0.0026055127692936816
0.01495427123323726,4.975955560378099,84.89710740857697,-0.004229449995009486
0.015524426312866716,4.833445933040363,82.62778490702077,-0.005414846310243771
0.014402650954371099,4.947395405785279,85.63566665256265,-0.004053694804789931
0.01607004118578251,4.548246381994269,83.23308187571283,-0.004158018414067677
0.015229535434097656,4.205002904327956,80.82345117837886,-0.0032001024869306055
0.014483975907213315,5.158403576202727,89.7427583368963,-0.0023730247741513607
0.015695557867963898,4.549634798912716,81.90204966869395,-0.002595782077936531
0.015362709425049267,6.06332891318569,89.43592441267187,-0.006201187798338224
0.015221740985605374,5.950976545951376,88.0651237231878,-0.0069140391261517916
0.014362171328995569,5.457735360120005,88.57134513751288,-0.0030410293301074602
0.015853233295111818,6.070330406255382,88.51186413411871,-0.005720217855460641
0.01484446700949699,5.26444125433717,85.19679078065163,-0.0013189157069566416
0.01531540568589545,5.619102854176033,87.35916311288419,-0.00302590970606759
0.015702021816500968,5.521399339096499,89.07216164757479,-0.002785982197297043
0.014621432663872145,4.558407357350972,83.22084824862344,-0.003964475673258113
0.015282812679800565,5.139140864026954,86.98267736689488,-0.004267889508388034
0.015442040571709992,5.4273218206472436,89.23734577578567,-0.004201216034721121
0.015393922892081508,6.286028862149714,88.12842296975678,-0.008897244147670732
0.013437578149897184,4.203504698824013,81.58264583844579,-0.006025848962672363
0.01510839877615098,5.348445116317464,87.6567300993444,-0.003979103839939431
0.01532767683870579,5.775864229797513,89.73254461927472,-0.004661773343511019
0.01459528664500724,5.051308927795697,84.03580482923851,-0.0013664914772877944
0.016417792692815573,5.199052238875276,86.1026428962315,-0.0033487061112543615
0.01579449675044575,4.7730391527926015,83.65677826726385,-0.004293519148355357
0.014590839505006939,5.022698124373978,84.579800956468,-0.0034263325956650527
0.015132079349655183,4.904537364758833,83.33750087405139,-0.0014495796814725332
0.014310087931071714,6.2544683519193365,88.09345768788175,-0.004666783413377741
0.014066645623804335,4.411219786096091,82.21822040015654,-0.0030395826653908686
0.01437604547570796,5.2400673970879375,86.21098171608162,-0.003605050264876108
0.01489437471234062,4.795112397559723,82.9944581231015,-0.0008346134633944696
0.015256594077028835,6.519241884558407,86.29751932830571,-0.010999350319030536
0.016150384972792413,4.097416169786683,80.2882241595283,-0.001985782367900264
0.01519771238568542,4.7448767322946965,84.26147182084006,-0.003929796420218478
0.015598654546528905,4.819499673712963,82.35973566395913,-0.005602897006669586
0.014469572168553555,5.26280066509186,86.16676829305342,-0.0028792176701954264
0.014931588275303826,5.198958506159506,84.99307818480773,-0.0050898603528721316
0.015155619851444532,4.207043120421814,81.16130533720626,-0.0028478210042490863
0.014663216934228682,5.290746978719181,89.62918362299392,-0.0028228137938012426
0.016154718007852877,4.418945478417972,82.32507759060864,-0.004026070004734073
0.015620420770917314,6.144047335506073,89.12899931649035,-0.006983934657193285
0.014936624992819132,5.603365675260394,85.85004818225669,-0.006009700431882724
0.014665620564939346,5.513110527496322,88.07291691825621,-0.003344044975211859
0.016078315177145593,6.337029270235485,89.53005120131299,-0.005981161279318532
0.01474255522718743,5.279057371188527,84.60872837884855,-0.0011891715545461594
0.015953181091112295,5.947459899302148,88.72977380695025,-0.0015844808436462601
0.015553145713577498,5.589115532254706,88.86093299867552,-0.003051403149033542
0.014159317227460104,4.9671247323286165,85.08164804251994,-0.003639992902026632
0.015136653883174388,5.539632492621316,89.12476833573257,-0.004016790830143104
0.015553724818673032,5.601240725558024,89.65721924327968,-0.003388096967526615
0.015689538886543317,5.9099083781360155,86.85113259616567,-0.005595707771598657
0.013832070118464353,4.286250335429387,81.6285741400295,-0.004961586856059039
0.014617116866817315,5.393298591955311,88.3692245014076,-0.003301748921274065
0.014793200728168388,5.3954937968014285,88.45185144364852,-0.0037353723976690447
0.015241226300725856,5.655208546405303,86.91978344249864,-0.004672736749567348
0.01631033309517599,5.046828620816196,84.63547749182521,-0.003131347913654588
0.015512772358601228,4.5287320871949435,81.74114081703554,-0.00482887711871283
0.014267487459747824,5.616115042017963,88.27604686966585,-0.0031726437455624236
0.01554200172834743,5.377443699579844,85.42751972436243,-0.001324909459390736
0.015331836883331892,5.564990943961241,86.23557522732004,-0.004128773031523468
0.013875482399165799,4.5920020957238235,82.29002787679562,-0.0029698890625234585
0.014677976108635119,5.400741949122192,88.44199823131335,-0.0012762077335565078
0.014243047954646966,4.835358906341907,84.10411188031263,-0.0033390485521921035
0.015314492402497267,5.8542078936608375,86.7655153466438,-0.006748126320760757
0.015787191578741484,4.697066900239809,83.43287798529128,-0.0026780048906419637
0.014198543649082527,4.286053163864089,82.78061733086805,-0.0040309713912062796
0.015758519852556618,4.946157986553742,84.51725751585194,-0.004454013341650078
0.014268880072330651,5.274763755776978,86.11488375626938,-0.0027289263220181886
0.014351862857279584,5.0891237654029435,83.82902670613828,-0.00697785773189753
0.014826183205285195,4.128281280393235,80.51317700023333,-0.0028574161831670317
0.014693953197734092,5.331675746543162,89.24152959399001,-0.0027948158240572374
0.015362201886393983,4.539095991428608,82.6817812066162,-0.0036686797242056392
0.015577601123031354,6.090548777822384,89.12862481978367,-0.006721303920943297
0.015591092455107845,5.941937962787392,88.01682395944111,-0.006116644767536938
0.01525672467960963,5.9892972557395066,89.18521080160433,-0.004098247550651052
0.016178690134054926,6.386439644483362,89.61052259095582,-0.005832789598616925
0.015009004147251946,5.1934828181566575,84.50144150791222,-0.0012676208482440433
0.01540706470383178,5.914535486630175,88.79088629245994,-0.0013469561492375317
0.015300975250319513,5.464018606643817,87.94487390846561,-0.0029979684687780144
0.01422800254158706,4.622425809460642,83.49336750460205,-0.0035765354465765605
0.015038569303058517,5.40215112579881,89.29788503380672,-0.0036154006044180655
0.015548466741422393,5.56893033370651,89.51679005138887,-0.0034893679342776476
0.015675417144436696,5.727760268209017,86.26855013315976,-0.005738648502422334
0.014363605328351344,4.2439669004017215,81.05443627579339,-0.0032529844714068398
0.014557092575639466,5.418003603003007,89.14781320523261,-0.0033059454015745412
0.013545987440461184,4.891902925919254,88.6243395208974,-0.0030821757910441945
0.015402223087023303,5.55466751419395,87.54973774969083,-0.00251493986100229
0.016313180193897457,5.1136675490962356,85.29690384524103,-0.0034247672661275094
0.015358935761223593,4.742125367149855,83.62856639413431,-0.004529356372311036
0.014509213864203558,5.179034122393524,85.70982153752216,-0.0018318503950089204
0.015802196079570043,5.474546848496452,84.9100651660546,-0.0009944676788965052
0.014303834049123195,4.709139911940413,83.1777927110557,-0.0029401615282747063
0.013898830713784114,4.817078168811141,84.13995937543511,-0.00168894478240554
0.015428927448597989,5.55122143432477,89.43512923601357,-0.0030344894722660783
0.014157047451442771,5.110752001638793,85.79618044834574,-0.0032124065800948703
0.01428378017543181,5.699390250080781,86.07499537003038,-0.005905703539245759
0.015334770926706464,4.3576888085024255,81.79426766230782,-0.002484059593758298
0.01588124715366789,4.522927460654417,82.6343105553479,-0.003917708827793825
0.015413072011040706,4.882755104631122,85.3012107011885,-0.0033108682402821906
0.014053404549195283,5.400811998783081,88.0212680759369,-0.0039973625865915505
0.015548416679221851,5.079856640192475,82.40756042964138,-0.008806054648524209
0.014795023050263369,4.210734642212385,80.94934248501947,-0.002858197429764369
0.01491839554973953,5.353217410806056,89.0335667456073,-0.003671622028123739
0.016212048466726338,4.387407297228144,81.67517127606142,-0.0036088580807425597
0.015633340136565338,6.031834524871209,88.4334541207066,-0.006120927313743387
0.015616247260384384,6.219704282313795,88.78040336530218,-0.00675777156023975
0.015335427750222688,6.041376565840368,89.3897246154578,-0.004110346869420725
0.01622156439734542,6.240846674870182,89.18896803815834,-0.005422025774352888
0.015280513853630011,5.26559827103044,84.46917936592644,-0.0011927550316138782
0.014364798019683427,5.572049512324321,87.19067872717444,-0.0033410416583600972
0.015728044918324705,6.010330387718249,89.52485217552676,-0.0014478355353186932
0.01388421806801729,5.085011208072922,85.63252018870712,-0.0039059068985629443
0.015286087734504945,5.2719594751830705,89.69946439811335,-0.002643685168530242
0.01541643274404406,5.588106223222393,88.92662757532443,-0.003696057549447675
0.016335431687788074,5.918457327653215,86.70592027066262,-0.006358936232092661
0.014598666316616398,4.558537013742124,82.7457411813408,-0.0030803310283061347
0.015017641461418318,5.569886826720823,88.8122538627881,-0.0036406587322140873
0.013674690843796978,4.9019667191442124,88.71113912767235,-0.003195541679095887
0.014344141405704766,5.458406200509775,88.816522130148,-0.001626291862864086
0.015650451852762735,5.050733809371886,85.058079667417,-0.0029599151258563384
0.014964428765563701,4.1220340534541435,80.74173878152246,-0.0046057931745089875
0.015854957222425404,5.6012791026318975,87.61490067765786,-0.0032614917158518835
0.01546147269626139,5.391430066554037,84.6986343454156,-0.0010155889989655281
0.013849661015315404,4.16891507867885,81.53086750708903,-0.0008202310447333393
0.014437791270246967,4.707960397658805,83.11434025773528,-0.004201843526133665
0.015230240846238032,5.4988259971542455,89.92005994183693,-0.0028110774199953514
0.013894593593829437,5.069741212591248,84.8073746404995,-0.002937319499302483
0.014570974500645513,5.8378901256034474,87.17742105189798,-0.0058685786527942815
0.01555518427945621,4.18988733011255,80.71010099557574,-0.002265351531215066
0.015839100579525225,4.385829097763174,81.97963801786857,-0.0037051404490849754
0.015642756411629044,5.180652038955161,86.41549729011808,-0.0033685811578672564
0.01403429371586947,5.515090928523802,88.49142551308083,-0.004221794200371025
0.015612167936309956,5.036485828624584,83.63992674671408,-0.006301907436404178
0.014862201398173694,4.36405246481715,81.85713870771967,-0.0029162652115447977
0.014882628913107569,5.402933140886129,89.26207206536158,-0.0037051773820717775
0.01608580110573205,4.22837441916063,80.20272210667727,-0.0037362282627149243
0.015960101440646003,6.2082592810679476,89.07372054031812,-0.0067993529200783415
0.015580848063103595,6.462142367700611,88.33715681251908,-0.007715005759913804
0.01514566124776607,5.551988888723896,87.68781822009137,-0.002828318012173618
0.016077840297936786,6.212064444559186,89.1294506103033,-0.005538075652910342
0.01484706723807744,6.283468290523556,88.11995506315272,1.1268256815425304e-05
0.014589031048127202,5.362660893194602,87.81116010912234,-0.00355271534509294
0.016210239989952413,6.142824325992063,89.51113546569738,0.00046736787653994544
0.013883122000743911,5.50790792988134,88.26730610924284,-0.004401296832237141
0.015367232120433637,5.606772058485447,89.33664384134292,-0.004068538771147229
0.01538895447562551,5.6727311311439355,88.34654374139839,-0.0028280492953750925
0.016317257153987855,5.842071054242525,86.59137706480641,-0.005654988380996533
0.015101535875296728,4.405358305988701,82.45432910111633,-0.003146393960056822
0.015028778811429144,5.302039514423156,88.93148477672995,-0.0012059978089854167
0.014344063306978431,5.476349526451887,89.6084259804889,-0.0021242380189413655
0.014177214585330248,5.15250538486385,88.46097874648447,-0.0001704586453792102
0.01576703368441827,5.23894980579738,85.56555050979352,-0.0030994832970575275
0.01501302717524152,4.40322222030359,81.73660416958734,-0.0038032217102375483
0.01537113655199068,4.865091726926438,85.63364830560386,-0.0014861242200139941
0.015597597547615572,5.820835866095547,86.206438168253,-7.675409742675856e-05
0.01470936704358026,5.5417249140661635,88.48694663503787,-0.004361556149548645
0.014095484653032033,4.321973410680707,81.52686282074956,-0.003649567840419126
0.01500286306871891,5.456345581059751,89.2734990319865,-0.0030503032123239443
0.014625121337852673,5.325476276518948,86.5244185229288,-0.004014126319280506
0.015125042307078533,6.114884780793248,88.23289884821084,-0.0066084142808911835
0.015587311991699439,4.16350546505595,80.53027929886153,-0.0022382075557758293
0.015573736697014513,4.158954571646978,80.45082173924499,-0.0032374587066152653
0.015442605876035482,5.828530775191195,89.36601960098953,-0.005400583529213864
0.014061053478648779,5.416801866242278,89.07288554992199,-0.003527708758928048
0.015612167936309956,5.036485828624584,83.63992674671408,-0.006301907436404178
0.014884924709850056,4.312693803182995,81.41789604438048,-0.003057597161458007
0.014332547022458463,5.177439631511852,87.72692306728231,-0.0031444278707538423
0.016155440063429394,4.484632913837688,80.53289265425305,-0.0043050587833869175
0.015908389591681827,6.098940764380158,88.83267508246254,-0.00644011386333512
0.01572185387574781,6.690412713374427,88.8311978321821,-0.008278653200726066
0.015092058382167805,5.043713020937648,85.01133820673199,-0.003769780724268909
0.014809281071470882,5.474341569895476,88.0362466881671,-0.0030806431440038654
0.014339427923459167,4.936381958346551,84.15242584448536,-0.0025260653529200774
0.014096809437100226,5.011796410929079,87.45000316923222,-0.0022139917740665697
0.015651115329303324,6.071407315607321,89.99930584274729,-0.00018176708835311627
0.014574803436673618,5.334678558225389,86.45795299331691,-0.002953674080699859
0.015836460306428886,5.4855420061185685,89.39919027987617,-0.0036460445266316456
0.014980446659505781,5.66343169302041,89.33320544950145,-0.0024363944581687787
0.01596996201148287,5.820707090664427,87.14846432018794,-0.005650905505844539
0.015482992691492484,4.955149115940773,85.33855424239256,-0.0033048608302383106
0.014847878171545582,5.2032734502130555,86.8632087308516,-0.0017206963006057873
0.014969022795550586,5.397077304472716,88.09991285636687,-0.003158980850542981
0.013711984629099406,5.390248741019706,89.23508712730181,-0.0007960638011601017
0.015716576250421797,5.227713520849363,85.46596706814752,-0.0031556747535588397
0.014711923945015748,4.29549985073775,81.34636916208099,-0.0041578421716800575
0.015431523922796843,5.062452327848099,85.75962884734936,-0.0024269119482751766
0.015565283984119972,5.79190441094688,85.96443309855968,0.0005300786634315395
0.015241107546505248,6.0529828296714125,87.83285217967392,-0.004784286544196423
0.014319676712798431,4.493607113435502,81.85784593801843,-0.0031061901369440178
0.015300785912235411,5.552434781538712,89.00203019555445,-0.003356312629400986
0.014477143583491708,5.410039318229656,86.9888200612197,-0.004141883351815182
0.01540653724382783,6.006121742905353,88.08730325524752,-0.005945662991882321
0.015557354317487879,4.587824607203776,83.06046661132241,-0.0017054130137468034
0.015692628193443962,4.044476317142763,80.12525123877556,-0.0030923090347565606
0.015576046788128852,5.096918804486676,86.24926594265258,-0.003926192861112619
0.013970468228007365,5.376523831505252,88.98179720701926,-0.0036831229588742986
0.015790020321414272,4.700101163346166,82.0974952751438,-0.0064604964596900755
0.01504015714632709,4.512579176827421,82.60582666054526,-0.002951610972833199
0.014021522910472924,5.232201419826111,88.83897012092646,-0.0028883424107330998
0.01570476103948828,6.018438090048232,85.56422073628401,-0.007946533161240023
0.015756601706628477,5.9537751195485535,88.22010726025147,-0.006014695445362397
0.015868847236955225,6.463168555643962,88.1313218202705,-0.00814170397969223
0.014620234417135204,5.474413288503458,87.80095906206608,-0.005862827551356565
0.014917694060168237,5.407476197734786,87.33313708956081,-0.003337149438791492
0.014602799080226854,4.771702578757872,83.46608305188407,-0.002589744089944884
0.014415889690263892,5.14403329795219,88.30512818460053,-0.002652218879162265
0.01574294190441072,5.988666044955257,89.88399914975993,-0.0008818466279961971
0.013532996043320773,5.640591985678206,86.54795244175911,-0.004497581572295632
0.014861951965452022,5.46418358649096,88.47776967657,-0.004479572986102347
0.014739204228617391,5.54982314354274,89.4421739839388,-0.002766078472484972
0.016081916122055888,5.933702647279193,87.50876145197996,-0.006125746320127717
0.015634535999025697,4.565543962690627,82.65882974152935,-0.0030047034252468825
0.014405568692208333,5.368354070451424,88.37240852496355,-0.0016102471792689883
0.015719192982056002,5.220955911714364,86.77073689834616,-0.0035699362988474226
0.014187278262684528,5.226531391892599,88.09063588264088,0.00012629648210420782
0.015352764642176692,5.146372506177642,84.9711477498384,-0.0029636585093082398
0.01442611227334575,4.1719160600590515,81.04841572660247,-0.004874942495715677
0.014764978662239811,4.730915276073303,84.48627978118927,6.926998654601269e-06
0.01530050141940652,5.792245035557653,86.2651052021436,-0.0010151900718258075
0.015324502322291591,6.149031741967586,88.08376774980916,-0.004904731391923841
0.014707395481065037,4.540127088620698,82.19198331456627,-0.0030951698304094513
0.015264163033288125,5.542783689618139,88.9713241667631,-0.0032700461875445107
0.014867822214045874,5.320838870018903,86.31933667724032,-0.0031721643218477085
0.015222228830832484,5.228090291584831,84.43394394014794,-0.004989248680210013
0.015725211068550845,5.12026094890117,85.30885664658459,-0.0026139573586629675
0.01570433529674239,4.023845665551655,80.01292013980209,-0.003121364165640274
0.01588091806198642,5.578327628395977,88.76127929191725,-0.004166077820426724
0.014239497471325996,5.432253823953592,88.85600740414866,-0.004622681065168288
0.01565603347121103,4.544097592345845,81.47946859989574,-0.006604065828245861
0.0147341018249234,4.208028053504663,81.40865029678173,-0.003943707061334598
0.01471540392163254,5.477804223843544,88.32814064738248,-0.004026682574082035
0.015133206324395717,5.7789345948105195,86.21737883674169,-0.006921961482863268
0.015969077440893906,6.0620782070577555,88.55074835924557,-0.006587774565077506
0.01550298186664975,6.215806022903047,88.19263334045635,-0.006395976965542182
0.014853742248291373,5.387009022806131,86.8490886160377,-0.0025875395772066885
0.01459392083807628,5.268139715968519,86.4455102697616,-0.002497058366994598
0.014949992077275572,4.787390823562482,83.88287760251245,-0.003500643338125232
0.015028933568691373,5.303830699202769,88.36806951401276,-0.002946786643601783
0.015462164691456694,5.264320033301983,86.67142115523494,-0.0030500144529210203
0.014413817026689322,5.511872653233101,88.53705349500625,-0.003039114406451931
0.015146457844793538,4.944732262082035,84.72225419962433,-0.004237615315404787
0.014800543942699222,5.568664868994603,89.80612514363645,-0.0029728429601885735
0.015966686774699264,5.894478714031037,87.54426765543683,-0.006017017147287505
0.014687372642860519,4.245323343850211,80.21873541180452,-0.004641941696622116
0.014868461820365447,5.668204374322675,87.91447744034684,-0.003042577883999354
0.015583586906717161,5.215031733800613,86.17347674691271,-0.0031009357282638437
0.015448963389409038,5.422556053984144,86.3729385619475,-0.006476900499297427
0.016458066983464567,6.122645650202932,88.7720561694363,-0.0008435438488434508
0.014818527800763955,4.461527581532654,82.51742118685635,-0.00457193494555358
0.013962714330312239,4.51385971831263,84.27275821729476,-0.0016139335535524653
0.015117452038003782,5.782361049950349,86.52465837747602,-0.0007038501180667003
0.014365174222787188,5.862942988052481,88.40641703255285,0.0002798447836421169
0.015146376153811095,4.307540426156131,80.00552304490465,-0.005204094253086978
0.015201552355009388,5.504876682508918,89.1333002971902,-0.0029715230868895435
0.014842642748023268,5.271877711056324,85.47593956929732,-0.0030747264682633823
0.01497284755621358,4.707306909655366,82.18614781239468,-0.004776150367450114
0.01562385252596134,4.799023359264303,83.90485717096084,-0.0021534393507479225
0.01570433529674239,4.023845665551655,80.01292013980209,-0.003121364165640274
0.015954271158325276,4.982603131569831,85.35955771066484,-0.004164728761569574
0.014472154553928656,5.4808984366091735,88.93268898230893,-0.004156821340729985
0.01595572472197406,4.576107556710826,81.67271196795781,-0.0071646568213117046
0.014304679730921886,5.043670775853968,85.74105012327371,-0.002319488924435026
0.014828846860589181,5.929288516766908,89.33287069273766,-0.005297039680610341
0.015028464918400042,5.778156436648366,86.89553788883144,-0.006395181023585276
0.015339405396401638,5.662760327319995,87.82842544330957,-0.004756621829055431
0.015360194260128624,6.537778553878771,87.4790073492169,-0.007972516592094043
0.014462568431520368,4.650576444672358,83.42363882793816,-0.003412303247425639
0.014622611537797162,5.4512881642128,86.90311414371394,-0.0032714310059175165
0.014992530848550007,4.8985654615318,84.12869991900764,-0.00392301516009003
0.015287552882514382,5.2949031200981995,87.1850379363861,-0.003272411464034376
0.01513050242864896,5.6979506261867385,88.98314359258283,-0.002409439290850869
0.014712321981241935,5.60559824579626,89.56203250587453,-0.003047877147677778
0.015609181514804138,5.7023760137890465,88.4730007379028,-0.004428832785441208
0.014800543942699222,5.568664868994603,89.80612514363645,-0.0029728429601885735
0.015966686774699264,5.894478714031037,87.54426765543683,-0.006017017147287505
0.01467783224781455,4.593931038957036,82.8019335747971,-0.004146682444250544
0.01452166472201861,5.6261050086569595,88.30223307208044,-0.0034473926898888905
0.01605543430204228,5.4705466914215375,86.8460005882203,-0.0035618089957291585
0.015574275134852763,5.225141083906866,84.78772820796165,-0.006935938370302848
0.016453610263577622,6.36208774175175,89.78670078541523,-0.0003032840952131737
0.015096211414730741,4.3190347447504704,80.27959608383885,-0.0059009533848877185
0.014614976878726612,4.151976787845788,80.69106954809033,-0.004956667969744875
0.015117452038003782,5.782361049950349,86.52465837747602,-0.0007038501180667003
0.014156220524391189,5.624944156018199,85.49490076747311,0.0010275891974768515
0.014206617309611405,4.905909088932523,83.98518328512057,-0.002577420136530324
0.015267966971078134,5.61851474365297,88.99079416423758,-0.0037629654305762735
0.014499762658034496,5.247365254442003,84.28004231405163,-0.0010130282859953238
0.015059509566672333,4.8274473121818176,82.45363340575119,-0.006498911914787919
0.015105154761947744,4.875642515636177,86.12229399538585,-0.0006999124217727244
0.01562969163883499,4.245781605775292,81.37651344225658,-0.00309864010646054
0.015213697030718006,5.485635477574562,87.82946376223178,-0.0024815711446900023
0.015080216990730097,5.357927213034123,87.52298780102767,-0.004320689928647389
0.015966527498110256,4.602208237144286,81.91766187973536,-0.006942389425843859
0.013797791343005001,5.291357205110956,87.30797148424628,-0.0034836009022828143
0.014834363347516318,5.8775260909672165,89.64055356709143,-0.004315829031198501
0.015850175944376967,6.595822074433855,87.7164603959682,-0.010775790475456903
0.015705759799898935,6.009618705274843,88.39379340841954,-0.006277233605028824
0.015629304143280016,6.049827878460663,87.09227261947434,-0.0061085433967293075
0.01385580429498464,4.808355280367277,83.97293739752746,-0.0042110059723239335
0.014360175782195868,4.691565301699205,83.51817259880973,-0.0030950038857988677
0.014751543118061641,5.015717280855577,86.15461793256065,-0.0030054296607668826
0.015039500174116264,5.248659838906089,87.35189901810465,-0.002819623125863136
0.015166670888059317,5.589533038428444,89.23790408426164,-0.0026973014064411967
0.014720310665124968,5.614021433277138,89.68246687181828,-0.0030258540245007397
0.015958761700769028,6.036434683899352,87.31131353663933,-0.006394568938488446
0.01493360134016672,5.613692007376238,89.67405176085727,-0.002795218788693705
0.01604640196483337,5.929822719922449,87.56370355159208,-0.006161188617048703
0.014171365593549526,4.406732590821887,82.33134789155824,-0.003096156952840263
0.01429832583080228,5.604838699882693,88.62612959314023,-0.002551427098531054
0.01624952774886706,5.410321517739439,86.47850241396517,-0.0035960196051433154
0.0155554784474201,5.944684133589497,88.0360650380491,-0.007601043960990706
0.016076904162051462,6.176611699372495,89.75878280794262,-0.0009208640246338045
0.014819765166359624,4.437426302899617,81.86150149655519,-0.003809520087210879
0.015203640381608938,4.534686231356438,82.5835057979797,-0.0042553620944764566
0.01597436630415112,6.061616025284116,86.31041584944523,0.0006341430658056233
0.014685235311234331,5.639616390739295,85.66002673136077,6.959216157880659e-05
0.014774796426694398,5.443264992450264,87.6079840173765,-0.003442087686747362
0.014694563808758419,5.522495908591289,89.91047700224671,-0.002780966608909022
0.014604495956236759,5.2638835751716115,84.6663043363671,-0.0008938527045532245
0.014732705203178499,4.093236782172108,80.3744777271241,-0.004361166780027114
0.015040804351071035,4.606713735812896,83.24386721754351,-0.0018236666006099832
0.01550086448908182,4.375656168493419,81.65480975301817,-0.003199941632713134
0.01589097666698876,5.422307078766336,87.35524393499801,-0.003484464998173748
0.015110677190278235,5.804592719018223,88.99005547200986,-0.00798838419242134
0.015980972787019,4.457769079284449,81.46192892827882,-0.006540447201294941
0.014089408053846474,4.947656306079592,85.36868325179935,-0.003790959064549367
0.014847155093646234,5.701139613393601,88.36918569443367,-0.003203866948572042
0.01612979007187459,6.519423479124132,88.1059159917349,-0.009551560135385587
0.01626855403275805,6.468519735434574,88.36519423113276,-0.008827976879184433
0.01618856443255688,6.61707018191688,87.67491904029968,-0.007882351419842396
0.013720151740063552,4.942750288694313,85.12465496265835,-0.004618560710984055
0.014878155092707367,4.726374574578208,83.88321787330376,-0.003771228847514803
0.01494524973468297,5.192753649541026,86.59798808653136,-0.0034436334922836875
0.015688557285608872,5.50848148393162,89.5884779413222,-0.002839275995636909
0.015119719847091602,5.338233407206382,87.72860086862099,-0.0031619566719122407
0.014401602451962378,5.659599282507014,88.53223958903371,-0.003612782211367061
0.01609824685099829,6.590593539458974,87.6420108215254,-0.007683915720951895
0.01484694001782155,5.692476129935276,88.53246631098715,-0.002992929408005992
0.016165676517970816,5.990054066986979,87.87584794246608,-0.006470037892819799
0.015965618895336244,5.154024694289597,82.6269917201364,-0.0014637940084541935
0.014572055230794214,5.648917475486523,88.90470488574236,-0.0022043999559947323
0.015601462655807755,4.8644515923570415,84.09106107729716,-0.003246186499801901
0.015515808453611436,5.991125439009863,88.94676539537636,-0.0072708114624042385
0.01585739301471963,5.517755993652539,85.77583352059106,-0.0015660332702349357
0.014949500361949595,4.915955045072695,84.43514746463902,-0.0034626150855006973
0.014700765961453102,4.356367517581213,82.11654736017788,-0.0036629754633173057
0.01593051988094758,5.9291532262884195,85.9620033668024,0.0003221324337015848
0.014121120212620152,4.908983159332883,82.58884098006585,-0.0006365744830621389
0.014766292509604647,5.3238645561506095,87.88953699410851,-0.004344655033010758
0.014686021858669646,5.5163311812286615,89.90797613322617,-0.0028488185051515143
0.014605038243908738,5.2017155466371054,84.30867887622296,-0.0004333254680643204
0.014558579574373407,4.073626305936238,81.04052584752993,-0.004716416749726564
0.015503941425447537,4.567190663048227,83.46215808018763,-0.0009694789200797678
0.01564155431171448,4.118686901019533,80.31045547527754,-0.0029623892901692404
0.015452193407216425,5.571046956607556,88.17069627168779,-0.002813820598422166
0.014330521541321297,5.094262633543475,88.84019083786825,-0.005934799143434923
0.015613361640637143,5.051824716820234,83.9377273690067,-0.00636471979974419
0.014299693257401687,4.988569279348405,85.22431917460116,-0.0033043874806449416
0.014253338889632934,5.426509234986493,87.31066103841924,-0.00395255476060355
0.015798562540224638,6.125962123294174,86.49441887671607,-0.009083999834761537
0.01626955059524132,6.323522557153891,87.78414642407812,-0.008033562441111683
0.015648708511772507,6.068391761233985,87.43495686763681,-0.006482284892060837
0.014738450796132051,4.485752598760743,82.13447203615121,-0.004253273613673781
0.014657197804323239,4.530720974481489,82.77604668078725,-0.004432208785993817
0.014448918451813923,5.181549151291009,85.33784174485787,-0.0034350102564459054
0.01544333891473873,5.387953384825736,88.91490951325449,-0.0034852197861843823
0.014382516681941833,5.2975473046122135,87.99577202898406,-0.004586509985747564
0.014411908093126733,5.179061433117639,86.28627099815195,-0.00415361850583146
0.01626544901537933,6.699310196061197,87.62952305357021,-0.008040213345567211
0.014733116331535859,5.68407314699689,88.53240836319544,-0.0031513573881314936
0.01620949612914643,6.000768149923514,87.63968517274483,-0.0066585758954524335
0.016200649440886155,5.107136617637576,82.99015392718192,-0.0014898679126086828
0.014813351917652142,5.520576407479142,87.72571929086679,-0.002598775232298828
0.01578867774983363,5.556662949153065,86.69900427215886,-0.0049697715747200905
0.015596022142578261,5.95056687923629,88.54536605013006,-0.0064889956745247945
0.015799814502953778,5.347541540758959,84.97491649574071,-0.00017609496233865398
0.015061800030006898,4.971668221997993,85.19805112276383,-0.003778516519880727
0.015076803582195495,4.199756225590362,81.4461729492829,-0.004303728149999477
0.015010361588763094,5.918712362064202,89.60431368138617,0.0004544874857159136
0.014897641387658804,5.1877474255187845,83.72734777957456,-0.0024135911068472334
0.014609301565527325,5.04222907209369,85.38509491699638,-0.002691900876544328
0.014686021858669646,5.5163311812286615,89.90797613322617,-0.0028488185051515143
0.015101154299265519,5.55674550678285,85.42302718065386,-0.0007853981043789652
0.016503318248340216,5.862780220344238,86.74810830793669,-0.006108187963918801
0.01567147953744616,5.304515154373696,86.81278808106643,-0.003549898740250843
0.015520284335097364,4.208927243551873,81.0994523877356,-0.003237335944091483
0.01605430214244426,5.5199329622804685,88.16871735587857,-0.0021792685534542623
0.014243474143955919,5.159037008652012,89.40653157342918,-0.006132155416651792
0.015337476616339753,5.047400057040922,83.43175743321919,-0.005399756479468684
0.014414604623809802,5.175166353339925,86.19513191279457,-0.002964012035926008
0.01431832022361207,5.3365195981838855,86.88882585114347,-0.0037549602228711568
0.014770714014864933,5.115446023979039,86.34044417939701,-0.004388501251872244
0.01688553759467537,6.600149208954502,86.69662118388291,-0.010069907770791493
0.015796238831754232,6.0250157745917985,87.69919953996762,-0.006737303191718233
0.014442516270699963,4.213558311577902,81.2959283321962,-0.003862885558166267
0.014506750402327085,5.156362560868878,85.85878546825982,-0.0032339619181417536
0.014699881098020902,4.939027840500101,84.5492671008492,-0.0036201731755042617
0.01594757775701746,5.302476541390428,88.25370327374455,-0.003908950167800721
0.014427769179722766,5.137611022293406,86.32883177678197,-0.004311465199695672
0.01558632070122158,5.879387013745315,86.39351953728136,-0.00645170863269961
0.016967268103551727,7.21303629738482,88.04455981032017,-0.009996288081395351
0.013925627803242621,5.41712864294522,89.05378766947256,-0.0017348543271848583
0.015789179364269035,5.408896081847215,87.7296772566651,-0.0040545250972045255
0.016445634426037564,5.693415548325546,84.53448348234484,-0.004047738929528356
0.014787790668143064,5.7044224876581655,89.26708112850199,-0.002375348552563627
0.015978830775804722,5.941635558226159,86.82267029737179,-0.005349973366255899
0.015257418656026494,5.901188844754861,88.9451386899359,-0.006500337236208378
0.015728591836018057,5.565988838904532,85.69107827966005,-0.0004964071952472124
0.015448778754450715,5.089639454541835,85.88433199476904,-0.0039257922318347155
0.014812346571390786,4.557229271875256,83.68342113420988,-0.004881885478473477
0.015117190650988465,5.795648147306102,89.53978741140108,-0.0004085356862959808
0.01465925634511803,4.836203908006854,83.90318578391516,-0.0006627563592458904
0.014590285306929488,4.989839841245781,85.31251483950912,-0.004180148967974055
0.014686021858669646,5.5163311812286615,89.90797613322617,-0.0028488185051515143
0.015071253447980564,5.1502776340953,84.01751282483502,-0.0013998468396256188
0.016406255249976104,5.498822762234059,85.52694719141535,-0.007255585364329227
0.016124174885819006,5.393209512703114,86.62330465753567,-0.003757848510365139
0.01555796291155643,4.321574052110875,81.47402888668601,-0.0034818713100648723
0.015191749534358352,5.462369150551721,87.22799040575491,-0.002427003594572692
0.014168104636386968,5.1631421822212475,89.64491885072346,-0.006327724829232854
0.015131755378982075,4.706525101058273,81.74465972622383,-0.005155077745761511
0.01469602400526174,5.603876808122029,85.9633533165802,-0.00013695987591511808
0.013571901645697658,5.16481969070212,85.67196772297903,-0.002062027547440267
0.01442737565381699,4.9194569863058595,86.29937880590442,-0.005741492336009334
0.016214643994555293,6.448325141051731,87.53841536795748,-0.008677553484204275
0.01584349462828196,5.962903470862552,87.48788160742795,-0.006478578754022432
0.01445363080809866,4.251489565323305,81.38253096029165,-0.004313923032380857
0.014539080112843817,5.133121640919693,85.57088959131322,-0.003836381175855424
0.01409054510856959,5.121448556935591,85.1825338926952,-0.0053894618442235885
0.01613477085157518,5.036412551522036,84.61772754778909,-0.0022200659111020356
0.014787665920994859,5.281186402244101,87.23668254046201,-0.0034563205798793244
0.015481489320296244,5.706006954237411,86.15273978645477,-0.0057986102836683345
0.01624533185439069,6.971921352714638,87.91702848431763,-0.01056411707049668
0.013867943341369203,5.510293267345243,89.92358439462119,-0.0025672488007206853
0.01594732112578814,6.008641726488862,88.577237113704,-0.005708376351201127
0.01662268322034324,5.136510883255837,83.09323550337947,-0.00013806196870985027
0.015053630046990932,5.446551830384998,87.17280467931573,-0.0023511020094758132
0.016195866910993763,5.92214560461225,86.79930588124196,-0.005414751816010324
0.01500615516707342,6.067646678577848,89.51996822787824,-0.0073813856386176595
0.014522662839064608,4.965298628831534,84.70158112951798,0.0010404172798429822
0.015204356814051018,5.096357606821455,86.02057503319969,-0.0036570275134368466
0.015832741043834864,5.9918709731860265,86.01354660814864,-0.00796855202494117
0.01462521536440623,5.266530198626818,88.09677167375213,-0.002737291935650843
0.0146535441223383,4.851735057603005,85.12586350551028,-0.0014492038676868165
0.01408932415089199,4.36076586944319,82.1648094331471,-0.0047154891258685905
0.01563308155195815,5.63726175524622,88.56264770093605,-0.002585089962227613
0.015268009288400127,5.166043259497114,84.31900589723665,-0.0016590419582949234
0.016397591848813696,5.483334702911985,85.58585066893096,-0.007254364113022094
0.016178882894898442,5.254336215370078,86.34544900996912,-0.0032084534378490235
0.01551262219721304,4.467978981802736,82.25717099961916,-0.003417760919217399
0.015156205749423056,5.618845829301358,88.41333183758917,-0.002913798903991364
0.014549015025145488,5.330557107023647,88.59478120219737,-0.0053290653870041406
0.01512048982250314,4.549551847991815,81.88363481847293,-0.003967062248496051
0.014752491307107455,5.964192669061572,87.00280228419845,-0.0007214029922995007
0.012863109281855457,4.926113084107926,84.97434998183097,-0.0019122653810539345
0.01474534318299346,5.004090770052491,85.05496269528187,-0.00392967130495399
0.01638032642052241,6.934595448306813,88.409117567622,-0.010267017986431821
0.017122917831922404,6.317183073443677,85.09860570997628,-0.010255713944261221
0.01456976610534957,4.332469938250776,81.88811165160955,-0.0035898439297282502
0.014249840669010411,5.875747201859467,88.00932439597727,-0.004245069572866843
0.013692916134266778,4.861321665676565,84.73920824630781,-0.0050043592935457275
0.015808754785190164,5.096985713429224,85.14369585493105,-0.0030004738710637476
0.015064909942054476,5.733764397805787,89.97152744130035,-0.0027991962586978968
0.015160299114359435,5.601200756756178,85.55387798880682,-0.00661741411338317
0.016265099103671774,6.998593473044742,87.92075398535096,-0.010685522342950726
0.014792558513653242,5.378892022127488,87.72856824997456,-0.0039870331635936595
0.015498277561089553,6.017315489025784,88.46759692030813,-0.006089097085844274
0.015572040626809157,4.33551364478312,80.26558106393672,-0.0008194585275457409
0.015188170359893144,5.14632716917282,85.70200350746937,-0.0031395985427455186
0.014981829318292268,5.259683302580887,85.39949366462318,-0.0026623763265580212
0.01500615516707342,6.067646678577848,89.51996822787824,-0.0073813856386176595
0.014874487553179064,4.912808568120713,83.9367331249922,-0.00015244707415215577
0.015419165310250593,4.96746941010995,84.70201070968947,-0.004040384126532595
0.015905830370623437,6.203206830829976,86.42716069793832,-0.008704113844010736
0.014419696144380021,5.29715824182987,88.95484125759468,-0.0020797423815940965
0.015037755731099514,4.889486680633102,86.19497671790057,-0.0015466221963065198
0.013868931065391742,4.009791735361671,80.59426010888635,-0.005042292067504259
0.01530710449275534,5.521731402219395,88.79472647908293,-0.0023654194377620485
0.014753493205786204,4.995795128185416,85.39400270893579,-0.0029967274870907824
0.016397591848813696,5.483334702911985,85.58585066893096,-0.007254364113022094
0.01632176534567396,5.222812816498115,85.9019473315879,-0.0037111679247116202
0.015685503733908916,5.410793772826855,84.62003405885304,-0.006401016667211717
0.014962311275917595,5.593686410330205,88.91225317188403,-0.0023109610271671035
0.01466537973673083,5.927135017131789,89.45024464981405,-0.007345625403807717
0.014996211275721618,4.722498416628163,83.67860533101171,-0.0027833004449025816
0.014413296917992105,5.453042360656966,86.67525640954588,0.001292291224547608
0.013521041828175378,5.186550022194628,85.85770017111882,-0.0026881346940634994
0.014176133298700261,4.354628511266399,81.81600112202499,-0.002719045068534243
0.015385620711343783,5.689525863730432,85.78558274848534,-0.006589533999247185
0.01672998341512585,5.9517773479083065,85.11441603762556,-0.008079104105939603
0.01456976610534957,4.332469938250776,81.88811165160955,-0.0035898439297282502
0.014139925242423891,5.920385229572194,88.23077743853226,-0.004234779352283935
0.013273447888624432,4.2930754155886355,81.77763353790192,-0.003919838161552094
0.015603243012651207,5.19435606833586,85.89919675139808,-0.0030608980639550845
0.014986686976315009,5.709288276070581,89.78669562684708,-0.002810779388316778
0.014876863578641167,5.625129536487469,85.52921347341557,-0.006467018520160179
0.016258278176655983,6.9965551907191665,87.91654816758476,-0.010683094008207437
0.014894944209065288,5.486983360650285,87.69120451561476,-0.0033083242948191644
0.015469845376053741,5.658583240911003,86.33828125533084,-0.00627671617711186
0.015594629053816403,4.309090264277274,80.1330933883896,-0.0007597779541946054
0.014939133424982487,5.200442799422864,85.7932479582247,-0.003217192398144631
0.01554197642137488,6.15462244943275,88.70125951840672,-0.0002794689938204267
0.01432915891276971,6.02036156742335,89.44173184745887,-0.006593444151210876
0.014812304010828057,5.031306483210691,86.42093728271715,-0.0023909939957931278
0.014863201779329314,5.080547263752243,85.68813920110237,-0.004012903574741431
0.015525819399043137,5.72102435276927,85.90023280751217,-0.006583978007780836
0.014706823962217537,5.616220852030355,89.13230798297798,-0.003384014984864088
0.015212182585643965,4.967486102591918,85.9658537386267,-0.0020582396958585252
0.015342152939665041,4.370840705710387,81.01929626272984,-0.0050945826847946084
0.015999721899085405,5.651711420662634,89.93367618341688,-0.002240273658593534
0.014318106177293568,4.7761447822662895,86.67638922173045,-0.0011541318385212063
0.016397591848813696,5.483334702911985,85.58585066893096,-0.007254364113022094
0.01629802912530691,5.214682967471973,85.90731259497994,-0.003650311935535372
0.015281779740559167,5.3305271592173264,84.58511460708516,-0.006847146998539256
0.014764247880909144,5.4145887008750595,89.04170255611591,-0.0029107872911020333
0.014709665508731791,5.900603680239348,89.44713960201817,-0.006957450547190721
0.014650305744762452,4.64224855835349,82.73353394950583,-0.006234898513777313
0.014950770147304214,5.67221216333166,85.7027548266909,0.000258599435914021
0.013917098759201536,5.200172545194776,85.81770541129377,-0.0028344861541566412
0.014510480921959827,4.528127187123787,82.60271978597471,-0.003806569519785462
0.015961505073162276,5.792866925213052,86.21628876547615,-0.005944060050202703
0.016542683100768354,5.849697158540405,85.03753559642928,-0.007664331112837595
0.015225667553181497,4.861339396965827,85.10649408046001,-0.0023398496560939827
0.01429707313439262,5.988327251030182,87.01695819558388,-0.0056099466397243475
0.014034988795125365,4.6059691870918265,83.35271852143359,-0.0035685430119100628
0.016296006312531204,5.032901283652227,84.86943228408346,-0.003435283378520334
0.015221171999270757,5.711095525045784,88.56580490639652,-0.003097092362362313
0.014999785172599159,5.951584274917152,85.52046081516642,-0.009001852066409894
0.01576727730782845,6.505495995886874,87.89225386891985,-0.00871209623473247
0.014640429664917557,5.603656511653724,87.46043572958496,-0.0034729096832163695
0.0148544396386815,5.269947371813246,86.86468045844815,-0.004117524122935186
0.015428520241241223,4.660761348977665,81.57000734361263,-0.0004970473197133488
0.015579364322465518,5.40648567037532,87.56205802887793,-0.0027161922032255753
0.014983245464949217,5.732935053850408,86.06155142486831,0.0009217074847673802
0.014379923306067875,5.6592404184930105,86.86013800400923,-0.005969051073090149
0.014738235376152998,5.298604627203958,87.20783568848262,-0.0011693953991779359
0.014819893492303364,5.215944900293766,86.80559901956711,-0.004039460906360788
0.01653004045415126,7.033239225431316,89.01968606471362,-0.00978729421633155
0.014890596298170642,5.711228662793894,89.81444023465558,-0.0037873208661149604
0.016272592096563027,4.462602055246713,80.20412298224174,-0.0039380379965157815
0.015325997224673373,4.431478746560277,81.36013791267993,-0.00510434973111522
0.016297865224616754,5.6726293158253664,89.50197490999649,-0.0023941941336591867
0.01499975539764853,5.085141201521729,85.62685040600599,-0.004348142331137018
0.016248964140656488,5.488722288000584,85.75052035593795,-0.007128548721019658
0.01568493574063298,5.404181370883592,87.08822499556938,-0.0037287002701184313
0.013668546237056052,5.687695136559081,88.19238700060473,-0.007349473834920847
0.015034603773411958,5.554553726984018,88.3959555437092,-0.003826362412347066
0.014997235845330761,5.654819014104355,88.68594658379419,-0.0057741034752384094
0.014261318200371607,4.626356626307722,83.58567740978935,-0.0056272186203879596
0.014873432780564206,5.588025381175335,85.6518369656666,-0.0006889432073345896
0.014947187484754406,5.240036726386183,84.34926359211745,-0.0065805854551081655
0.014756667692274005,5.091978155529252,83.57188085420044,-0.005585112535887832
0.016311550150470273,5.715314671734869,85.74069790226248,-0.0052451823403923846
0.015670802038690933,5.678967422723482,86.44221799249726,-0.005991335140682375
0.01548958502898659,4.901394874876237,84.16384802949115,-0.003590518167873193
0.014464331970361375,4.439721404140395,82.84768436535757,-0.0028369437425845006
0.014672223966648744,4.974036835649205,84.82021748183246,-0.0037193907839420024
0.015332720308040641,5.202384905773877,86.18502611575565,-0.003254351914107218
0.0161281263679287,5.8819380178253455,89.46772781751835,-0.00023375569689207225
0.014792410111424608,5.801761615612012,85.95120757468747,-0.008871242724631613
0.015757149575403456,6.497593274257598,87.91227561835471,-0.00862137402082154
0.014159676763660402,5.453679716108018,87.81048348220072,-0.0026912508242152213
0.013826732024404237,4.851110632824485,88.17592068803492,-0.0010767135970499643
0.015059413340980583,4.487982782319308,81.22532746941458,8.35790173580632e-05
0.015583684753417482,5.1552023724094616,85.95353021641398,-0.0029623494016581126
0.014475713304246735,5.58627924451318,86.31699387580511,-0.0007812953751844673
0.014406684003677655,5.68107446123793,86.2821058524284,-0.006617267220315236
0.014531833733735117,5.075723680956727,88.57289410022732,-0.0013135134044761675
0.015474046990546187,5.249205659203534,86.22059163747699,-0.004006087983504683
0.015132481064808044,5.481427497231326,87.52418214819187,-0.0035252499557797304
0.014877244021923707,5.649491263351141,89.19207597738811,-0.003966555248855948
0.015367530403958768,4.983240337074989,84.8801496013775,-0.003363715149579523
0.015680596548984058,4.240107789911834,80.19608139750844,-0.0058775786055499215
0.016331490115749112,5.646257403524253,89.39972816291721,-0.0023101722447432978
0.015478947237121812,4.6576085762494746,83.89821049283749,-0.0037705460382994253
0.015353160294169896,5.415086091223226,85.14150228347337,-0.006359284790316699
0.01590945959598423,5.886394577211414,87.34031622810281,-0.005773122784956074
0.014329320639548481,5.563385072487036,87.98983148509018,-0.005694517425752653
0.015144275595454625,5.522443318348788,89.61322921309619,-0.004253010616925221
0.015330034049719705,5.872432715317196,89.07593290493647,-0.007099619582439656
0.014517135414899594,4.686893989305366,83.89625959337309,-0.002933731742721321
0.015248987458807275,5.303924339692695,85.78884202080266,0.0026735517843753743
0.01474700192482864,5.069645787469126,83.82782212392013,-0.006746044680108739
0.014557136462378856,5.146133416121305,84.00950151480131,-0.006088099102775089
0.016287597667211093,5.711343692911084,85.77061932110429,-0.005348051685631782
0.01545066334323583,5.517139307958294,85.20051126949774,-0.004893815698165555
0.015465514927620754,4.909725487635819,84.2235206265708,-0.003617719898683076
0.01463915944187061,4.227361339602376,81.26352167671149,-0.0029947903142799634
0.014434239451346387,5.1152792713571325,85.72733019115486,-0.003691623209671924
0.01566751612947641,5.181731787105961,86.04510598326462,-0.0030847658853549263
0.015693780223954186,5.633844952310215,87.66201484181178,-0.002857582846935737
0.013914197515914913,5.828708906598123,87.24961419947714,-0.0059623809594205514
0.016304613438639978,6.100565209155825,85.01967993288794,-0.009712323051142195
0.013522906781206552,5.630508618527004,89.12410768996173,-0.0029783218079658356
0.0145455394542055,5.441486471688684,89.8743632756743,-0.0021899864161862006
0.015021629855960924,4.529093481559836,81.51592087208279,-0.00014634023788519896
0.014982446185725275,5.060116931406084,85.55264218774755,-0.003214555631749831
0.014677815062230364,5.72529451656653,87.42067345778946,0.0005544990043367696
0.014356112124675349,5.720168563100026,86.41277577010388,-0.006687857572999254
0.014487557581976248,5.085818722221892,87.332681317673,-0.002956683799192313
0.015002497808941369,4.708420876310883,83.1730933747085,-0.003803689817616757
0.01514493384959424,5.505788760379529,88.14118985200399,-0.002685189669007388
0.014979958042482698,5.544396138996107,88.87372086874406,-0.003638794014238208
0.015370593077279594,4.949912445913322,84.68105728224299,-0.003379309718976229
0.015623485942719445,4.578814030245457,81.61808779874576,-0.006088373997440107
0.016130451661781085,5.512399879932964,88.1930581685854,-0.0031338209790945258
0.015415579384385245,5.154176415916686,85.47759363537388,-0.004074394325936049
0.015466158983451115,5.511874040674999,85.53539769614378,-0.006669068201248764
0.01578223502448807,6.0092869173295265,88.12784349258465,-0.0065319135997602175
0.013876262775988439,5.880493918062206,89.57231616295687,-0.0067811877403018694
0.015115900358017544,5.520235982745219,89.87011083730438,-0.004594570490184462
0.014812823723581626,6.033571804926571,88.38126780829994,-0.010115925668701994
0.014669341945567621,4.47527379007755,83.13582800160228,-0.002664325820617918
0.015073879840956364,5.614072508652453,88.23873793438084,0.0015989746964897127
0.013922447543726582,5.179033626603226,84.48401937554117,-0.006549010251129721
0.01416359820928725,5.142068146442737,83.80879943311784,-0.006358570282302719
0.016071305796679015,5.561696405339092,85.08602637065181,-0.005333726545067526
0.015065812194714529,5.531957654944046,85.00661129653876,-0.004862518006091866
0.01522480089198705,4.778057065087271,82.91391447377362,-0.0030740746386545906
0.014190925156912074,4.407512180897385,82.4045863072308,-0.003952153040858492
0.01401610199671538,5.35777541965202,89.8493278380908,-0.002177145963375129
0.015249765915052452,4.490815264353043,82.09968801730415,-0.004017811286190064
0.015420622093696537,5.02780492072057,84.96987694288529,-0.0034265126753658367
0.013865911545871119,5.846658874420404,87.35602389828834,-0.006015313317019475
0.015990611199093768,6.188060141562327,86.83377896647417,-0.008430361479628412
0.014698072316381702,5.413252258958606,86.44628437384705,-0.0037263742788315496
0.014718663625710126,5.485207380347874,89.57386331114171,-0.002763132048440196
0.015080643770702779,4.40241302508621,80.93433114904488,-0.0002985844420224323
0.01485059772383808,5.16173248622834,86.14952862027762,-0.0027691254259346047
0.014338756565580115,5.994963022963678,88.24572501335736,0.0016153375134615633
0.01480755238056408,5.710289608626737,86.60013007468544,-0.006317548742087682
0.014853436898034955,5.298691421381085,87.10051678931802,-0.004283396312470625
0.01503157268969612,4.662911756812525,83.02737019175103,-0.003673957932140881
0.014826522150134578,5.287680706526042,86.23118586310208,-0.0026476063952798577
0.015408736378235815,5.465759941014592,89.03639345448279,-0.0032394838512761295
0.015190209219095465,4.769131679303976,83.50223477974185,-0.0032499615073218473
0.015823325165346774,4.24989913916703,80.00084547319686,-0.00551877086677394
0.015687844000780493,5.372359129558463,87.95780485619034,-0.0036458438057226207
0.01490597614740486,5.3700816419746955,87.31050279720384,-0.003232678963642746
0.01594113428706006,4.8714261663148495,84.66970629045368,-0.0041850312856287365
0.015415116175875052,5.619644589275303,87.27105298279436,-0.005223232317380613
0.014237610243499395,5.638926350382356,88.28284517809807,-0.005851963105563712
0.015138832015061046,5.464095825206895,88.63040196185753,-0.0046732766887000905
0.01445565950938132,5.071688479292276,88.58178219431569,-0.006245086120671902
0.014896476045991067,4.771752123226458,84.31639096539251,-0.0025439192894107536
0.015144322203086287,5.902312591039106,89.53182686078121,-0.0010240366971963136
0.015724308518038462,5.328441994396872,84.08166301498107,-0.005450717928436723
0.01444075341934228,4.615268488383608,81.24032101209069,-0.0058883658890594125
0.015389856530654935,5.551132534588894,85.29373971040489,-0.005659672119050415
0.01366149215258089,5.428195680704811,85.94326934763772,-0.0005650803532017815
0.014378937048202277,4.826065941742572,84.96636013773966,-0.0012232369351334919
0.013853928183911998,5.131593842279649,84.94483848925367,-0.002916102563162057
0.01404156707862765,4.976920968387407,89.14321802680317,-0.002222529190953469
0.015118186220578285,4.085840065155006,80.71303324461005,-0.0034214465939184624
0.01493633303971003,5.09109343190339,85.3092964422529,-0.00358932614063198
0.014077646585483978,5.186568828451356,82.94199007775936,-0.0034692316201743335
0.01692222170798839,5.655901153929155,83.20643171427615,-0.013797347375718031
0.014938330294157347,5.536693652341755,87.03262880661863,-0.0027547057852394517
0.014718663625710126,5.485207380347874,89.57386331114171,-0.002763132048440196
0.014958606290430299,5.012727199898031,84.20960748746589,-0.0027164269778902723
0.014507405367478734,5.10230067002852,86.1872342227636,-0.002146065446827895
0.014802974244909695,6.073040116574319,89.0216023080183,-0.0008442364640710025
0.014816929793688066,6.371825858848497,89.51038003770574,-0.00905700971429739
0.014796283019615532,5.274107719178073,87.05432254628217,-0.004167831411850292
0.01476440565482624,4.694618933488199,82.75016893495471,-0.005468987118309348
0.014789854201329614,5.196375662324942,85.5820136915049,-0.002340137909122893
0.015434048012448503,5.486847433820458,87.86487636817712,-0.0031773462367253656
0.014503354636410275,4.452678831980072,84.0012304767475,0.0001647438109567672
0.015577489920544365,4.359959038325993,80.61799262273614,-0.005193885835675862
0.01575393070775941,5.633042705971604,89.6003812668391,-0.004119202983112222
0.015182902476146091,5.475246772598105,88.07557961991046,-0.0027065611853772237
0.016025596666362454,4.332668569239527,81.49750750144719,-0.003904163052858929
0.01569439936959872,6.0065169029775625,88.49693074737493,-0.006463837929892687
0.014782026424416663,5.814397461428566,89.75692681682177,-0.005715117811292113
0.015289222205305104,5.266896409381295,87.38668738524785,-0.00452888830220194
0.01445565950938132,5.071688479292276,88.58178219431569,-0.006245086120671902
0.014630104909763348,4.119685045435102,81.66382647813224,-0.0014549865419409991
0.014760557963998578,5.779916757102383,87.35940444229986,-0.00223069226273466
0.015322076263942951,5.003454357011959,85.80232784944683,-0.0015687974167596253
0.015071780435013407,5.372188830557626,84.79205730414257,-0.007505912768376527
0.015346152518710476,5.795875510206963,85.88264652183216,-0.00609335544098504
0.014312846220054557,5.189735925825028,83.80560193959255,-0.0025118828959419864
0.014380392183606415,4.90200744968886,84.386339951418,-0.0027035515293101866
0.013897908828346118,5.162212616584908,84.93075300737297,-0.003294781292136917
0.014161342952151308,5.077843608938542,87.6292347120456,-0.0015346635167851515
0.014693448523266156,4.612249347165413,82.49249264831383,-0.0030845691241015404
0.014677706207919245,5.259098112345762,86.59659936654424,-0.002961006159120339
0.014066663848273823,5.191981937762333,82.95377124310886,-0.0034573056916173176
0.016461256469104898,5.017501858955194,82.2692395078779,-0.0090632466652498
0.014763673623095618,5.392204049672532,86.78588386438327,-0.004165920759406274
0.014479023653117706,5.382293247872649,89.16619965326235,-0.00238870111728605
0.015714306053143435,6.223784624250796,89.93725548086465,-0.0051649670230478175
0.014984005744398262,5.478386866771109,87.18554856658963,-0.0038841265099656113
0.015011136527316756,6.223578343151298,89.89939159383108,-0.0019254285684295158
0.014250662875180507,5.8336378645846665,88.47464699908657,-0.006165649306200713
0.014536659965416067,5.318957926616255,87.6980339726849,-0.003129370477770157
0.014681092826609891,4.255987555538757,80.64055101195069,-0.005455433025597298
0.015107020839635724,5.19616661992659,88.36653958333739,-0.0009599488557770733
0.015837990987728652,5.626040539142246,88.70512428583805,-0.004041432554951088
0.014582729854145642,4.895815737783737,86.44653864795653,-0.001169905566667327
0.015709208231241084,4.384432330547652,81.15972183546734,-0.005240540537359046
0.015201634105024571,5.490319939085992,88.43008562040052,-0.003817209843835773
0.014751330045067925,5.59668994652197,88.38140926617503,-0.00324813688378466
0.016113532750284147,4.412869465567878,81.8923487229447,-0.0029606489591910102
0.016181342437392457,6.141766360339904,88.63317243281554,-0.006987236800328849
0.014577845453877058,5.52159614642348,88.68053800134057,-0.005396192982012398
0.015305342640329704,5.365734906712611,87.93195740868869,-0.004307295065109773
0.01450807281070636,5.050477160295068,87.22263542015622,-0.005441639630284112
0.01437748531839263,4.074870081133073,81.01524641134961,-0.0011065309017681017
0.014669650654115072,5.743411517428012,86.18299020620897,-0.005313299228039775
0.015468910232472774,4.808306150842024,83.82602808727663,-0.0029259205120314925
0.015038234915548588,5.377502638147299,85.2108818686069,-0.007054894573887412
0.015280304733310815,5.8799410028462304,86.67214246919215,-0.005274144533697402
0.014135766955056297,5.25125001526077,83.7916756240522,-0.0010644062763159236
0.014679159202206405,5.05360907152941,85.9075138519312,-0.0034347625463774303
0.01458201723200884,5.420092019182521,88.23682184648922,-0.0031554614833330876
0.014749079042708496,5.56266182220723,88.70065234438931,-0.004182735915982342
0.015046033205390314,4.808362476604804,83.97348624764446,-0.0033878435902379932
0.01449197641545241,4.732314827527683,84.24511436341021,-0.0014432010995574086
0.014047741018730884,5.189977246748385,82.8316186064336,-0.003510193514200122
0.015784155418322912,5.243624234181038,84.56597031371093,-0.007004114396862328
0.014332634150071506,4.765133923253338,83.46720074287892,-0.00392628371053126
0.01450333731603,4.866643987643059,86.1647597615502,-0.0015092330180165613
0.015580650139375995,6.12127597704337,89.36408830861926,-0.005670265397173122
0.015078902802667066,5.559966413635069,88.05876066191561,-0.004152900664845182
0.014992290732958633,6.197066108790149,89.8280031394769,-0.0019223845607418033
0.014871507656887018,5.681227558501177,86.87410571044025,-0.006028463975984461
0.014307654015763234,5.592577148814497,88.93631751344323,-0.0031938565822220346
0.014651901618492186,4.1954239261384165,80.30869766536422,-0.005534183170074466
0.01531253994785418,5.417422708181571,88.11277388217327,-0.0031013722526099215
0.015424621462895093,5.267175842800176,87.13752122883795,-0.0041949053878389
0.013998107011230302,4.073774744482968,82.10311903098209,-0.0007601436380473671
0.015648281772544764,4.50500862801929,81.96672218031335,-0.004578048570934801
0.015048119495283696,5.64446236469784,86.95664677583825,-0.0046018576452182235
0.014914350611199667,5.12997962312454,85.82316217909637,-0.002813451309074002
0.0156022148926883,4.564163661489837,82.67971406508792,-0.0030648765059471898
0.01563460720195739,5.809783287910987,86.84600174501838,-0.005890316588351274
0.01513847648657922,5.740333996141315,88.62076585712262,-0.007335337243752673
0.015479137382254128,5.427182213994637,89.14657364970994,-0.004266889559057855
0.014997383623282633,5.680446076435583,89.75016124662226,-0.005329465330606799
0.014756822134339438,4.109755608186254,80.88523658618413,-0.0012945301180822535
0.014460745381049443,6.35194486787604,87.12170599803909,-0.008507162696701227
0.015469421373847719,4.995389968198002,84.98656921753908,-0.00312552795033097
0.01443501638778999,5.151269194215303,84.42885644800768,-0.00800727871915203
0.015368390825007624,6.2148431325948685,89.20895067920443,-0.00610487497006492
0.014709230279446695,5.420001389702653,86.68060163837136,-0.0031654053150903787
0.014996847186982408,5.205080753811492,86.91400538931337,-0.003878268136494082
0.014140627262385776,5.500776758112316,88.64569952672457,-0.0034427213986677895
0.015055721005916402,5.223152651517074,86.4762129932024,-0.004233785912652586
0.014938996051478118,4.8911906513616925,84.54808563604786,-0.003365878548322761
0.014820633792311832,4.708123485123518,82.82282888909133,-0.0028389680161155376
0.01404693784452482,5.188498531299961,82.9347290423833,-0.0034798288476023303
0.01644813978070303,4.749122268222724,83.92761637273767,-0.004644838420807181
0.01379533946634635,4.965795704752677,86.11946670191604,-0.0015109528679976376
0.014680033902396772,5.197390735968034,88.26814561653491,-0.0012263221652021325
0.015639718688126043,6.169588500146055,89.43235280981443,-0.005420607155855073
0.015069446738254062,5.48089737278341,87.81961765212328,-0.004161586792856671
0.014695870771017368,5.482191887099143,84.63153169850132,0.001422060240486145
0.01438273364139142,6.038165870016592,86.38293778159591,-0.007925311702508415
0.01437623152360347,5.650911948348605,89.55471436662829,-0.0031598296944654256
0.01503874373222249,4.125308975278651,80.09710108975186,-0.004274083216233582
0.015569266871814954,5.423230178560089,88.34208229262732,-0.002071190276304727
0.014977668024570793,5.497956439279479,88.25726372265652,-0.004029532218802246
0.014772710936876932,5.09607904302856,86.8063362217331,-0.0023048754686792513
0.015180998512696744,4.7472633028382925,83.59769749274602,-0.003655841265962012
0.013724183800223092,6.344837274322707,89.67420164552186,-0.006331924750520177
0.015362552508227423,5.073741818215557,86.4766508065003,-0.0012834929653979376
0.01571581534215711,4.771376700723554,83.38974427216533,-0.0033449898013077823
0.015285856512376184,5.056844343155713,85.75539399873729,-0.002366709965319064
0.015329938312268759,5.688255235637603,88.92381056525004,-0.007927578398751363
0.015470386492282063,5.491836960253667,89.61358556594811,-0.004205848780463163
0.015037133048004856,5.740950846501188,89.9357901123445,-0.005843401753561519
0.014711174320735558,4.240968387846311,81.39484326945876,-0.0014682414189075652
0.014816385680330085,5.758922814933358,86.59023097807875,-0.00603075895437787
0.016093650902568035,4.84323984975212,84.28407990365315,-0.0028421838205937317
0.014280649231162883,5.267809224300797,85.77862819528657,-0.008959427907112717
0.015450582025447879,6.333516938383962,89.40367733125194,-0.00630128849659727
0.014580840820166422,5.596272502956984,87.63757278847262,-0.0030613376658588914
0.014549099862887181,5.168505481715455,85.82495757618948,-0.003860337190205322
0.014108277674592539,5.461726471373146,87.93446603284397,-0.003130657482355523
0.016240654479663393,5.704956099625024,88.36878344379522,-0.0032271264266617197
0.015348858276172491,4.96755761699101,84.57453404928165,-0.00408400255083093
0.014731183865405577,4.597023870494009,82.8655607917951,-0.0018848961787732812
0.013382254671331376,5.07574737125875,83.73686069318299,-0.0007929778620770316
0.01703913113812116,4.222508905084126,80.760664215627,-0.0027624185416181887
0.014065750793206521,5.162227779221271,86.795316796034,-0.002875824327940979
0.014783458292894326,5.076036740002983,86.76713859980563,-0.002028328274499548
0.01568693396475697,6.335068145131295,89.52768944430177,-0.006390641344897901
0.015019098333957951,5.942081563512605,89.8565421928964,-0.006186590742603696
0.014955526874890337,5.313153159151884,85.3063314509349,-0.001138737534096349
0.015301175722057225,4.870583712380617,82.9276741291662,-0.00404057040543143
0.015426568534377256,5.782323623159118,89.60561138685135,-0.0035209684988049906
0.0158939127143806,4.54538996267371,82.70752485371555,-0.0031011427519522495
0.015630543519396804,5.359478922762036,87.665723276195,-0.002212092602409191
0.015792412634793623,5.849643640926003,89.9498322240858,-0.0040515322242826324
0.014121224454652265,5.328674993929064,88.31816335456882,-0.0015496136748612103
0.015160526759643597,4.621278680842935,82.67436666811798,-0.0038703412814925244
0.014473158802713909,5.796165086677832,87.82126263608266,-0.004506583460389528
0.015542236034937375,5.392516526036449,88.02870849108943,-0.003454715877316104
0.015264267355318722,4.560980296817043,82.09084403060635,-0.0030108818542995933
0.014146438755073626,5.29819368947804,87.16069212910418,-0.004292776264799712
0.015792207114732778,5.665863430517161,89.46264385946944,-0.00896244306876268
0.015431785488953078,5.449063162887034,88.37829663359416,-0.003943293243770531
0.015033661187855207,5.878576606935968,89.44707596781284,-0.006657841028006367
0.01538225635082993,4.776365933205371,83.62204279117329,-0.003232568399038696
0.014735222487070132,5.347960236310745,85.08078976326559,-0.006109721467907511
0.016855627681547226,5.242027478205154,86.23629509401725,-0.0033426148397192497
0.014588302264133457,4.710920258228741,84.79126022926143,-0.006606088682858979
0.015453858861021887,6.318767012860838,89.23558216802729,-0.00632142187046069
0.015075585703507456,5.241558754564397,85.92197489732337,-0.003186114638247865
0.01470469888824381,4.754105188404485,84.68948262197077,-0.002370081698726435
0.014833931356391016,5.495254308538124,88.30218370994987,-0.0043492130777965324
0.015465020918227554,5.598124377574591,88.35805138374795,-0.0028573821887705768
0.01574100125021519,4.243673909743547,81.08737138514114,-0.002520762543136725
0.014575005925486929,5.295438830058981,87.14549547712133,-0.0038115887278339826
0.013873117396115383,5.2032936053996695,84.83907066857142,-0.0014019609556725375
0.016582482262324373,4.409348414213708,81.87041664200362,-0.0029545798362038173
0.014053670600261508,5.550075661385994,88.94476102680218,-0.0034830750338096265
0.013987656819990034,4.84671980448068,86.72734363503731,-0.0012065403249434921
0.016441121186156725,6.084938004153255,89.89118835612058,-0.004394483396468
0.014790230296496211,5.938080323019763,89.96306136549222,-0.006469865200804907
0.015269157590429228,5.3457909613586905,84.69369072460759,-0.0011349944894508829
0.015217149461038026,5.358063030305745,84.04800066138422,-0.006000108738388627
0.01556995561732036,5.638282750590468,88.9051254086671,-0.0025573344221787577
0.015754445434679226,4.766085412227866,83.75842244259529,-0.0030559498006476836
0.015984079416547656,5.406698687663869,87.7322822667583,-0.0017668325630768272
0.015532613783950242,5.24818726593166,86.2696591586422,-0.004431257791771082
0.013953350564608596,5.399223732272535,88.74324741995825,-0.0014377964328737523
0.015022596648111784,4.731740654936472,83.44662551608974,-0.0038489077223120144
0.015159695730758517,4.651463875521579,83.04467071425677,-0.0037101216851596537
0.015478780961473752,5.5848872311773565,89.28738604838689,-0.0034484637293675673
0.015256008662111848,4.693001621817969,83.16246987406625,-0.0027874374788235947
0.014299010412472415,5.311228071628664,87.49792270230425,-0.003736466513996149
0.015818032302516907,5.475892927651533,88.7095853698535,-0.006468603578344022
0.015276290402870834,5.585339807194029,88.94555900819486,-0.0032842940256506453
0.014926574387590303,5.990617315952168,89.7877315364075,-0.007398524797414305
0.01560094325958092,4.845170236532391,83.88861599758536,-0.003074312703986561
0.014983097642747445,5.540100567481416,86.58520033888186,-0.007161319430259827
0.015541535474264378,5.282295429429783,87.01146463992396,-0.002925172240000578
0.014653586507126545,4.70104758396543,84.6956394414347,-0.006486547823431695
0.01548970221150046,6.132207263814438,88.29700799718236,-0.006154804440126737
0.014877251877278454,4.972588401443305,84.41343666261676,-0.0024598516631032623
0.014802887295641186,4.679601596017949,84.26042832621935,-0.002175725021787708
0.01489297519263906,5.087237989901268,85.1538476785691,-0.004043936848797808
0.01556210048834086,5.697026866406154,89.29494089024766,-0.003866907280938592
0.015808083091002217,4.225435465582304,81.01258687127657,-0.0024308278798414852
0.014582435210297319,5.306804985285634,86.86696765156235,-0.004066377134310203
0.01440160465865253,5.216471088994897,86.69764450144825,-0.0016079060254645563
0.0160244343244952,4.605051723886606,83.07779758444595,-0.0033179736392228284
0.014205385808140432,5.444213489822525,88.27565918776973,-0.004007838504302045
0.014283855618030385,5.3506410927578925,87.93976426320172,-0.0042371743500734605
0.01632630818867055,5.056385145666834,84.7749743356913,-0.002986361088536921
0.015429211299067918,6.038604296908701,89.35947422482114,-0.0079739364371592
0.015117138309576346,5.17892789286184,83.64692119142147,-0.000708375605421939
0.014981317849244826,5.729365117798415,86.03020309465265,-0.005655016484417892
0.015507144928463572,5.494247937784952,87.68545364245765,-0.003390102307745312
0.015751198423696544,5.107357852271355,85.9327407914952,-0.0031065657616427475
0.016049136804413933,5.394127393998778,87.5884955237122,-0.0018971918342000817
0.016249096739651435,4.622302485553924,82.13586916107866,-0.0051699797855797236
0.014299922498652761,5.351387342207707,88.70079150713903,-0.0025435511765033985
0.014617359669908347,4.542485492135503,82.29548208084735,-0.004054624108851609
0.015144532541087618,4.5137167652836485,82.33122742749894,-0.004494861810582111
0.015060525943822881,5.470819242546777,88.30021889486477,-0.003899600169863313
0.01513010296443511,4.6971555949642365,83.266621851299,-0.002862362821434339
0.014462846738418793,4.749740322833239,83.89201122162383,-0.002962465342647412
0.015175095489100726,4.637597441754073,83.76530559218165,-0.0059252692773905545
0.014679700073222977,5.322834437167546,88.73698431953619,-0.0025582470217517888
0.014678582037254079,5.689073913364711,88.9001472909699,-0.005824682171440268
0.01534155854362932,4.7039476098976944,83.14863070823557,-0.0023004811542397933
0.014805855094107796,5.522160604330246,86.2003246523293,-0.006909522448063076
0.01583551557659682,5.135675442610812,85.70182273660815,-0.0036702809671589607
0.014501669348908662,4.995857486028004,86.04330691969405,-0.005110635924030904
0.015155899018489152,5.619550273053496,86.07942452657264,-0.005785428793400758
0.015643266945829373,5.284359181230468,83.39813663501975,-0.0014270036013819863
0.014957846351657016,4.729428903730145,84.1610597264211,-0.002372034106734729
0.014604305644571266,5.184342864162866,84.77993845012891,-0.005192957120500502
0.015632989641867046,5.681961001645078,88.26736279184748,-0.003367300541928384
0.015433986499083865,4.57039747590797,83.0867603637897,-0.002476992818545377
0.01514863126611973,5.728424114409758,88.3228930625371,-0.0037933810941551188
0.014420078817513005,5.435134222835339,88.20150351042756,-0.002455825894109357
0.015944348818237662,4.493649521764979,82.35433418983659,-0.003474658985529334
0.014518212217539812,5.163983014208781,86.86954935924784,-0.0022550725383404715
0.01465083247628697,5.917964641338444,89.94630516935804,-0.004278568819114098
0.015325498846947635,4.933043343936362,85.06078191055425,-0.003742757093103851
0.01448139066961023,5.725754774813905,87.4688227221296,-0.007213221281236251
0.015366756326608907,5.344853611595014,84.1841189532113,-0.0003319008121968961
0.014771639440226204,5.793512348939433,87.00656986737407,-0.006316178571098287
0.015600096210005524,5.638615420426616,88.33454830222331,-0.0038007633794598815
0.015179996482017859,4.707437746295475,83.83873255515654,-0.004228661718182333
0.015321903659771808,5.379718898260208,87.37886441068326,-0.0028142782978557808
0.015768705898967214,4.5945263308731725,82.58851483348836,-0.004276431108698831
0.014080164573481635,5.430962817449306,89.69823029576222,-0.003074400148717493
0.014653585696457192,5.120532886159589,84.51663861220597,-0.0058676637733199
0.014625697147974452,4.781575593003475,84.04434665688925,-0.004055297531979597
0.015211547342586985,5.6190157588102,89.85710778739843,-0.0030997799728669016
0.015319690017187441,5.064589041216378,85.1019089152022,-0.003000716935343499
0.014922786349848317,4.977329213954442,85.22168369367172,-0.003028541466678564
0.015481573833418156,4.660171746709276,83.95838981539649,-0.0027486137707711366
0.014862863454819714,5.352490058465252,88.12668238076115,-0.0028117177580875155
0.014999668526094122,5.642933447015928,88.51398140255553,-0.0057834102824661435
0.015390813575262126,4.347809675776969,81.41846059924383,-0.0023784338093474446
0.014793479206374123,5.671087255158573,85.83741233314946,-0.007083294764694208
0.015899035042493993,4.923917096961441,84.48093237770316,-0.004518646868935083
0.01434896241479893,4.977668189269752,86.2350342071126,-0.005526230167454814
0.015184339008850026,5.502270981724119,84.69532525565616,-0.006354658828378509
0.015147164920835537,5.04907634279646,84.58182822374809,-0.0029113387097346828
0.014735075329235845,4.358585658062896,83.08044810556939,-0.0014577683644889288
0.0147948728486988,5.0788083055807025,84.03363246262532,-0.005138703160001507
0.01528219152350235,5.513890074851792,88.59851896043246,-0.004394954539271176
0.01576314631156119,4.55674046989561,82.49823242704025,-0.0027929532093715096
0.01506398491852674,5.35745595223274,86.96416887746842,-0.003283341610037194
0.014557202846678625,5.498839689827168,88.59791633439946,-0.0025858753557814204
0.015747270713228633,4.625358952604977,83.02606783047264,-0.0034514014245891774
0.014791466929231835,5.40288939603318,86.69869477012215,-0.003494849231840943
0.015146814422155081,5.788043329543234,87.7041173243073,-0.004802824913134318
0.015259127466425972,5.228129922807086,86.59313533430618,-0.0027619746392238648
0.014557200088444848,5.822271999783521,88.48035006302521,-0.007130155549181575
0.01539272706224957,5.3763523497372105,84.20202760054549,-0.0001466737298650659
0.014655453744305921,5.860640287867444,86.6664781893348,-0.005701723899240185
0.015421830721808041,5.682050948214822,88.68917311897859,-0.004387202438078203
0.015067517215363958,5.028474836488623,84.7629324558324,-0.0038816657591270822
0.015567451336537938,5.434044318585284,88.44724206745266,-0.00308470151585311
0.015324727388445425,4.643481065887116,82.64741878514225,-0.003134198823353111
0.013989681783212835,5.1667159418475705,88.5821134932613,-0.0024910096950866902
0.014056268784425561,4.85752901790271,86.92035240550751,-0.0021757136654325304
0.015373277938516172,4.7929955246906895,81.67898577646181,-0.007895747178278682
0.015179212376203054,5.612524769995051,89.82260840037497,-0.0030870909482678547
0.01568785573068889,4.5693369138464295,83.28397524177609,-0.00435164608733187
0.015574720540914126,5.323796586678204,86.62081632207209,-0.0038473498988543975
0.015559172669704515,4.594758438599614,82.60620857540694,-0.002481418376706364
0.015116488795647498,4.955647125232935,85.16246695563032,-0.0029646104612823933
0.014892749321556814,5.830610800841844,89.40794739114847,-0.006924259052857688
0.015102140798440387,5.220735987548983,86.56871340596012,-0.00416034059437666
0.0159187599866752,5.790725708133126,86.50872968966709,-0.005674529767419327
0.015587792013568594,4.910803984253056,84.46143632258597,-0.0037212959341612565
0.014618268861382561,5.409630142740964,87.06328499260712,-0.003720706769717235
0.015237510869993368,5.6560454337737625,85.67401644123689,-0.005777897902167897
0.014705640107029334,5.346076796469341,85.85793534999672,-0.007748665366009063
0.01490186700685842,4.75083215248976,84.38282938735887,-0.0034458319460809166
0.014771671769541281,4.906331470046679,83.62731713274857,-0.004931789751638228
0.015174504835321548,5.368641295230022,88.88613811263683,-0.00416214761447198
0.01533469502971531,5.098172641498929,84.80595401475591,-0.003987620424357866
0.015117721523937639,5.983668507234449,89.52667636993425,-0.0007401346153295615
0.014523862968680423,5.546309616691183,88.78285538247286,-0.002465595415828317
0.016006324409956873,4.398657467680772,81.65362197067317,-0.0037612412402960966
0.014565809245638897,5.293268671679792,85.79633485012054,-0.003180660420803407
0.014959035804375756,5.312787841988769,89.58519149968666,-0.002181112546760788
0.015633351126443394,4.532744608522453,82.80741097108069,-0.0045866729728940014
0.014466771114532213,5.637868010485296,88.73549076897577,-0.0059456664434958985
0.01524237429771651,5.319957622198065,84.22992391483493,0.0001291491519205359
0.014936923689503024,5.463485510874007,86.02811328984873,-0.005308754781422181
0.01482819461247905,5.355910332183003,86.99010960840609,-0.0034269496895802127
0.014650996892980911,4.994366971188264,84.798446896758,-0.003556849586755179
0.015225459460752539,5.597071889091661,88.75012185190234,-0.002616233346186384
0.014929662517999672,4.3646357938370555,82.11394971531887,-0.0036182537088797952
0.014293170827915449,5.254439787343581,89.20546017904998,-0.003509345585620907
0.014568815093265424,5.03844395949716,87.33222393423833,-0.002463783321216606
0.015452813228412424,5.134657703463474,84.12579641239242,-0.006379104407574814
0.015206450730343993,5.520422195808042,89.19847781168143,-0.0030696488847832483
0.015598338482278202,4.5408412631756025,83.11006082296673,-0.004249909058247587
0.015936615299696585,5.390063272263777,87.80746950428579,-0.0031173474830176314
0.015658453424229897,4.485146455943133,81.89932190489539,-0.0028249578020388844
0.01590732927060125,5.1426562895908985,85.95030797186287,-0.0025801402617767043
0.01467343826731086,5.906969550545263,89.37854502699238,-0.00673881088551578
0.014766711290447739,5.380485000304744,87.33964677008254,-0.00419655678792672
0.016096635725357716,5.853947905871781,86.74408184303651,-0.0057407740388305435
0.015843218935246928,4.698988763388262,83.41751999739509,-0.0032050559423902353
0.014666510867704919,5.6724778427055185,86.92392737107494,-0.0045871072448353
0.015045217568751535,5.939001625840175,86.77388738683385,-0.006336584319546535
0.014408613775346746,5.730129158335762,89.20555890462875,-0.006210412891596458
0.014359963635964987,5.35852036403749,87.74427744014855,-0.004047544739222496
0.015046945884710032,5.547255369161672,85.74502395012121,-0.005733182808586011
0.015537832658977868,5.026894700373122,87.85848207512691,-0.0020945507920767563
0.015521003628030274,5.313880474598471,84.17903874363448,-0.0051538467081878635
0.015211175338453682,6.378766172136928,89.49221541089294,0.00010849174309439423
0.014918245988700552,5.69887493329176,88.70244473063633,-0.0032374489515836847
0.015422822172970665,4.381287168564103,82.07304909170765,-0.004389612094860704
0.014217437514106498,4.801377262515268,83.85194779763958,-0.004019126812795449
0.015196373104275518,5.042707355376647,87.81824672855458,-0.0004698296061330593
0.015462285803772418,4.745804982309509,83.52359863549275,-0.004249195326085944
0.014648552149845718,5.842909893894527,89.95986524723484,-0.007462174631355828
0.015236771168617236,5.160486480061086,84.21612865413532,-0.0005202781856264212
0.01390897897594794,5.4930482508952885,86.17045867241282,-0.005297333333838669
0.015308088966760308,4.761538760494936,85.60587848414819,-0.0008394095372222057
0.014102355334382295,3.9147149338739844,80.67947425010982,-0.0010482640347088774
0.015475792137269701,4.516131166912384,82.67000722846664,-0.00484836328573901
0.01436791033153902,4.205598413335727,81.48903365924558,-0.003182844441870465
0.014149329187876107,5.270969778359472,87.42953933363263,-0.004083926471211181
0.01544344356230594,5.446367967642897,87.57750801486404,-0.0035774958322128785
0.015358960076986219,5.356487341108365,84.70321056344615,-0.0063920916856073295
0.01522396893126443,5.634370158188497,89.51158845940064,-0.0022613996782718158
0.0157129199134211,4.465184977139654,82.68127694238022,-0.004268632947347228
0.01535186426869905,5.208335672680751,86.38018869219292,-0.002990125451916091
0.015670409717074806,4.516575914572529,82.1000124929076,-0.002826868905742618
0.015242646820783592,4.8319899993434285,84.03485488649807,-0.0030095116043871496
0.01467343826731086,5.906969550545263,89.37854502699238,-0.00673881088551578
0.015149744282190099,4.896851415123814,85.04527399991329,-0.004351199721220628
0.017413387935943443,7.249809871820872,89.33895079867779,-0.009649260174898722
0.01581841248550806,4.8821057455692145,84.16502206791907,-0.003979470359137165
0.013509986857818896,5.942583468655834,89.56690582146526,-0.0010808119659288231
0.01474326726101921,5.466614908442719,84.72624894630866,-0.006235759883030852
0.015640153137055267,5.72458172512496,86.84773478525472,-0.006326108085924483
0.014576483558127315,5.135862216937612,86.3964926670265,-0.002206814213455089
0.015166363633851243,5.531424506201915,85.41673449150926,-0.005937901522519487
0.015032469943696029,5.213841291632034,88.26557648821294,-0.003028367253943235
0.01447562767400768,4.191857525972706,81.15153349480546,-0.0027988343626311435
0.014784479733249532,6.466257761598651,89.91641920281468,5.7625465830536855e-05
0.014435754027521399,5.174356487127855,88.68875403950489,-0.006780639108118382
0.015593756498521287,4.255218505321945,81.50141960854721,-0.004449180959541905
0.014405168280488014,4.67372332684075,82.88952393626519,-0.0030039409491524937
0.015642382247516896,5.238831871158822,88.54611158342308,-0.0023880229240544693
0.015147424632220742,4.8515813379436485,84.1335535597946,-0.00438676514084227
0.01478598638489551,5.8742789880059885,89.88559537736597,-0.006561727739567832
0.014952163836663214,5.394703501401686,85.20016686795805,-0.00130967777048995
0.01443001842823216,5.079001444487252,83.42519535117007,-0.006481571489390102
0.015213353817403567,4.831266854496675,85.30219755763241,-0.0005130113946171608
0.015218876689445871,4.027043113213774,80.63210750443535,-0.0018161107606723423
0.014779194535817369,4.853062933028061,84.40957269883576,-0.0036656981570707082
0.014555925533716053,4.328013577471485,81.52784888040728,-0.004388903488057545
0.013535761898101822,5.629382283008328,88.53133289407494,-0.0033663209909259775
0.015209647597885711,5.064799846915609,86.4886079169037,-0.002259176293605453
0.015454946048123482,5.448717168635069,87.52384618837023,-0.0041365987880795235
0.015011144660286987,5.2929989299879185,87.98931778762474,-0.004075692268024911
0.015211217636596431,4.598947671402354,82.04020157911552,-0.006083569339892509
0.01561388266955424,5.505433122926694,87.7560757040769,-0.0032397729905876303
0.015700258174803347,4.338236464709144,81.36993043866644,-0.0022958724508972354
0.015503370796046478,4.871075715217257,83.8611392825944,-0.0031748135179193145
0.014674126821435436,5.907028875573519,89.37372106892293,-0.006738065941512876
0.015019886770531893,5.351126913922358,88.73295031796162,-0.002474505594597208
0.0163920186403582,6.537900877384656,89.11592438699236,-0.008665283780086944
0.01527336216423012,4.288507542945093,81.55982764558748,-0.003986737587793223
0.013297138036088764,5.774671686000963,87.9975066154656,0.0009037028597231969
0.014736901537838042,5.475218536392053,84.71844968173393,-0.006313255042630579
0.01544977266429222,5.719416254761892,87.73895969327627,-0.006873635924365584
0.014557875047740693,5.068331572774617,86.23742249342573,-0.00258164765476593
0.015456281438523296,6.3434783354399205,89.38997169808675,-0.0024334062168115747
0.014760490795028574,5.207901867353298,88.61063447725834,-0.0026355279083482724
0.014537133099267338,4.201099107773955,80.95395312241897,-0.0034051081809500306
0.014989449790403772,6.070692559228391,89.15685188948828,-0.0008167367591338866
0.0145970797623146,5.328282878808497,89.33510467810115,-0.0049367712168880695
0.015023767620181129,4.209364683541217,81.19556225073755,-0.004402734043940569
0.014785584495481995,5.183876771891752,85.60556342333865,-0.0024750256378200694
0.01570298564022285,5.302922011485747,89.32890732316078,-0.002341956041089322
0.01581667197004969,5.099007967771599,84.16860076488317,-0.0077095228395213985
0.014814514533613668,5.856780703025483,89.96420383711278,-0.0064789355008643326
0.014770616349228969,6.155804798179272,87.40005249572053,-0.0003941098323633535
0.014374113872279267,5.155955827936648,85.66152290025182,-0.003933185916547149
0.014554889085746956,4.6489033221965865,84.31957451355034,-0.000851845816716781
0.015293093165036924,4.097009960598893,80.81640912021555,-0.0022198125363354047
0.014953387864372019,5.069520889109461,85.90883401131809,-0.003479233150747951
0.014363763040977267,4.2311062456932795,80.9980316194469,-0.004681440326574212
0.013404986386228215,5.600950348910726,88.29948732714877,-0.00269868243942263
0.015096807621117762,5.400352559392552,87.98790621851815,-0.004131516118860078
0.01504677229440603,5.528078005614861,87.90074574676025,-0.003517263853206363
0.015071536240561303,5.537964966501665,88.32293776316526,-0.0040124906762531234
0.015182879866069391,4.73387896644191,82.4443662403268,-0.006888726503272963
0.015708184717054253,5.583702674106743,87.86459113147285,-0.003524508830532169
0.01545198799423594,4.545928774558817,82.52747497116955,-0.0027206840173930385
0.015892711203112843,5.538091807349824,87.26685880008918,-0.0029309324858551897
0.014644454594540576,5.961090215257322,89.49560876607467,-0.006972470612754732
0.015037566698169828,4.970567864942206,86.96134880573774,-0.0010615973791061471
0.01627761461077071,6.1680203947898935,88.20408396652839,-0.006631027084754437
0.015816419809153243,4.072888991984477,80.75700786118476,-0.003517020833413163
0.014441807259332463,6.052402972438739,88.86788365000386,-0.0007400143761291302
0.014765859013637542,5.432939863527672,84.74973766804008,-0.006169213551951727
0.01548852937271172,5.998044866021258,88.98769068588601,-0.007499383789885926
0.015149345408289367,4.865628493645468,84.43317814923083,-0.004932237433292233
0.01567935015002106,6.590200400647345,89.94183745223391,-0.0024646646455774635
0.014684026184440577,5.449509529665404,89.29342325993058,-0.004031814268943355
0.014358298648701976,4.467893119382106,82.37541326311951,-0.0032184197225487592
0.014922185688363145,5.9897729098239285,88.91317025881324,-0.0008803156476125413
0.014512405262165481,5.064350165853201,89.66263610073005,-0.005534620210082995
0.015234537883105232,4.1402383204956905,80.6395596965466,-0.003308572272261868
0.014531129085937802,4.9880828210396295,85.30422957748486,-0.00389665400681172
0.01531774633298967,5.503953842060194,88.14961475924451,-0.001953156953059299
0.015431734801083665,5.652160170195091,87.12901852287915,-0.004485774874623603
0.014825929977293626,5.843625837276505,89.57895963103978,-0.00688339020015228
0.015471327747202338,5.82058951839428,86.5678312040174,-0.0008049326922468557
0.015339324519029548,5.219214621637504,86.95031900952841,-0.0036457545380111298
0.014554889085746956,4.6489033221965865,84.31957451355034,-0.000851845816716781
0.015292253097461584,3.942825517701512,80.04650844186997,-0.002047528564279404
0.014498381015324587,5.410477583343264,86.951433971986,-0.002320014920552187
0.014112767864402697,4.330334519833968,81.35893564902733,-0.0038905687510189736
0.015263143323424783,5.566920225647568,87.49639734864977,-0.002804720842340703
0.015418275779476208,5.300030837216634,89.14705679969397,-0.0039150019237642825
0.015442390158230951,5.661726256047995,88.46507258554472,-0.0037023195224410122
0.014685870154218631,5.42042499256091,89.80518380342976,-0.003802757677212733
0.01528563701602194,4.818659785554587,82.68153444947875,-0.007443071811259791
0.015329188439692333,5.5422887562916925,87.6833538145025,-0.0028135397695568066
0.01636116940971035,4.335710493129956,81.27739800992117,-0.0022240710903843157
0.015090787659886655,5.537599016864105,85.73295457623739,-0.0016572950025290274
0.014870191170117546,6.015252701132621,89.31044191613051,-0.006500484070080944
0.015341634418973392,5.357112524629061,86.69794587745868,-0.0039466593072295456
0.015332502222476768,5.73199270220617,86.25721186326935,-0.0061583102055581904
0.0159732861455003,4.381401517799825,80.63632410493818,-0.006208236344884896
0.01488081297080508,6.1313130146429415,89.47037509306762,-0.000989132559237332
0.014594646819281045,5.335070583986594,84.2894008518088,-0.005676670891665142
0.015562840163007761,6.006977678161941,88.88485496541819,-0.0075411545299684975
0.014749094309702072,5.269972585379889,87.01708188080373,-0.003971367340335562
0.015639452616023976,6.39048234218101,89.57988569356415,-0.0042030514821087515
0.014797436967901258,5.507651696038228,88.92888614487879,-0.0041771115629848825
0.014180744305516321,4.465809290395177,82.2498988236005,-0.003326366693756131
0.014979428366596428,6.026924017994172,89.48423275538485,-0.00030433540264135557
0.014637247970626073,5.320279878985411,87.84284765895536,-0.0042884443654777294
0.015667376691997272,4.17791885483679,80.30945558402489,-0.003358779622924063
0.014793850752852299,4.97781574917625,84.27614036617123,-0.0028060338171826665
0.015309352310006656,5.499220101455023,88.0834013128314,-0.0023641942302086464
0.015603185847329589,6.0840280037713175,88.3702787198942,-0.005832448388401641
0.014804906264092801,5.915867341330772,89.93372927090454,-0.007115113308159106
0.015245460742387017,5.792517699404058,86.634553411589,-0.0017757403481152962
0.01479602175335333,5.505621701395195,87.142121341853,-0.003270354971369298
0.014822326982900546,4.904893225957909,86.9932389534368,-0.0005596790992056476
0.015259249847560686,4.137322646924705,80.85470239475238,-0.0017648895173588324
0.01451773704706496,5.41340481618723,87.16442024865495,-0.0024809802919308487
0.014353280123172876,4.744047459214475,83.39467532993149,-0.00367224724641249
0.014599771880978907,5.432705407771742,87.21195674238913,-0.0034462405453410156
0.015798988718925842,5.385454448446286,89.77353053184882,-0.003608421375895737
0.015556319384796334,5.388999393600868,88.62674675295462,-0.0046419659572702375
0.014882313196229489,5.563175757213782,88.79805096381617,-0.004107526008936269
0.01528563701602194,4.818659785554587,82.68153444947875,-0.007443071811259791
0.015348116376615812,5.657146500325502,87.5354095816627,-0.0030468997218905465
0.015611418901110397,4.436678239974794,81.93531357940074,-0.0029713353959971776
0.014929779756899797,5.245741964566202,83.79634657435467,-0.00028599181054871645
0.0147761326370692,6.0451137086034485,89.83888648302737,-0.006908708588757735
0.01493632089068662,5.113680268234713,86.31212094422354,-0.002045056965232885
0.014801545057299744,6.379852665409506,89.20649399775004,-0.00566831873072022
0.01582399427558963,4.3291023824633506,80.51955583530095,-0.005966652066448058
0.014882673042260841,6.138775398218839,89.78578514855455,-0.0009240549021209306
0.014663740316371807,5.436188499837132,84.8527956368183,-0.005782027203668276
0.015511087405738313,5.94392381401191,88.94969935098464,-0.006949478620112583
0.015077088948266613,5.10803550982604,85.4602319090493,-0.0033570142772361734
0.01588769251604237,6.1862393201025725,89.54546685332114,-0.005750415650806633
0.014884151907049921,5.312978973590084,89.07996866586515,-0.0031603632262565016
0.014305679667342272,4.817919365659954,83.7016033660134,-0.003265851455262135
0.014979428366596428,6.026924017994172,89.48423275538485,-0.00030433540264135557
0.014364535231663925,5.397847965728654,89.8975576736464,-0.005439899702900963
0.015551496789898726,4.48937035399051,81.85488020552346,-0.002844280664000663
0.014905798293052318,4.862208513112819,83.09931350323133,-0.0016481987953943988
0.01509854352292016,5.628709968744931,88.53839968290518,-0.003343005337792274
0.01563200622942185,6.139587957861603,87.7178303768861,-0.006168895593372328
0.014804906264092801,5.915867341330772,89.93372927090454,-0.007115113308159106
0.015423252323669088,6.302347798158147,88.70001943895602,0.0001622066891996286
0.01473975664350793,5.173178942768861,86.27678430761858,-0.003342031147592999
0.014624274184662233,4.998305266384945,88.53611958961409,0.00031602563944773494
0.015212679236486844,4.199695614878165,81.16888544227244,-0.002247591035781923
0.014455823768287678,5.427278159348274,87.22571284694993,-0.0023035875687072156
0.013850901809381982,4.876387233561836,83.84514764875851,-0.0030931632408245442
0.014656450954663315,4.780118526706359,83.79218879397538,-0.0031593088643107757
0.01524749885287056,5.331312154062653,88.64638081003982,-0.003987781813531083
0.014828643608950068,5.098824703439011,86.76954333815803,-0.003644450781165167
0.015033622502092713,5.654453077110754,89.36524837122592,-0.004102600764764281
0.015353203752872599,4.609687903909889,82.03839307201207,-0.006904378033290538
0.015248323734965001,6.007092615061905,88.79935956148061,-0.00028114535390733096
0.01534620525559581,4.465511873911851,81.83075052905586,-0.0032257574380987427
0.015085446223768494,5.482041636539281,85.1125710048627,-0.0007594299713732378
0.01470412141366171,5.91907873845139,88.45462390230377,-0.00696215161373568
0.014436696752156848,5.567822189815189,89.14797063122971,-0.0032420333890906586
0.015100743818482537,6.089325598883029,88.73799311866605,-0.006250217667478176
0.01582399427558963,4.3291023824633506,80.51955583530095,-0.005966652066448058
0.014950284965496653,6.158014035785957,89.68200320429709,-0.000647843244603848
0.014169342336355816,5.895526017468328,86.14957101482199,-0.005653767457167564
0.015625156095130602,6.439141141045756,89.35655751457767,-0.009386977936545141
0.014956468552379776,4.2720696966723954,81.62248782521456,-0.003915615736883623
0.015290216319602784,5.5750652168753385,87.38227471105735,-0.005587687235901935
0.015122540099639004,5.470648963480746,88.15062512847902,-0.0028211770021993633
0.0145134981987634,4.749066645944004,83.58167141187425,-0.0035379114508557108
0.01457494908793324,5.797992568680266,89.85417973050188,-0.0004863499415676646
0.014315473940967846,5.40142510746146,89.96708795793235,-0.0055200418117833045
0.01553283792854245,4.660768969333632,82.6311958284521,-0.003014294641649299
0.015278501543640003,5.103420279798722,85.17891300594539,-0.0039030475972568783
0.015160978970945963,5.602601958183893,88.65952513527313,-0.0035011636891397104
0.015789417713674116,6.175412651362769,87.67901862573396,-0.006050075496026069
0.014669765468240087,5.679466738540891,88.09724239884679,-0.006097378398128742
0.014928959374015435,5.520357192167332,87.76211307450262,-0.0036293922019915038
0.015292077259108527,5.297640711464335,86.32232369778072,-0.002803377130070869
0.014393783709315601,5.108743050116279,87.41151918458077,-0.001087359246541652
0.01531004444966026,4.020685781933996,80.17334683785714,-0.0016722076999650141
0.014614975037622747,4.672259945588734,83.29270636164787,-0.0029083045582459824
0.013974421472404764,4.9077451658650855,84.71075890910598,-0.0035076344692335807
0.015422531243250513,4.7601646351185005,83.33595183820134,-0.0036832354245648377
0.014934582006257911,5.581686463517776,89.24108344519203,-0.0030647930182499533
0.015294636960975376,5.355087652862467,88.6068755669369,-0.0036707516232581177
0.01485990228830679,5.51403230897602,89.82130434797368,-0.0034637704610414126
0.015364862059718586,4.616008380086728,82.15010723094991,-0.006750303723167667
0.015205591053776278,6.0489963416904375,89.01665924221152,-0.00021622704669304466
0.015465727435795147,4.302367658414716,81.21922020025882,-0.0030101880809043345
0.014851607986678046,6.000314657656822,86.73856019858086,0.00045007868150846904
0.014682910634375459,5.8859684883352195,87.87777167045216,-0.0066445291585476764
0.013567842978932222,5.496212981035908,89.39241882562736,-0.0045018245417900405
0.014869960290132538,5.941695697401462,89.436740557321,-0.006541957265184031
0.015857678830827542,4.262802585217852,80.02906817717943,-0.006034901116790242
0.014608076162731755,6.228391452259472,89.50831183854363,0.0004959643388371395
0.01477912623978552,6.0943255406473344,88.29345509294443,-0.006767052868961173
0.015481155391586768,6.02179879470942,88.19081830025591,-0.0063245269217163304
0.014984358806863076,4.059691469441433,80.53802218567851,-0.0037057669292755533
0.015892069383588153,5.682279014256192,85.78628606158433,-0.005629454790758227
0.015517835249167377,5.263204959560635,88.85011504087429,-0.00021474637769912722
0.014916090786501924,4.1124542990230895,80.64989336520456,-0.0031901647455041832
0.01500237440544875,5.5743118445948925,88.50016264887341,-0.0024000121022352116
0.014736531124592488,5.632106327374265,89.08957740286111,-0.005868018089814807
0.014640241597191551,4.73440229891283,85.78522886002789,-0.0005091137607928682
0.015276220011099326,5.427436866810709,86.9361188002797,-0.003375285129908088
0.01540182289739285,5.7474897451987355,89.5031025370489,-0.004321889906868652
0.016590239618466715,6.940855394113242,87.93638494622822,-0.010273961273221551
0.01460971347067682,6.024899922037858,89.380626508695,-0.005417205211720466
0.014606491055441654,5.044745994605161,87.29885234953464,0.00018919825169628752
0.01563194829192688,6.241690971090054,88.61907153175952,-0.00032058224287442725
0.013746011112706786,4.914021160847858,86.7404345657482,0.0008704817584698002
0.015093411553453874,4.340846184207868,82.28233141497347,-0.0017901017331732778
0.01461064467637978,4.606100377898692,82.90787745773888,-0.0016154486336484148
0.014230603708626801,5.187655811723605,86.61572590639516,-0.003961892367562882
0.015121919923494806,5.191675283821352,85.93545847015002,-0.003817077782702549
0.01517446102621173,5.113769050002302,85.38856164919997,-0.003893349911412088
0.01524019181781794,5.452058248876213,89.87707902209621,-0.0037058419931147164
0.01485012615416281,5.515791141431217,89.57967825757483,-0.003107621858798871
0.015437258642707747,4.765569711618345,82.92353510358959,-0.006888981004499208
0.015311422565067628,6.137512490536876,89.06379000874799,-0.0008064126188851726
0.015419120636066435,4.429772721950674,81.79162218607229,-0.0038176703731543234
0.014868736667493547,5.410701807150535,85.39025846308922,-0.0013248319250595113
0.014685328792114037,5.862310375703025,87.79139251270819,-0.006569083297210553
0.014224537503262774,5.549999978927043,88.78548487437322,-0.0032643535246127597
0.014759370983209315,5.7729248558470045,89.28629532218186,-0.005398595746895187
0.015857678830827542,4.262802585217852,80.02906817717943,-0.006034901116790242
0.014165044566743596,5.214738707237824,86.79150781230719,-0.0030272648298589914
0.014793980832344096,5.870422584239339,87.47518523273091,-0.006179395124683582
0.015213775567695152,5.483641822000752,87.53388978842852,-0.0028909737690804094
0.014942188344283684,4.03545072045547,80.44562665771518,-0.0036703041961230845
0.015716088855403244,5.490203595783237,85.16898880148756,-0.006041970929642264
0.015998664646859593,5.481370734005481,89.96109113026762,-0.002862503130048388
0.014899095818582822,4.0493476540713464,80.09747235762362,-0.0031296000026671328
0.014985404830079199,5.473022220792122,87.98583190701504,-0.0025990285382517294
0.013927073211279981,4.702875907027722,85.30256694518698,-0.002343122730837921
0.014650499513231932,5.368092927916933,87.12330010640223,-0.0016186079894963392
0.015166108858984463,5.477838593882475,87.74899049640284,-0.0038032203017871473
0.015409328673219725,5.776587245699338,89.65697447615486,-0.004332566990357256
0.015536731486241618,5.9139531784892965,88.97953768408357,-0.005635868953298057
0.01391051278670591,6.070928605584816,89.95794580533806,-0.004688684117180328
0.0159160307439923,6.035266631873943,89.1930540435429,-0.006717672155966405
0.015467791718606932,5.296377869802478,85.95853735598345,-0.0021764165469285593
0.013912035370143294,4.958879299697831,86.73479485453288,0.0003988785714937413
0.014989647221186859,5.210087370430715,86.14111757724083,-0.0032580555910667335
0.015145598911991572,4.822409332525963,83.69578563975844,-0.003456829223408132
0.014471703652434989,5.493318778490347,88.30609399672278,-0.0033827397251489167
0.015375736219710064,5.488730254172525,88.61709695715463,-0.003038809899386195
0.014701991543970408,4.799511377991278,84.39001009554694,-0.003383291809984461
0.01525231928526051,5.464633615077186,89.50772725568555,-0.003651369790337245
0.015473684455109667,5.337262189454948,89.05001604165665,-0.003882746813433539
0.01576126275442199,4.480229935261519,81.3863589523028,-0.00762052641236771
0.015311422565067628,6.137512490536876,89.06379000874799,-0.0008064126188851726
0.015302701969301238,4.526821741830241,82.28342653896546,-0.0038377091303922585
0.014250915243458607,5.739608868817042,87.87366955279207,-0.0029782758858780817
0.01487202652266806,6.549392121077428,89.63741950724669,-0.00859046365177078
0.01491285831389682,5.7945121657354965,87.02100078186861,-0.007724842384728498
0.014117903838961074,5.5925233891141435,89.04971476616763,-0.004099502801476936
0.015828359990470303,4.305165595705024,80.23909964916784,-0.0060066691928112
0.013854778872523463,5.2496429201049235,87.3493118263674,-0.0016899361158929705
0.0149708842250656,5.030731569726946,85.0185186971501,-0.0037115054492664543
0.015307964825782457,5.00091301977973,85.16855120627908,-0.004974682278086471
0.014615249733959591,3.9898944360368125,80.1284998540333,-0.002807103595928451
0.0158097564314877,5.527029677290011,85.05579271937994,-0.006962558288921578
0.015998664646859593,5.481370734005481,89.96109113026762,-0.002862503130048388
0.014852206921429568,4.256646685569203,81.16234901077333,-0.003306687302529351
0.015465057195470484,5.381145058073629,89.08620952819076,-0.0035207383516422863
0.014350284752980842,5.08018942649646,86.56757481673857,-0.003032799852340192
0.015069443920226685,5.216966511693613,85.32587145349524,-0.0035180135477475274
0.015102760768693418,5.408811442159795,88.34709461509038,-0.0035557926226247594
0.015201254793824767,5.402213325714073,88.09648448802642,-0.004608182044235527
0.015895901629996694,5.940592483945384,86.83980378796225,-0.006785378046343172
0.014635417180174713,5.330967153066612,86.87187705316825,-0.004565220720078653
0.015812795995864645,5.996523977478813,89.0165536547629,-0.006321902872840705
0.015418380980406283,5.555762086045814,87.59623355936526,-0.0027437723477669916
0.014026442552197534,5.3945989118486075,87.7001539159675,-0.0017921835024579304
0.015827153615098392,4.913741697938513,85.01848184507894,-0.003579676828794715
0.015324947878333122,4.639041746288322,82.58046133126678,-0.0027817725801964517
0.013906388285699928,5.682900023668531,88.8220101524937,-0.0034503792197810327
0.015324663960023355,5.443613923025401,87.7593566130834,-0.0030228121143289276
0.014220496489726788,4.375055696821751,82.32496548664935,-0.003544835772492898
0.015431301636255928,5.610698672529928,89.91344601072693,-0.002816366062174266
0.015473684455109667,5.337262189454948,89.05001604165665,-0.003882746813433539
0.015936515822780894,4.655037405328938,81.83225089317398,-0.007395909467474671
0.015293656863780532,6.137269059845849,89.10366242032552,-0.0006979569314960075
0.015211774482830752,4.740738155111195,83.64429433244938,-0.00350990249869097
0.014506428694884284,5.387647393484268,86.317213299866,-0.003103241136757241
0.015353912934093146,6.140598938659485,89.41289764560815,-0.006382261913088055
0.015136087752244357,4.8474548575894465,83.88860214221845,-0.004031445649959084
0.014518457940451054,5.477408806887153,87.9534835484225,-0.0036033940043823705
0.015815200324660526,4.3821709161732105,80.65327576770217,-0.006013645451778893
0.013062003870464349,5.436946410902228,87.3389557586578,-0.002994349104426705
0.014738972954102867,5.046556377297247,85.18752214746418,-0.003263227802013827
0.01534130356399904,5.001996140124216,85.2637125249905,-0.005013200338138513
0.014672349734973235,4.225006674258271,80.79955223476964,-0.0031311968225273576
0.015910178999719676,5.363932773243022,84.42796754166706,-0.006219699329275338
0.015924778686421035,5.550109943582864,89.87123120919699,-0.002635655173710668
0.015018745796974495,4.617901690405213,82.72530954239815,-0.0035825851674157285
0.015251427408858365,5.382252134272486,88.48493876598538,-0.00346513800852749
0.014572577256648109,5.289905880573126,88.08623982854351,-0.004977616505203699
0.01535297138735607,5.203446147980882,84.62708842333531,-0.0044268092218075535
0.015098012075463156,5.355313999482957,88.42349770699823,-0.0013570769560684705
0.014194711985739824,4.961854765602483,84.60786956152388,-0.003813707690048558
0.015878501192644258,5.7686660660163795,86.33759357363802,-0.005818813612783322
0.015389829707265937,5.700007672547975,89.33329834467465,-0.0032580228423250207
0.015124574723581618,5.74300555179307,86.66521319414505,-0.006183510022080745
0.015092688491765732,5.010304170150107,85.40782500794313,-0.0029568170683611965
0.014315440987022438,5.329615381411241,87.4109463535535,-0.0023404834211703802
0.015948955621822383,5.027482235269323,85.44102586426152,-0.0037448474774192083
0.015541623948206683,4.125330993136546,80.96120376463692,-0.0019865509926500196
0.01474294752408489,5.608878962569165,88.79377608458657,-0.0034560391042741255
0.014630332517153071,5.2016446644583265,87.44824979615107,-0.0003699423208384832
0.014735104715323492,5.071308485016404,84.85957630824521,-0.0039328994049637155
0.014932920750526995,5.625499485736293,89.35371809475771,-0.003362087248744138
0.015096845015583265,5.230426203240421,88.15939548026533,-0.0021367323598104654
0.015912979129184268,4.551490344931701,81.7028587717,-0.007773031843096058
0.015293656863780532,6.137269059845849,89.10366242032552,-0.0006979569314960075
0.016154542241332125,4.554923015454344,82.77677816855953,-0.004709740652049979
0.01404606418675913,5.228170471512719,85.61024150417047,-0.0036089027110686265
0.015369463355998793,5.308977366179908,87.27963177105565,-0.004733548857410246
0.014960177101871697,4.169103676390353,80.74847819334288,-0.004040304723458201
0.014693707080582494,5.473942586137805,88.5001397631683,-0.004217503083830468
0.015708689855521662,4.452624521099477,81.15563513918308,-0.005840545839100657
0.014542649946557094,5.521315395745125,88.63048049644854,-0.0034612599667063586
0.014053508933570406,4.9642538435394155,85.30980715805431,-0.0033534696333195613
0.015316203175746352,4.693574800745251,81.89540021711014,-0.00650686034530546
0.014551189169327105,4.731445271918739,83.51103313515993,-0.003485393056377703
0.016990782812519912,6.226690865707907,86.80192711945271,-0.008019409650518502
0.015494915986964003,5.104039724672489,86.03501160778897,-0.0036140417682396903
0.01482346941963476,4.495905790084722,83.15866194284571,-0.002359911164992578
0.01509305637821748,5.35019658437378,88.16889407931171,-0.0035090393323057288
0.014172519379739427,4.713644800776915,84.39786962980011,-0.006688673070727853
0.015307265817909347,4.658301530829191,81.09424688212343,-0.008051335114546667
0.015184937628380375,5.197108794029951,85.84578905833685,-0.0031891200410648825
0.014347898972108376,4.634142430024222,83.1246972432789,-0.003847940535568882
0.01660293217384169,6.065420279992642,88.12461078853376,-0.005404285094285048
0.015522433176503777,5.773558333433784,89.53874944971483,-0.0029073400900407487
0.015381180981877076,6.329603950206487,87.39761222611772,-0.00823646194117594
0.014997922750053247,5.040320894941434,85.4095916128892,-0.003919092655844197
0.015214008214650427,4.684707507069663,83.29744373981615,-0.003406392757828714
0.015944761738016514,5.480852536842265,87.7895499439612,-0.003987768733178447
0.015661594418250616,4.687168461518584,83.1370681687496,-0.0028880933192739775
0.014445138944512877,5.652191391815449,88.63076477130996,-0.0040598738919955975
0.014988675947430176,4.782886791063409,84.61126790966954,-0.002297224912330356
0.014606803205302405,5.319380034089358,87.14821883959468,-0.003102596487402197
0.014873633608640708,5.611866154898941,89.47490290568578,-0.0033384252005094948
0.01443583656504058,4.584517461885313,84.45823723274569,-0.00036411003046135084
0.015428550097722692,5.069962999881355,82.72982047433874,-0.009275606956503554
0.014939690569622823,6.226024896811375,89.31241412832061,-0.0005929760586713445
0.015711002544414952,4.741757109768278,83.89440970049328,-0.0041383421868264846
0.013833053327160824,4.9594871787282155,84.43855519127692,-0.004089343241551727
0.015141838216136901,5.494519287919678,89.21030191446107,-0.0042682061683478245
0.015251219494005432,4.300236316057191,81.23128774618584,-0.003987238760261056
0.014640930302022495,5.290556549156411,87.02153132526516,-0.004110876344882922
0.015248366307208524,5.129769706012407,85.20571613931153,-0.004020356651895391
0.014197898308442623,5.6931477370281165,89.59440763264884,-0.0029419533921703654
0.014494688823443415,5.360648070750866,87.00750797680642,-0.0031912007180883374
0.015314667599238262,4.485726622918994,81.60852573177274,-0.0053733538465275486
0.015099847894436216,5.707662647190784,86.35329211075691,-0.004176562093578721
0.015727541511901606,5.697059760002843,86.3997618679097,-0.00645250667852545
0.015713877176765007,5.253670929134045,87.5822612150768,-0.0025892237581706576
0.014910849878643568,4.217595714074449,81.15396925203333,-0.002923560856959798
0.015073225344102978,5.289585828376647,88.47990649659819,-0.002866262096041468
0.014731813479272948,5.219975731279236,85.51984125397368,-0.00378868129984372
0.015676615457172693,5.084880787967772,83.56798482847823,-0.006161760571751908
0.014441240646549024,5.039615193239905,88.30487342668324,-0.0020225183064431
0.014322504690596968,4.894191582915212,84.20216449763011,-0.003728371317311188
0.015778264814124865,5.776161568809265,87.76164636554718,-0.004542135887551548
0.015522433176503777,5.773558333433784,89.53874944971483,-0.0029073400900407487
0.01540316820370425,6.456489379819123,87.57147941508786,-0.008801969124058423
0.014350504827164835,4.947628969958019,86.7488091085293,-0.00235435137243518
0.01541291692911498,4.797788479735679,83.60051234479391,-0.003940377657261144
0.015111817858294104,5.359572418100366,87.22661835700141,-0.003975574618302785
0.015859980471783247,4.453241125030204,81.63060773480846,-0.0027814319516262847
0.015735109731210593,5.74772423998513,84.94482854403627,-0.002180093009077718
0.015459020831450525,4.348561330944416,81.01267451915656,-0.003080006696242454
0.014637578571001284,5.617173400139471,88.7448492373086,-0.003289532516969711
0.014809603300151486,5.463740145844687,89.34328320374553,-0.0031900399761508754
0.014796838914702393,5.661590693360685,88.45141854508663,-0.0024964760094343848
0.015125363863210829,5.083612936112397,83.76537117027394,-0.007764473914559597
0.014911073299386351,6.051462963257803,88.69029034293695,-0.0011860075290434473
0.01593107167716657,5.253992063321489,86.4369439788164,-0.004595305205288595
0.013772680219928462,5.164588367257879,86.32158394318952,-0.003955969938330833
0.015023617295144707,5.41980275948487,89.82013880459742,-0.004469501158958357
0.015198782962545015,4.364351121267119,82.73754720967399,-0.0018831530957474827
0.014470437135064315,5.02931224122657,85.49516140768175,-0.00458982972819322
0.015207925199814823,5.171634636172104,85.5032831633863,-0.004206995601000315
0.014322377165478163,5.0784813106314495,86.16685069324782,-0.0017713716100728155
