k,a_rstar,inc_deg,t0
0.01630820955884605,6.258850073121735,88.68143559301669,-0.0033483714769182256
0.016493890450228012,6.14159861677642,85.33230926642894,0.002048220351269563
0.017249249631108313,7.116384979427809,88.9454268615002,0.0041639630150707395
0.016931462774341415,5.4783607988706295,82.92287117347665,-0.002212209851534572
0.016041824180805606,6.880651775122269,87.96437396165001,-0.0022863458826725778
0.016417884805049857,5.432869644286545,83.00855981518174,0.0029051461760682094
0.016201605701231987,6.6869117948876635,89.0500325748871,0.00021648457259116033
0.016742943759454298,6.1563353615071295,86.01451170614659,0.0007455479096856741
0.01614771093948061,5.319386177189432,83.46619841982208,0.0001872911633085426
0.01664952241920668,7.254387063011451,88.70423681983094,0.0035576134687739444
0.01684787905880554,6.751509054311531,86.37410454555602,-0.004347028062723834
0.016430441056343486,5.733569488729463,84.19811180254695,-0.0001411989844123892
0.01686005934657485,4.975276666552271,81.42157254675139,0.00392501168937899
0.016297350939933557,6.568182524593316,87.0488213190542,0.0003932273098898047
0.01761924488526386,4.885048190264753,81.27761256161011,0.003608225621310872
0.0156016648446928,6.183893906364914,89.64120003536505,-0.00536368564980275
0.01667407768211952,6.268148668909372,86.5205233814657,-0.0007239302058017253
0.015510181230296521,5.553438722171044,85.07527008134603,-0.0035730919798689373
0.016420906405165876,6.139505594832463,86.50647122745652,-0.0004025979006934506
0.016530663849606463,6.089159127687127,85.82950536953467,-0.00043806816569296554
0.016599174497590116,4.944943263752615,82.02730426405381,-2.7248681937519807e-05
0.016880079150144722,5.715848305473156,84.64465217794968,-0.00043594161790590094
0.01657876473070557,6.506173474820017,86.41561139657014,0.001999453664684664
0.01715913804361674,7.284088458538147,88.79155478628806,-0.0017902666582015505
0.016025743333873358,5.8782954469216895,85.30967674196121,-0.0009486911522058946
0.016717584960194633,5.256671998888643,82.96748028521701,-0.000432060602881862
0.016596911249052874,6.659912687919584,89.99870223460653,0.0012627585557424882
0.016942142463190087,6.713550607913042,89.1228134844596,0.0002468679117504683
0.016616815919852684,4.481659889025504,80.33771305695477,6.139042046871945e-05
0.016282417068500837,6.495997709930802,87.66308587801981,-0.0016713336499183061
0.016422987668273974,6.755307836102832,88.29980411266685,-0.0027133295742556617
0.016877056024384707,6.151681346743515,86.32131271776328,-0.0009602519303770907
0.016241337263795237,6.169193203554536,88.93059617057831,-0.00433011144316213
0.016776184290769918,6.42079238774205,86.54432898390912,0.0019498828308821359
0.017154604244336118,6.960306047063113,88.84313315999356,0.0036636139310376632
0.017025812406510722,5.163106581351391,81.59252732227912,-0.002134295360708566
0.016289868691358973,7.070078365035148,88.94907966617961,-0.0030523723411056683
0.016397251951716388,6.449198496455117,85.97688671047919,0.004037670503175983
0.016116689801197567,6.075717163544999,86.34339164832416,-0.0007036067967986356
0.016571897198092444,6.170254482889607,86.20319851347473,0.00011433152335375495
0.016167402839277287,5.822698748300615,85.35072539761788,-0.0006008094580804619
0.016536204559364207,7.156136990685061,88.0619115322243,0.0021198976400541936
0.01689650099923991,6.7051561385209295,87.02621462469538,-0.0033863944802607474
0.0162534087113139,5.099031131236771,81.55453712462499,6.52324856240576e-05
0.016775463374440375,4.985330817055369,81.437613994159,0.003960311130716027
0.01673224421733652,6.681084406892635,86.47614940264741,0.002418711842298701
0.017706994913011604,4.756144155434246,80.8507219060909,0.0036857905461897943
0.015752302260689733,6.282131574590761,89.43727061266034,-0.005071333442734837
0.016750105970014084,6.4422160969624445,87.27954087784498,9.686482380393251e-05
0.015914042874127458,5.695801179757235,84.98122716323519,-0.0026272567646672593
0.01647170076159908,6.161099816159714,88.03706455482566,-0.0032320389674696526
0.016498992323969713,6.390807360356885,86.78020923327286,0.00019130881315695958
0.016324922641538717,4.6726710459467595,80.90917150710183,0.0005065277190743661
0.017273404886043807,5.308505340603488,83.32885641882508,-0.0007873663177285078
0.016568399824294786,6.308452839133768,85.29749514308135,0.0030001489543468414
0.016844307619735776,6.929815047117634,88.83141339007393,-0.0024020708135461277
0.016200994245005058,6.037277965173907,85.70000932997466,-0.00030517329650992984
0.016717303862078144,4.670791875076549,80.82351588600108,0.0006969951640138491
0.016596911249052874,6.659912687919584,89.99870223460653,0.0012627585557424882
0.017643815994167197,6.748983058564435,88.56966650129152,-0.0009866933187185802
0.01657018196028309,4.682991144772238,81.09232768336227,-0.0003252041141893771
0.01620683113339279,7.01301911978978,89.85662923445764,-0.0038442448694101967
0.01663321270928976,6.856614267443204,88.2447145796944,-0.0033616910396638286
0.01651863820203928,6.407686011478657,89.42899886430723,-0.004536007795457248
0.016218212471479275,5.921955837820016,85.65605971265603,-0.0013838374395670327
0.017172858229104623,6.365722754677851,85.3895491652513,0.0032121882989599917
0.016778046680031456,6.711858660132285,89.77666435046555,-0.00010378681935798752
0.016556932667680966,5.627537565773071,83.60727802250987,-0.0017970407932558653
0.01624400963991618,7.12148403272484,88.94814891121057,-0.002768582868605375
0.016782071043988118,5.492003139192786,83.36017765376717,0.0018429100408367716
0.016249336089279955,6.318418372050689,87.52322449423096,-0.0006559799042070852
0.016797286951463576,7.156578892887767,88.57544471459587,0.004035442699188204
0.015669861822733035,5.632297787208871,85.73669461520882,-0.0025322397160594933
0.01656965650310965,7.355786390970492,88.70302529230965,0.0019650320311467044
0.016753934976850293,6.469534314186157,86.70181508463737,-0.0031108750292861177
0.015931973803152113,6.115491041254353,87.39865079816225,-0.002949119821995501
0.0157459799940732,6.014561965019957,84.67741080577625,0.002494649282674469
0.016731491034321547,6.695289241465617,86.54803183296634,0.002244735786243615
0.017562591758448567,4.72273617896156,80.82896326382918,0.002561229917003957
0.01587331164484607,6.302949747253312,89.14958739495108,-0.0035844084996250304
0.016741707048763085,6.439694326203416,87.347425050975,-0.00011871703693913877
0.016360940228102056,5.041181333801955,82.37518147156749,-0.00103329105196599
0.01649906299305657,6.1724717732315595,88.04897699536096,-0.003196416504578908
0.0163468610904109,6.251087328252979,86.35658206298855,-0.00010440761391175037
0.01623977075511191,4.47622302076406,80.16161220398537,0.0006581708254317857
0.017590955593185416,5.062988737298549,81.46619640046409,0.0003204033386375914
0.016785780301517332,6.457195523553796,85.73627901621627,0.003225967930468
0.016407039796092655,6.9606901989714425,88.7369255927136,-0.003246260969988282
0.01616337225540029,6.53582422080083,88.03828186433863,-0.0005980472457332731
0.016675542069863193,4.486917671902574,80.4595661834429,-0.001175878990485484
0.01658058014216443,6.598042558906339,89.55386593933612,0.001066184925875319
0.017175797844041527,6.635666350252664,88.37911374929561,-0.0010087570766528148
0.016547227744045486,4.995103727169728,82.28389243375567,-0.00018546184324117441
0.016230782165408308,6.986415614312144,89.68881392068961,-0.003490469046562866
0.01679630009534934,7.073282479109504,88.63859115714918,-0.0048828333846401405
0.01647536609043323,6.020118998107783,87.52584292106424,-0.003409608042136129
0.016357446983518136,5.471189197776185,83.69548987972972,0.0002605023352492625
0.01698606901509137,6.521869086953131,86.24891131884372,0.00305383004527479
0.01689290925257028,6.6626801376740135,89.89464050032069,0.0009274342027766145
0.016856899062416827,4.64280787151211,80.94979505337997,-0.007184477485118808
0.01589468122983101,7.539020668925012,89.94418794946546,0.0007727315972109045
0.017133185050069964,5.878327353465047,84.38533528747399,0.003389594760183832
0.015393302566172605,6.752689130208716,89.80559007280146,0.0013326279056219375
0.016797286951463576,7.156578892887767,88.57544471459587,0.004035442699188204
0.015350911113941592,6.235220543950802,88.33664824402624,-0.00301985934721217
0.017078182671614844,7.912991347874776,87.41324215862542,0.010245266354773245
0.016561910800299378,6.033397389439541,85.72432846559995,-0.003932088627530348
0.015816365983786912,5.859235440241234,86.69865749400911,-0.004715175058802421
0.015974027871964922,6.262286509298773,85.5229662875576,0.002828875805609029
0.01631363297235008,7.944131256224953,89.74475291855836,0.0029518770847834653
0.017521984318510566,4.863627277474507,81.16944966926903,0.0026927698841275926
0.01583392033740241,6.307603166947182,89.65605392715665,-0.0034248113729043717
0.016840791152417954,6.4937206612717056,87.50756941738676,-0.00011113458586380553
0.016345927236231156,4.998327251908974,82.24381637504744,-0.0012724825548288865
0.01649906299305657,6.1724717732315595,88.04897699536096,-0.003196416504578908
0.016247186860722598,7.127146768764241,89.75539911518455,0.0027601739444163215
0.016476966831376616,5.525778251445329,84.01019485472332,0.0001976234308451539
0.016779642475068947,5.200278630738794,83.83404080403857,-0.0031564907129114517
0.016681263940122423,6.175775689805052,85.06966107679706,0.002368514814770401
0.01621463180566942,6.820445430249821,88.76901232645533,-0.005834461825123061
0.016240463393817316,6.618417338496057,88.24811467996214,-0.0007261670113721461
0.016675542069863193,4.486917671902574,80.4595661834429,-0.001175878990485484
0.016742113280310732,6.684950613134199,89.93690709334871,0.0015918885098919527
0.017520952187518278,6.324370743901571,89.08383174371892,-0.0018110670756689312
0.016395931320827763,5.713232118754755,84.94173138409057,-0.0004907474455544323
0.01619243238438844,6.948952264468915,89.84068422082777,-0.004209597202910909
0.016557567157194156,7.07829627012935,89.02238496960867,-0.0030180373100318174
0.01643307937290902,5.978827262574801,87.44492541329262,-0.003995985215353397
0.016364350791094266,5.4774833957916975,83.75300257807034,-0.00016150190841110077
0.017154141207864106,6.701838501134192,87.387609831879,0.0012203126568938137
0.016472793800211844,6.546864238413702,88.92359255055425,0.0007107453961948451
0.016773072807766003,4.837563262999719,81.78958065504762,-0.006750983422311979
0.015732642612256275,6.44815172846908,87.6316799313467,-0.006250105257421331
0.017133185050069964,5.878327353465047,84.38533528747399,0.003389594760183832
0.015570597494554438,6.686816427522018,89.6351467252216,0.0005473554173802721
0.016769892378426254,7.241137093048089,88.67295814782278,0.003173054087899206
0.015166226687814898,6.1286124763761105,88.17529402906935,-0.003520790577413545
0.016775683686109197,7.363098810273781,87.89801033667044,0.0031046649292294217
0.01635011061863248,6.654162794025128,87.58056796363948,0.0003041081171332842
0.0159700410698567,5.303350592035074,84.18225488489875,-0.0035805620435788573
0.015858779800318502,6.2440572629820155,87.03071729241455,0.00027496265522524864
0.01661744258559819,6.88098980637701,86.18601031722282,-0.0008539633459355462
0.01750007490361428,5.0234445274993735,81.71236276725213,0.0029342584677472003
0.015834420760117783,6.30769566880591,89.65498611345475,-0.0034231644494749592
0.01704663295069836,7.09523958637496,88.71474228342517,0.0028816778464261983
0.01637986527334309,4.885713117903505,81.82097325097257,-0.0013192499333704276
0.016712045091514728,6.649393709590274,88.0938424728723,-0.0006172786504455587
0.01633529033582568,7.045947902693824,88.22175464948467,0.0025610642141847386
0.01635731937904489,5.682186996673993,84.70241724657235,-0.00019909462595124345
0.016755115662052233,5.323009005243076,84.18514772412553,-0.003238297855572758
0.01650985379834228,6.537816518734647,86.36696435816658,0.0020764967739105404
0.01633530358616541,6.688487448914905,87.9800249160615,-0.0026962941825502524
0.017055321053230252,7.221506605295373,89.94374628052796,0.003059178621201467
0.016637589286494177,4.5300427402185335,80.61307490040225,-0.001173889270245605
0.017034743976934094,6.614358790515799,89.87087828370986,0.0009800854077883434
0.016387338474251875,6.154133557407262,85.71933489359398,0.0008731048004955661
0.016694767614249737,4.942525194904716,82.09117085948094,-0.0007952964795214235
0.016164518625938262,5.721896114561153,84.43828010029175,-0.0047043106375918705
0.016561114790173654,7.232361973854376,89.54111419623167,-0.0033460019943178636
0.016261922694534935,5.866241963566832,86.58637386591303,-0.004200923693267074
0.016352318882763762,6.030042332115022,85.86447823966672,0.0003437808183377436
0.016927982207481054,6.477459372068852,86.92380287514855,0.0003908136563292707
0.016399291395722188,6.473895374126092,88.03376547116969,-0.00028954820621810085
0.01673986143410435,4.883585673078878,81.96100976304459,-0.00625464767053329
0.015357496522242782,6.914616736325372,89.4700269823223,-0.008073052215352934
0.017161734273779615,5.811805369255733,84.1773401910919,0.003354163151622528
0.01593476195044408,6.510475098914764,87.76133540576033,-6.753047251390398e-05
0.016262285118166516,6.426660801610849,88.01166091666643,-0.0010168033990287674
0.015408818138228371,6.092059549958379,88.01375506869917,-0.003973820331559406
0.016295064549634003,6.663920491940003,86.42724657303246,4.469347190398231e-06
0.01608793681905656,5.920524791167988,87.50387684953049,-0.0030349850435248283
0.01569818613010164,5.5628722511217585,85.32264298853443,-0.004078300255072149
0.015691237052287563,6.149728642910727,86.37870055839947,0.0001304473278033948
0.016821558928225056,7.011871540190078,87.03425829374736,0.0005354554299247679
0.01750007490361428,5.0234445274993735,81.71236276725213,0.0029342584677472003
0.01572955785709677,6.27684226187945,89.95595042682484,-0.0040048907342376885
0.017084947124977407,7.156932699933126,88.8100810187248,0.0033585354525307995
0.016680197698547717,5.373503455423708,83.53934543496678,-0.0014861713847522746
0.01720134268015958,7.375452809158562,89.49736288634998,0.00321679918747653
0.016230381885837857,6.478068549540112,88.13976858283867,-0.0006993528861295377
0.016690170271206874,5.747025069865289,84.8159714234185,-0.00012912634249998456
0.01677368364907298,5.279323453401215,84.06087807395274,-0.0033493529074446115
0.01648230594464834,6.305432375058561,85.16610585027877,0.003703292328109573
0.016540885020463515,6.473075464189788,87.47125587452766,-0.0008149775238630973
0.017040874720619298,7.212026385183785,89.90462424224019,0.002855979085951042
0.01672584873309939,4.403223106560583,80.27197006808723,-0.0016027748773371807
0.01694010626598758,6.790823776822478,88.61163789935452,0.0007827040080231123
0.016020414663327168,5.680955652558001,83.4160691701369,0.000802278237480583
0.016694767614249737,4.942525194904716,82.09117085948094,-0.0007952964795214235
0.01634792418976662,6.2833720445284875,86.92367556993754,-0.0008182913409434823
0.01658360733878585,6.911950542658651,88.66630082123055,-0.0035758622661773917
0.016389111963063852,6.225803412663049,86.72390586133892,-0.0014507994966325912
0.015712288769666405,5.847538693426921,84.94612134247264,0.0007570098233570863
0.016570764066750697,6.225777760924823,86.2995950847057,-0.0010608824815088371
0.01555369136641887,6.002443618962229,87.27342465460802,-0.00404130709777577
0.016774179491099116,4.909595104929805,81.93025387330847,-0.006199998276482226
0.015502183919782255,6.314064989862113,87.47762915881727,-0.0060136861971020915
0.01655701360773471,6.2068778473155355,85.94849912687432,0.0015212772516641875
0.01615802505195648,6.401845195134878,87.33466583222236,-0.00017690597841527685
0.016865452406133897,6.095192231185526,85.8062249848877,-0.0013525753678117762
0.015392454607275183,6.077816228956577,87.99092019168724,-0.004055499450033311
0.016212165561101936,6.630153154677869,85.18834108452991,0.00015471822140764643
0.01602093960526589,6.260692613661414,86.91672705119998,-0.0005951260806740569
0.01588228380193703,5.527371290108184,84.98832826317833,-0.003592353953158092
0.01588590829051778,6.021135041825388,85.81147363286595,0.0001368910684795574
0.017025237640800543,7.511507961494733,87.81834099239204,-0.0010966626624692583
0.01777021555772349,4.698718931537822,80.51405387968585,0.003493783068445653
0.01580704635807118,6.305159792653259,89.53374306337354,-0.00339712943894333
0.017048907209349613,7.18429562510534,88.6682000063456,0.002802202580469933
0.016532900819689788,4.445694638876807,80.47563976203371,-0.0036031506438578085
0.01716889162287513,7.146195414096595,88.81702036568936,0.0027858420418721067
0.015657853195126848,6.6566758516992675,89.6012796816979,-0.001000980426079381
0.016922052962584158,5.402351207023303,83.64200141740642,-0.0004922294098949517
0.016577965397657924,5.009980617816593,83.18285253931892,-0.0027520357638832205
0.015914412189075994,6.1210502434717515,85.83203725247793,-0.00028100485165331304
0.016540885020463515,6.473075464189788,87.47125587452766,-0.0008149775238630973
0.01700250706064343,7.016450237244794,89.22750638336927,0.0023940751036371248
0.016987208920048232,4.720493083383195,81.32084954556196,-0.00041631392843544156
0.0168013567038733,6.526100222190824,88.43321152854558,0.000639928102164948
0.016541784009518494,6.186541628756128,85.36849599768622,0.0025666418504794687
0.01676010502560882,4.729070633086854,81.2983491075917,-0.0006763436322654119
0.016104990829662456,6.2196926097365655,86.5601451445479,-0.00030025903116533874
0.0170104861845393,7.274567660750123,89.18138744086397,-0.004316457032399598
0.01650464673213479,6.294576676137426,86.80123890027077,-0.0010783781720969305
0.015004286173878225,5.539054191145389,83.55082084061193,0.0015989922615903722
0.016070146456914118,6.551097474084784,89.52645967514069,0.0002162186670107233
0.015443403326148308,6.0460367536252075,88.33741740148334,-0.003293272819601152
0.017254910664359514,5.19195651965479,82.28134898715767,-0.004587379078893759
0.015305375739794413,6.5822295923226335,88.31131403102134,-0.007708593131499915
0.017150868831691247,5.174386902768736,82.75206001101402,0.0018267681561296998
0.017281453738089866,6.211787389593073,85.94370520278841,0.003428837479834904
0.018017080379929475,6.081132239359226,83.94512850763552,0.0006489219984161502
0.015350665392242972,5.840713553290497,87.47675883692968,-0.004662599117353205
0.016661801046311316,6.267049038916145,86.19955915101673,0.0008801213533214689
0.015870703868200397,6.196502181686283,86.42194843487536,-0.0008195239214052322
0.016223561380167503,5.176806159322842,82.48236293791749,-0.0030101257453833243
0.015470985915155853,6.201157932566083,85.43092258077064,0.0024405806347309
0.017159207225476307,6.998502000039178,86.21234495807239,-0.0007100934075099435
0.01777021555772349,4.698718931537822,80.51405387968585,0.003493783068445653
0.01607773590692451,5.8101946902412225,86.66124268483085,-0.0032863338120803364
0.017137627259460574,7.232846471817195,88.88525232856765,0.003116982353907559
0.017077749234259334,4.690671020567658,80.21226208907008,-0.002511831848081547
0.016775455907811675,6.730534880896572,87.76068723436887,0.0018288041536239827
0.016286078073513066,6.055875624690832,86.78708502166259,0.00015308367857967318
0.016994115193072194,4.967944025983961,82.03957708635862,-0.000705774558191777
0.016299753066638875,6.285231390866344,88.56413439813726,-0.00401203651649974
0.016275664133351422,5.874049071612218,85.19683681030737,-9.4426431494491e-05
0.016757000199368554,6.305295354959493,86.8421089385082,0.000518368714257058
0.01675293829327082,6.424035881384829,86.87740752790017,0.0005884960913540484
0.016894838170117384,5.224748442356409,83.0856040424545,-0.0007719307270762669
0.01683314584385789,6.547581519525576,88.3246049202541,0.0005304804584782292
0.016523807208957124,6.464830738299242,85.92011385326107,0.003878035144692247
0.015701233484806072,4.649172801899703,81.16029764955489,0.000863720360567858
0.016327363054403972,6.467084627417542,87.29230941724421,-0.00011678596705339692
0.01682544153918268,7.043762600996543,88.58589545471847,-0.0031518591188979114
0.015395695798278009,6.9823935439504385,87.6301259786029,-0.0040730431241993
0.015587767237266388,6.11325537625499,85.345978735994,0.00220623521967383
0.016070146456914118,6.551097474084784,89.52645967514069,0.0002162186670107233
0.015202695658843317,6.146534591341363,89.14630220523227,-0.0037190719110947634
0.017253785884230145,5.717416405369176,83.96089756633094,-0.003021282611551419
0.01609341113813155,5.913406944296026,84.54570606949366,-0.004578593559439058
0.016614597957015937,5.446899528996697,83.6070246122313,-0.0005233199792406907
0.01793827106015615,7.312311559722281,89.37553405264892,0.0030835006916089397
0.017986437951980832,6.134030192848572,84.50186079421549,0.0007925110289908098
0.01574401058060219,5.728168628891189,85.9885078731689,-0.004158924076592322
0.01694230172830837,6.4812715548464865,87.70185213040148,5.058790668296953e-05
0.01486919582623172,5.515351425232815,84.87100260106435,-0.0035302962952409533
0.017660721154296302,5.903664329935264,84.94613222988045,0.00032866658748601993
0.01643283205290078,7.013564619073277,88.35911963572632,0.0028539257238767175
0.01697429232465844,7.086886794066141,87.52536311066994,-0.0004321368149675232
0.017439632101805304,5.212601387054653,82.22960937918388,0.00299579099976063
0.016555916150349705,6.53172473898648,88.06219408946448,0.0002504397107351312
0.017095632152530706,7.041070465043461,88.16439107871268,0.0024390761513037908
0.016812690293138293,5.044984056784859,81.91074264215331,-0.0019637002928871057
0.017298572392340124,7.028671719507326,87.72940164518653,0.004097066041773216
0.016763582030644823,6.730630697772548,89.15208628304632,-0.0004218131804567214
0.016500525491103517,5.3276010125081426,83.34292446439079,-5.8188426439970066e-05
0.016299753066638875,6.285231390866344,88.56413439813726,-0.00401203651649974
0.0164693436281047,6.0887953258068475,85.41371113926898,0.004415467751210978
0.016672000890016015,5.984047747138458,85.76320196148568,-2.2708758591299938e-05
0.01622291515563593,6.431695589055444,87.68879514116125,-0.0010277691131000016
0.017316894288925192,4.755414345149814,80.62096175335711,-0.0012470402342781976
0.016717053277082106,6.665887346886403,89.33232120527002,0.001391251453749871
0.016574610454577556,6.609322385708561,86.59233218373329,0.002206692242258902
0.015701233484806072,4.649172801899703,81.16029764955489,0.000863720360567858
0.016505299225691217,6.584368709029017,87.63221650977208,0.0008284846569192247
0.016848413231739114,6.967153648432621,88.65098875908356,-0.0024493557339779932
0.01606181155985193,6.272288468513108,84.85580867986447,-0.0008303669319477099
0.016151216720191854,6.140871912238763,86.28206362922572,0.0013964484127380649
0.01620837673794407,6.623684927026685,88.82365665669246,-0.0006209321367820282
0.01593287024964674,6.168015245547789,88.93831159909233,-0.0038602602924660777
0.01701861219893359,6.011585623026664,84.84010114300963,-0.0036394585762730704
0.016284923319215577,5.898335715101583,84.46109085292285,-0.003753249960930909
0.016686028381204712,5.561653950358704,83.89106095372819,0.0008337721240990768
0.017619206785731964,7.016656197722771,88.30187769448962,0.0030416555982109217
0.01746821247562054,5.782374689267874,83.72444575572288,-0.0009782656384023595
0.015784043082934383,5.834065672948309,86.25500755006986,-0.0037916123506542172
0.01675388010640826,6.386250981210256,86.82178257841049,-0.0003683475953369835
0.01495397067838,5.259890447144066,83.9695681337732,-0.003933473531955403
0.01691522286861353,6.159353600707445,86.3140369291219,-0.00011216059476168417
0.01638098029792036,7.1114289439987015,88.59489896650194,0.003353692420849352
0.016619070700172208,6.839348444706271,86.73556890803303,-0.003108178621635893
0.01798328123440188,4.581262886331468,80.21302416524453,0.002944619502379853
0.016385171642745663,6.427747904603957,88.04040512458408,0.0004389955893372311
0.017514441063660798,7.186342397488828,88.94075047609486,0.0030150719286665224
0.016870370242293313,5.80848472212007,84.92053636555775,-0.00042690605671065387
0.01702932440042668,6.625304721243063,87.08671656180267,0.002918314816403232
0.016720621298705874,6.843043057335142,89.66012946191434,-0.0003619972480272646
0.01695653246651966,5.041981443220758,82.47204027360348,-0.0017166359783770783
0.01637493167826248,5.888743541640574,87.05617008747548,-0.0033368086245784685
0.016523955813017674,6.16823075638649,85.76462525941311,0.003386980586538174
0.01672126672030447,6.140543834571149,86.31828859441835,0.0005933417735377489
0.01631197789598284,6.51574643854909,87.56567309778612,0.0003197675700504913
0.016952250313601588,4.825426159505258,81.1691776674992,-0.0024484881100579796
0.016519064541049042,6.457522012643659,89.7248102169279,0.0009978102441599323
0.01652175825231579,6.771717202035811,86.8083427282612,0.0031711760905638728
0.01596111275095072,4.85651384326776,81.63341685999667,0.0010595277707445944
0.016505292959070095,6.4563378915055445,87.20794554272906,0.000751525387935238
0.016970776387743042,7.183343474107067,88.54642542250298,-0.00398133258815308
0.01662116361946059,6.5888221045884645,85.79062734022882,-0.0015688190391266051
0.016363393284650394,6.458048311079546,87.03282863987339,-0.0004350149572109102
0.01616698630753833,6.661997725161566,89.08500934782015,-0.00040419302591886315
0.015998770685828886,5.765844696114058,87.31880870891548,-0.0037832608115702417
0.01698209969742757,5.415470619089117,83.01819119571586,-0.004167995048566715
0.015961026304782494,6.465592014611753,85.93091924617191,-0.0039471534962999336
0.017292014252988368,6.139521977429548,85.75421157681929,0.0001968762806396052
0.01748672271448448,6.087294177785506,84.99990174189757,0.0037853398502573853
0.01669883555543264,6.3980846058571,87.09790485321524,-0.0009945035705505013
0.01657476561200992,5.715488962757144,84.48964211336089,-0.0006787818624740047
0.01677302072990419,6.630345619805155,87.94194826901904,0.0006620094037696617
0.016476844165955115,5.892069717923588,85.26968292493116,-0.0008664287190290679
0.016766109044245473,6.020035272181264,87.08152688986205,-0.004552736035475423
0.016360222063999296,7.2152143184003,88.79819349369889,0.0038353304053732164
0.016424200687344247,6.533091486134988,86.2356241840113,-0.0023498058856609985
0.017280136286658625,5.002903383804157,81.69822745460216,0.0022585903388742043
0.0157020048417776,6.4465948863871905,88.95952417487919,0.0005072038959749233
0.01756084770078403,6.848537890244125,87.82739500322677,0.0028712588753102173
0.016782691646256023,6.237157910805246,86.35967862115736,-0.0010007061149784747
0.016964896429482627,6.230294763203276,85.51854864767697,0.0016706951677300695
0.01672704596961968,6.822565076292585,89.24712646718037,0.0003311774334016173
0.017094212054128272,4.535378537320418,80.97398100796853,-0.002950153179936253
0.01611488410067389,5.835703525441472,86.56448659302337,-0.0026480484586801087
0.01701835537977072,5.26071450038205,82.613247140542,0.0027210635851616957
0.016608390458564052,7.218099066614778,89.13147636863206,0.0028622747281971408
0.016128792639649787,5.968799900074834,86.76803215511127,-0.003908890155310899
0.017023164795691714,4.739771342899133,80.95533737074118,-0.0022811865937720594
0.016557194265165946,6.621725177340469,89.49001559647141,0.0005795448127924789
0.016447644009499617,6.907442622144146,87.61699480809385,0.002810052770299127
0.016043460679915814,5.1094458595134284,82.5879169144435,0.00024250097708822054
0.01608619313797948,6.409265606545394,86.84975109272685,0.0013971533993909187
0.016970776387743042,7.183343474107067,88.54642542250298,-0.00398133258815308
0.017022874643705402,5.795807889722,83.42988410753634,0.0004685193688103379
0.016640489731496972,7.027278093258612,87.54179273837204,0.003975186017731955
0.016272735602352515,6.909012464523254,87.60539259559438,0.002105941994809857
0.01575778655292731,6.020180574716493,88.77671201078972,-0.0029676701369496716
0.016847429985034506,5.695614249458906,83.94770870352397,-0.002970373963859984
0.016112062744959604,6.297108543379081,85.64910656071872,-0.003295775895955206
0.016844873927066798,6.264239181353845,86.55027028686246,-0.0004747687451932875
0.017353705621765997,5.759787345145931,84.10274647807071,0.003311742416118341
0.016594119730646884,6.849804842943361,88.03760607453907,0.0017021834568230914
0.016704911241839572,5.606448521231409,84.36079499337188,-0.0004015933709572407
0.01752999082701432,6.428845554661482,87.91960561537974,-0.00012843376409096252
0.01568111181723423,6.7398552406938,88.84997501913118,-6.447304790949734e-05
0.016498421250858764,5.915665938896695,86.44853153723083,-0.003861490108110639
0.016347236770537663,6.971784422507628,88.22545457403123,0.0031311859406300494
0.01636641004200893,6.763966850712942,86.61033402240713,-0.0026942656817437495
0.017289587916939683,5.143020793105968,82.00871838638383,0.0026159461068748996
0.016478647794407237,6.665006543050141,88.41570210159598,0.0014999634740784197
0.017441742537963947,7.002559126353012,87.89207587431135,0.0023797950590883224
0.016591966620570466,4.787680364215388,81.56796297696808,-0.0019892594128680624
0.017781031538439296,5.983729834735588,84.72150730339176,0.003233702099300743
0.01616811607021204,6.567588915548284,88.33880824989537,-0.000378576602085203
0.01709661750759902,4.492701289609548,80.86286151824757,-0.0031657053584418548
0.01602720592037338,5.83388938242522,86.56545491773733,-0.0030476767682102793
0.01705817956115663,5.321591701176695,82.77169522731008,0.002646998412686814
0.01565957751876313,7.262295792846991,89.69124503796236,0.002675247379564819
0.015757704845266732,6.137315598888498,88.25042473596801,-0.004482082329710754
0.016977246015256197,4.808275249189455,81.25597217097446,-0.0022891404363431264
0.01646235490132896,6.681907157722463,89.74493451611194,0.0008226442696623315
0.016424645808914007,6.569491439222976,87.86247543267912,-3.190152329024965e-06
0.01584915987166722,4.684951165099092,81.13227023552236,0.00024795842372377867
0.016545550411512695,6.586972210269324,86.69190425641916,0.0025287319857415034
0.016963272599345706,7.211239134752337,88.63350267736392,-0.004124245917133038
0.017087410022418734,5.560439545675047,82.57843506125826,-0.0001249206033220599
0.016782378264157637,5.3021078497755925,83.47628965712371,-0.0016916870065246132
0.016268580530833313,7.006555242658537,88.05378812645542,0.0042283206061285005
0.015888481149416316,6.13397024752376,88.67039770629695,-0.0027977670994881435
0.017061353934408736,5.339401617190701,82.36038999716244,-0.0040936726770448
0.016136913167832417,6.276395602096086,85.58442563542597,-0.0031524208198652356
0.01691824499951733,6.062983907300997,85.70428453242216,-0.0006063409760755127
0.01768304608378493,5.796451750564454,84.23127943653077,0.0038939952846718706
0.016486387613968662,7.101761470686915,88.6601991343592,0.0024351002020879626
0.016012102527177757,5.10768156038005,83.35874554204194,-0.0032180617122118463
0.016763651795027725,6.556523249871585,88.54278681424704,-0.0004548296276537067
0.015682883922359718,6.821660953759917,89.27005506034813,-0.0002728784762197447
0.01634536672668242,5.927817981243802,86.68475409705302,-0.0038362522435973967
0.01624791414871341,7.064267911416259,88.38784730046912,0.0029370965864092837
0.0163927068952782,6.703443466261334,86.79092531442791,-0.0021941465789645635
0.017133684471429284,5.445582155192412,82.99001947373307,0.002597671514690122
0.016964612278310663,5.655533674579197,84.71149882938451,0.0001801578864084011
0.017423222518977245,7.173937934795665,88.47132388041966,0.0022161573234070445
0.016383112195268293,5.676425518826109,84.80268632711979,-0.0011498645700009922
0.01729787914165199,6.594139546771329,86.21677005522949,0.003030119576188049
0.015794509570717714,6.704232260110205,88.5931210337374,-0.00024339660851971527
0.016887233686903036,4.395164492698492,80.8260727945657,-0.004818661464333095
0.016311086638985308,5.895597853946654,85.5404403768859,-0.0021018268983737354
0.017739597691601855,4.916433444443843,81.30062069566956,0.002822760104634447
0.01570917880808915,6.690041340509117,89.30392681367013,-0.00039981711708143245
0.016096058656185047,6.236967540915288,86.8158345336771,-0.0017904180510743104
0.016472158044205064,4.884518821825827,81.39634425970384,-0.0012987709875052298
0.016414823675212152,6.5805896825539065,89.14316740688325,0.0005287188666927542
0.016325309477590463,6.612437171212242,88.15330414954747,-0.0008284319072089921
0.015974658348188973,4.708309231972875,81.17638146793324,0.0005057851903777682
0.016821335563546477,6.9182673026392205,88.35382864296234,0.001292811414239767
0.016740881535102996,7.046080849022819,88.62686566176447,-0.004275826536727077
0.017290433231565202,5.678443815028625,82.44817887166812,0.0007207264522137071
0.016677697036387117,5.522282188864628,83.93708805087049,-0.0006969311517275717
0.017038201528459262,5.867358458725892,84.0910167194695,0.0028959853087327007
0.015870702791193247,6.164921970227172,88.81003111203512,-0.0027617940404963677
0.016691417774530364,5.60029206548342,83.53510629436565,-0.004068436076021816
0.015988717992894936,6.627604527685259,87.11959412063624,-0.004150137241077821
0.016831132589280234,6.8793711206027695,88.95814496428342,0.0002778190052604053
0.017043181524895056,7.035896172613845,88.8241476459557,0.003051029140344559
0.016486387613968662,7.101761470686915,88.6601991343592,0.0024351002020879626
0.016262470075506054,4.523640011231862,81.30805858766404,-0.005348475091282475
0.016802289653021718,6.5423385648717005,88.69732585906301,-0.0005829670023899782
0.01605034427248325,6.618007563265727,88.14101176443774,0.00040132585160593693
0.01646913218642888,5.312279635847908,84.19975618772071,-0.004069716520085267
0.016507606836511552,6.445978384486614,86.90930194589392,0.0002393389736996274
0.016314280517385673,6.05986277630875,85.58992478550726,-0.005320360462863404
0.017142497692789953,5.449181496129274,82.97782041012813,0.002705278682910473
0.016851498752208708,5.794926761115905,86.0416168014086,-0.00457535782728126
0.017423222518977245,7.173937934795665,88.47132388041966,0.0022161573234070445
0.015882877605854457,4.643779271278957,81.71628453473313,-0.003126092688437078
0.01734533360739342,6.4258099228123555,85.73856599748648,0.0032570953064982823
0.01597372978856041,6.868180934975648,88.93656316417707,0.0004754919092108921
0.016913898500155938,5.122781829228169,83.07629389204106,-0.002538019403664036
0.016264237052763145,5.438360690096076,84.54511410124103,-0.00412577491403012
0.01670508649201502,5.311414527405773,83.2645953715638,-0.0006452666819399934
0.01566037213722231,6.6788799861745485,89.32263489616484,-0.0005713182637482475
0.0152936596746991,5.08268225858352,83.35689959958192,-0.0017783738501878105
0.016212293563784872,5.674107484425939,84.50045861157182,-0.001138474472897914
0.016408353181797806,6.53898024657212,88.9786915525978,0.0003554548971000174
0.016263098648668078,6.302974503741414,88.70024717773838,-0.00434134467087637
0.01601592164659597,5.018933737014713,82.24813943091846,9.991994863304317e-05
0.01672871633434298,7.065265704049908,87.63152784504074,0.003099497265881493
0.01669639528800652,7.321541059108298,89.80972696790151,-0.0043348171500799774
0.017057089497548625,5.500838052440114,82.67299906134335,-0.0011264118738192478
0.01587252449259981,5.687442562433369,84.7608212260467,-0.0015082836925051218
0.01680626140407849,5.473018593688784,83.13664573790999,0.002987552105227357
0.015854452051498488,6.079649003038176,88.77745631943118,-0.0027120036093605843
0.017172483469068748,5.337874463447407,82.17295595633989,-0.004791972636583471
0.015825135010650682,6.620384595399411,86.0903488461734,-0.00442033208563815
0.016778851868046434,6.669770783344023,88.03155096908154,0.0007161434959283121
0.017049249603332272,7.085407376683504,89.00714338933149,0.003251745559543918
0.015448884734207718,7.289727088749265,89.04714168583807,0.0029170016569465373
0.016219258003457877,4.419712757474904,81.03445927624215,-0.005832554572597488
0.01695383922542316,6.862611982045824,89.8986910293795,0.00042910878652412023
0.015912805524453906,7.009058611346075,89.52051688214326,0.0017299329254731027
0.016213516412333512,6.600628273764292,89.65216052054467,-0.007258202810907933
0.01660069461946217,5.874769543248836,84.27860338971374,0.002725692439567862
0.01634064368539151,6.32475957671276,86.31881375641906,-0.0037708684627857443
0.017151104985015674,5.378546630040871,82.97882826189253,0.0025721909211240896
0.016607350825253837,5.88243717567128,86.29352819560097,-0.00396676248819226
0.016995833985261107,6.78616565840575,87.41179250316529,0.001603794887307069
0.015961745868795518,5.546694042657219,84.43218552556966,-0.0013209921796230773
0.01698231969987478,6.8044147526821375,86.99949034885304,0.002372260663169564
0.016050781779790874,6.457093626681609,87.7889793250767,0.0006596288820708233
0.016908853499334214,6.04942708046984,86.1713281898879,0.00018214672729841962
0.016267955548079444,5.394126496155198,84.94982726943203,-0.0035331740489669776
0.016125759873221773,6.524043307938167,86.59171894037871,0.005080344541945386
0.0163333614198678,6.6843244457503666,88.91303020459256,-0.0002244007618900244
0.015445691889234595,5.341759884794709,83.12058720490698,-0.0026366196277175635
0.0162669940036599,5.711276406963931,84.9690481338813,-0.0008198615638807096
0.01653896363278017,6.500636823859564,89.38763825594157,0.00013203341721360062
0.016263098648668078,6.302974503741414,88.70024717773838,-0.00434134467087637
0.01652103257283769,6.1201943374163825,85.59041588887008,0.0010035641801940855
0.016355350286843567,6.614603822521242,86.7329519524803,0.0013639205766701767
0.0168040505048534,7.228259123709156,89.06085326620327,-0.004552944974648514
0.017292957062763598,5.545763355188382,82.30208159138594,0.0006840805806894645
0.015765055244494036,5.288846868695879,83.91696817653337,-0.004237272755246525
0.016335387712976067,5.450945263693083,83.63528521353543,-0.00014826441771400786
0.01574778962154143,6.30591746967475,89.99001354535638,-0.0023015919299330194
0.01704018397864557,5.346313677812948,82.4350356017899,-0.0033806404332687636
0.015806631037869074,6.310504841857337,85.55877474790593,-0.004455800028124795
0.017025644576801606,6.983783031113658,87.97663556976674,0.003163107259918337
0.017028150135863146,6.4945311261918945,87.4390081486055,-0.0007516615878573707
0.015110954889892508,7.55868987585105,89.06177081991045,0.004139656208941878
0.016556701608897526,4.589931108809921,80.79416008691693,-0.005414092998712047
0.01674323140407402,6.810249628634105,89.44538812104402,0.0007862513865872318
0.01622213431903418,6.242964736489118,86.62698382845765,0.0005240888348527909
0.01620953869360089,6.0059521641259135,86.66360002798665,-0.004321000477592311
0.016889506541876872,5.724660811567111,83.8130590471736,0.00289699558600685
0.015806811785761533,6.960292536824162,88.53946238092693,-0.0030626582833252845
0.01706165433117953,5.34536314790105,82.79298109622262,0.00307683195545675
0.01642742133072023,5.8224295250937,86.04763680379891,-0.003276679506900169
0.017518929264339927,6.926012204744575,87.12920013066862,0.003354128025882869
0.015791844530117255,5.374120352630134,84.97597250101325,-0.002674564127667895
0.016601620322762155,6.46307288795186,86.96057186801126,0.0011102159882801876
0.015335925930928812,6.783206389879476,89.80797616498879,0.0003223532946856869
0.017601465640428565,5.407648019143676,83.39906320162191,-0.00031905157692045595
0.016332103969466997,5.579748518418942,85.33908817859027,-0.003631734827812371
0.01619010290341127,6.623499173336736,87.1141533513231,0.004102283454373984
0.016248174361039765,6.892617124721792,89.98493180416494,0.0007958677638515181
0.015522234384648462,5.177242800936673,81.89440539908509,-0.0014776570349793305
0.0163194838109916,5.593341513177245,84.13618893577099,0.0003051735654495593
0.016251642987385646,6.575426000586492,89.0524683606779,0.0001842940247914139
0.01656899410046663,6.030398425135555,86.91051061166294,-0.004418190046387622
0.0164046016117524,7.163320763526068,88.90687317766816,0.004402225723684928
0.016308738455294486,6.469184840775691,87.40877418831107,-3.0044671064270896e-05
0.0169739593760455,6.973740861129979,87.77224593525294,-0.004346101122370522
0.017219761493804085,5.61905554227394,82.79999957981025,0.0006533958271993483
0.0159288888516341,5.390755563704859,84.31662376401624,-0.004226478482274332
0.016302198387423816,5.305336577686894,83.19112787559936,-0.0006643107909276029
0.015565728626166892,6.1714084935842335,89.90479946140044,-0.004814508056563
0.01758638790642777,5.816227666774905,83.08949431403587,-0.002485091544145688
0.015824131234784686,6.229516349120992,85.47135008194718,-0.0043274337074671685
0.016741123097362545,7.005004623317863,88.703743044546,0.002524709132305724
0.016719964302653514,6.210546286941295,85.99222159433879,0.0007184605453914243
0.016198836332550835,5.922552851907498,85.19791637754031,-0.0004438013200528141
0.0165062084143784,5.840643004920029,85.09479416883586,-0.0010735139654375779
0.017103205869889265,6.452486897256103,86.36608334761779,0.004050609790234767
0.01632323894169054,6.035597215796587,86.1831247458503,-0.00017214853366708872
0.016036344644036825,5.832006337220986,86.3289917984335,-0.004286843001460385
0.01688978218040912,5.822247012020986,84.06040695161373,0.004465132208876564
0.015850421288582325,7.099264118266924,89.2518201179537,-0.001999197313163502
0.017172163812643172,5.098543758474053,82.07076335551646,0.003337794909642377
0.016724839688313103,5.7019669006733755,85.79394403194294,-0.004374942943699105
0.017002369013113597,6.5921311855765214,86.90308732643366,0.0016969200690044465
0.016053084472396114,5.412107791525669,84.85834502520444,-0.002224935053283845
0.016418079598057966,6.664344800506803,88.8750384598054,0.0002994001909952742
0.015740150239706045,6.675784258014989,88.67438522103369,0.0005880693149998171
0.01804705706237248,5.405465415196156,83.32965784434519,0.0002079671239450221
0.016306317761081573,5.5725895211193714,85.35802454019093,-0.003564059740365882
0.01628071242032785,6.567899644469808,86.9281979946739,0.0037391997172549485
0.01622434806867485,6.844965004440654,89.66834116532985,0.00023580956399269555
0.014955303924852326,5.585613882007215,84.20071694291352,-0.0013895313054998098
0.01627046250002292,5.452010462714523,83.02683145603832,0.002230894361614769
0.016541017411649657,6.278422100765414,87.5028099497753,0.00043936453527075483
0.015773165768472566,6.42612445584654,86.92138916268334,0.0002472169459400094
0.01603732500539335,6.539098051979941,88.49850400988734,0.000714360868378043
0.01557858383877238,5.507379712529592,83.57553520663963,0.002137453860361524
0.016931344238287557,5.927988284770202,84.7306673173235,-0.003339410911226984
0.016487191413446397,6.218152414951813,86.74186355462133,2.9218026642518612e-05
0.015912700334167397,5.694800945916399,85.72686269673372,-0.0042939129441717135
0.016105452947679847,4.708553773436618,81.16040604144155,-0.00021725997841365785
0.015991380396532515,5.983570869776928,88.15419054881714,-0.003180907021472535
0.017407787112164286,5.85985419413721,83.54063160447171,-0.0026103917579735287
0.016251427777444604,5.927752244695448,84.98658247082906,-0.002867423851313789
0.01725537366469734,6.747147114932522,86.94086609423778,0.0037097772612926273
0.017461655463927153,6.511345773196976,86.1288705816864,0.002596325562766726
0.0163940360812935,5.808088721491544,84.91356150841524,-0.0009539903407307466
0.01650124409979469,6.190075061123671,84.316485707281,-0.0011499164946725958
0.017074634791466425,6.460268296713654,86.46535425887629,0.003898027647695893
0.016282710702079938,6.464021919962722,87.1610806216409,0.0009958971523905524
0.016395871265596152,6.40529048911807,87.00383624850475,0.0015079611538747501
0.016703490733468804,5.88555040966953,84.3182216689103,0.004386011455428367
0.015764277707380793,6.918069776722816,87.79083792715471,-0.003948083507780313
0.0172005384543919,5.060267451537912,81.83459474284079,0.0038270289160089645
0.016801692244161726,6.317323352508312,86.7639770539466,-1.8975793654784755e-05
0.017148984959686208,6.609016932654377,87.07014889218544,0.0017305446231464443
0.016295739917417874,5.098457997220755,82.89356677970295,-0.0029459723423624013
0.016317407685988716,6.278137004005244,87.161718777265,-7.022721232117699e-05
0.015935509849679126,6.632229899127778,88.16888830518079,0.0009810720501937302
0.017403582133422187,4.948595226296077,81.17777825212917,-0.0001145105684510813
0.016625533062388287,5.739976147403917,85.68603591322221,-0.0027095157994014305
0.016448120964771024,5.938717894805916,84.18861073412221,0.0027473454734454066
0.0162380266915333,6.302911052149174,86.8377005638548,-0.0009121822319304362
0.015197587998153685,5.915334842807273,86.73626000801195,-0.0033284524282759303
0.01653853352079965,5.143762211951424,82.72348997634073,-0.00035630522472540984
0.015444133858920812,6.404066471135448,89.07663041694461,-0.0026592937698390728
0.01572977288370114,6.165346974075256,85.89036403940848,0.0004071446360538501
0.0160863038761764,6.241072392235047,86.85997183975677,-0.0010321547186807564
0.016190569588787153,6.3426174690630095,87.0975782729329,0.0017563427526494603
0.017392469320164052,6.1411057026089715,84.91942279860687,-0.005001671621689684
0.016710349157818202,6.119682939637738,85.90628707728722,-0.001239117448956546
0.015826065956114188,5.794708589314318,86.07156828778523,-0.0034716030137248994
0.016088683794619328,4.6898526341121975,81.1063303074051,-0.00012835755761235487
0.016046358727385104,5.985093945062358,87.98227584300524,-0.003090694922857954
0.01661340659826171,5.740085261167399,83.81225021711445,-0.00415898914875274
0.016945004920904644,5.993650191233546,83.64449176584671,0.0004029305621754144
0.017048753228075156,6.734022551822163,87.1229003995864,0.0031623358166972025
0.017517670987612113,6.521820259284008,86.12945942476172,0.0034810769086060615
0.016544798736022357,5.230274147343282,83.18269242097016,0.00012607155719692348
0.01650124409979469,6.190075061123671,84.316485707281,-0.0011499164946725958
0.0169420080663434,6.457323875971709,86.44161064598865,0.003911578193057
0.016298646681482204,6.662355522147411,87.99866431278622,0.0006757151854623793
0.016099349651204912,6.450737277391628,87.08500327912964,-0.0006118729796493157
0.016649353685067116,5.5321971826204015,82.84074551642439,0.004658137055713819
0.01566888049075459,6.773407450449637,88.05430988514998,-0.002492611673897956
0.0172005384543919,5.060267451537912,81.83459474284079,0.0038270289160089645
0.016563538173540268,6.71191345287743,89.18006785686562,-0.0003060717373900247
0.018123485257119754,7.016761081715605,87.9469887354058,0.003309486766145464
0.016329913109303176,4.694190929496111,81.52754945032297,-0.004473904394483448
0.01617365512685033,6.682577773014778,88.64786853612166,-7.801898935259682e-05
0.017304299121917013,6.972534134466073,87.65072396886802,0.00345468871318386
0.017038595462587763,6.107474489654477,86.62656680835994,0.0005890176561091981
0.016844146690732458,5.442065307727881,84.82914852909141,-0.003859784877847183
0.01637303830156689,5.542114222476407,82.80428607323174,0.0004180905752299006
0.016164322462146063,6.737397472238242,89.93191254529106,0.0014660678081642748
0.015433593921786826,6.341389654368993,87.32386926914282,-0.0014763575067256339
0.016980566756592298,5.226895447636063,83.0090836593215,-0.00022675727007663655
0.01566811638538158,6.584563375377055,89.02069921017004,0.0019562545238411538
0.015862916902483374,5.833319340518331,84.91001830640886,5.256365674981105e-05
0.016295309062849393,5.458272572988433,83.60592371259983,-0.000602221485962196
0.016216704088245954,6.248279370377724,86.52401784100249,-0.00017725449547042365
0.01718796048622005,6.2290084195236854,85.44709050828338,-0.004714135745713055
0.017321534729005914,6.277588876023323,84.40254366995467,-0.0012401879926641711
0.015858095658326507,6.289875823640868,87.50533914576506,-0.0012253113609416685
0.016124620428235658,4.698749500599782,81.12059837865942,2.8294666132538775e-06
0.01611253817316617,6.021040065063767,87.4440648661153,-0.0027656663168190263
0.016676528516728833,5.640936066960296,83.48381749419612,-0.004142843650849701
0.016702802928339006,6.179331088181479,86.02258643273598,-8.73430031680467e-05
0.016927399239375227,6.646606456600585,86.59378069917057,0.002764233192268319
0.017289518068120582,6.394150721423162,85.9356270176119,0.0027999151432543646
0.016587008755561565,5.444022489273235,83.85298504678282,0.0004771392070991611
0.016490539950896815,6.167896234923437,84.25460584705031,-0.0013369858415837599
0.017008336628726924,7.023497837105269,88.24832525923458,0.0034872860238903177
0.01673526477941767,6.472681118636225,88.12308355286378,-0.0015768672005233952
0.015324725319984151,7.271942856129413,89.67960375822585,0.003459907718439028
0.01686544479631078,5.095836802057485,82.01329307424771,0.0022572921973211413
0.01549180583014659,7.138607952342674,89.15934483005526,-0.00305157699001553
0.01712123447564484,4.945482186084874,81.51628820295687,0.003640978564742479
0.016491545975269053,6.597989049911057,88.03064190894588,-0.0006753313411290068
0.017145476290021566,5.961297092405548,85.79574685627112,3.3055958523212775e-05
0.016161357734951642,5.904806763325666,85.88323469961253,-0.00047633835775561244
0.016256373119051034,6.76780966473324,88.77215020128956,0.00018337056417610685
0.01645442700401812,6.275946187628318,86.52279374336479,0.0008929462439845343
0.016727958182037685,5.474789035276505,83.83916336182207,-0.0003488629455404371
0.016743640996663974,5.91535317413095,86.56880281120564,-0.003149680513536553
0.016014855084338264,6.037774929815644,84.55195981165527,0.002607142267640572
0.016084362732912815,6.708080361095402,89.73337525514366,0.0014963109537978897
0.01678797212197769,4.796159780376849,81.52558438966567,0.0008430734167075924
0.01724682942031501,4.690683720908831,80.84291894883296,-4.7937112701614167e-05
0.015663911538786504,6.767017512673554,89.6910134145271,0.001483762135402945
0.015713553908337768,5.428861580907585,83.47029391454217,-0.0011338514772553845
0.0162924009406758,5.2174429144418495,83.04185606241455,-0.00032512171213231806
0.015893490179326796,6.556381609436502,87.85274028232534,-0.001511908025437868
0.017463017763819866,6.255036651541119,85.46630026560798,-0.004871105817736831
0.017288092492949672,6.293237435174739,84.40560020200103,-0.0003120265609896926
0.015562677486431203,6.45922307368119,87.05961840134809,-0.0005729287249936635
0.015920821880791417,4.566132713111051,80.8255744804945,-0.0005483941729631596
0.016244312469338426,6.543420022767155,87.88597617980575,0.00010173657687651818
0.01670747975938869,5.448881703313637,82.7954419395822,-0.004477535841843822
0.017095815839165435,6.297571506127853,86.36003264994291,-0.0006716032332841095
0.017077330039932035,6.844053188546261,87.21078875538403,0.0028315340589522373
0.017510285190693833,6.110149230324492,85.14964459959137,0.0028076691828380403
0.016292754428774498,5.579122291414945,84.41947540013852,-0.00028217928888100367
0.016339674433793437,5.839272437674336,83.45743625902082,-0.001224607292127835
0.016832556495303956,7.369533899359229,89.5475726016618,0.0036363695477796432
0.016896645297577808,6.714162320351716,88.52141362355523,-0.0005340331209322403
0.016438532101166723,5.244504874169995,82.73888673791392,0.002914970992365413
0.016502993840417285,5.09789873619026,81.95630890233082,0.002262619862482912
0.016527531032362337,6.1167436213298005,86.47924411654175,-0.0011874782909012237
0.017128560016934385,5.194341027147412,82.14417576313019,0.003456569054306663
0.015716165588681275,6.272635796061149,86.94023759599763,-0.0012230373579361752
0.016736425473172847,5.9676736235531935,85.61250594220053,-0.0002296497978955752
0.016763742067198172,4.751099177243979,81.14066749173213,-0.00018506938933413172
0.01655340154523722,6.855942564416094,88.55880568044624,9.856144080390775e-05
0.016273597619278282,6.303250082843307,86.94213333176731,0.0004267821693404644
0.016484605867328077,4.87056025263029,81.72593575296621,-2.8249702322034974e-05
0.01681195163702073,5.938800361789904,87.31782156907197,-0.003499895638155675
0.015575121932204204,6.440681146406882,85.85003388715172,0.00192733401076847
0.016120833297200404,6.490524886333953,88.30357076255977,0.0012892879695676224
0.016613147059966072,5.283716394997842,83.30527338066261,0.000666456805830565
0.01732842987669332,5.230801379352508,82.97791721725415,-0.00039876467639125054
0.016084865158099922,6.190757576590153,86.98312352809256,0.00010101440286928239
0.01606634448850443,5.315888549264852,83.09906444626459,-0.0016560775980175783
0.016399015555304566,5.003324651254498,82.26936785363465,0.0008898152183863528
0.016268402380866295,5.534089155510292,84.05726139286045,-0.0013874027951844602
0.017401101746088252,6.598705062051411,87.35433003021838,-0.004411375017904397
0.017468454760130977,6.32932694896667,84.48955182977124,-0.0006576705467409979
0.016626394867301466,6.766045196976209,87.24804887337693,0.0028723432135625403
0.016543917302979917,5.343141800065029,82.93657842635066,0.0016228157411179878
0.016238182448305747,6.658665204444141,88.38209589120926,9.621157784442933e-05
0.01614190557745774,5.051405732545394,82.34920773169621,-0.006462907364324311
0.017206603435487588,6.300853379762694,86.45732906466132,-0.0006266989742273242
0.01694903224204087,7.0225306481882415,87.9384653309138,0.0034146943281077877
0.017658688890078322,6.011979375930853,84.56254965623343,0.003812834348621074
0.016238640261951008,5.645457733169804,85.03868049719763,-3.32784168423114e-05
0.016764954344232846,6.10508272494745,84.04410542763398,-0.0015276574450764783
0.016833072182415046,6.591436315072767,87.1395033480804,0.0024671745984796425
0.016624285674036298,6.880850230898306,89.41931137226314,-0.0002008250810230372
0.016127004025264093,5.0775240383852,81.88114798651792,0.003313459576785396
0.0161923373450095,4.734760600745861,81.33740529190163,-0.0014656907289274383
0.017036368342699008,6.879650642667557,89.22784313848423,-0.002967196491537848
0.016988860599382052,5.471311076467845,83.09591550738791,0.003271840635889461
0.01566648908117369,6.368181245008961,87.00702900179499,-0.0012064937442928367
0.01704224994881123,5.551666141476694,84.13683707714837,-0.00017146405955103096
0.016727314716048238,4.427007400612184,80.05071753406399,-0.000441492704387708
0.01661590662474494,6.656762591784537,87.8979031611675,0.00022130989958777693
0.016006802927629904,5.4609756190597665,84.00029732564255,0.0006707463292289421
0.016456101895955488,5.012567100814348,82.27222549549805,-0.0004291840113373794
0.016685124564550135,6.467953108156909,89.46659754482502,-0.005447883515271199
0.01577406924022579,6.497469363987719,86.10875993004629,0.003668089209610971
0.016031600182508973,6.580904873721705,88.59394755170226,0.0005033346846972039
0.016701119452152642,6.0751525445891845,86.16746117724696,-0.00032914897582892334
0.01731675029046017,4.986838448785981,82.29334113315004,0.0003530591247946748
0.015959522167181297,6.685154478976554,89.04387444460403,-0.00030165762491229323
0.015697000722611647,5.960683511491647,86.67572657156914,-0.002991038127101833
0.01635705959711192,6.333720247327689,87.38942167785362,0.0007131619158975516
0.01604021879438994,4.343558686236867,80.41689654651117,-0.004191841190151559
0.01771736796815211,5.870382274725178,83.8454454655563,-0.0053877313134969955
0.017280096689221893,5.737941025132783,83.09322743550388,-0.0006151768157137351
0.016785551211613188,6.858120586973026,87.04699230052387,0.0036914332134737734
0.0163627107374274,4.863382174969338,81.75540393838342,-0.0010298152133665485
0.016033769330963905,6.790319192382102,89.26269663331632,-0.0009870360828358547
0.015906014231657578,5.1257615618417836,82.06037347822797,-0.005279075128050652
0.01678025833026559,6.633285160105091,87.99472082644778,-0.0004271176531511992
0.016782357948483526,6.293340536205081,86.35613248232343,0.0013246159245145325
0.017240709803258352,5.806568929860636,84.18402320586662,0.0029153693157218394
0.016147063719097313,6.760635608497923,89.64003756923795,0.0013399027219339087
0.016764954344232846,6.10508272494745,84.04410542763398,-0.0015276574450764783
0.016615782197354587,7.203020177211917,89.11108682205267,0.002837166439759949
0.016520423057322018,6.563771971812903,88.12278374664714,1.2439517485161432e-05
0.016658540309827313,5.650861811751023,84.8472533520285,0.0002885360722409379
0.01615249302714891,4.5634937270120375,81.0596572395579,-0.003827583644393788
0.016650805614614437,6.9661884731116235,89.70449851490471,-0.002461162285247657
0.017008515333980515,5.499319196391394,83.18302018457612,0.0032715140994873278
0.015672552065492187,6.378067046760508,87.0975090151584,-0.0008226306731620166
0.01684706891778657,4.95526943670623,81.82647167776956,0.0002287985530579251
0.016710322241468335,4.706222397241328,81.10735454323736,-0.0006476422444293738
0.0166740115001075,6.578085478958283,87.53048297385628,0.00037703275314412434
0.01613707592730793,6.157545040735267,85.42783203983144,0.0034991300559770013
0.01651205603773377,4.9665236717970025,82.06218151725005,-0.0002780876060995037
0.016712587556176637,5.899338265841931,86.57953615250685,-0.002915624178432812
0.01588896125392681,6.3988097324611015,85.99144682114263,0.0028683372981083387
0.015799756753416862,6.607610213488031,88.8837622813871,0.0005996325067947521
0.01642631360105471,5.9373765757095756,85.44277096119738,-0.0008721190915262078
0.016922345351854697,4.9052886793464365,81.86836087766387,4.223289680744841e-05
0.0158912520237239,6.5503414376235005,88.31677627783266,-0.001508003944663535
0.015622474522834912,5.902695227628884,86.61254092580832,-0.0032315248991822343
0.016416262200056105,6.030402775657455,85.77221816996314,0.00011117207445367303
0.016285338840744103,4.437237043608367,80.4984971999582,-0.002694167060638151
0.017807918882108385,6.6990916949651,86.65784049483973,-0.0046790702552849265
0.017539942300867476,6.299209001771801,84.3093506488055,-0.0006408072364449699
0.01674716151856918,6.45529294019214,85.91665169094018,0.0028946582432656147
0.01645761230805358,5.358720839505738,83.35433702262435,-0.0005048455197051218
0.01572291001139138,6.638796788433718,89.37593964243507,-0.0004729194450418901
0.016714930789683984,5.099011283880888,81.88805478963556,-0.0026203033428211404
0.016910438791013435,6.399288045022217,87.25031646499784,-0.0006025194249874549
0.016826819795766182,7.27294089327885,89.5957808847333,0.0025419322408667296
0.016713135861731725,5.871664861974507,85.17541681317547,0.0007241024523729767
0.016349541374069316,6.8501216198290615,88.50724591056586,0.002114485910795969
0.017019250138959743,6.1034707742983425,84.27835735927485,-0.0005752504156329042
0.01673673312705439,7.253913682259733,89.15382526345637,0.0031018347429177242
0.016343349616452844,6.581739560634821,88.33457762518799,0.00017686749043150057
0.01606728916203038,6.071082428047437,86.27369474027459,-0.0002054197041567902
0.016091953149460998,4.465628070505314,80.84859211359279,-0.003812460850341882
0.016493816863359503,6.278613095422128,86.9835333091108,-0.0008206728147590278
0.017008515333980515,5.499319196391394,83.18302018457612,0.0032715140994873278
0.015521895934819098,6.522131773992485,87.95590868939945,-5.104574247722412e-05
0.01675094001583609,5.802690558125476,85.13631389826932,0.00038633505757796976
0.016544212329119897,4.5459373942467565,80.45977738771475,-0.00040823556811255164
0.016796747739228717,6.325147815368636,86.48787611218901,0.0003946129180694563
0.01579728912421729,6.797723404293046,86.93038252381017,0.005826883638762308
0.016289972755165232,6.112185118552682,85.67285840694147,-1.3818734303848272e-05
0.016828420545472296,6.522376153114667,88.13105384095569,-0.001526918628853178
0.015880750839789,6.374167047802709,85.86247279055266,0.002926988387364285
0.016280823345459012,6.629820098458807,88.63244648289215,-0.00018615989985466212
0.016856726440160237,5.926132226112749,83.79097188508348,-0.0012775166082089466
0.016808966639335215,5.421891852470888,83.5450326428113,-0.0005463132122970728
0.01590657281637482,5.961672532028356,85.66279177669554,-0.0012841849689968843
0.01581856509675403,5.978254232424188,86.73311666007513,-0.002857924522571223
0.016225804024301637,5.839117033836265,84.81345455934085,0.0008208278967886027
0.016255676034893377,5.8774639154490735,85.48130138625933,-0.0011809934892344025
0.01674389995647348,6.702137303020027,87.68998121928752,-0.002060390783554155
0.0173555212745963,6.479569292046655,85.26756244521133,5.324076700349194e-05
0.01671695133192431,6.363519452334611,85.68331013884246,0.003281099492397683
0.01661020500115168,5.026931288307976,82.34212301694349,-0.0013636175346094668
0.01532040058315119,6.639964671563854,89.93341666639637,-0.0006420258887895082
0.01623383290265084,4.724324965042507,81.82335612868857,-0.003048312406089505
0.016966444815564138,6.559370355864232,87.83916113901296,-0.0005750809957838193
0.016295176358561883,6.053497254814949,84.80472555719275,0.0037436251067918752
0.016614113278671207,5.368950715054329,83.59723740598874,-0.00021771993184991224
0.01662504483447531,6.770472964304721,87.32141525437669,0.001591997961141482
0.01740543050528908,5.938340942458431,83.33376077495521,-0.000914557494657354
0.016692455082770077,7.07420575897377,88.70222914515566,0.0034028569475820516
0.016471548107862652,6.595149657914566,88.37822387358615,0.0003332076580457519
0.015229183507589741,5.109505999508818,83.38248283784979,-0.0038565463851294368
0.016134961114660756,5.664344785588565,84.70532669298815,-0.001563964163668683
0.016602402513561928,6.0240074856847095,85.71568475463334,-0.000636926290947079
0.016834713036360888,5.538636163070752,83.37455156540672,0.0029805141586882462
0.016016247021742498,6.66832678633093,88.27258056000257,0.0004530383544896269
0.016784886370630074,5.689658605905018,84.43576941380476,0.0014810521749300334
0.016437549667757338,5.61069141674868,84.36882672489246,-0.00042927587973387864
0.016422109855635917,6.436665308976506,88.65737217557906,-0.00028340941032006534
0.016548367071922795,6.064198907906992,85.36971562864213,0.0018230555386980634
0.015941428961653046,6.093823308276826,85.73345180999972,-0.00013488154675524817
0.016621727893446674,6.67175314841523,88.19190840137122,-0.0002864172598851275
0.016444438434858197,6.984660714739626,87.52519432922529,0.002696768374081825
0.016581501854137953,6.6212950334303295,88.44086496901907,0.00012879093453662315
0.0168298387816118,5.880131736059222,83.6822127485317,-4.728764072352699e-05
0.01685580051369236,5.4366188637753385,83.57198814300953,-0.000982929084983733
0.015812051739170056,6.108990953181746,86.15256324206531,-0.0013788613721853692
0.015270108250142049,5.563645513962879,85.73136720819481,-0.006022031289432259
0.016337230657788034,5.752502725530604,84.10755435512036,0.0019293918693476769
0.01656597000136299,6.001149930597016,85.95894319774453,-0.0013764148580765565
0.017137624917406485,7.328085319104274,89.75194708560865,-0.004282462327326061
0.01763669003590231,6.857435622588423,86.20774140320526,0.00047846964604960675
0.017290677632429596,6.360642383092917,85.34790624808115,0.004043005631807033
0.01705844351518916,5.199448665744532,82.92480008805772,-0.0003960634441317547
0.015813793308603583,6.552605066419555,88.66667486453274,-0.00013024319181067817
0.01629071240183748,5.156425400078661,82.5598025775286,2.2099117699508647e-05
0.016681322109182377,6.492089987709187,86.93633522070668,0.00015418358911498266
0.016523762695556124,5.773492392584734,84.11419914009457,0.002955244393103931
0.017303617387475295,5.070390185046584,82.91007886549978,-0.0008816779300494289
0.0172128873163435,5.817639045091181,84.40106430358881,0.0010958740435377647
0.01688203736163239,6.181901930558573,85.10881450889367,0.0021226764214798913
0.01682951903979123,7.071829811136504,89.95753408790806,0.0031687631123989745
0.01644540811097132,6.882245206171135,89.36386353746917,0.0005596679222817668
0.01592556944968299,5.102406534514112,82.77137694693918,-0.001636646982465485
0.01586595435646962,5.920627303052602,85.12732122820312,0.0005240165216429351
0.01708538369153275,5.810024404885143,85.05628776080792,-0.001593303497083277
0.017233767900706014,5.519411342724674,83.36698892619657,0.003435630927895615
0.016051102773185676,6.620531305474507,88.0785091927836,-0.00025593410614091765
0.017014830517130444,6.321509429238471,86.33089472599096,0.00019066771840223337
0.01714058041812601,4.931867878236254,82.30101064318842,-0.0022692981112887797
0.016668502985036623,6.369414687806279,89.13552907266431,-0.0012946890814244886
0.01615598346799501,6.815878997059567,87.99520046985744,0.0035103299421152066
0.016423349297225984,5.857177836902121,85.15298520242939,4.02837547109308e-05
0.016053379049551467,6.680697991508604,88.56044635658004,0.0025407903444566032
0.01684540394966944,6.954652508906125,87.13700005259098,0.0028620989953329293
0.01687359616086357,6.916974896508818,89.70446417505514,0.002405342202294701
0.015473583654355985,6.112842477898513,85.87152522302765,-0.00020029832787562163
0.016987203138272712,4.733336397142526,81.9801999494833,-0.004298909357635944
0.015758310139711806,5.947572629860339,85.53072229254043,-0.0016762843155235982
0.01594871363931628,5.666187533792294,85.78540512294732,-0.003665170910953284
0.016594938758753855,5.550187500549548,83.37909561815594,0.002707054781761153
0.01679150645044927,6.155358701849516,86.68083830155422,-0.0002210769206149382
0.01724136092446777,7.331004501458285,89.97402464855581,-0.003850378167997611
0.017958314844980346,8.169214763967094,89.47365148043957,0.0030157578040004886
0.016972099508303525,6.26075194297252,85.74111953110581,0.0025538622694826355
0.017047970832759718,5.38462398901151,83.44690269050626,-8.521100274882842e-05
0.01590299717706424,6.598204832583884,88.78004172413623,0.00015948474888794004
0.015744321887849067,6.140225410821659,85.81913818459935,5.154384183452465e-06
0.016756831416099342,5.73360237991231,83.9781019558722,0.00193472100064264
0.016548613940532392,5.401123222041846,83.12652717067752,0.003710606976790878
0.017458007774777438,4.610423484473551,80.31073497614531,-0.0020459837525666157
0.016708142454317128,5.653880471979251,84.10561355218243,7.68788734019166e-05
0.016592108550837474,6.269283224911281,85.32108413331643,0.0024662623647002634
0.016822782702682497,7.0678684272792145,89.92856176970592,0.003185386140512378
0.016252523646252685,6.241172293938443,86.35189856568292,-0.0008256406233803278
0.015530648550816567,5.055885187174117,82.42215581079435,-0.0006886034330982724
0.016318984134713162,5.806630741233888,84.87328293137256,-1.6593173019157346e-05
0.017122461348221985,6.430409861293706,86.91235832988319,-0.0009343930795002323
0.01718661114519821,5.053418685352565,81.87249702568595,0.0030966680298899346
0.01616537187255398,6.5723542471797325,88.50204274913186,-0.000959492804540395
0.01669490067076159,6.048606177991021,85.64449741651846,-0.0005950033199094802
0.017184242036386577,4.9827267820421035,82.70890938242461,-0.0030763918684054057
0.016501970607855018,6.186082629415931,88.61395400184745,-0.0023340788638404305
0.016381493285383047,7.059947432643711,89.3882898455605,0.003829611946980193
0.016767241782004186,5.6147015009103365,83.68020128191912,0.0014808811559443055
0.01662713367281573,6.952814667929271,89.08709468488802,0.0036681825432663354
0.017161900994859154,6.954491899539015,87.36234533611224,-0.004309485058435956
0.017002033367432282,6.862079635677432,89.70945106184176,0.0020037549848806774
0.016053756348483314,6.357895707340797,86.28239491332128,0.0005533985012792192
0.016731348548476993,4.815808425266281,82.16263343957516,-0.003668163011425775
0.01597655762393983,5.36163565575778,83.75676958491024,-0.0003417317640561535
0.01594871363931628,5.666187533792294,85.78540512294732,-0.003665170910953284
0.016646238403527636,5.549892477179308,83.21664440522531,0.0032680646430682907
0.01693088692752592,6.283521533309883,86.66896709290631,-0.0003056865572439067
0.01694272047459225,7.040355245656235,89.00852863915993,-0.0030393525044132663
0.017540617030627922,7.529501666272649,88.49520931091459,0.002396999919677954
0.017154336150252046,7.028035774137157,87.85197378556204,0.0035469712542191825
0.016930608620838842,5.301583898945119,83.23504689314531,-0.00029291727209131233
0.01607075465873768,6.662709737789381,89.0507738892765,0.00022709761708997276
0.01607580642778652,5.08242877250288,82.48741377794364,0.00100499911215058
0.016649407273223307,4.688626120974697,80.89848653543281,0.0009144915896774691
0.01675509531391671,5.3558877341145195,83.46526571192176,0.001027005143000296
0.017170572414436418,4.689211902446049,80.3647219293112,-0.0017844093512385055
0.01683832196646395,4.999697351131158,82.09622993251772,-0.0006309505433557219
0.016735054270405572,5.976933564618468,84.49188545484205,0.0026178408309426907
0.01694137917171352,7.126438556298512,89.85258757856707,0.003636729747560433
0.016548234231693822,5.755099523476505,84.56513593585079,-0.001189316489121861
0.016171402584673422,5.414897087807571,83.57483067972203,0.0003246153031820529
0.016442248220821434,4.848387043494784,82.0716353735336,-0.0017264528015896738
0.01710970541322291,6.3182182956044555,86.56100490092102,-0.0009688927029112978
0.017232676117742,5.011095951754811,81.75791294814371,0.003082057040712814
0.016126646800576492,6.719511837124495,89.45743911953605,-0.0010189687638901919
0.0174828458906889,7.4627619099388065,88.52677525408322,0.004456956478771521
0.017171803536080298,4.9765530064763555,82.69020589994778,-0.0030997324008869304
0.016548103410589064,6.179968936208848,89.9781786740506,-0.0029108135424254977
0.016498743189086278,7.168642232025706,88.95480192336746,0.005003340662983557
0.017109752485667512,6.554258195871407,86.12792951979094,0.0018960783373247298
0.016578186130366816,7.13734734488061,89.85567525469774,0.0040534913046466605
0.017129699821421655,6.989015368425489,87.60273705798215,-0.0037823011499346967
0.016706117058920028,6.6078514346852755,87.8291319397426,0.0010110576418022098
0.01601288555920924,6.696296645607335,87.88382660146029,0.00021423545117064393
0.016792919559945812,5.292220825713155,83.54850090243598,-0.0022770411017053425
0.016666034038603564,6.073294936428943,85.7544024195795,0.0001235380265105976
0.016029124852794882,6.684740595842093,89.57894148285362,-0.005946486065559567
0.016435794018782146,5.2262834878741735,82.36761812677962,0.0034357872661646945
0.016794759811984167,5.963366003473056,85.42240613093325,-0.0012791360652704557
0.016845198569232667,7.093009169723578,88.77148482952097,-0.005012809056036658
0.0171211483566561,6.235752767453759,85.0768967416646,0.002650905277418398
0.01714962777334189,6.952045500840852,87.95076322450868,0.0024545218136431592
0.017006695143444578,5.298940717516954,83.21409458899022,-0.0006512899073298749
0.0161082187585212,6.798017105167648,89.60646880777375,6.935310913821829e-05
0.01599379328911481,5.25316278053826,82.97904772710433,-0.0011146323124932881
0.016457655381800534,5.033770367007395,82.2928165749321,-0.0009736111986173941
0.01660202016105832,4.94545385585802,82.3584011717877,0.0008161809745702115
0.01670804292375672,4.981943825801352,81.52064363345504,-0.001512750073687643
0.016758675846736088,5.627954607689155,84.35532872899194,0.00032793120658513534
0.01674113030924798,5.963230701671755,84.47276925816081,0.0025362611788340324
0.01694137917171352,7.126438556298512,89.85258757856707,0.003636729747560433
0.017503174503617432,6.293303954810824,85.20395721532871,-0.004472656124255625
0.01576306916309773,5.668208403972248,85.02593228395043,-1.3330752876121183e-05
0.016344995085198825,4.665618904243771,81.6213536511328,-0.0033097657561132567
0.016859976156746094,6.040341477973369,85.78133011736125,-4.478653758639944e-05
0.017316890713539267,4.852244110480908,81.31300484514024,0.0031436684619364115
0.01633432496537876,6.679625843133104,88.87076269747108,-0.0002943157387090211
0.017218963502132024,6.613784707887691,86.23109230236206,0.003878552693899698
0.0174428889199349,4.64141306741457,81.52652263256833,-0.003821413084034283
0.016544836992835495,6.172107874135162,89.97922179194529,-0.0029651952606974978
0.016715632040218805,5.730346104606298,83.89377284068843,0.004582277751304315
0.01701717886438901,5.68169066674344,83.6918662194494,0.0026159026586845963
0.016588828927844367,7.001309849047202,89.36797410955818,0.003709961272651218
0.01713524152633779,7.209361738295674,88.10765616297591,-0.003670269163675099
0.016610584143668963,6.474580001974699,87.48242673987917,-0.00041645684061738294
0.016039759954734036,6.7332713420405765,88.42658173046597,0.00019141754498135953
0.016669022832577422,5.446120820421784,84.00897499918575,-0.0010773014830557305
0.01661121296139414,6.201174159136212,86.72814672772833,-0.0007995967315022603
0.015818387511671368,6.240459135763713,87.2573706507759,-0.005781183643839716
0.016405532497628942,5.1474322070626455,82.1614752362017,0.0035863639960032946
0.016718540882585807,5.640897965779665,85.29710367954941,-0.003991917355097568
0.016792941085194694,6.983431840699927,88.30494670996282,-0.004264860341634607
0.017040325328844027,6.2351250790196495,85.34856852553321,0.002591610245132043
0.017481245419629376,7.153401972131265,88.21828903115346,0.0035836346593663207
0.01751154423920907,4.529482333008604,80.43103123546851,-0.0008739792019267785
0.01610362896596456,6.78918756920256,89.56926828728812,-2.329649415004631e-05
0.016225511582478296,5.102742348788562,82.56897556438406,-0.0008399051126797396
0.016816917331471684,4.962265021156673,81.39734885288317,0.002382139383224225
0.016900534903343298,5.6459548099645955,84.1526535362782,0.002604203342985941
0.016829798667654237,4.9248043322019335,81.52164368961648,-0.0018994738228525826
0.01666442632298424,4.778159359486345,81.69495783834913,0.0002864883860300681
0.016571837703668754,7.178035885843939,88.13757618458467,0.0029861655689065185
0.016858522862361683,6.808866582663678,88.84918003862217,0.0003593512568492582
0.01725864488821978,6.185951725655787,85.12198464080753,-0.003628020500229757
0.016308460854037293,5.870797212878963,85.17495621851981,-8.964571034067014e-06
0.01633420634758635,4.634961864100644,81.53648717710644,-0.0033870549180244946
0.0170083629327449,6.474900074890876,86.89355051565207,0.0008335922570740001
0.016862046075290387,5.084075806671933,82.1107806910813,0.0029132203865694585
0.016138630027637598,6.633458596033247,89.08231588660239,-0.0002030306478504227
0.01700283349468238,6.584233182501037,86.51944684047672,0.003021436171701092
0.016733362166817346,5.6037315939104815,84.55282877280736,-0.0003570358292176854
0.016544836992835495,6.172107874135162,89.97922179194529,-0.0029651952606974978
0.01667871204083894,5.736724539626753,83.98808409224989,0.0042137513103062225
0.016851523674820547,5.636101548310329,83.56277250001257,0.0024196936187176592
0.016594959416360973,6.9150586561435965,89.00103806481185,0.00374432233267382
0.017195103893863698,6.310824503338497,85.83511642099982,-0.003351619121799393
0.016455279591268163,6.346866462686811,87.11628421761868,-0.00035532167633623194
0.016155823661396798,6.402622442694143,87.21571972228816,2.8507232708351168e-05
0.016670750014715234,5.115968396955129,82.96777979007,-0.001454549313168625
0.016520914494406694,5.850280061925948,85.09565096694608,0.00019810057754685376
0.0157995039590902,6.204132220199136,87.10431842107968,-0.006162367244999781
0.016344597217531096,5.784670863037866,84.81557250876538,-0.0004707864635015819
0.016629418191300357,5.73119505889861,85.75779797665993,-0.004528255591688248
0.01647236867665192,7.203743770564915,89.29114335835395,-0.0039766269793610745
0.016876244095690173,6.198585647797066,85.18669263425821,0.0024867046342555653
0.017493377100020226,6.740002447586388,86.87999078941237,0.003763728465622118
0.01607362300027611,6.672728442779879,87.95288908698045,-0.0016248912414692268
0.01614875787688543,6.631341012575794,89.6553815026743,-0.0007572874260796062
0.016202358212431156,5.1772974405364955,82.7539228869171,-0.0003782803737122499
0.016709737867806388,4.650967708896806,80.73858950963499,0.0018760709446967584
0.016953805767691673,6.727508365247292,87.9764301515861,0.00185119633706458
0.017402893736143833,4.57045135357998,80.06596128408864,-0.0037347831371618975
0.01683947038795376,5.320301184200625,83.8796875335742,-0.0011260879023925444
0.016821124360129038,6.993239300281969,87.52368214688083,0.003297198536654724
0.01680412074042065,6.816807766983036,89.138507175801,-0.0003429755015610962
0.017010640431331932,6.291028261560436,85.64975283661829,-0.0033567433681675036
0.016051540556674,6.158852259105659,86.20825338024704,-0.00048449419376510533
0.01680048037313757,5.020416378084558,82.19880527155787,2.5421398917834935e-05
0.01718199505786413,6.65308861919442,88.30441612957503,3.58303207407284e-05
0.01734537851601571,5.566304964625386,83.47260873246952,0.0042783992542091975
0.016172959871222758,6.644384653345465,88.91761316812307,0.00018393789489339323
0.017122775049323496,6.7242238948144335,86.79032281550626,0.0038215176681986856
0.016552736406530297,4.789817017965083,81.75410837790561,2.6830618676838803e-05
0.0166321162334778,6.132517990416705,89.99901717052084,-0.003174593788984343
0.01723275668011375,5.6861143938809295,83.6575569605961,0.0029544882902839942
0.016719272469987834,5.14922776587353,82.08968430632454,0.004170339424843234
0.016716765040161608,6.102264788078033,86.41634653820384,0.0014308972053865704
0.01722072037232923,5.84669871279292,84.26365739135997,-0.002272066853080185
0.016471892074821467,6.700093370044885,88.13910825918887,0.0005308146936692506
0.01588004414611293,6.635137737777473,88.2304728026817,-0.0009332180817566618
0.016567948163648046,5.0438512686057795,82.30190606577482,-0.001043221913319352
0.016642096984997242,5.019868234981512,82.39254604656203,-0.0002242939646763314
0.015779071650453134,6.180489457375112,87.0322022092286,-0.006510705836342701
0.016322872617489655,6.073889608506469,86.27899952096782,0.00031037883259697144
0.016892541902361422,5.663664307797871,84.50924703211611,4.440669622123895e-05
0.016471184230329013,7.194854422846124,89.26246674105406,-0.003960842226655634
0.016781987357154506,6.642536393810874,86.50312021622024,0.0019058779112517076
0.017398957686695426,7.184664069783573,89.26530315493767,0.0023696795023800555
0.015959463128439634,6.642499803644107,87.13653525342998,-0.00204359874637108
0.016168444018810707,6.5510772499437495,88.78014047866625,-0.0007126439555432184
0.01627463072016329,5.470677993157595,83.31307949496816,0.0006980901282390246
0.016397119520056104,4.766915814104024,81.17340793404487,0.0012090734355214591
0.01703785147815394,6.893492978024826,88.69916433497461,0.0024458355785253955
0.01718455139413876,4.65577575897692,80.430697249921,-0.0033171476810817425
0.01678863664289647,4.991416024584797,83.27667351740256,-0.0022472283989652115
0.016947367657527006,6.4866776854740245,86.1766622542751,0.0034285364050036828
0.016493982281769713,6.746246123743381,89.59095396916884,-0.0013336416945203904
0.01693557847799797,6.202000280669995,85.45510547859516,-0.003318509321299332
0.016163327140014474,6.238054578359564,86.33985034350151,-0.0007977204994688923
0.01690903933233032,4.465484912290817,80.23624874434263,-0.00014155037196497743
0.016716206305350423,6.742141960828066,89.24533700908921,0.00038450839225310975
0.017146206727609452,5.6888195614870485,84.05504321905663,0.0036353996614884396
0.01595820900053032,6.547230675643722,89.22754595966407,-0.0008669230644146298
0.017097234532824527,6.760464480240463,87.07788198926522,0.0037322312870451905
0.01652510950724851,5.468242443523239,83.75908266157101,0.00023364937486137073
0.016624284750972308,6.232760942948898,89.89405041623529,-0.0031545718505609863
0.01742621002088337,5.888384511937918,84.24824737889696,0.002496420721270836
0.015451719633156136,4.880509187256683,81.76175074807314,-0.0009044732791070622
0.016358033946236406,6.599345289848283,88.26644545978108,0.0014984111985232214
0.016960581850554813,6.791329814519695,87.99777457636233,-0.002882468548483024
0.016232019436263078,6.35511363949594,87.28938330801536,-0.0016482070134888737
0.0159319327631165,6.542563303534144,87.89217846730462,-0.0009479226755275951
0.01685915611926669,5.309837806644629,83.39858883360384,-0.0009310354664496189
0.01666840817051206,4.721935014022396,81.30243305108199,-0.0006040980349932563
0.01596233769261792,6.072271047644471,86.25463783784451,-0.0053144403207681925
0.016471235877067007,6.213712127437637,86.92021894276073,0.00047127948567655346
0.016922694625215604,5.674473859290883,84.62649459671454,0.000125129945147422
0.016636413084096198,6.946920477176124,88.24527242263582,-0.0030106897713156225
0.016832778496182952,6.91033106002299,87.11652651014103,0.0022374556279103393
0.017233119307298407,7.324443778662345,88.77728387164895,0.003974894431773403
0.015775641315286876,6.677003012541153,87.308317650315,-0.0040044156306278745
0.016389331138241807,6.517267173289725,88.70694701142784,0.0002727254224407583
0.016114479010252473,5.789975981447489,84.9147485952579,-0.0008920656531884288
0.016491632168946224,5.686400895148634,84.73048601333336,-0.0008896432884626813
0.017720582199386273,7.328898648650003,88.73822252143655,0.0028664955563720497
0.017168413038838287,4.689195834579613,80.56905375345187,-0.0032190775812248515
0.01664624785393237,5.038302584199701,83.62564416991711,-0.002782300789816903
0.016957968780255125,6.06281631207626,84.62725295076382,0.0035434847904488474
0.01648137879306294,6.793505609285754,88.90428225788835,-0.0002927103934990345
0.016870942281104136,6.416179262351231,86.26971849032073,-0.002874681539886067
0.015481895454745064,6.54835450752207,87.55203515579099,-0.0002755978688274642
0.01682774528621329,4.496189538477237,80.14741213009609,-0.0008748001794929071
0.01697683981807392,6.729149450970584,89.0007314970795,0.0006560585175918671
0.0172115539580484,5.876164591709478,84.27095346566306,0.0034032874969666537
0.015894230871346577,6.687304245997086,89.832539674665,-0.0009157309182154738
0.017288331020951002,6.9551728297030895,87.59306793745164,0.002062061025906217
0.017083475160654952,4.990732234776018,80.82293869503849,0.002330007121387034
0.016687390640637123,6.184006162703636,89.48673610877064,-0.002820616454839341
0.017679769060872787,5.377403143560688,82.8738426126029,0.0024397120026467566
0.016056712366818184,5.892715136523651,85.90993161041902,-0.0006671422743316224
0.016268302206828237,7.054208510693305,88.20853093669534,0.0034969953462119343
0.016902612771683725,6.844747297892285,88.05849262991562,-0.0021201413287907896
0.016372798192025473,6.740420030101865,88.42840473572974,-0.00027298803579888127
0.015911564338272805,6.630199564778817,88.59568520772272,-0.0010620611798321884
0.01675948996102911,5.068902708674014,82.5335373963695,-0.0004986082904647735
0.016195277977872482,5.578908271484969,84.39853374783623,-0.0003738566423609057
0.016004389262078703,5.5357270291549145,84.33570412921038,-0.006645787863751964
0.016365302320721614,5.915803650698462,86.96856095286265,-0.0013071392929899632
0.01670092806641452,4.795011865220333,81.77761913751819,-0.0009852170518168625
0.0166624043165133,7.112132506793188,88.89520311188049,-0.0030635343236562734
0.01677480142016187,6.71785792830286,87.27815901746487,0.0017888240984382845
0.017147026301898054,7.135197621954216,88.96886268718765,0.002861975155733121
0.01643778368004529,7.38287761548404,89.23352317595344,-0.002827013529687913
0.016428794746669226,6.534973523117104,88.62210867412175,0.0005600136946565556
0.016201154180669346,6.068982640092653,85.6523634757099,0.0009548038504201557
0.015376789277906021,4.62624528280119,81.0019107228677,-0.0009741283627646452
0.01722833164413213,7.026159819873209,87.94780460126114,0.002239655679692491
0.017088524985032306,4.8203898006426344,81.12998670245773,-0.00242172968108421
0.016514897726835953,5.801316946197054,86.10028379416993,-0.0031841367484329378
0.0167261955290644,6.048379119709852,86.19576594256296,0.000759088768959948
0.01650514335819231,6.887936702590095,89.61228121540533,-0.000917678897455144
0.017159280636173006,6.228500533105643,85.02021647924148,-0.004380607318809438
0.016227772019410395,6.217000335015353,86.02059587881693,-0.00033704869622435806
0.01682774528621329,4.496189538477237,80.14741213009609,-0.0008748001794929071
0.017239505863275092,6.645769952987704,89.97558848390672,0.00011129341470708198
0.01707222794260402,5.833762191574116,84.10195406351426,0.003216950990602525
0.015696291474237917,6.04291440879182,85.67434561158868,-0.0007430948151479478
0.01737295367190898,7.037322109741811,87.45773713839812,0.0034837675302210676
0.017116058540391887,5.781373642320543,83.74035078583812,0.0011505197511714393
0.01674863908343189,6.08637412500946,89.74490267360434,-0.0031905127361434612
0.017683504004586684,5.360626836480876,82.82178137763407,0.0024401772342950902
0.01594446061992291,5.186350592474056,83.49728806494522,-0.002319487453463643
0.016248993701465944,7.03381215439283,87.92974244917276,0.003962269905407044
0.016836075661236023,6.789246471598786,88.58311156879014,-0.001388047161771206
0.016300606139379312,6.156971005071915,86.69641634875133,-0.0007914431003532177
0.01623359520299091,6.605264611236839,88.94792378035054,-0.001867440072013676
0.016825831095620077,4.589369096593224,80.74758820514384,-0.0005460375116909311
0.016246968040666995,5.036978398835379,82.3287340600693,0.0006735815639622874
0.016004389262078703,5.5357270291549145,84.33570412921038,-0.006645787863751964
0.016469396628148253,6.1231125383117675,89.33794215743949,-0.0016110565255147498
0.01745972155736768,5.082720408259148,82.64979768766871,-0.00030104712495339077
0.01652439999729296,7.32724126879355,89.65677772068882,-0.003861576954886966
0.01637476655451089,6.255274653287302,86.07058127435928,0.00019667286759141207
0.017008087414020403,6.945652887840824,88.20416777181133,0.0027438165485342996
0.016534512275655507,7.122425040958612,88.38862016648721,-0.0022289356250110885
0.016670611172115293,6.5815116406392695,89.08592646628877,-0.0009527523578919798
0.01644070530763569,5.052666950168377,81.57936788714976,0.002413619207094252
0.016242438043567873,5.555028552755628,84.17677769947342,5.939661885638668e-05
0.01709120531751591,7.0576885641671065,87.64118073098754,0.002738277435980832
0.01671896332435712,5.429324870346481,83.38436086702197,-0.004963779595512401
0.01651073141056474,5.815758342385694,86.18697930407835,-0.0033044352937158994
0.01642248196825984,5.6282004817929785,84.40878668677549,-7.851401613826695e-05
0.016318712437248792,6.4237605573967445,87.26746002539903,0.0001064222193771355
0.017139733278854683,6.236425331341768,85.12123275188523,-0.004129295714187513
0.01591161491418261,6.324018840761877,86.67996482043513,0.0012237679292805548
0.016712807213694805,4.777807634873292,81.05551005162607,-0.0005101732262598706
0.017239505863275092,6.645769952987704,89.97558848390672,0.00011129341470708198
0.01665858720811941,6.314731322102638,85.59023238483648,0.0032883636505525162
0.01532855228241287,6.509260749517559,87.83256426007738,-0.0008839337480201685
0.017305350123305568,6.489277771108149,86.18750731423678,0.002519187657458497
0.017031133859698188,7.014291693345353,87.57912177476193,0.002598730971246443
0.016726095180305416,6.300615171708491,89.8290251355876,-0.00453052843938357
0.01665235554494435,5.324857003814658,83.23996910463357,0.0007848311550509804
0.0165214971377945,5.166482990801427,82.87440043540232,-0.0010186999659484387
0.016388236593405135,7.112232829508442,88.47693830110632,0.0023981010068670518
0.016604222994199107,6.642897785847772,88.60168053560801,-0.0008894252005167979
0.016402740937740128,6.334344203926991,87.24291043521438,-0.0004888219686263674
0.015533711435577446,7.15016224062034,89.54082206658357,0.0018107040870939555
0.016756384480992238,4.532310241279266,80.53099736566581,-0.0005727109039998576
0.016579204380416497,5.741866878260057,83.90342204939904,0.0021106071727283854
0.01605292340543383,5.6791159619364,84.71128534946581,-0.0062799161089775336
0.016347866183794805,6.037240688555245,89.83287838594394,-0.002351809498803963
0.017656877345487307,4.851420253212161,80.77406022552344,0.00015727644919695207
0.016592999227620142,7.236890513697318,89.13135920923183,-0.0040883887866548
0.01586017775686522,6.348929775096468,85.29568059285347,-0.0029233747345974977
0.01695215183349504,6.860077663289598,89.53412021143086,0.0030438840023522015
0.016379936493404714,6.934455144759085,87.9599993347077,-0.003567247433901679
0.016705975488158786,6.78717477211408,89.79765461307532,-0.0005440943571954878
0.016444576260210914,6.232332917196939,85.13429125708161,0.003182987954433294
0.016110566611135312,4.9828813626998905,82.72975854618585,-0.0027901997659476796
0.017050013763801514,6.873228724409497,87.16885562405913,0.002485693003306299
0.01691139256091228,5.170799396254205,82.00766786087547,-0.005252132608072603
0.01665194643459841,5.557755547527783,83.47445224761327,-0.0053041243423391435
0.016594261920961,5.432674381688822,83.63181048705063,-0.00017659478126954165
0.016182405671341795,6.733716768253588,89.40616291288104,-8.331005075149444e-05
0.017197402186236485,6.163763893215443,84.61264366567663,-0.0024628088918840214
0.015995210058385473,6.198358594300105,86.07787329891194,0.0013247884554562477
0.01633389365218237,5.042634580903228,82.35270837008625,-0.0005319569499051538
0.017308858611426774,6.894957632177416,89.39420914137541,0.0011472570104637944
0.016660361095641014,6.4041731285215,85.80763802980017,0.003539917608750086
0.01615258777578341,6.5832740981939235,87.49387825001973,0.0003833359380209588
0.017026051553159623,7.182924685666133,88.49415000358951,0.0029239640996630957
0.017031712482618942,6.995092750146641,87.47494539297146,0.0025617030310262244
0.016646189969500364,6.360459596369991,89.77623882831014,-0.003733827872524625
0.01625021031280541,6.2011308364693205,86.39239406574939,0.0008170123194004743
0.016236666782568687,5.857719532985277,85.31916542916879,0.00017962765495812432
0.016493541566109094,7.111986874064531,88.37376300525537,0.002444558939315603
0.016929278260025295,6.517549251790781,88.21797015575243,-0.0009842824769432617
0.016243031560639727,6.72905397589151,88.79767520906152,-0.0005614480284288608
0.0161594874957988,6.8864756996197,89.44397791995253,-0.0009377175721240513
0.016756384480992238,4.532310241279266,80.53099736566581,-0.0005727109039998576
0.016591196708266906,6.533326411318399,85.36756952503187,0.006079003558696896
0.016087586690655884,5.516277901697401,84.12181521509758,-0.007088785998595272
0.016376021659524877,6.027560538919329,88.89016299569772,-0.0017913625893265061
0.017524480419555375,5.211021595339726,81.92685768691152,0.000547293265422904
0.016602643560830563,6.944618474231005,88.22758335841789,-0.003460796867255363
0.015672926656269615,6.814567546510168,86.85195178072199,-0.003430569513440684
0.016818305611584334,6.950468384025979,89.4183187911032,0.003262783284816819
0.01656356599714908,7.008421393955834,87.44056386605058,-0.0024584388411337775
0.016248404289878095,6.66881248459069,89.7446287013973,-0.0012012184552461372
0.016444576260210914,6.232332917196939,85.13429125708161,0.003182987954433294
0.01570004414338093,5.0674955678926334,83.1605506371431,-0.0038111737064453863
0.01707966434038642,6.874837086935767,87.08534233670872,0.002548120417407018
0.01675999031350827,5.324937945315528,82.7507374014277,-0.004033295655968099
0.016761361554398155,5.922928242245909,84.49555973983908,-0.0037436415187890454
0.016592376139058635,5.442748704017204,83.65073916084997,-0.000134269816468371
0.016124662625235466,6.712881934439525,89.75864589111256,-0.0009404727627935023
0.017111126880641855,6.510043232485685,85.72946998876877,-0.002584016032971697
0.016241289125874765,6.089829633206913,86.03979565615077,-0.00034173471965795845
0.016426293643228534,5.37579984574199,83.48847100543838,0.00011081691320910352
0.017669010098705196,7.196395192751363,89.51656267655575,0.0027125228827790033
0.016534269461669387,6.754514390545954,87.18668060596062,0.003171095554346935
0.01656919300108571,6.610855386294919,88.0115371622112,-0.00024587795765587455
0.01712273048364408,7.336113133320464,88.68646124824275,0.003839475172838456
0.016645301234840804,6.864239085517825,88.32933690562136,0.00218475014268881
0.0166555969646215,6.274861022796059,89.19549491033374,-0.0037585825602397547
0.01651567899352658,6.17633533663566,86.22967725140782,-0.0012217366846731478
0.01644022760389886,6.0676983134073765,85.59543313479077,-0.00034860090755098804
0.016335504378957217,6.927893679958142,87.67939951148651,0.003731998456086789
0.017040784793529624,6.6666697703259,88.35611928653337,-0.0008001262580746649
0.016312801367551494,6.7612619983635875,88.80619662753034,0.0007978072140486792
0.01604945323578769,6.5509403602417455,88.04894416382976,-0.0014212792366400484
0.01676354787871781,5.289307403628346,82.97016527963468,0.0013199699904695968
0.01671413741325445,6.856210805364837,87.87396669175041,0.004787059363848579
0.016158448848400547,5.392051486476571,83.66980265003426,-0.008008849889180656
0.016376021659524877,6.027560538919329,88.89016299569772,-0.0017913625893265061
0.01782550206973496,5.348467271251296,82.01924493597119,0.0009139580690032431
0.01678193536785573,7.274920936678283,89.64894580663014,-0.0017170235316867745
0.0161626326132982,6.614277539021769,86.89419458684976,-0.0015466164312991628
0.016361530931693114,6.897378592876045,87.80226410253326,0.0019203869537077955
0.016632719482121902,6.754407018407728,88.06507450174682,-0.002676262729446634
0.016276057935387146,6.610578494459645,89.22322145690327,-0.0007822170458836623
0.01651209608188165,6.196781799093338,85.21611579246341,0.003049826025753855
0.01596628919363058,5.914355753394821,85.9984373601487,-0.0017870987329702262
0.01723701337232003,7.074935083529259,88.14802959312547,0.0028361307077406023
0.016724996669151237,4.904827546397107,81.27775890715289,-0.0036370770905757967
0.016289303501225816,5.442998586838373,82.84961574830194,-0.00359792915846296
0.016545800671600136,4.920876830567153,82.0272965431587,0.0002681470895027258
0.016115794757875175,6.745101499366158,89.87673816668713,-0.0009308361996892872
0.017359270344574365,7.797190817297261,89.45302047661875,-0.0009280717364224408
0.01599821871905235,6.182121011485889,85.85319327984881,4.844562974712005e-05
0.016321275223796672,5.158427886444528,82.9224584025803,-0.0007637029210442837
0.017739136118564924,7.22628607314395,89.67172275010265,0.0027742758390276274
0.016049432999206872,6.6430553906878,87.26227788984755,0.0037416617178958663
0.01624498037849988,6.306499214164305,86.96561196343296,-0.00021105610682048285
0.01714609311829761,7.116802162028836,88.4414937873205,0.0021706608634509362
0.016686861503300753,7.320826200964575,89.89702317594002,0.00255903430935942
0.01663820273143177,6.27398911773753,88.96941458074639,-0.003944681550987369
0.01701857534638877,6.116579142096804,86.3145893109317,0.00037599180463732357
0.01646124520697116,6.535269433649876,87.51244650726603,-0.0002483131364523837
0.016376108902967677,6.2762636367921,86.67034452252469,-0.0002427836434162555
0.01671917605781291,6.608473541509515,88.00113158942527,-0.0006920084526337873
0.0164373613214837,6.493426663634992,88.07688911284684,-0.00011032894459149512
0.016490619946909573,6.308923334502755,86.62529980570473,-0.0003460677300410604
0.017305765162359203,4.868526372280682,81.41902197105567,0.0024112832382661093
0.016792239075515473,6.564143401128048,86.85209991582131,0.003728049166774514
0.016934273600332273,5.30456364977676,82.58814686061571,-0.004751481740213849
0.01676315521160725,6.603450966873726,89.06803595026123,-0.0008657002692680034
0.017380676760850755,5.285518948946294,82.27827308905765,-0.0003630726334194354
0.016607824256537746,6.845917497105622,88.01268208995624,-0.002063581361813339
0.016406470237363198,5.925814499841187,84.76264545134384,-0.000809534660260877
0.016306052773469283,7.28044675151088,88.69885034872864,0.0030170772755141254
0.016617982358441818,6.236579302218559,85.47812897445708,-0.003429467567913157
0.01629033347546338,6.520304871160235,89.54907769952003,-0.0011054161884185509
0.016510090648524975,6.203298007703266,85.31906436852269,0.002738182964000083
0.016105124448239094,5.191748700103622,83.02786567779143,-0.0010674082535627426
0.01723701337232003,7.074935083529259,88.14802959312547,0.0028361307077406023
0.016670941387738118,4.860734547104661,81.13917044582094,-0.0038969915388162224
0.016397048457569112,5.617184407620934,83.70750466940322,-0.0033068498857078297
0.016528299123193382,5.656042681976196,84.20973225481211,0.0007966800158220761
0.016088052005753525,6.764416203495262,89.98620420304526,-0.0009709954652416806
0.017417501454937576,7.578401284384407,88.80620799242068,-0.00024947226500494826
0.01577465773521212,5.926163879384662,85.61876789284518,-0.00017394474925046342
0.016435753539341652,5.407581145023373,83.67234903254544,-0.00041264561141000867
0.017816743266926362,7.218464080006858,89.75920105564927,0.003149102978229283
0.01552514586004746,7.211097474929768,89.61791784520697,0.003268331877996096
0.0162154342390074,6.253551355888556,86.56433038003955,7.229717404891421e-05
0.016269443710651543,7.1278312428199975,89.32510607192819,0.000997902662316574
0.016686861503300753,7.320826200964575,89.89702317594002,0.00255903430935942
0.016866457277428967,5.996848162804329,86.08343970657566,-0.002428223739557645
0.01646117979356032,5.438730374691318,83.65077299534553,5.8169783550201344e-05
0.0161419749053363,5.91184587676161,85.62746480105284,-0.000961475475396181
0.016347034652884788,6.269741010329093,86.63560251107141,-0.0001841809029401848
0.01668233539499369,6.404420535013596,87.20223205522225,-0.0007712265546903504
0.01691890525231333,6.272266462281264,86.29648029893862,0.0006645631169237523
0.016138908721987755,5.621191691187572,85.62255962956733,-0.0032282014585007994
0.017441364365430093,5.088807753913387,81.70096822826268,0.004231889553238127
0.016997819840619887,5.816106199699541,84.60110543702757,0.001072150605894208
0.01679185960745918,5.697817674182105,83.8735385391063,-0.0031540785244834127
0.016747497908179584,6.600505160575458,89.02016626116018,-0.0008157925596769093
0.017311507205265655,4.808411646380698,80.77255438362666,-0.002873669800597116
0.016587731311415308,7.49160334843109,89.5776738510052,-0.0039743299755694616
0.015544046834083114,6.9090932701332,86.09401629050573,-0.0006007171431269098
0.016305191704998025,7.260681309396802,88.64311036138683,0.0029842394141735866
0.01661657631412883,6.828929729364198,88.47260892668668,-0.002815893774281048
0.016294434473594816,6.479381602302227,89.93357570539902,-0.00164186857095622
0.016339052341448782,5.846987905652947,84.23193139465717,0.0024639682358110985
0.01621187279521844,5.4443633782391965,83.48169154315728,0.00030625572258052413
0.01715045812606974,7.227479015164481,88.52055595188071,0.0030266164206384375
0.016543346595710457,5.179641465745305,82.33135136296184,-0.0026389542904247374
0.01642865652728364,5.801475094346077,83.82325166435994,-0.004709560520581169
0.01646030405588382,6.669275989414151,87.83112836902447,0.00268429228551981
0.01599897604674325,6.681647385815355,89.99947033450687,-0.0014961053521011774
0.017006198274382104,6.339165566149667,85.4657965281907,-0.0025808516312879016
0.016012801416074626,5.278421947141737,82.80537258566775,-0.0005748748235781761
0.016470353557612408,5.2723923162259565,83.33469096222345,-0.00033081470025157875
0.01682957371742025,6.592824368348567,87.83707127749358,0.0010712790993728369
0.01631046890915027,6.2118153067104585,86.28362051341527,0.00010529205990419992
0.01586553029298922,6.079693184591118,85.94619702481981,-0.0006759764201921839
0.01671389046801826,6.0508828474289515,84.03725390889083,0.0005458083661142913
0.016686861503300753,7.320826200964575,89.89702317594002,0.00255903430935942
0.01666805368442386,5.702659404760534,85.27615959661065,-0.002009624103991122
0.016459019184027777,5.4654251172161,83.85716957700183,-0.00011622350985369197
0.016413895298346026,4.9779239546057426,82.8559835200252,-0.0031949905814537462
0.016558879544090833,5.981057871214599,85.54321556878386,0.0012651481434592213
0.016575496456983745,5.971667453443511,85.72157073801206,-0.001043333215336181
0.017291272524811253,5.459777533327303,83.70600558653982,0.0016587177370504446
0.016138908721987755,5.621191691187572,85.62255962956733,-0.0032282014585007994
0.017519050080964327,5.361351835600611,82.43434143953354,0.002466797900736354
0.016940280147103932,5.746091813312334,84.70725836352469,-8.787035052620332e-05
0.016987335045104062,6.376999422558012,85.87140615687815,-0.0038027401263246866
0.016811855454415724,6.364503042661573,88.45894375907973,-0.0014922260785044795
0.016899620460931106,5.657519931808558,84.42946822058335,-0.0007930238300689461
0.016589059417045603,7.308826252032654,89.77246906572987,-0.004597101997959143
0.015981252932866116,6.976472516423498,85.96304434435777,1.3483929299716395e-05
0.01631303636293721,6.575873646240107,86.63489278761574,0.002139993751732867
0.01674841086671514,6.928029902053939,88.52509655257249,-0.002058440724923461
0.016218958471644798,6.30137904812109,89.98045910255324,-0.0025574485328932898
0.016604613415735093,6.6302171339943134,86.71935059366407,0.0033164084695550457
0.016278937697655527,5.489237978690389,83.91447556254944,-0.0002942098654824938
0.017014867712680657,7.13845153886113,89.40663951490411,0.0014865471492996087
0.01640912849765513,4.884607242617515,81.18419615070266,-0.0038424215817631367
0.016553680606201413,5.448766770294905,84.25024106917455,-0.006233290488980971
0.016177346414629375,6.658655508267227,88.30608723546538,0.0055097025762685685
0.01599897604674325,6.681647385815355,89.99947033450687,-0.0014961053521011774
0.016742979441712165,6.076607371708866,85.0457669400759,-0.0029351544595566104
0.015703337671438524,4.876987489097906,82.00651727407737,-0.002247187072010307
0.016177350558356764,5.094193262055326,82.74756227375117,0.00020964165475906792
0.016874836743273627,6.557331448560898,88.34152107450235,0.00036087256408035874
0.016156927583482833,6.820318811153931,87.80445905603939,0.001446565683592792
0.01597184732935856,5.880916410356306,85.3613401255747,-0.0006868581531197079
0.016741258239162764,6.044325027354396,83.84147897412518,0.00026148846004450546
0.01662803111642535,7.26613570898387,89.72635561568767,0.0024049064787792602
0.01657088596108546,5.36055740767749,83.70537222696822,-0.001636115179128094
0.01693832943899755,4.9087140724978084,81.67610305801935,-0.0022905310383389958
0.016294267997298426,5.307802150954201,84.27985932048684,-0.002511894071032802
0.01651970579090369,5.534773768205325,84.27478309225248,-0.0007180500794986384
0.01670879499313929,5.150612778261306,83.43929835870173,-0.0037120367248286937
0.016912460311973115,5.627076625718439,84.17554389109384,-0.000327385466319231
0.015779465042290983,5.477899072367809,84.7743034937861,-0.0028513019780838636
0.017111286783344243,6.118425272589437,84.89763073220784,0.002795195345041679
0.016712242132411053,7.046894265662601,89.34445597736828,0.0024862716637400343
0.017112254761398053,6.684867368417192,87.16969942389088,-0.0036466682560888745
0.016797295959351196,6.214592075540417,87.84757712286554,-0.0036852450149203273
0.016940158684408558,6.202753426414224,86.33981257775548,-0.0001693687631644453
0.016589654018773728,7.183360945309336,89.98479157988302,-0.004602582635364385
0.016340788669338652,7.138688841483605,87.02474318348852,0.0014462039529712276
0.015877375165611825,6.253236357573884,86.84307547832498,-0.0004224846909368158
0.016706604345196236,7.140812250739286,89.26141190459049,-0.0027614617204525073
0.016218958471644798,6.30137904812109,89.98045910255324,-0.0025574485328932898
0.016604613415735093,6.6302171339943134,86.71935059366407,0.0033164084695550457
0.016336469029286326,5.3992674499210835,83.5436889966433,-7.808926486153932e-05
0.016888692229328796,6.802376664613428,88.89864034183285,-0.0006099748487816549
0.016462693827363636,4.837694488879819,80.97513057599676,-0.004006320049595089
0.016476836836286455,6.176790161822648,86.71309005568999,-0.0010209145887247108
0.016154224488714754,5.539857936111041,84.1054786804819,0.0018398513935707988
0.016488568408110135,6.549207364851989,88.32129569750275,-0.0010903369043267276
0.0170948431253042,7.4017492516446035,89.29183242892356,-0.0037417633855016414
0.01531184748737412,4.404001024543434,80.70747855437378,-0.002803045672036068
0.016138520534658828,4.887276593290387,82.07047768447272,7.174709738768639e-05
0.017281588700078985,6.739124105087682,88.85155030949757,0.0003339260636646232
0.01620855250850286,6.500240380332321,87.00646170388413,-0.00030928564695022025
0.01578901767479003,6.637725485939823,88.49196420051116,0.0010845292045441924
0.017165761838027826,6.704518597587561,86.37121651271498,-0.0034249480890211612
0.01664233126346107,7.266180359455582,89.78854406135925,0.002459999347046591
0.016946028629433906,5.327288688593128,83.64894175811979,-0.0017262870920135745
0.016559739686810248,5.218671268964735,83.10429476001761,-0.0019532413834189967
0.01646274125001892,6.072936122778237,86.05610298997046,-0.0009368150577275106
0.016698311904789744,5.281227288346669,83.8275667344346,-0.0020867079815749404
0.01700398791802494,4.859905264450262,82.55098354224926,-0.00576115134501162
0.016411433407353435,5.278398142860991,83.00800477725653,0.0005309145635268482
0.015598962042278392,5.776564806781433,87.14088324232314,-0.002379765108151905
0.016612486365280496,6.137336073804849,85.77515694231371,0.0002290447137762616
0.016678567691328038,6.024872678518548,85.38495277512071,-0.00017063892944107014
0.016973072831178763,7.065137098840687,88.11751696711704,-0.0019108236695466966
0.017275774262833873,5.995299440016094,84.89508542199546,-0.004241851342433109
0.016714164573830872,5.932638849112651,85.44041911923674,-0.00017684661111997627
0.016798516779568978,7.126763096073034,88.32059878201026,-0.003464522217661287
0.016810384897581257,6.542240272443025,85.64966057386904,-0.0007610596092004951
0.015895900753620306,6.039131887165228,85.74315858042227,-0.0007284051832858731
0.01665454304812603,7.005345430907329,88.70327105865667,-0.0026104601213041124
0.016284668508372825,6.443620784092668,89.76879208709052,-0.0016749954746881153
0.01659828807210882,6.625676860815129,86.71385030004326,0.0035096609319439733
0.01617377318804073,4.411952951667352,80.24462553406252,-0.0014035762339784361
0.01717849034378276,6.491317334634026,85.26716882556474,0.0011242314188197407
0.0164302767737177,5.66721897942104,83.79103726266834,-0.00234939344055397
0.01684230003447371,7.24054832696648,88.29125609927479,0.0018294468013261924
0.01589695510241622,4.749259897138624,81.08069174620773,0.002061238292761559
0.01692868120810085,5.382964018699952,84.67286549543837,-0.0043713180366044165
0.017177617613325837,7.074897487509625,87.99196811709147,-0.004480060558459173
0.015311449307065484,4.403506762345227,80.70651396447329,-0.0028035107392098773
0.01623755631091122,5.008379027994694,82.30824595660658,-0.00040825382728488504
0.016973310022184194,6.608261311723506,88.29983487655979,0.00015411077928233815
0.015958576311549212,6.417690084915353,86.96000944611102,-0.0002613446298556669
0.01580965659704552,6.33301974822325,86.84548113789154,-0.00011022703526564204
0.01712898710622926,6.284040618905629,85.56340781652226,-0.003201913648810292
0.016600974485324743,7.220911576024985,89.7250474300071,0.002931394261059742
0.016918043474793577,4.758990425285245,81.03519226746604,-0.002352938853848515
0.01644195531257936,5.144339268629839,81.7471618305612,-0.0015863940017546486
0.016349116663478245,6.644455974703476,89.51353739282531,-0.00021379657881648848
0.01707139280194786,4.3664654419153095,80.06097852904205,-0.0018667953281849428
0.016829241333577008,4.948819399389698,82.84577080983374,-0.004303534225393711
0.016331082950309866,5.022634201882584,82.31200211990114,0.0013704482786112135
0.015293257268009201,6.282857720493559,89.35389725430616,-0.0023041113583267656
0.01610256240571767,5.888093127032702,85.4375074723042,-0.00015382114263880436
0.016430789606547244,5.832674827410873,85.05230641400915,-0.00017183608909221654
0.016180132861200305,5.796567272510706,84.5639231555906,-0.0010873651688594415
0.017448627451678776,5.904726381891395,84.45497533002445,-0.004701851547924217
0.01766988944936454,7.181753410731769,89.75563330117456,0.0029198946393171684
0.01659739470734883,6.620806652378589,86.53865827148587,-0.0027532243487721183
0.017133654760365914,6.665414881348958,85.12079799296043,-0.0006752087567027484
0.015753573488385,6.717934129732334,88.66772363376204,-0.0007502134826550075
0.01668676416179194,7.1767123301969304,89.68303579023934,-0.0029777212141565406
0.01664138623309489,6.730079473894404,89.30835907750935,7.090931985700223e-05
0.016545245588963108,6.574176816274771,86.58847582588935,0.003897144657955225
0.016665181870116674,4.518867016092868,80.4382258140985,-0.00032151609100514357
0.017158378170635064,6.4569545363290946,84.92877985248585,0.002019448069004306
0.015988336004702328,6.603028517703946,86.6992948340263,-0.002583003403295659
0.01801235237719968,7.142059005948586,86.1928714231323,0.0031357769468545343
0.015859439456940714,5.084419679500125,82.52306553920683,0.0005205951526147548
0.016574486616431364,4.79153723729216,82.49123823301272,-0.005300387292612411
0.017061081663020825,7.158498668310596,88.5547046152246,-0.004057531946974459
0.01542454916150888,4.702718656736366,81.62585146113746,-0.00239844330538378
0.01627378565256472,4.913245614786467,81.82896333733946,-0.00016292534607468797
0.01692039621035345,6.597338698366645,88.65882935353505,-0.00035877723111192046
0.015983828896063076,6.18232399923735,86.17198313947114,-0.00039538142717253713
0.0159641063827215,6.064044260868762,85.88771480715018,0.0003950601021124111
0.016929760171452733,6.310213850688768,85.75244498396546,-0.0017776879079947194
0.016593335991616495,7.215892713532801,89.72197065788596,0.002903824253040761
0.016341296819489,6.3294133268191395,86.55114836611772,0.0005740249839050718
0.016697412365081536,5.140384983687674,82.04100382066561,-0.0056132880503964875
0.015613693871018849,6.572220114899731,89.32737249750726,-0.0006320484140321273
0.016820758929658924,4.72755665613929,81.39747572239156,-0.0011763476756774473
0.01683250091356602,4.899928518829627,82.69587776502824,-0.004342055187138363
0.016250827655914138,5.716904172684313,84.85315939316045,0.001520433315731094
0.015552205024643155,6.530564648837562,88.86624591898129,-0.0004006095106319367
0.01599072534709493,6.277000365942415,86.48259058638442,-0.00038179370381424946
0.016441348449628794,5.8212838247347225,85.00858353588674,-0.00017565913447095173
0.01621553394981326,4.833615000510431,81.5657714638374,-0.0005802518838358968
0.0171336146966259,5.758017366910289,84.3054435805694,-0.0038188973630354215
0.017574011891208097,7.149549819238901,89.52634612870999,0.002722665543598222
0.016912536508394086,6.6520249107693346,86.72846661216342,-0.0027886980278842293
0.017150964109786983,6.671928038302408,85.27028568992773,0.00035584615763701623
0.015897465162767074,6.329964902114554,87.05163555385194,0.000858533679137343
0.01660935246649619,6.845413074008996,87.82175710261335,-0.0037581050047164957
0.016578024456697565,6.600664936441053,88.77816151183504,-0.0005790797744015589
0.016516966904361375,6.1694444084556235,85.4660362582996,0.003452699345231523
0.016794968129372215,4.419837273645297,80.11911056921595,0.0004152883168957451
0.01702176929985277,7.422507096186796,87.8829658433736,0.0047255507461891645
0.01563577058489718,6.387985921934788,86.42657137050246,-0.0038713954967694378
0.01766190979270024,7.226203126019505,86.55505139296505,0.0027997287171672436
0.01592659954558696,5.537027182060342,84.05591592236931,-0.0002546523288076152
0.01638875045192144,4.8181519627574625,82.2574766063582,-0.0038220582760656826
0.01698817720294989,6.917580647075797,88.02054772870508,-0.004127110319305081
0.015653840723778463,5.114018500113557,82.80803258035743,-0.0003102736597123175
0.016255549613849906,4.799598659149352,81.51814550783112,-0.0006314894876555885
0.016916278680927366,6.591713154082915,89.40044948012284,0.0006224244749719848
0.016152643522492186,6.349019903708895,86.94708263333322,0.0004842396801260779
0.01590539974238555,5.818053819204853,84.80450192623809,4.040460103532195e-05
0.01795640394816675,7.124650237379425,87.88953750805311,-0.0027518507253030903
0.016561551883609138,7.347859199806436,89.83379095992265,0.0035483682500920934
0.016841353503469457,6.526550893332538,86.15025330740357,0.004079958774749765
0.016669360174015477,5.163907559066972,82.28019201271364,-0.004115836933100871
0.016608125838546407,6.850441401802054,89.6242545188437,0.0003584024442036586
0.016955385877346005,4.496338707522085,80.34758143650798,5.566352190054769e-06
0.016501984900587126,4.977905659718632,83.1160739536822,-0.004964955138138473
0.016643990911007024,7.048190210195354,89.99700841565672,0.005078735308458501
0.015597708909276227,6.795248654264554,89.84810140607715,-0.0007855729411665724
0.01595185523865053,6.374079268335532,87.08964455441291,-0.001482561512732505
0.016210046183009183,4.630791553260698,80.94094479718578,-0.0008045674924861769
0.01648124305872254,5.152611650186524,82.8544745667547,-0.00029176638702337575
0.017085012421291134,5.12551653642526,82.5175488698885,-0.005044736808288827
0.017585878037148922,7.17070557124489,89.67329627904694,0.002742276402966461
0.016604635400212255,6.632495233821873,87.31008298825336,-0.0023376966198839456
0.017072134514028628,6.801672509677338,86.17498664112001,-0.00013713271919095667
0.015844496927795486,6.466794894816035,87.20085417623554,-0.0003642660887271179
0.0171241193561596,6.905355865093903,87.13636193382621,-0.0032642499048723224
0.016557736090598695,6.65083102730769,89.97006127219387,-0.0007278501382876844
0.016479974973830636,6.134011506365329,85.32913897356609,0.0034649050711816625
0.017253848398991828,4.4179759612094704,80.12551966745268,0.0005538429580825351
0.01694114855177394,6.579728398660557,86.71299901751014,0.002199326725149971
0.01601229373070124,6.33403528909597,85.68479553757344,-0.0040732603908068925
0.016646194497677493,6.130543023583865,85.90075479342289,-0.00112148802420241
0.01595045648668382,5.611737145537681,84.32032520243318,-0.0003633627549317148
0.016384291287687085,4.777271944491431,82.1865918834857,-0.0041658614863668494
0.017252558038559938,6.9508984990071125,87.78692449449137,-0.0049386208390348385
0.015653840723778463,5.114018500113557,82.80803258035743,-0.0003102736597123175
0.016243222446628677,4.52821544989481,80.81341689752458,-0.0006431979218067675
0.016872185435814355,6.52987732905458,89.20725742710478,-0.0003753699821086691
0.01598685494213352,6.129174620618595,87.39223195840906,-0.0011866149296308815
0.015728577607256235,6.761058496363083,87.03095604789807,0.004141651682716424
0.01753835016075997,6.987098545142619,88.71999654787277,-0.0017750851427035027
0.01680764276980304,6.631286375084209,87.37747664473277,0.0031038583357802917
0.0167805228103375,6.563654969564513,86.78082083298968,0.0031201548616575704
0.016680928611738973,5.030848846151392,81.91040419033064,-0.003080610071761941
0.01613047390185721,6.227783940620229,88.02163845312306,-0.0020053503136352275
0.017211398052963678,4.494648076332408,80.25150984976727,-2.8994375222854375e-06
0.01637598176710541,5.491837324585336,84.92248491741525,-0.004584608280444213
0.01692457907251401,7.1238393128602615,89.53745220161242,0.00425045738650408
0.015641115978468532,6.780609291452168,89.71306555603454,-0.00088911164094779
0.016244065257545383,6.264321027347744,86.40400731595815,0.00012382678543246712
0.016108293756847546,4.525256059016907,80.41710770996511,-0.00019480593920937926
0.01654940285834542,5.133372234328923,82.75145223561364,4.363901829138988e-05
0.01726618160321973,4.953535191936896,81.89659391293411,-0.007283230225074069
0.01746457308655676,7.3310039072419215,89.6586571921422,0.0030266683847173536
0.016296911490103604,5.850318851900545,85.05904501755973,-0.005972535180031246
0.01664053638434487,7.842809213575482,88.95043775831266,-0.0007327598969225238
0.016174985093893365,5.6902637136929854,84.79387511365138,-6.349326778696662e-05
0.017099687897126636,6.855149248184618,86.98741491921496,-0.004197892620256105
0.016557736090598695,6.65083102730769,89.97006127219387,-0.0007278501382876844
0.0165949253386966,6.247904644744731,85.78127294988342,0.0023957524027179234
0.017253848398991828,4.4179759612094704,80.12551966745268,0.0005538429580825351
0.017037954520417148,6.967638978142059,87.68784958210063,0.00267654846569369
0.016025085711310554,6.514621697965819,86.78957514357863,-0.003825160138401869
0.0162131449359642,5.943004488713242,86.60318821890067,-0.003339109122843632
0.01631492450297713,5.971210343194607,85.27047327072914,0.0007790039533257108
0.016591437537189866,4.606812123685409,81.4889863984096,-0.003390865824393288
0.01683142731817351,7.169542619467313,88.69648292025516,-0.0039415960745615725
0.01587450574724092,5.121163899160939,82.59766772032971,0.001158241397630006
0.0169218889920384,5.02442097305213,81.85484634611637,0.0018940951843259125
0.016872185435814355,6.52987732905458,89.20725742710478,-0.0003753699821086691
0.015853783658867564,5.8296477991742925,84.83087052877363,0.0015676812437571575
0.01643731570640312,4.926413128960451,80.94883039855131,-0.0019843918138697032
0.017183199651336797,6.681699811625934,87.69909793717251,4.8174354998614926e-05
0.01688537940101567,7.234408763767296,88.71597590953155,0.003647547859274226
0.01754283969028363,7.184234712325502,88.61295620046012,0.0035460323963010065
0.01646169225117887,5.414042440702077,82.97924319234332,-0.0035385729374535343
0.016315382381612842,6.463004149869008,88.18551684453459,-0.0009510666193958831
0.01719354691926962,4.463199273780702,80.05777922112671,-0.0006346932615901219
0.016161379281345433,5.838661111547282,87.09313207081921,-0.005495797134522196
0.016924429485249654,7.122143512494305,89.53650947390474,0.004237250346393057
0.015641115978468532,6.780609291452168,89.71306555603454,-0.00088911164094779
0.01602760128703784,6.958232539940108,89.18997942466244,0.0038501748098797007
0.016108293756847546,4.525256059016907,80.41710770996511,-0.00019480593920937926
0.017243583169212068,4.655639448512734,81.24684685261302,-0.000808612223398151
0.017099284719784027,6.073488404710381,84.66343359275945,-0.0038592476138945304
0.017150154900444366,7.071122937742818,88.65307458343453,0.0030048947017672703
0.01641656991032675,5.681597660436982,84.48324363354179,-0.007657031636178679
0.017062522647082377,7.107303508139856,86.92592912108451,-0.0012266832762346065
0.016014934617268665,4.378303100640766,80.1065517059819,-0.00076840702481143
0.017099044616343564,6.852396326176011,86.96618348515528,-0.0042897033949049704
0.016557736090598695,6.65083102730769,89.97006127219387,-0.0007278501382876844
0.01657286088076219,6.958797693213718,87.8252986179254,0.00364176055539255
0.01716193000781433,4.668160799197931,81.0571460205115,0.0003216496630167624
0.017040356962587717,6.945707551512643,87.73650798889938,0.002536687740131233
0.016000554244456556,6.405351404730347,85.96395741184108,-0.003855420342824686
0.016569290695559062,6.511938321992621,89.76546194920776,-0.008015076068134355
0.016941243376729392,5.7748628964575035,85.00851764830078,0.0010786360589754443
0.01640554513409022,5.05519740384314,83.13320074281577,-0.003499551597408341
0.01668933390143996,7.1989540280264315,89.49702257980069,-0.0024062692850161265
0.01587136705611162,4.977964767071202,82.02749164627818,0.00024494703673979385
0.017583184428578286,5.430145423558385,83.02344955063352,0.0035919674439303865
0.016835761916525287,6.592047342931261,89.48436684393594,-0.0004241940671430044
0.016209985535730012,5.331578725003359,83.42839697545311,-0.0005851776957718009
0.016903647121490496,6.106956323729511,85.17772444712001,-0.003979397624203809
0.01695314852991414,5.848188207261039,84.00514718898569,0.0024396732521325664
0.01678160421499,7.150808102552083,88.60811542712888,0.0020968650517109444
0.01733163964885988,7.064735718078018,88.46077934581712,0.003167984843668626
0.016390665302808055,5.691945996165971,83.67449582384944,-0.004481192698082229
0.0161094879476596,6.271420518762589,86.6962617095475,-0.0011055352070695006
0.01747790061779122,4.95766737615964,81.98727835160429,0.00034091059431327377
0.01623761654661579,6.147734148061389,87.6339031827412,-0.003245986414722692
0.01617373410007073,5.885169172383216,86.80967229616954,-0.002747026258485041
0.015630050618561757,6.701219022850806,89.72250589834974,-0.00033483591628369824
0.015745189938391024,7.282631786155148,89.86943154882442,0.002424123210870756
0.016108293756847546,4.525256059016907,80.41710770996511,-0.00019480593920937926
0.01697944188927843,5.251265864993391,83.02520743274225,0.0009262399911659466
0.016663399911053225,5.86732777398985,84.17495470742773,-0.003273901833375682
0.01721573597827123,7.037364727024867,88.46991133464213,0.004126706777897221
0.01660394455408254,7.570632115843012,89.56957030817846,-0.0016563853494650012
0.017317190263941372,7.779426976241698,88.90199211867393,-0.0022417098513740873
0.016035890309412736,4.471667704539248,80.44097924775251,-0.000866924576145111
0.01783695049054801,6.11785718478863,84.77721264019604,-0.002761472473821061
0.016718019159070778,6.567123109730711,89.25981251983617,-0.00015451047267336912
0.016686763156691087,6.62615226441704,86.68110173664464,0.003281716046947754
0.01728332908995866,4.703504651893417,81.16402415210689,0.0004670967307193962
0.017095782090133477,7.3546465336809534,88.74842914122397,0.0055982520354982464
0.01583560120568842,6.1257196290492475,85.09118751920862,-0.003995473438484327
0.016394211333651775,6.40403492283831,89.40906265225507,-0.00778933347328516
0.016706292429380244,4.388870931277264,80.05074528011097,0.0006781512189563793
0.0163989499413763,5.102818833455746,83.35832516633599,-0.0034864961768332585
0.01678843527888932,7.499075758265596,89.65699954388938,-0.0029246289302100647
0.015870793095243547,5.430106599728141,83.06236725595801,0.0018326446506811227
0.017700426568207646,5.1028079954525065,82.00550353625461,0.0038198911547453443
0.01674535456650644,6.533559032378305,88.91461693663884,-5.0878919320274715e-05
0.01634671494045589,5.1286664783014215,82.94593933129953,-0.0009608583028513471
0.016963356008295957,5.818463856406982,84.3109951525708,-0.004438039008578356
0.017025269385898118,6.043284480072948,84.78523214498561,0.003880250990245143
0.01678160421499,7.150808102552083,88.60811542712888,0.0020968650517109444
0.017228986487818985,6.6749628231807385,87.05968378572523,0.0034806543058406667
0.015951699434303582,4.834356344750292,81.2584806065203,-0.005335311701421668
0.016132462417877493,6.524524438064968,87.94145913392343,-0.0003689296342098635
0.017047230703955956,5.501196413780071,83.09803393004849,0.002488104432747217
0.01629603298697973,6.0494165020335515,87.44711441896175,-0.0039051694156335653
0.016244252088813166,5.794146745633675,86.45756735462399,-0.0029784288205232175
0.015536357720934823,6.707874780078378,89.9921705029443,-0.0006554957179109012
0.015675823496318627,7.09325855721575,89.43025757734536,0.0030934006906640998
0.016060285047785897,4.496137921337009,80.34630821265044,-0.0003329663111187345
0.016389851993546478,4.7040751323937,81.16799503603956,0.00025924838148563085
0.016303495725760984,5.732356033721916,83.5927725867632,-0.001047599885087772
0.016961494956788406,6.8241110621739285,89.13694857102202,0.000915719397267298
0.015953810956055133,6.811650414508301,87.85723042305274,-0.0023079565687908307
0.017192545377624425,7.570121336091984,88.49442088168253,-0.0017023877604841788
0.01603550804415248,4.444579580282083,80.3693503481692,-0.0007158977114587219
0.01762765600265979,6.046980098695009,84.73591081884362,-0.001991457320049082
0.016820213713690302,6.662055168019071,89.84698153062989,0.00021397747433367397
0.01677103042874299,6.773161657799558,87.01839416486156,0.0031973624222545556
0.01686611662238252,5.013792303842367,82.35730563569369,-7.733901311599619e-05
0.017067734071305473,6.794060157952777,87.25653384094491,0.0028074366073575444
0.01564135332713711,6.487381753760484,86.94436769159189,0.00026037311892973894
0.016499479755773372,6.557368475773998,89.6135387453292,-0.006766031500478489
0.016706292429380244,4.388870931277264,80.05074528011097,0.0006781512189563793
0.01651527958526995,4.8729751410653845,82.4848865491975,-0.004098615862545568
0.01679761284376676,7.919048352882526,88.67229054633366,-0.0026762293747618674
0.016245850896276278,5.324774693155422,82.7595284545295,0.0036623261958578534
0.017433513929361075,5.5702317473957255,83.48073700835826,0.0030183932870707702
0.01693442001356305,6.6235004255232575,87.22463045951343,-1.3512544735493179e-05
0.016515701161870795,5.191321314791151,82.90808310374217,-0.0006709434357041267
0.01710070667567411,5.967827736049809,84.39704386453363,-0.0042455831175717195
0.016972981518181326,6.005109972139622,84.47645002317809,0.004577754165367338
0.016726725743412593,7.256886680801672,88.5931571271367,0.002533492603108057
0.01695456242057989,7.076269753296948,88.40874816601402,0.002873874488534739
0.016060373963783712,4.952841975575102,81.60200665236023,-0.002995123076347538
0.016165674599883557,5.920508045206956,85.61373804012716,-0.000581074143335916
0.017341379599199864,6.304892622232282,85.40525028234426,0.0040480803489340265
0.01635680678092876,6.356584459276032,89.05908762433897,-0.0034934315697809654
0.016592185571013583,6.2365354948079395,86.78235238409079,-0.0006305266989577772
0.016153684842316465,6.670618516397861,88.77013802461472,-0.00037202220863915506
0.015611601068993706,7.1563656265866635,89.6865017454347,0.0031198601982246857
0.016207011155302743,4.70175514315014,81.08140510793022,-0.0004007168872492953
0.01625473996252635,4.716422855564474,81.4150773346515,8.584085610694164e-06
0.016874102260829922,6.053854211564365,84.00984461134779,-0.0005733107082667019
0.01638223165117954,6.866285221213179,89.11315108358076,0.0006014045034641084
0.01612100708693491,7.210919775457266,88.6045782063256,-0.003984728346112859
0.01654748778465059,6.2819982277111235,86.85483398287046,-0.002083822535208804
0.01628929697080657,4.437974194121084,80.80204145274257,-0.0036033731804389147
0.017900114887542243,6.049225990907807,84.36753981531747,-0.0031774639211681437
0.016820828046744712,6.675680510450762,89.93345829023184,0.0002354029403540622
0.01726228672221329,5.764830041989937,83.88631216732031,0.0029041459899068643
0.017082782662931558,4.680861560131578,81.07152120672521,-0.0005110017660837115
0.01727510090557433,6.808772923712415,87.36405745664854,0.0031765620408134784
0.01604890083134559,6.947601276486383,87.53652599464411,0.0024946001237201357
0.016481508369679897,6.545013374503758,89.66603184937199,-0.006701253631429717
0.016845159014563033,4.454158327874598,80.39256426696778,-0.00022417736074221376
0.01641627969906369,5.5164164487671865,84.60344229087065,-0.0022746581479782826
0.016007542902858326,6.496162151197869,86.91108441481913,-0.007021605665673083
0.016595499082643444,6.087150990735875,85.11706505905121,0.0032398874464402722
0.017188575020917345,5.315070476327188,82.67851137484064,0.002523634648621217
0.01663924433799241,6.000325295962225,84.94481264510246,0.00020464201972640215
0.016148124228267748,5.113525702022261,83.2502799293821,-0.002533355676539753
0.017719470447781976,6.946283374832866,87.63378306327792,-0.0024322835984563205
0.01708477499259894,6.682611641583267,86.90844249512945,0.0032520424547602656
0.016970688062165267,7.169239150969536,88.45552670659134,0.0024928791304832023
0.017170228218472715,6.976357990759081,87.93136352386166,0.0030577214568300788
0.016048213367088664,4.615508448243354,80.32473641048105,-0.0038937214879503686
0.016522135766767383,5.475029536454116,83.9855510042712,-0.0005482855081464687
0.017278287054730095,6.172785420042284,85.08956702194207,0.0036221431669797455
0.016458070752044657,6.686010750256401,88.78421094212412,-0.0008793615828347309
0.017341894997084373,5.4910732696137945,83.89745450516725,0.0006523176087935966
0.016168569487625368,6.6672067398246035,88.7373782781273,-0.00033423796946252234
0.015677500029410117,7.229603936392356,89.7503847320356,0.004196815331283118
0.016306940586984186,4.736283854063562,81.19265975625451,1.662908036488206e-05
0.01626134646082344,4.7189364586894476,81.38692822018812,9.602258184215534e-06
0.016972814830175407,7.26707679756429,87.33410400225252,0.0012899672810370885
0.01612570613145591,6.528840243371822,88.33196802176302,-0.0009825790225045459
0.016537550172766917,7.297832476697515,88.6444421824399,0.0037081712719001267
0.016441249808267253,6.323791111113122,86.14590532181674,0.002578395016117641
0.016346444815777832,4.342460571559391,80.47010480985045,-0.003882480144891426
0.017566363798444673,6.200664751979803,85.59061085576579,-0.0024096219392027995
0.016703077099914566,6.62989771147311,89.43414139601144,0.00023341072040762134
0.017065028543038742,5.622032213575152,83.54621753643602,0.0027354180129701153
0.017096740163924515,4.788793362570515,81.37914706373594,-0.00038014030840347653
0.01661267547962322,5.961850041341209,85.33477056443121,-0.0007867961716652698
0.016073815346471215,6.970348547058462,87.51804441312845,0.0026492298720419997
0.016481059284943905,6.594026464840336,89.9551916451413,-0.007001697847252258
0.016930457741937105,4.907236827993705,81.61602898410997,0.0009240022923002603
0.016505516647347243,5.140512391297223,81.62997929034361,-0.001687487482790029
0.01599876666822725,7.378293994705585,89.25361932268368,-0.00373405250936594
0.016288144991407388,6.642351387485987,86.81963718108,0.003572888607143611
0.016708519602021136,5.183919433273849,83.030815741816,-0.00048396247961353823
0.017138226301483487,7.025529123781898,88.26213707437944,0.0027979484525905234
0.01597701466116796,6.2090803991382755,88.78054738555994,-0.004934170396976142
0.017482577999858286,6.373961310624532,86.02207685161888,-0.002239537088927838
0.0172508226205432,7.005424274404305,88.07807561718938,0.002660297255683986
0.016990199682180067,7.359659624527589,89.18682072862826,0.0029158018121380343
0.017086605656707988,6.501789070878582,86.41097863414902,0.0024741904027712393
0.015931703863199448,4.7681567206669655,80.82501304764985,-0.0037506271579653815
0.015585752204586967,6.4936951647207355,87.8017458751988,-0.00043430825644510696
0.017036777628153452,5.985827720008381,84.81237066609405,0.0031687019493896263
0.015711809382844992,6.374521454817211,89.33837584614987,-0.004063956142285113
0.01715786580607743,5.226751506915997,83.72302266747784,-0.003902589811936712
0.01607737845842356,6.7327553009794086,89.0875983261037,-0.00026230687970513677
0.01628884969593732,5.70302934302549,84.88339150830794,-0.00040788152012226353
0.016305673770625757,5.020764217697318,82.04387481531981,0.00015365412731972814
0.016524827225977857,5.54879625794728,83.83626420314353,0.0010025230977051523
0.016666685360663843,6.950125287760005,87.12253689767579,0.0006053812712786336
0.015734305893653357,6.286107518078901,89.87566918172503,-0.004854963621838411
0.016273173840327063,7.122662622416078,88.00062469798202,0.003973182016372605
0.016158842156668213,6.418293476653636,87.12634083131643,0.0002242028478709403
0.016205624822048573,4.485165021524314,80.85384426752131,-0.0048080433057015246
0.017577282021847725,6.302278617198015,86.09198030891864,-0.001905667735745042
0.016762995966079882,6.492138066433962,88.68122458324045,0.000304569886648953
0.01737316967505731,4.863124830686712,81.19090100919482,0.0019632509773434437
0.01717963024673952,4.644780475925689,80.87121830851635,-0.0004335512911379547
0.015662990379483283,5.956848795507153,85.95116617652255,0.00034090295293394673
0.015924526699537343,6.961208589801611,87.45360661802346,0.002895310615976082
0.016357953915948898,6.606389072998203,89.77304107486268,-0.005859359947167008
0.016967329106061618,4.988633239997736,82.08758399769826,0.0011832730463847193
0.016458289109716535,4.9461509916238535,81.44437670625287,-0.002325398561167205
0.016527529660579052,7.718457965777373,88.5575046095621,-0.001002691580044915
0.016544167653769894,6.643539848468356,88.34434723285541,-0.0013660336765468671
0.016315233428058913,6.180239993445425,86.7563829481768,-0.0017077787508562882
0.017138226301483487,7.025529123781898,88.26213707437944,0.0027979484525905234
0.016377254280273104,5.7383358587093305,86.04970594732933,-0.0026612442813762098
0.017497138122817273,6.547084774338036,86.48875304757287,-0.002534391647903038
0.016959503078071765,7.052419798976287,88.37405506335139,0.002299656710993829
0.016602818227428352,7.195086873047404,88.48138200432545,0.0028031143491092057
0.017407472455833566,6.185967220067139,85.49728906549619,0.0019761378339298165
0.01623183739252667,4.795666223110185,80.82732508979619,-0.0026349293362123963
0.015707440355880807,6.787552721507465,87.93261791747746,0.0016951200666517564
0.016986397618014792,6.004241417109819,85.62616765826566,0.0008756304774651659
0.015818027140478464,6.69963631143802,88.58162573602164,-0.0005144411677726452
0.016523072359693924,6.123299012824797,87.0073544986026,-0.0030819673228143513
0.01647481485984152,6.674034600034689,88.71684159712903,-0.0007680226147076842
0.015179277841879146,6.149194664903871,86.9306252702467,-0.00014217623890993973
0.01629381290864142,4.89744485998614,81.77758283815345,-1.966056603263603e-05
0.016385730947562373,5.44062314276518,83.84067669685032,0.00010573830775082815
0.016473016577422533,7.782486966230586,89.37661417827226,0.00026114148233869535
0.016078904304398015,6.4338193737872915,89.15007916888679,-0.0028135832105166464
0.0164651379994443,6.5979108977024605,86.49079974349203,0.003039949212405559
0.017691667945039045,6.845185771137602,86.95176520104145,0.0028974825722111745
0.016022162645608618,4.252787584580028,80.25752850986446,-0.005793694297106344
0.01774574831956783,6.992232975883568,88.27992069389327,-0.003036641277388219
0.016566499705739257,6.7285674062137,88.79283354514641,-0.0005954331399747929
0.01737890018486205,5.846753733552881,84.4619288822485,0.0022873711878528867
0.017147206561934317,4.7242497604687195,81.19794068027267,-0.00043489914429581725
0.015631591300414575,6.041828619520411,86.5517141046948,-0.0030610949274509774
0.0168578356760763,6.478711835678262,86.13838885659192,0.002729059473034098
0.016357953915948898,6.606389072998203,89.77304107486268,-0.005859359947167008
0.017220953393817393,4.667751362370139,81.14114515776912,0.0009451060723310403
0.016373703754577466,4.815766177268605,81.02412186039925,-0.0022001063660462626
0.01650824026925315,7.554842188479213,88.26541007742041,-0.0007328222189492481
0.016415037681350733,6.373923253187398,87.12976357339704,-0.0008547177106003907
0.016379653324586275,6.707567452310346,88.38374618563371,-0.001518406872282454
0.016575637797049878,6.899512995910589,87.67552401999362,0.002781639918674934
0.01605369232328691,6.35111769394866,89.73034192531645,-0.004862941316967892
0.017501100252207767,6.785293778437171,87.42133828565564,-0.003208436638007655
0.016276564826006656,7.068635049043003,88.25179217374223,0.002492984906687567
0.016768893492017812,7.056147824630062,87.29507489472248,0.0037082730171769576
0.017851869912596508,6.529667412350263,86.33762017359848,0.0031206608067506515
0.016239448399141546,4.826391528518115,80.97709922084512,-0.002505723799607071
0.01556296361380284,6.996584043676331,89.40612738328939,0.0014793757531300295
0.016348210393343717,5.913324768098702,89.12793952170381,-0.005959579844568652
0.016430502856445324,6.3873599404086905,87.16740603683245,-0.0009684948411414727
0.016644415066082104,5.944804065060334,85.49778742960224,0.00016913226395002883
0.016317190815586517,6.759132174135648,89.57730088166961,-0.0004467982391144821
0.01537876323520454,6.191157446136487,86.9183156150439,4.743681645120318e-06
0.016193867370925298,5.783423420690665,85.1004497480836,0.00023797882748867504
0.01632602725875626,5.2177003108180955,83.03806745596947,0.0004852820446361102
0.01617346634384799,7.508578598835842,89.18517694090521,0.0007167838693319993
0.015599850739594617,6.048845876285465,89.78496351816544,-0.005395709920864645
0.01602582692060783,6.694312875975903,86.93695026523703,0.0027649679597483378
0.017064439599809935,6.600050667128412,87.71049943332464,0.000544385664460142
0.016319458728315386,4.750540592476483,81.98144326448852,-0.003994472221501079
0.017601231782496597,6.965897038025379,88.68376175350572,-0.003760382166273047
0.01714531515304039,6.7441169880685425,87.06845838774116,0.0029796570109558627
0.016967097803076335,5.4554572087858055,83.54124916231318,5.785177839055756e-05
0.01644473814906232,5.460324565108564,83.72084156937328,-0.000332178798148908
0.01630294674263845,6.333189610604174,86.79834360466097,-0.0002869844140996802
0.016770642844399608,6.392278365223712,87.6360082776488,-0.00042995497160117817
0.016358617000049768,6.571964288643644,89.74761144391675,-0.006056119407475667
0.01673924602447294,5.422215826890465,83.67675804319774,0.0005041153180678761
0.01637343438947203,4.5733308117369535,80.09648327213579,-0.0023828392414940516
0.015794254575101342,7.933736656190338,89.23402270200376,-0.0014069078571732486
0.016380974493170403,6.68199894780247,88.989940774162,0.000533279011525657
0.01603960259385758,7.11387292971562,89.67674278674973,-0.002021795933800265
0.015915276072360898,7.199503749273114,88.56094435911545,0.0028933105471187597
0.01606538958832193,6.271566451518109,88.58456635794384,-0.0032764369204704626
0.01739249978900226,6.6054588058913115,86.82254587259463,-0.0031605218663170714
0.01664357509875797,6.634882968100996,87.01270448050732,0.003770280145190736
0.01700964238901958,6.899745587657959,87.5582730396579,0.002641931665068902
0.0172309607113234,7.064921064202855,86.93801729269245,-0.0002206877701789411
0.01615025282358572,5.311782616751706,82.10041915032535,-0.0025153112339266577
0.015795418979046856,6.474451953197584,88.1900393169638,-0.0011049471902997965
0.016312023162709025,6.2900133976904264,89.14981133506461,-0.004190647195485876
0.01640001179936179,6.738960016160009,87.99321124454664,-0.0001714100079849533
0.015980084911188273,5.814713521582298,85.30738825061304,-0.0014334730419630222
0.0169498341099441,7.365804474560173,89.47539989597695,0.0035516240097588346
0.015860602194156574,5.647600980236784,84.67073580428172,0.0008280087367889687
0.01648188500995734,4.887154563930812,81.26944385746413,0.0029368463350774483
0.01628744839955665,5.128808274454409,82.81461094098752,0.0003303106186441977
0.015762477425246203,7.676210630495483,89.98743670149372,0.0007038213929710619
0.016183274618454552,6.2887743918131,89.37801232279772,-0.003783088955871388
0.01624237610856779,6.73489878031214,86.88266033032428,0.003655172673743683
0.01715129883175508,6.641372711502657,88.48927892500389,-0.0006462577736506838
0.016494835936312405,5.186577816591286,82.32667994307906,-0.0015828505648814157
0.0178975865550425,7.088920157732313,88.8665677187827,-0.004127562049383417
0.017092876202421434,6.740590204683949,87.0971748613857,0.0028812019327681794
0.017425798101078475,5.2495160280998885,82.8885680807575,0.00015118674356929662
0.017139792974412038,5.908159845967904,85.07957511072259,-0.00020844984535536328
0.01606090830169423,6.385258033815653,86.68438811028976,5.6100346371923664e-05
0.0175033702786003,6.968065918847436,89.2657882939235,0.003455383686083921
0.0162834891954079,6.587697533410707,89.91074849955525,-0.006574756431948589
0.017142350564069035,4.500772844364187,80.21140929878712,0.0019668016470720095
0.01685841085070328,4.930675783793987,81.38043155329505,-0.0025129846145352866
0.016425861232007975,6.821413154975966,85.57814028036621,-0.0005864714568572468
0.016262711840350365,6.545280680472425,88.93944557226462,-0.0008157985086657158
0.016077100575040432,7.102930360113565,89.23057353495186,-0.0012822529491272703
0.01640106818714145,7.028900356401731,88.33326795772058,0.002610893696790007
0.01587680101587049,6.1117008450789285,88.86305661639386,-0.004298167445911578
0.017446320024200695,7.130977295445561,88.29869765679585,-0.004068913578964604
0.01607131382057579,6.718795740498869,87.76918203689162,0.0038883885206777297
0.017235829271530726,6.763078467746529,87.13949002707919,0.00256284951511967
0.01802786671660868,7.542783046899187,87.03910428084828,-0.0004952545746841879
0.016357046669567898,5.940061459671229,84.7618952471293,0.001167238245322784
0.015927565308473533,6.532905542734,88.44500269156455,-0.0007067879076334002
0.0162141173344686,6.444562667816615,88.04726811465272,-0.0007522213596321409
0.016153549186319414,6.437366598774653,87.20782590919268,-0.00032624099771648375
0.015825492357328018,5.306291440898127,83.6673502440371,-0.006699824988905526
0.016788572671408274,7.189791756376834,89.41350906185986,0.002858233256234856
0.01570439617570591,6.240818777290189,86.5062896563634,-0.00021478011721175316
0.01648188500995734,4.887154563930812,81.26944385746413,0.0029368463350774483
0.015671415583547548,5.476708655160853,84.42391236907979,-0.002484871598439242
0.015942813669671384,7.373578947545532,89.21326167081696,0.0004846001896997367
0.0161883558213476,6.25539804749071,89.51443572241175,-0.004284469877081449
0.016392913644647428,6.701085599011956,87.04385499576055,0.002887709929014513
0.017278380125685302,6.545767878812256,88.18450924435881,-0.00037119762447373827
0.016335012679307065,5.250469356047902,82.08570039146906,-0.0011254468501487296
0.017384021166098607,6.630992647827402,87.08635003404014,-0.0056391684003480585
0.01716641894821195,6.744262873784629,86.93844985053772,0.003125467510772059
0.0166672428321084,5.752178145544633,84.88690903732898,0.0015346026549065018
0.016892862034394246,5.659493586191517,84.60920176902509,-0.0007937199957274658
0.016027662744339984,6.408933403608648,86.79227583193018,0.00018794386700990851
0.01709109053290527,6.905861491449637,89.3578449058065,0.0028495606463713385
0.01629525830057604,6.601853564470144,89.95477318892259,-0.006567329973070762
0.0160689011227392,4.822944964469631,81.50485355839183,0.0010155202150445096
0.017155302110226922,4.713662030580423,80.56957850259673,-0.0029914514243540033
0.016426244920487738,6.822059671635458,85.5656124193701,-0.000569580380105579
0.016232744196672467,6.725059416694086,89.5637230570536,0.00038898326800200023
0.016302991986918793,6.0056936794824765,85.95846341710711,-0.0007000365883496609
0.016048344318039715,5.999139936582134,85.02929536574754,0.0030952390598868174
0.01604549170852376,6.162346041275667,88.70673746399746,-0.004146491610625976
0.017043384369673894,6.96365871958674,88.75262204661422,-0.0039008562433554233
0.01631509890100917,6.7843080260404385,89.46155250399417,0.0005969355979172078
0.017283731032036027,6.644637149918491,86.78429272783934,0.0018072260215715964
0.017060236605525653,6.468299882381047,85.4737051888162,-0.003602596592429986
0.016519605408366885,6.035654604561463,85.83961183911835,0.0012146610026993433
0.015953551220164307,6.533899429150613,88.51147792734099,-0.0007555014647997842
0.016116673986758433,6.723298673675791,89.1708319856347,-6.364727381822407e-05
0.016153928525288273,6.541574481767512,86.46398243404421,0.0011121513962364731
0.015677556206672542,5.508335611406028,84.56966863610106,-0.007673126598500278
0.0169530365808224,7.153369307765045,89.31903417278397,0.0030978857973823284
0.015578485564019619,6.566000292058421,87.3983420182847,0.00016096249037330767
0.0167279299703231,5.367617957250756,82.97179927000501,0.00263287818215475
0.015486685860246211,5.862690747120135,85.12504875930773,-0.0008297529291103543
0.01588584522967411,7.421662423110701,89.31849163687278,0.0007431408901058135
0.016061555217587772,6.292113737685107,89.11379688306471,-0.0030743811463868212
0.016496279788608667,6.643784614405708,86.44215669258845,0.0035938098105320463
0.016851078584318734,6.551609605809466,87.40699732263367,-0.00030081356296556027
0.016396938222896663,4.762063068366643,80.44272509214322,-0.001605759710421374
0.017267758220849666,6.769521355678905,87.66747687238491,-0.0034612486963412114
0.01747925088903184,7.351360425133464,89.00250378874377,0.0030903481467008777
0.016890461044000143,4.846611486178812,81.75265119554952,-0.000640024612006227
0.0171756951559501,5.434492748389685,83.51773098513463,-0.00021356239470840836
0.015704098803321503,6.609918338506238,89.15722449058951,-7.107384497351938e-05
0.01671725246020519,7.292502005374027,89.75533118797895,0.0029501369849151055
0.01619700941607718,5.998298134839315,86.87568679130545,-0.0029991207083889244
0.01622278871884114,5.455381801075876,83.60095079623142,-0.00017331871136170532
0.017221484237266715,4.635017236726196,80.25944651981023,-0.003136395629561
0.016351137693552644,7.162226979598404,88.16170555021398,-0.0007226296214497364
0.01608983446517311,6.70910380126038,89.98812822643774,-5.522297622233144e-05
0.016588217634850074,5.453079636312679,84.86303745994816,-0.0024659157846883216
0.016695713839196442,6.895485752306132,87.65966382247905,0.004182070914202466
0.01612401543321972,6.151812999929527,88.56699091706217,-0.003533538852555494
0.01706836592206343,7.003849016498268,89.19436076639812,-0.003347089802696667
0.016257712121060273,6.352805230173245,86.48667794144426,0.0006385347239974545
0.01652609118519347,6.554907975721262,87.69157528685088,-0.0009956531244011031
0.01702468011565845,7.1245711891416965,87.30795128443202,-0.003831177685481235
0.01618247402626484,5.980026617774484,85.51923130947056,-0.00040953953115880964
0.016011144650681573,6.553010795120371,88.48658592227846,-0.00116165817809343
0.01632725662759752,6.792564731606785,88.94622722733895,0.00022016720026661238
0.016207880390465626,5.971876219982777,84.5918538551457,0.0021280626750673206
0.015933526667163207,5.9845963234299875,85.61378825423775,-0.006003746846794891
0.017064010157965253,7.286365310476235,89.40917616153631,0.0036683406739085635
0.015592511162117541,6.503481018976737,87.38919659107837,-0.0004687292698815899
0.017101053750652136,5.258420341445628,82.33642324163802,0.003737547875342668
0.016229137210843198,5.8281492879626065,84.97261865196589,-0.0009567729111913158
0.01613179482358163,6.259828327162392,86.85913451762865,-0.0006004813966182713
0.016535235534870074,6.717447816959071,89.14669977645393,-0.0003360995609281623
0.01643088918105049,6.965463024488759,87.68192038731169,0.003947700137867367
0.016773312202676048,6.360191614603043,86.6389844682988,-0.0007399918490268976
0.015866020963343996,4.684998489981768,81.50560656254771,0.00018840158475195556
0.01712413792834665,6.651715202921534,87.42134280592113,-0.0037190384468874854
0.017367247966412737,7.2921215957939545,89.05419080560905,0.002769616532942166
0.016967760443247923,5.298034973271481,83.43806180306912,-0.00042467929485766136
0.01711584981921817,5.517834338156003,83.87895706837399,-0.00021462927278657613
0.01597479069604643,6.836934360575004,88.79351528984775,0.00011639064340396781
0.01701659636620341,7.343621566092773,89.21320692057705,0.0027205202529075553
0.017006616829224122,6.492633880151171,88.32476889007415,-0.0011470481715116117
0.01642015497783628,5.551358269909111,84.20561479224418,-2.843677934095704e-05
0.01684395606254147,5.234936549301359,82.27388995078354,-0.002391511914824496
0.01665223068848612,7.358168902816036,86.9546896909791,-0.00013106617365908602
0.01608983446517311,6.70910380126038,89.98812822643774,-5.522297622233144e-05
0.01697240075009827,6.131841697803606,87.62874783525781,-0.002965213033497547
0.017099363105375208,5.816004283476157,85.33757908631667,0.0007102306958233572
0.016081976195014433,6.2714216065262764,89.07371943775172,-0.0036459297478189812
0.017879091494182597,7.3969939546533325,89.35671110626647,-0.005075561564704388
0.016485803289851237,6.381595461514447,87.30349030490913,-0.0005482407559713879
0.01654910104155332,6.503022868708767,87.47726345726733,-0.0008062316182557202
0.01682772223853737,7.062406825523619,87.96130986961504,-0.002124640937790284
0.016456640039928555,5.659295127601819,83.55393731441244,-0.0029611926462498423
0.016263124110858236,6.434900352058342,87.84635176340346,-0.001350150355759524
0.016217584116806603,6.813836603954202,88.94684674228652,0.001291180346827053
0.016404045489872225,5.921002418238924,84.5072308993056,0.002080294812431364
0.01624597926289425,6.016546959505487,85.66447306236643,0.00038602227214358954
0.016944839548046823,7.187372007567985,89.28551635744314,0.0026274470769888543
0.015888829579195934,6.684405655379534,87.9657790489054,0.00018312992539952893
0.0169053657238231,5.712646851943269,83.7211136191069,0.003623687637008141
0.016162514138721055,5.734802172747354,84.72008646785105,-0.0013302909685356558
0.01635087187423039,5.984320636349237,85.56990363903002,-0.00036402779377723606
0.016775318511842545,6.753310218393808,89.97008797068999,-0.0004136241744855482
0.016262471700809075,7.204917551512316,88.27023796679897,0.003249622509619577
0.01648376483013421,6.1531028433677655,86.21332084739952,-0.00045368705258494295
0.01609233701428364,5.323311455198109,83.6735394530528,0.0004494266862599996
0.016985755670900438,6.690976719082789,87.28823325468888,-0.0030894870364070377
0.01702490729566686,7.034124927986462,89.04399398061784,0.0015697058114183687
0.01713154335359382,5.257949681376642,83.0459889586748,-0.0006674911229610824
0.016880797342207755,4.870694140798618,81.77616130611709,0.0004052418147711388
0.01610894940222648,6.698336148002943,88.33137348193969,8.18621967906796e-05
0.017286207764027107,7.021648391909901,88.37040008508671,0.0025408439246436525
0.016905476783621934,6.615907033838917,88.30615553708878,0.00013534484598143272
0.016789315140624955,4.742567059651312,81.57836666895624,-0.000772599118301548
0.016670997497342816,4.749425908935656,81.11272443337431,-0.0027826944194487544
0.01661203104872305,7.209489546365767,86.96102237839139,-0.0003134272375797174
0.016217812610445897,6.699694606648138,89.69658947527248,4.139359434365754e-05
0.017363185907917942,6.311375363853555,88.05169236543996,-0.0021100031024079645
0.016987496516447865,6.4517294762724635,86.8916020357064,0.00030457661708070357
0.01608330285929901,6.2877095221222765,89.22118009756981,-0.0038623951731272836
0.016943056843798706,7.020857380433428,88.19018989168993,-0.001461631925316773
0.015409791094942104,7.12872935625353,89.34987726480382,0.001218399150948687
0.016332660345955517,5.929040428271422,84.84309683633356,0.002660313342776394
0.016603173739138402,6.363754863703357,86.29977593738501,-0.004802768011132013
0.016014953246724316,5.776615578216575,83.43541944403992,-0.0009050646770033642
0.01647491213845606,6.594940593735542,88.06440170380374,-0.0005881062274115784
0.0164913330273532,6.921611789114654,89.76376691071201,0.0022138371043611623
0.016323689102737092,6.492972983719476,86.2987038648204,0.002526741778894787
0.016301992360859115,7.002604324891648,88.28037751722044,0.0030179469510038573
0.016990797433675684,7.252228123473757,89.93896967075472,0.0029885217492865344
0.015279978366056799,5.6613660062595175,85.08541132413492,-0.0030642213680895933
0.01631376137125297,6.3857568826179145,86.25071971613484,0.0026389388907801237
0.01645808712386825,6.2636894123897,86.57887630748678,-0.00018250541645724013
0.016214686337819275,6.15048510626747,85.76041683482366,-0.0004659744846114966
0.016824533921860865,6.582438144420734,88.69944194569862,-0.000430176955945318
0.016633799667831947,6.896327341714479,87.94783489895272,0.0016842191565719716
0.016420244489507962,6.019759811292786,85.6539927178813,-0.0011220816515759408
0.01662602329933614,5.232226616593192,82.96198919289743,0.00017063888396649796
0.016937005954135435,6.607148676090166,86.38431983787916,-0.00521440555883096
0.017194967828604593,6.505960521219416,86.96610910638395,0.002427743286731843
0.018135388557576664,4.435321355903444,80.05441157687928,-0.001994606771294951
0.016999734851526366,5.077035176666564,82.49733956271635,0.00025478459399142644
0.015684274486404918,6.822597910657981,89.30657765702206,-0.0005675214278536332
0.016758975207467452,5.994172171377899,85.44117947026378,0.00023500478232513645
0.01606252099019785,6.977286912097132,89.31416550111301,0.0022057806900311976
0.016832760719034504,4.7066074099359865,81.13044876442618,-0.00031153051544451386
0.016854554031520037,6.946841757246674,89.36834550559703,-0.0021312375894347456
0.0164120492154125,7.083373472926098,86.15949427573773,-0.0019294429740575863
0.01646227917614816,5.778000004953365,85.05868820381497,-0.000734302941189049
0.01726983966714234,6.36143497927905,88.39679123432985,-0.0020534813350596096
0.017334598227541256,6.561848205858565,85.72249747479748,-0.0013978703262857812
0.015828015497302048,6.307251178522716,89.36102493311468,-0.003683659356606024
0.017161378201514896,6.927448111832208,88.43319601733408,-0.003156833042669337
0.01612041780660435,5.402985370670223,83.78603793474562,0.0006511523468707816
0.016202012327763488,5.710160527925271,84.09932678671915,0.003948986617628713
0.016745767804195132,6.5236813950556165,86.47907133902153,-0.005181398458301336
0.01604798197236637,5.720092198639388,83.46209400882437,-0.00017771412236417938
0.016435673022059765,6.382818852013632,87.48237104897056,-0.0014980190923721297
0.0165786855605712,6.964950744824159,89.92689826320141,0.002470131143064662
0.016520514485786585,6.555586106762282,86.33066134590146,0.002673377956303964
0.01621382568571133,6.982713716825479,88.0602337225812,0.0031565009333727316
0.01681042288224225,7.060519418011278,89.79630107973229,0.0016268264822521415
0.015535848767684924,5.070677142047524,83.12035548647277,-0.003481899620610702
0.01632362210987259,6.703167677460224,88.12014223579824,0.0005245037021854974
0.016627274844633205,5.960330202987733,85.61240840974935,-0.0013188305134752437
0.016967524861310816,5.649041794251949,82.87253511682998,0.00033520356135530085
0.017063238191464276,6.631193981174942,89.17610130782369,-0.0015184757101647831
0.01638722212371469,7.09527797252213,87.67812603569334,0.0033063762383244762
0.016399383563588547,5.609626223749872,85.34757325688614,-0.003264560321470084
0.016636210338504237,5.026344438860347,82.29657459217086,-1.4845572427689868e-05
0.016760432878936218,6.413523359569298,85.97299680543023,-0.004996076092108233
0.01680138278767501,6.786416436610921,87.36120812230733,0.0032210313840276396
0.017625051336857146,5.307063485876821,82.40957813555006,0.00012268202823006828
0.016798756533598025,4.578368552146391,80.67808614315292,0.0006151408227254982
0.016192693075025338,6.255874499985957,86.82826808975575,-0.0013748992968716464
0.016746108594948895,5.071221928366142,81.74158273615107,0.0018325844776679906
0.015906288001359462,6.705050107886751,89.57824657751364,-0.00012963101171416767
0.016710463261048598,4.865807940299805,81.80728026794928,-0.0006562373814587979
0.016893009721898493,7.054847944752877,89.73652637598943,-0.002413950149994995
0.0164862175995953,7.7463380286973145,88.28093732573896,-0.0005212061307423787
0.016202078912848382,5.548745705787759,84.14961977778356,-0.0003105839750530016
0.016761289917918535,6.405286097715668,88.75063197270545,-0.0024278075029529524
0.01736629088373882,6.13660233141354,85.30449903088434,-0.0035387503520582287
0.015703195543838915,6.2930443116042145,89.78873975510685,-0.003431694027232257
0.016621664472052478,6.967174296075878,89.97916956609758,-0.002552218610428289
0.016252482907425148,4.825773024188598,81.51725932445241,0.0018055443917522924
0.016605918024997023,6.570290187167059,85.98595918771693,0.004502517468290921
0.016739812488784908,6.435701773822817,86.06899650923482,-0.00301105539401757
0.016075974337844388,5.673759083336888,83.03001181831569,-0.0007035487450314172
0.01662965889471916,6.397244324422896,88.56891681361604,-0.0022575840296811594
0.01671413318307685,6.840487845338888,89.44444107555753,7.474579280652895e-06
0.016707600847522323,6.841298701617257,87.54123972925656,0.0040612982557068
0.016254522405713078,6.530373697682094,86.69962848514344,0.0019119962322924468
0.01681042288224225,7.060519418011278,89.79630107973229,0.0016268264822521415
0.015897552391662084,4.829998550369107,81.29952980951612,-0.002996938903301237
0.016236207493712712,6.655850393132465,88.0872407731629,-0.0006084354676155475
0.016285812270556307,5.4085401638207475,83.92342081494597,-0.0007930902651508505
0.017242323131318373,5.544768212880982,83.84141528967832,-0.00011101036058564612
0.01707114700117743,5.547993956681994,83.74019456100469,2.3921564249485965e-05
0.016679903589064418,6.7219491175130885,86.73504312428513,0.0025012479256118028
0.016366159744431792,5.506460645585806,85.24574820999337,-0.0033773750891061024
0.0166765533054683,4.478670621597493,80.31147363015445,0.00014076066830670997
0.01661994361876258,6.635470940558548,87.11330398326388,-0.0036180869037784995
0.016839965782613864,6.925061001750601,87.84813729978501,0.003855574941595011
0.01773721307915233,6.641776453003914,85.0628763647679,0.0015940994704784028
0.016803534704398538,4.521172085528146,80.5195687463137,0.0005204734244009749
0.016014198276578538,4.986559024076847,82.30757413615888,-0.0018611127502843076
0.01673762674760162,4.83789285788667,81.48266044521563,-0.00022385294630723014
0.015149771123384819,6.35663485866012,89.77903417900127,-0.0012403615807043745
0.016709834012837575,4.879306092491737,81.84211130106026,-0.0006203503753096137
0.016526236894769234,6.321439947907026,87.03059253663064,-0.0004167462176334418
0.01654234647598818,7.557225374365409,87.67683932196263,0.0005006871041846224
0.016182015702686535,4.79254546261695,81.44301314987908,-1.6097639030932085e-05
0.016743550926539452,6.632866729912397,88.0189851291395,0.0005698471081692553
0.017248191905160547,6.3578836530818865,85.72028237345606,-0.005047089397478062
0.01567657520588891,6.315448056973226,89.95202612562241,-0.0035499159199903273
0.016387478111005983,6.825136690782827,88.61034926853107,0.0005803855082050966
0.016372261736743627,5.099714846503357,81.69223861615889,0.004314413145376334
0.016629303638398565,6.606782200022254,86.2997419933396,0.003972422384400009
0.01608982025385099,6.187790936839836,85.21111388400057,-0.003527280857607667
0.016752805731106185,5.7401621434137615,83.47084407193587,-0.001053605284690908
0.016477106322900045,6.112139932247206,89.06700054366623,-0.0034508643051709533
0.016280305649148154,6.116232204734393,86.78941433894062,-0.000719296314793394
0.016819558963956677,6.897649872029749,86.82018588148503,0.0044288283484869686
0.016038203033504773,6.748727751711096,87.27280632498244,0.004545586074640725
0.016699842972700742,6.7982214176580165,89.10724309916247,0.00020197488297085068
0.01594178780990603,4.7025251572538345,80.76650014104821,-0.0034400867666887726
0.015865092395425735,6.498771340378459,88.36269574533071,0.0010012754420288751
0.016178767323646783,4.860862120064086,82.00647907810855,-0.001377053280012342
0.016621181654255746,6.5661912454939735,87.90016916002233,-0.0004100998073945205
0.01720642633305765,6.46190087158857,86.88789712243299,0.0004435288931379717
0.01678706945900128,6.914538006241455,87.3201919269506,0.0036224574114148136
0.01613170188457489,5.888624943194718,86.9227776980778,-0.005346934330475799
0.016622725283976496,4.4259735701356195,80.19576621052711,-0.000366732100235481
0.017014245463698625,6.761667319670837,87.08625344286372,-0.002487883248382149
0.017145816693075255,6.53947766375555,86.1655924777406,0.0028510107573116103
0.017212580134981878,5.987162717659674,83.92194304040385,0.0005877457612198176
0.016621549238614006,4.640535363692784,81.09110192298007,-0.00023193433032866854
0.01585038761780082,5.1463360805698155,83.51296813612257,-0.0034202547884948126
0.016534051331221516,5.238391892504498,83.05505295542714,-0.0005543988894681703
0.016241452396342965,6.057180043742337,86.50361296274343,-0.0028293437010069424
0.016931731439736603,4.931176644777371,82.09369439878841,-0.0004444084872693249
0.01617832598308337,6.067685622178684,87.73631233073428,-0.002949401122432979
0.016614629476848226,7.1587699459825735,87.47857238059264,-0.0018232027367495835
0.016363538667626798,5.334423182148761,83.50595688349493,-0.00021359115285059758
0.016486267578253902,6.817458189105881,88.7112180672081,-5.6980214250051606e-06
0.017216449600755846,6.420630777326116,86.12321757685326,-0.002750062737625875
0.01574487308743032,6.310108365433043,89.97445378681628,-0.003849339698044997
0.016443438132506965,6.3167078041837765,86.73153000795888,-0.0010050433552032903
0.0163360083496024,5.910849541387854,84.6421129990954,0.004296808835153975
0.016823540681174164,6.098450617667882,84.37125136513028,0.003904589503961247
0.01649640855343421,7.359340529847299,87.33215255857094,-0.0010548661730973982
0.01701486680357735,6.36473243261631,85.58556149026315,-0.004380705697651697
0.01616144349519339,6.496177952532033,89.37419142394837,-0.0007780200468954768
0.016320944443791462,5.607115936845055,84.45278645698625,-0.0002247470349264287
0.016738960362653644,7.084731199116426,87.86949285986424,0.002327854351889593
0.01650386975871311,6.286105068856056,85.45740457182573,0.0022992623057424325
0.01686195501809114,6.783437031585851,87.01242416103402,0.0029279155803768517
0.01566867099184486,4.888466428508657,81.29440794188636,-0.0045303896861739485
0.016092659474390494,6.412910450733207,87.89547824485591,0.0005215621264794404
0.01629880600316011,4.612404460479917,80.83824839168082,-0.0014589201639419835
0.017053980010383045,6.918581551313165,89.44970791272357,-0.0011833627434854866
0.01719067207157884,6.286347023996841,86.65914255517686,-0.0010925750165845791
0.01640460893270178,6.631281491057325,87.28874453272468,0.002441149747790551
0.016459209605829844,6.365264017857709,86.89266688319873,-0.0009335896909565893
0.016622725283976496,4.4259735701356195,80.19576621052711,-0.000366732100235481
0.016764058107744322,6.446632055979529,86.17295834457508,-0.003165729900925981
0.017109216315685304,6.588464737640993,86.31641936752266,0.002847580216016564
0.017550741333758745,6.076093981849111,83.67228690536287,0.0004238156388460111
0.016405881621198957,5.086538666803948,82.55946730362265,-0.00029548543551805246
0.015459811762629108,5.219959627493753,84.2711470759003,-0.005541936816534631
0.01653078497493054,4.738424575799565,81.41502396129137,-0.00039182803496053847
0.016039579874445254,6.19393277721265,88.11456013842525,-0.004634303902283362
0.01688334759189832,4.894829262178606,81.9963255701778,-0.00037259599981488597
0.01616014988630889,6.066943230005653,87.89829562365267,-0.003117346976294908
0.016637002494952664,7.47139527270996,87.60101115781812,-0.0024095226398811002
0.01644754269101588,5.356275710939661,83.3916419714867,-4.474723401450817e-05
0.016264788373092656,7.069911830996643,87.76063247523822,0.0029322983577555824
0.017155334858714618,6.5450782021964855,86.85474052476955,-0.002429732687002471
0.01574487308743032,6.310108365433043,89.97445378681628,-0.003849339698044997
0.01640784211598811,6.444670593772847,87.62532795809311,-0.0007570881339610926
0.01626507824114734,5.786924130396666,84.55170665617482,0.00255871500204073
0.01666843941741201,5.719215884752864,83.96378845334245,0.0017398289479436423
0.016570488436314527,6.605210418258443,85.50927380334132,-0.0009265204965302307
0.01696982896054069,6.250569168892465,85.27308935751874,-0.004200538808171063
0.016307819933918652,5.737124037043416,84.81694843586637,9.173143497096035e-05
0.016220868060714523,6.0517335977688465,86.02567268669743,-0.00020467827036247473
0.016633610664759754,7.236022352728825,88.29962792628294,0.0026328436375453023
0.016482001591877498,6.5029950633622855,85.98665193734539,0.002714237348814228
0.016892095900293502,6.843313411619798,87.13543598528398,0.003380659719685826
0.015813651969627644,6.032686717142704,85.49856831421282,-0.000983362275158049
0.016403031432565596,6.602889520184425,88.35962439935884,8.049176998124264e-05
0.016413597908783075,5.5533476697729105,83.65044965060112,9.936187793406666e-05
0.016815264124952517,5.763880314340221,84.85319011730606,-0.0006155997959695644
0.016661066277875128,5.9231468335281425,85.60191664953261,-0.0003739291993299378
0.016333588035426127,7.408821442792923,89.70215211509726,0.003915873608150628
0.016477929708743417,6.471031553205616,87.46310371753867,-0.0004880013301185147
0.01660135714856981,4.586037849454818,80.62636325791216,-4.652643857890656e-05
0.01671934222395793,5.968908049095257,84.04492713177305,-0.0028826419384052403
0.01764785651823836,5.982611645039056,83.91849617769945,0.0012520363349428501
0.01744729956604974,6.2996329210945605,84.59528521921906,0.00026772583076375804
0.016549894425287044,6.1993242600964615,85.81025391232517,0.0011159416643351195
0.01564329193063345,5.972822589545642,86.86931783096448,-0.004250473261805677
0.01653078497493054,4.738424575799565,81.41502396129137,-0.00039182803496053847
0.01608867765630449,6.082635989163091,87.95953937918537,-0.004149883955124148
0.01725453410282451,4.74548400870225,81.55810735932988,-0.00043315617300272556
0.01593163843444123,6.31486084446508,89.59357766258061,-0.0042720496018698335
0.016256996056603502,6.782430854778489,87.80155086396258,-0.0035379596319201666
0.01627911691896732,5.346927848851254,83.57439754958098,-0.0005734866403584428
0.01575637391932533,6.694579514208001,88.92868573824455,-0.0012584071796892474
0.017217506635326132,6.5477531873513035,86.74971693067262,-0.0033045895181232003
0.015768973753255887,6.310721637171229,89.92530458254444,-0.0039038872374910836
0.01641016873701121,6.419955121761301,87.6012800283425,-0.0008924028186699799
0.016748467276793143,6.260010839454481,85.29895299982567,0.002537426108331541
0.016384485552023088,5.367713177879641,82.69701638331674,0.002942818170327811
0.01650513545420279,7.6983907681967745,88.91196497932356,-0.0007044133950856409
0.016907027694900875,6.036720725293108,84.50312946940166,-0.003145573968081907
0.015984762756503842,6.707431218734547,88.39117208794887,0.0008510120113012646
0.016612338572535846,4.5372189919484365,80.6724859496329,-0.0016537118930095764
0.01635673247592461,6.864930096193705,87.74225343715894,0.0023078779309511207
0.016208532297787886,6.556593251256718,87.69973244362387,0.0008048817260207851
0.016853729484971724,6.562887619208706,86.45770287852483,0.0026406991463643484
0.016233232209006767,5.658255026573635,84.16547215904305,-0.0005511862032829464
0.01631517269311539,6.797997883711732,89.50105243043359,0.0008093272603408646
0.01684500175394979,4.599618816558298,80.7318287714879,-0.0009756628569461993
0.016870468885712128,5.843218428384048,85.04705597482895,-0.0005604872248397301
0.01700321750958,5.273522645811543,83.22710542999145,-0.0007017782677302851
0.016315221087703946,7.233770201187152,89.13242947273511,0.0039061509825139814
0.016127489016312207,6.159884921693406,86.33630922741169,-0.0007336925969353321
0.016577721687937023,4.600649626576856,80.73791230390103,-0.0006347206406483721
0.016551970732182467,6.071857745045329,85.04516271062204,-0.0030920935006901306
0.01728087993290776,6.689480253764676,86.20848646854023,0.003448892269605891
0.01782479709362567,7.861578608508769,88.33414705723408,6.511765522253644e-05
0.016808820151854212,5.6574438673080945,84.24614779071688,0.0006080889521429093
0.015676756997620736,5.906411542077065,86.6330629867647,-0.004388345328987143
0.0164895970411816,4.857929462970041,82.01701073816118,-0.0006148473098338443
0.016362210930929516,5.737294391816241,85.92737007542509,-0.003867699124482671
0.016709664096689864,5.300948207758251,83.27819892596182,-0.00105857208844197
0.015905627617072222,6.295507247139888,89.65696790213744,-0.0045698731419488835
0.01607931088554786,6.689688601222787,86.97060462689676,-0.005255604807156634
0.015728014409107868,4.886139899046833,81.89769819857528,-0.0013200258855802418
0.016355763591635795,6.250050249864558,86.54052031841809,8.715219580837132e-05
0.017642087340685716,7.553962279382086,87.82531684820893,-5.679047208297376e-05
0.015768973753255887,6.310721637171229,89.92530458254444,-0.0039038872374910836
0.01645622958280241,6.582112258567551,87.71386106603225,-0.00047968538909235446
0.01699879622009855,6.621372231236878,86.22098486459052,0.002942171607298689
0.015801831798412866,4.6172072470795715,80.5802094509521,0.00403201895859856
0.01661351405816638,6.949314072296873,86.99125865049685,-0.000748347419271024
0.016874132785652154,6.125294183098314,85.69890588566204,-0.0035004713414483364
0.015576568966617882,6.598342577847355,89.25518969445199,-0.0008017751962047163
0.01652883774982144,4.630870370724384,80.96862313055648,-0.0018512507273953966
0.015819511689658824,6.636451108674195,89.23894541712457,-0.0001372886709129773
0.016233661447462206,6.475426613690735,87.47108369103994,0.0004480818482387903
0.017320328448417084,6.307602300766883,85.3066673313986,0.0028541737254954465
0.016296985568489335,5.399388256226031,83.88739037288954,0.0002984421431515647
0.016720682287962318,7.126346059904364,89.50856098761963,0.0038775890325093328
0.016946376360305895,4.478991947153409,80.2024944119729,-0.0007201437516939713
0.016804603724735995,6.576562176512577,88.001344907737,-0.00029559452325794114
0.017121995380626205,4.8522776939535195,81.88827809227854,-0.0010654058446156298
0.016171480132622755,6.610098996409356,87.13408410597421,0.00411916692331969
0.016078643181853324,5.940234752165591,85.47269020145507,-0.00040218084937233747
0.016612541153986728,4.468762604215108,80.3644568475649,-0.0010740095541653823
0.016028864986579808,6.804372037228331,87.21525864616372,-0.004912547385748096
0.017071559047737685,6.817384096890645,87.63342681191469,0.002598085535403626
0.017589540428193575,7.260723796439897,87.05362508413769,0.0001412724278318883
0.01705428821061419,5.159363553965831,82.664708554595,-0.0002308071737233805
0.015882180566302143,5.693145327182677,85.64169966779035,-0.0035311466569450563
0.01631853306389061,5.435990174159644,83.83469078532671,-3.0709443069267765e-05
0.0173207922303495,6.621611073703929,87.37838516922314,0.00010549349471134775
0.01687425412462802,5.200777374591493,82.64028942452349,-0.0008370151566605148
0.016266791622464565,6.69427856034133,89.59182344578069,-0.0006385673487797955
0.01655678755448772,6.395590688751742,85.97907836231684,-0.0029990579106704473
0.01595591029586497,4.845147020169301,81.69356770341764,-0.0005927771554612673
0.016013983611318075,5.9175467802139865,85.84320817427137,-0.0009386417988823391
0.017733237401002404,7.665734353645526,87.99875860843417,-0.00011632382228303945
0.0159194829860204,6.2550614647496285,89.22697289728485,-0.00307650119796886
0.0160861382378201,6.435657968618983,87.64846412769886,-0.0010904046829934661
0.01695027391730464,7.120843568622568,87.90951972238186,0.0037151212073496566
0.015951609363398133,4.5932839449174345,80.5143720232261,0.003397784787189914
0.017091501449983046,7.300867928816208,86.75454577788277,-0.00010272506949050852
0.016497782251361972,4.738206320197242,81.97026808365109,-0.003964900581033215
0.016337292633136092,6.5017062061386754,88.13812728925095,-0.0004901133694506883
0.016316977876578244,4.431521765226274,80.17124738577353,-1.77187204121223e-05
0.015819511689658824,6.636451108674195,89.23894541712457,-0.0001372886709129773
0.01572955238954557,6.620388452045829,89.4312310761561,-0.00063955461899598
0.016951101575448647,5.873556174301806,84.44047618297559,0.0025945583332427666
0.016492254935859957,5.727118218010828,84.70796429832151,0.0008623246258351188
0.016725174175999332,7.135590197906605,89.53904504374958,0.003951599955697097
0.016946376360305895,4.478991947153409,80.2024944119729,-0.0007201437516939713
0.016804603724735995,6.576562176512577,88.001344907737,-0.00029559452325794114
0.016965386901206525,5.231204630034936,83.20125668491639,-0.0009233586674158942
0.016587356132517737,6.4762113733089475,85.64799957527595,0.005159044451894054
0.01599518029567558,6.1535886148289025,86.09224417890037,-0.00068479003436574
0.016367559741775554,5.436017870253828,83.90539606106547,-0.0010027355536967853
0.016326889437739276,6.845154150717972,87.38454717346407,-0.0017117566127454447
0.0171350737550911,7.26038766611881,89.14490918201257,0.0025865968011065175
0.0177621777928041,7.626617889447167,87.65622110134174,1.9518619130991753e-05
0.017290673064420142,4.589683123380433,80.20505527578655,0.0013478708140578551
0.015882180566302143,5.693145327182677,85.64169966779035,-0.0035311466569450563
0.016297459193086127,5.431450749323673,83.42443952578435,0.0019366925829840112
0.016751203159678117,6.487976371877139,87.44125708389325,-0.0007079884399948905
0.017333700709668293,4.646800797179514,80.11865103856567,-0.0020753517902140153
0.01624390930100927,6.661520582812177,89.34566933852714,-0.0006957989757837845
0.016276771084793994,7.1241602569620746,88.42535955154635,-0.0017922799968740084
0.01603697794048136,4.647520632809447,81.04429441670858,-0.0008872054730913982
0.016129685356695046,6.239558806843238,87.1092568727851,-0.00017277249673263687
0.017729011116709353,7.671446691590843,88.04878076763384,-0.0001361614520017911
0.01611853410139829,6.411124880256273,88.94484301065631,-0.0026711192576132203
0.0160861382378201,6.435657968618983,87.64846412769886,-0.0010904046829934661
0.01663072552802155,6.668148954670299,86.91994078073614,0.0032782636994512938
0.016018143770897626,4.665237587061309,80.70360987147554,0.0029855365944698544
0.017064172540249903,6.871442405072145,86.11966012018502,0.0002714910079164737
0.0165535418366043,4.570079724275633,81.23347342067055,-0.0037871776103607026
0.016816166745979688,6.447494191242609,86.65224861084752,0.00041619269922440897
0.016152952164723025,4.616014601475773,80.90344352666922,0.0004302691359829459
0.01588590613571516,6.648306149650401,89.09702901937689,0.00023340862613078258
0.015736052927395706,6.6236064736907725,89.42555441802364,-0.0006374468373439415
0.016666062315392687,5.562449526853354,83.9759770952501,0.0003496971910387633
0.016354758888749595,6.165590263804987,86.01084464911446,0.001367290643882977
0.01648097144744219,6.889641274845312,89.44787058087894,0.003091955428075126
0.01683063493007246,5.485492283122537,83.72471758622254,0.0005335193634847697
0.01723027318456935,6.76032150669058,89.7422650317078,-3.7021688588489325e-05
0.016683616861103562,5.880621520567937,86.05188817135819,0.00031410235516306174
0.016281184823681148,6.921915695024193,87.79103313435083,0.001946952049753133
0.016046284855822924,6.276766359942016,86.74479543435162,9.23470994556256e-05
0.01606458416908409,4.58706176146403,81.27131326712427,-0.0009054899050664283
0.016256281099791957,7.412406170088632,88.81589718958111,-0.002106705722333249
0.017444431906252996,7.229748209330182,88.9330346464538,0.0027837832232409576
0.017626831037328594,7.616568672243682,88.21641839906461,-0.00039320331167875524
0.01691062244518352,5.416711497380255,83.65773031468362,0.0019865893910131767
0.015855369273134454,5.671853741034832,85.57885703987932,-0.0035590235919120868
0.016314663961056755,6.484988064772184,87.5550643987288,0.0006087816609374598
0.0167905886267905,6.298223275636383,86.7908983601693,-0.0012914688861179768
0.01738900274406889,5.586939150432685,82.68279819233278,-0.0014608206813999814
0.016056009836597756,6.527427683672783,88.03576973559936,-0.000462656086775038
0.015665000135985714,6.988718581432285,88.4010195244256,-0.0042612766258203
0.016191763682584796,4.4845552426664765,80.37612770598436,-0.0004510433253169621
0.01648917825007406,5.55459554096047,84.14221669888437,-0.0007936701598756008
0.017733248580165117,7.251855653182051,87.38626884913229,-0.0008772468284096594
0.016571053546008595,6.55934031632866,88.01810378832089,-0.0001607231388106524
0.01608495799793909,5.873332684227909,85.26771645519197,-0.0014567408698074043
0.016426254226284565,7.096300324307291,88.2365358533889,0.002225489553111409
0.015862600752949246,5.234187242241403,82.63182403766179,0.002430893599003488
0.01721355421315924,7.72940368693901,87.98022698685973,0.002238752176289272
0.016476179233885526,4.7078614551376585,81.7661102021457,-0.0037354019516512445
0.016702794276717895,6.002574480676378,85.30587775667678,0.0004948083145537627
0.016204693461359714,4.549270191920303,80.17895744708302,0.0032945122212698877
0.015961508177173334,6.702790440241262,88.3231627099153,0.0005416908600311878
0.015727722441386895,6.7498341970506655,89.83229299170243,-0.00043333049084850464
0.01656764211901582,5.678457373356397,84.33376098056056,4.1381238391653696e-05
0.015980139015549594,6.468746886336759,87.27012729995286,0.00024507575307500815
0.01618736480288411,6.396841535959184,87.94093148167948,-5.429706741680144e-06
0.016934207651592106,5.477248410998003,83.74522300343983,0.00033550250881742835
0.017021634770174363,6.734114243848559,89.71583752415616,-0.0005632432520396549
0.016992519252891868,5.231521484812902,83.05958223465267,5.8094036123678664e-05
0.016311275371968477,6.86002485684175,87.85286378513688,0.0031615174721962894
0.015453425559117826,6.229886487942281,88.15414207990725,-0.004119631124311331
0.01615210530854169,5.468948768188349,83.76460409591435,0.00014822734913054556
0.015765705468836336,6.757249957920775,87.36392866137311,-0.003620038065027299
0.01673686190430613,6.1013819198662,85.60223180051207,0.0004652674857272489
0.01767366558084872,7.866402729190373,88.695359213299,-0.0004308405727688643
0.017231112927824345,4.983998030983163,81.7022328504555,0.0028090287470130277
0.015727454195770017,5.8764240182106935,86.25889959155032,-0.003980849212419599
0.017128366294180915,6.818252928808802,88.21749695644542,-0.0019023278248234336
0.016266696351666485,5.093893606083733,82.60384775862158,0.00014770892528865733
0.017329733623000748,5.516716811099912,82.46507122565615,-0.001404412253938614
0.015825179672300765,6.085730709063913,86.65017001030289,-0.00025126142887798653
0.016330533820577798,6.749315716720215,87.0349656495003,-0.0018188519579166109
0.016125475171793635,4.967410713001007,82.10902794357413,-0.0002246760966184579
0.016578061734655678,5.374134417882458,83.41202700114526,-0.0007157373452933487
0.018354192644970214,7.324227526076149,87.40918149518517,-0.0021641569936938646
0.01646643225552134,6.071456059552746,86.1948014325525,0.00013087573463451893
0.01632726409409959,5.576093825195436,84.14518273620659,-0.0016763223226064225
0.016180645152831755,6.7274536904800195,87.24188828077494,0.0008119804691683306
0.015636066656683725,5.336177497920383,82.73916740118027,0.003464852499627929
0.016838163740619815,6.3388413994195165,85.11113168363259,-0.0002449895794856601
0.016600443364078687,4.74433193339569,81.91549370066345,-0.004589777013610895
0.016780754601720314,6.523408455689749,88.3594187670815,-0.0007393715275056984
0.016204693461359714,4.549270191920303,80.17895744708302,0.0032945122212698877
0.015442506671000117,6.2136593436291205,86.50714105434301,-0.00043573313651097955
0.015911084533391143,6.641964695834098,87.99190645553581,0.0008607014968528208
0.0166098185485004,5.672835857065593,84.64303198209087,-0.0003300144986527069
0.016407461155176502,6.823618332738966,88.33492413968324,0.001685462707307256
0.0160875881844312,6.739249333873539,89.49187453406867,0.00021951346786790578
0.017129890565524945,5.952695656042351,85.37412074980668,-0.00023562927367797877
0.016975486375951584,6.673489761943585,89.37549222805399,-0.0005987527910607855
0.01700109312201073,5.430212707754377,83.56783785901992,-0.0001266856548909594
0.016424871700607455,6.630493125595215,86.67351720760423,0.0025813569336197947
0.015590086744444566,6.479039650544847,88.51490217239093,-0.0005921662738413519
0.016159756181362627,5.267363467757404,83.09191790035989,-0.00018815876055545
0.015305925401355176,6.903000639905556,88.55243675552302,-0.0037827511585592707
0.01660216628308027,6.820268857545767,87.82294609686582,0.0010535676358467741
0.01755203370213247,7.521885115546202,87.80455272473431,-0.0006800208144291421
0.016381342648054596,5.366057733405325,83.21469756517178,0.00143296777198626
0.015601497535966485,5.748339484371945,86.0530572119469,-0.0046535859754555185
0.017330625675186652,7.113373141438455,88.3227112462455,-0.004025576366645049
0.016376857701039384,4.817532507782564,81.57657022754208,0.002084755804212817
0.017683131042524343,5.824378584538875,83.62380147740465,-0.0024098826051466753
0.015298146610141675,6.550848430449239,88.75795040291511,-0.0016629617118131962
0.015883810913891967,7.2010237707423865,89.30056566438087,-0.0016383684948716435
0.016042001188981497,4.381630345753645,80.04404556634208,-0.0004177380286791094
0.016020200666000465,4.994255877030563,81.88008614901106,0.0030106181262137465
0.0174793465413686,6.544786616547742,86.32958472782245,-0.0032305141886383006
0.016747939048094795,5.9360946666346015,85.832096385832,-6.413714313711211e-05
0.015604051777983689,5.9064680629203785,86.91559296453386,-0.0023610116209349537
0.01602664208747835,7.509625109090199,88.43802250688759,0.00044332273339021337
0.015278125467816487,4.938035743360553,81.4331104775018,0.0038698478739116722
0.016971475098588474,7.450260789504948,87.19804240478793,-0.001356887639556516
0.01661318487598066,4.649683465590014,81.67382083529588,-0.004720582964814627
0.01698882032549301,6.706854096105633,88.95857376147877,-0.00038154277814958157
0.016639086990728708,5.003853458392304,81.68747564265593,0.002482240974591401
0.01589975724633194,5.386227831636017,83.72931677481799,-0.001271598109235513
0.015146721526999732,6.632059538687555,87.74207869936261,0.00039669376887945397
0.016647579378631466,5.412673668594077,83.43810209572389,-0.0010704429499532814
0.016281222045444153,7.135340508767992,88.81999229337693,0.0027709533858587356
0.01587844130023196,6.688143442929848,89.2146980654382,-0.00026019703473886347
0.016525968207065124,6.022004736445071,85.90237436678801,-0.00034645339613676796
0.01708610552576705,6.71101852538686,89.54548696192678,-0.00047216574490203977
0.017690608897177343,4.96567095347554,82.32136127954085,-0.0004923563416083965
0.01656591523555583,6.789269125375774,86.76484252779221,0.0030576439340091266
0.01657339953689711,5.987943880549097,85.54443290368725,-0.000262079921620061
0.01622289233731445,4.874130639881792,81.68245914090451,-0.0004726067992157416
0.015524271561708618,7.247305326687923,89.47267844254189,-0.003080275030451945
0.01617771966227668,7.3511671036148485,89.70595264434466,0.004126970601464385
0.017526156457090068,7.79568602571104,88.52867884852623,-0.0006720175671924493
0.01648995286203747,5.434579260643724,83.11527307281322,0.0028355931199684436
0.01585279205879961,5.505951515794414,84.70684681828747,-0.0027992624341060903
0.016747987274641815,6.961053621849968,87.91536235894976,-0.0018146884901310513
0.01735867764335827,6.038728309214839,85.23763836839615,0.0007909635096575944
0.017258131909152985,6.202530151764568,84.90161859275136,-0.00042808689535669487
0.01613742675647914,6.198113712321405,86.64051140169624,-0.0003295847325635842
0.01550876030822005,7.094555068410582,89.33280298681703,-0.0019124316181446737
0.0162841096520238,4.544533089495928,80.56715485675235,-0.0005534741101589814
0.01584791405478386,5.747049759739287,84.85546629169397,-0.0006452617115636221
0.01752092640698972,7.159714311633955,88.3656894463051,-0.005107092379732538
0.016509830081430657,6.467038734935291,87.37302668692874,0.00023273025157019328
0.015749178094436468,6.040539789623785,86.93385918399409,-0.0016196428430264886
0.01610155941048059,7.466580658213113,88.41634414052865,0.0006183018517998918
0.016110381751831618,5.262207885644385,82.5323362510923,0.002690210924550806
0.01722540738516574,7.6166175050999065,87.59570953878271,-0.0020944761839920734
0.01669682447772746,4.403052687439168,80.18813449861725,-0.0013977232985015096
0.01706625229367768,6.75709150665468,88.82125316442698,-0.0008194346447374218
0.017436246896743723,4.83218561296345,80.69026011308326,0.002096853180649301
0.015766997403105793,6.317987122887564,86.78659465634672,-0.000865370632374535
0.015084152756521032,6.441459090810199,87.31635672536397,-0.0006180440894716669
0.016580158400908467,5.033339880201589,82.29487176505282,-0.0007420382526773678
0.01630764024392999,7.221770222387397,89.75972284232527,0.004278433483009027
0.01587021583402334,6.729686135689978,89.39372421986073,-0.0002623033875476496
0.016644725168569876,6.185410720180721,86.5049615996561,-0.0006205852551784679
0.01689487251583679,6.642926851533618,88.73901232268479,-0.0005113148979638059
0.01686567290367523,6.190030208823429,86.04838648539318,-4.6013487701917284e-05
0.016207495502461856,6.474497163685788,86.95090388744514,0.0008542361167568169
0.016724457062710592,6.178978603509583,85.71148292724,-9.389349334808792e-05
0.016164256253106697,4.566154486282176,80.75908544291285,-0.0006083117930819792
0.015881708504514293,6.972163007921692,87.43580377941885,-0.0033698480859643064
0.015731313395085326,7.085015835026724,89.41091528526007,0.004445685363728757
0.01729788671887519,7.319273016884917,87.46674078445649,-0.000983707685710048
0.0167322165093497,6.5314172187507165,85.86044701131863,0.003943313970280024
0.015445210102009976,4.988560746899566,83.05751134098774,-0.004225541201932813
0.01688982490557991,6.931558157707917,88.78309891496822,-0.004166810950393814
0.017166206995736587,5.82995344662757,84.97870305863316,-8.122144147548944e-05
0.017542774593275298,6.142766399234928,84.47101988175028,0.0005762972623603622
0.01588881468772967,6.64587396697527,87.93717503581512,0.0005032081202148861
0.015575120606320207,6.470973275361804,87.35612370494067,-0.001017004326556442
0.01628415119300839,4.548736670560273,80.58051594448531,-0.0005433365227840142
0.01650049588856331,6.161517594830035,85.94162262344358,0.0007759547155410559
0.017472058413327413,6.822261291547289,87.3737202087687,-0.004633151748631416
0.016449495500340118,6.442782733897219,88.10350190922229,0.0008779542455077357
0.01580372477260657,5.899083446263698,86.14462869262609,-0.0012594621612597367
0.01731993038868248,6.984678881051793,86.23629734033939,-0.0010656566229805056
0.016507267230095914,5.816206814180885,84.32691202925952,0.004136229830692693
0.01708167531231767,8.025809098347322,89.16583604044803,-0.0013937530897413586
0.016304001995477106,4.959876459465741,82.10872221340544,-0.0010027314577878454
0.0169529923497561,6.587242762444962,87.79771747452486,-0.0005443940055590482
0.01690880402165628,5.265149078318572,82.89143735312356,0.0009971114090899964
0.01600457092150761,6.481684072734592,87.50620198515668,-0.0006404752011162848
0.015277702572606234,6.177188112111654,86.57075670622935,-0.0008299267738494426
0.01691246832067176,4.595618963507783,80.77877165243714,-0.0009493135778179644
0.016211841504122085,7.143195456140048,89.54532673469907,0.004153080188496758
0.016066430114474044,6.731027077249435,89.10251860407755,-0.0003168748370163167
0.017277331954554668,6.735311792138664,86.59607444807604,-0.003884433330531488
0.016807800961331498,6.605263863492205,88.4990972650854,-0.0005174279353167318
0.01730213415114354,5.988246017128235,85.21444719796345,0.0003328113924618292
0.015694661818295513,6.358440633008833,86.56350904307365,0.00026878942622859643
0.016360187508444108,6.701907621565253,85.05124013723666,-0.0007070268778956634
0.01617971504678183,4.894173448929891,81.77179819712961,-0.0002503562267261671
0.015783855999479412,7.468982710405546,89.96348312899033,-0.005521193271595599
0.016038089160128846,6.836726001843236,87.48908012352324,0.002238497150252762
0.016769780200744617,7.120349542250881,87.69736678351934,-0.0009725922351922094
0.017310697902407263,6.6134595105392515,86.31121841476971,0.0031905433480470314
0.015472317915090373,5.033441676980736,83.12177029205843,-0.004093438015928971
0.016764245834909864,6.779420104599556,88.8127739212522,-0.005115059032036014
0.017419482329754116,6.41804794715622,86.9475166834995,-0.0002644583446419935
0.017354891785607438,6.1412948112488,84.37723848883012,0.0003825662170893676
0.01568179336493559,6.435117383985384,87.59178064244806,0.0009250103096628283
0.015171721808235438,6.857985395687215,89.84793927154746,-0.00024870722333264266
0.01634799931673029,4.4959041673776,80.30232835433571,-0.0001397288493985901
0.0178012220112332,5.64457469986366,83.49608857100036,0.00342997952873697
0.017149238585878617,6.193826653453246,85.56561312857227,-0.003263344067801979
0.01674054020377568,6.432866274256803,87.53435653299773,8.35959077781093e-05
0.015833872137441425,5.702942269876713,85.40489624800891,-0.001319982740219863
0.017441245910284994,6.442563988383713,84.75735791163173,-0.0011723922395325609
0.016360243765363526,5.711608785954656,83.93288027985803,0.004530501535627706
0.017186519619270986,7.908383426399336,88.89679595868233,-0.0016159493379030384
0.01684636578500439,5.270101630606395,82.21685257111096,-0.001512224392666657
0.017267529740526484,6.229830678535548,87.73333666612932,-0.0020444660114301793
0.016879236880168534,5.206516161518315,82.69312097126402,0.0017021831792042186
0.016545847416511255,6.087597952498296,86.11071743166106,-0.0015602534982431075
0.014844305521557737,6.487154387609112,87.3561211855101,-0.0003460209431272558
0.01700788384842815,4.776581481902843,81.36574658416755,-0.0007800669820346787
0.016462974966176297,7.089202182020163,88.8514079703779,0.0022410917434558097
0.015534161975664535,6.86605762656411,89.96033203365201,-0.00027018676797232067
0.017139410430628672,6.570296202626973,86.16146281477282,-0.003863483935781658
0.015884400900436038,6.534786133585422,89.34227806189462,-0.001326961697446978
0.015574273415984425,6.560551500467649,87.1428730472902,0.001979054192592847
0.015602277059878529,6.314860442136751,86.90727793122238,-0.00037061902654661135
0.01658464050533421,6.7304645126697125,85.88804620189364,-0.00042297940547609365
0.016245825056187612,4.659635235829065,81.00215983753885,-0.00045229823044201905
0.01670434754449958,7.27772703755223,88.18463923005037,-0.003481345293181323
0.016462893053179096,6.629625474001933,86.6888842699329,0.0028632957374070305
0.017162168388089098,7.530138123783596,88.25875537151065,-0.0013198847816479464
0.017142916458711705,6.206439257385671,85.24053316085521,0.002418517763437637
0.015558392503011779,5.187154492988659,83.64248189585538,-0.0035241399116370934
0.0164466733283364,7.119683221035372,89.89055305357755,-0.004135907574081145
0.01779157331913859,5.9957930444789485,85.93124573858962,0.0004039031497831499
0.017451023300824955,6.289141594387634,84.41890670245161,-3.321003484506443e-05
0.016703267689369774,6.381374479601859,86.5960070195999,0.0006200829617726712
0.014571947109014296,6.372916867893725,89.01948122549602,-0.0014074462648672385
0.016460706981732187,5.670277009515324,84.73988055422603,-0.0002661413088763983
0.017542041099650907,4.921297081757931,81.31360124577736,0.0029353863049164804
0.017888616263615372,5.642171906061035,83.75582074172455,-0.0024541999028904037
0.017163928330300643,7.1974162023856465,89.08345373118861,0.002375810835846102
0.01675083081424704,5.395063874776881,83.50901310567649,0.0005711812875094841
0.017417914487717616,6.017449763591648,83.54450351746404,-0.001133904913133548
0.01639824830422151,6.0901395443335495,84.73311059586862,0.003697179690174116
0.01666141272506499,7.602870298953851,89.05065695445471,-1.8402533568227732e-05
0.017339631971915147,5.268735588680363,83.18224556779096,0.0005131125598953291
0.01679814230435634,6.583877549372121,88.03259485281771,-0.000262351589003152
0.016774481293128984,5.786304114901758,85.00485547131063,0.0013243487039872413
0.01643901530896516,6.187894487046525,86.3453515047771,-0.0009958966861649443
0.01556425938564054,5.674448940542519,85.03292740830668,-0.0020182291353713013
0.01656125603993156,5.529669943728537,84.13698458848987,-0.0008203119034067344
0.016156461568407585,6.157050707092942,86.18026081511127,-0.0003626365208326287
0.01580325606811831,6.658998306495925,88.93638871511165,-0.000613326366478835
0.017245152211360377,6.420513189242467,85.72562350539317,-0.004600891353028737
0.016039400856129354,6.663136202658635,89.74819415942875,-0.00149659085675677
0.015554109900020536,6.694320890577594,87.49602063849588,0.0021267025010833105
0.015670768827387712,6.396104596896231,87.25496989058239,-0.0004189633945073177
0.016526326539713983,5.492101831930027,82.27057967589745,-0.0009294521829899111
0.016245825056187612,4.659635235829065,81.00215983753885,-0.00045229823044201905
0.01664051405564581,7.151154858972236,88.08672914572509,-0.004167690484948762
0.01670372598698696,6.602315970792072,86.24656505849667,0.0028487060962539565
0.017292349169952634,7.562175878289747,89.18946458517951,-0.001005495387175676
0.017778041859517327,6.49232601137053,85.87769737806852,0.0031077838952966327
0.015492754631374664,5.259791615199745,84.08797792586635,-0.004084239212843731
0.01659786097755974,6.943228535538589,89.28461499805314,-0.0026595842933155723
0.017060967054689742,6.098783172896384,86.82658646118334,0.00027600407546807563
0.01760060053256214,6.2812020103014135,84.17081843377261,-3.5085832203416443e-06
0.01589239350182938,7.0256032120874785,89.41997324972671,0.002386180012649279
0.014884205910368821,6.038854039565688,88.08428358701022,-0.0017050653252149745
0.015541846537413088,4.578094327528422,80.6465678041442,-0.0003245444479190149
0.01756946621896318,4.978341209904848,81.50685848988266,0.0025088986042338998
0.016714190662694174,5.697203131190433,84.43520587899441,-0.0003154366289235647
0.017223297261799372,7.329972783595583,89.44064272636014,0.0026141209372574827
0.01611098835549928,5.513006488960286,84.29746802774828,-0.0005122528240093008
0.016011764999743893,6.273007170415079,86.15671174132213,-0.0004973848052388566
0.016413437395470718,6.023000251995233,84.81731192786394,0.0034018151812661083
0.01666141272506499,7.602870298953851,89.05065695445471,-1.8402533568227732e-05
0.017180958823851893,5.685960664878554,84.63775564196368,-0.00015694161746519677
0.016797795317952266,6.557030526624594,87.47238676968672,0.0005072487354335903
0.01621375297381289,6.038542200359144,85.76619697577958,-0.00023243837611048885
0.015820391665819264,6.480629197149582,87.37541967747548,-0.0010260478457451876
0.015891996264815838,6.278506481067077,86.84819180266707,-0.00013309426020890113
0.017014539354129322,6.063071341922249,85.77159892013874,-0.0006699814035975335
0.01609370899932498,6.396114768406002,87.01525298143164,-0.0003631324329748959
0.01580325606811831,6.658998306495925,88.93638871511165,-0.000613326366478835
0.01687445635833234,6.264512318908645,85.53504842033715,-0.004174121892893666
0.01637651370469592,6.623700086981025,89.04926339826346,-0.0010708285630237932
0.015315438077189568,6.7949973860862904,87.62512518561621,0.0034156464328022004
0.015756477758766648,6.3812646433182705,87.1760777255849,-0.0003673945434786729
0.016889490325795058,6.1063785013454845,84.50689141268487,-0.0005275555524882003
0.01627032774599136,4.504559570256081,80.40333241162104,-0.00044140320853040756
0.016606184412863212,6.698166345162885,87.20169426699816,-0.002789386961043257
0.016751635951806697,7.0327160162925075,87.59555502178958,0.0029702322779670857
0.016926687218556807,7.24564163031051,88.43391181933085,-0.0003176117240196001
0.01757859837823146,6.96827896516225,87.36518043329903,0.0024824016048270886
0.01654758995722081,5.197375986968417,83.03234131857234,-0.0006687316158598812
0.01744077560419519,5.969985972792805,85.25516331064279,0.00046116344880069333
0.01679065545607005,6.317734524610552,86.32979806778798,0.00021214500719235994
0.017257165626073583,7.020904924984154,86.49554344436832,-0.0024446908405014963
0.01614380518159529,7.209417299161415,89.57623489557082,0.0029255126121687544
0.01683644246966236,6.776578117214573,89.4629250110033,-0.0010434392697048012
0.01566975081999259,5.903902111797239,84.77828641502714,0.003130450774601978
0.01734503735009177,5.232942937975632,82.19618310304466,0.002575250607906696
0.016868159247269855,6.022048646840302,86.1733339391445,-0.0006575121941436073
0.017325497484648206,7.0368573185519345,88.60304909742936,0.003353160473416188
0.01636089174760533,5.407276584852278,84.06383634777212,-0.0005196054509832193
0.01591973039434204,6.061521129803546,85.72677061465102,-0.0010282452081707108
0.016439845130046184,5.918170538331223,84.6223724503535,0.0033540350098236063
0.016502724011562584,7.561548215794747,89.28894575706916,-5.578544118080899e-05
0.01688775823479249,5.501102494950997,83.84385088578914,-0.0004540494890508417
0.016262425685253296,6.089543483299751,85.91783985481463,-0.0003407250923776128
0.015530825597606478,5.698918294387293,85.77177067979687,-0.004055206112669683
0.016267521112178107,6.988849779083344,89.0540738302007,-0.007058205596485001
0.015896468737349692,6.241770836708253,86.78899153142709,-7.534068080312342e-06
0.016666141099050534,6.173158306633886,86.06197027141822,-0.0007364652121156731
0.01597674307998802,6.043357413066247,85.93479043877647,-0.0009559839714948647
0.015802297065637273,6.660178996382427,88.94181610128544,-0.0006142396633888147
0.017001323198894056,6.555561372987063,86.37669776448448,-0.001924479258487875
0.016391169737829656,6.567163017062154,89.80834944618343,-0.00022631263880147862
0.016898715408851572,7.2397455099093575,88.40260934777953,0.0031592151447162975
0.015894791380400723,6.335828346230847,86.16994928913293,-4.239117341911546e-05
0.017485604247048828,6.316644578459043,84.71435090259035,-0.0018389890027391722
0.01619701320524577,4.622968775065576,80.93556154308735,-0.000799677083516033
0.016659797228517726,7.226638055511509,89.0160016835129,-0.004958784060808907
0.01654822322855437,6.988706296276108,87.5605396224907,0.0025573931012599148
0.016820256260507645,7.55635184519699,89.24549595708926,0.0009947490210520456
0.017255079648489515,7.583821543919235,89.84721367424241,0.0017067476126101596
0.016803150729667683,5.225865980800418,82.96890465095096,-0.00022624433305550116
0.01762717442981033,5.713712520134821,84.3175547754001,-0.0002893393861741744
0.01657858250999281,6.02712994451566,85.64969168898088,-0.000319937582915452
0.016520032506929867,7.1883793726270016,87.6952179140902,-0.0014427306523684535
0.016217175578366758,6.885409871711563,88.51244700826072,0.002301767409774582
0.016954385306498936,6.630927607016422,88.57902417207127,-0.0012764360286637534
0.016503543058053665,6.075512204626577,85.50419401214555,0.0004386848204978041
0.017425289901898906,5.026642049683939,81.97467646650598,0.0021052137388203767
0.01705558850292788,6.645941545444741,87.31702997743061,1.2896607097683465e-05
0.017086097602530922,7.014597833778801,88.71757875219829,0.004901005207554234
0.016823843258001507,5.430231234762259,83.78562497210544,-0.0005831753022488633
0.01596275711797953,5.897879333266221,85.24863104140546,-0.0008409654475819271
0.016310187448879538,6.552824799414857,86.47118227297237,0.003144649260730944
0.016510890421600682,7.532823718518566,88.84847586125369,0.0018971460643873901
0.016580871056699895,5.636143913751153,84.31405450885617,-0.0005383062840549288
0.016063772878417495,6.49429897985568,87.60643806545282,-0.00021775901191295943
0.015785787137886514,5.958991936241213,86.57531127103957,-0.0031814710184947686
0.016055507241277016,6.619955624243626,88.51947615155518,-0.0056764965528720525
0.01594601682190137,6.116803734577514,86.09357829024688,-0.00028744333215741406
0.01699372061087797,5.247131310468748,83.73810747404812,-0.0026463694658396394
0.01611301306990642,5.178225040427399,83.10989421638018,1.740425659303138e-05
0.015755110666941324,6.766015937953879,89.3538756946011,-0.0006222337382001158
0.016979762551138842,6.762717603977784,86.77595870758613,-0.0018080259379029857
0.016521683874819604,6.709643756874219,88.89457439770293,-0.0006596051557413744
0.016916675687117234,7.2232713175079155,88.32394106451892,0.0030876702130978135
0.01659001351907572,7.127461605677971,88.62938880366971,0.0018192344389008608
0.017154135912661083,6.060673463440583,84.08143624907325,0.0001371187979174156
0.016413408569962738,4.411460067128927,80.32311572818656,-0.0010045728305228705
0.016739597070939725,7.194142215758978,89.18633233124412,-0.003833729859431878
0.016240614790027832,7.074612280473728,87.73219570798013,0.002828916241129133
0.01686672836584637,7.681613906055518,89.56677819309165,0.0009123462321107544
0.0172772521099902,7.636720315717894,89.99197457986256,0.0011339984985434
0.01648504351345269,5.739020622876598,84.53562394903444,-0.0017192156038885438
0.01732675909840268,6.0304782642394095,85.26827740515492,0.0002713238740836548
0.016885468095110878,5.289911629319823,84.17485983563972,-0.0037410929361513085
0.01668742667991631,7.0284067100715175,87.5999595446139,-0.0022970509185552
0.01626007491440547,7.2755265390290225,89.18342912739733,0.003520953739498355
0.017111685785151966,6.573259798881585,89.16323002532283,-0.002152415856312014
0.01656838946054835,5.813181487535998,84.87881353976725,3.245816321373156e-06
0.017106225457830672,5.054946146375913,82.35285924330597,0.0005417259317181545
0.016881845876696916,5.837930370365594,85.1628235813093,-0.0008550959335688444
0.01731722842071936,5.893554632116481,84.59556642987357,0.003482436932712082
0.01701947299752207,5.448668726019396,83.66124424816246,-0.0005103698274418903
0.01645357394322538,5.799350158018097,84.8623036318526,-5.056073325941759e-05
0.016412424590956945,6.5860391666854285,86.44229312388892,0.003297731243065023
0.01642393381591345,6.728448305991575,86.71088406452206,0.0026233197030365303
0.01674292710035175,5.394255672478788,82.56189490060767,0.0018808164143824025
0.016476961535893384,6.282478385435478,86.60319156512907,3.624190510009926e-06
0.016009477262828073,5.897551637029777,86.47526029356987,-0.004321110426019668
0.016481770040964187,6.3092879370769985,86.04374182054814,-0.00294383515092525
0.015775037885447915,6.1402033309557735,86.21425675357357,-7.085752145371584e-05
0.016259876137988988,4.766637940853812,82.11918841529057,-0.003917487647386673
0.016304784860786497,5.110944135571473,82.28916482710287,0.00049129729083401
0.015599636257277179,6.638004489719732,88.60251091281,-0.0002781876202673553
0.017468867165785093,5.8403156832606955,84.00657911498757,-0.003630607548594165
0.016306377419477693,6.918939293949848,89.52984417971011,0.00016984422200560286
0.0173308971961834,7.557013078507575,89.13176232428455,0.004020890459379299
0.017080321010818196,6.512907099480113,86.16625922133862,0.0027241971676107276
0.017340010531515865,5.919707972834697,83.52980137417767,0.0006894446195533548
0.01643264429642023,5.097578854997618,82.3974766138541,-0.00015946478871527473
0.016282617999441352,6.2274869712358605,85.35752972469682,-0.004365038585152514
0.0165202292940184,6.8028587058433665,86.99073642365653,0.0029823464741281797
0.0169255305858352,7.567277242513961,89.16367994206966,0.0011241348900468324
0.0172772521099902,7.636720315717894,89.99197457986256,0.0011339984985434
0.016628299482221557,7.082475542466715,89.18165056101726,-0.003561387818636134
0.016712919568229994,6.6743446316704444,88.14834895691106,0.0001028242652017675
0.01682943064577275,5.326350934633151,84.15708478875302,-0.003660818231841975
0.01617146688295549,7.278222276760015,88.3562898658552,-0.003454446000604729
0.016118028112871562,7.037878791978153,88.53129538730484,0.002908011342829466
0.01751183053748278,6.210899339519792,88.37422867792633,-0.0034706111238703105
0.0165982635745414,4.853628354557786,81.61075676400321,-0.00033766590600482673
0.01687474282655469,5.64871383407184,84.41761027182525,-0.0005696759181321102
0.01695635709368466,5.150836074464627,82.94480349444477,2.642066143125057e-05
0.017201735774963978,5.989259058421024,84.49523567746752,0.003380914609003968
0.017141604696616925,5.6658294938645914,84.44817312778301,-0.0008809141684172938
0.016195749333785654,5.99056695621742,85.53317818312144,0.0002051796953126448
0.016365581237707,6.588718286510363,86.4298337019134,0.003299793293656125
0.01669425887232639,6.576087714576726,86.63890393751578,0.0014587373193665652
0.01638738455840781,5.250203449288884,82.29543657162996,0.0010455680782066792
0.01661287100522954,6.210393836050054,86.34625870721305,-0.0003881622109776654
0.016009477262828073,5.897551637029777,86.47526029356987,-0.004321110426019668
0.017143793711952415,7.396736311321711,89.1294984991156,-0.0035143573118721167
0.015984151394378872,5.580188787696102,84.30001476876306,-0.0008993135624122033
0.016278527230596924,4.933278590009817,82.96209509682913,-0.003950557768172649
0.016414113533043343,5.198250972311378,82.53029321979079,0.0011517082564866618
0.01583508429482665,6.688386264590751,88.58997425685449,-0.00024968614526293573
0.017425832855278756,6.4604975628596115,85.73788766267542,-0.004349602421931424
0.016629304967881627,6.513902488819313,87.48314904784195,3.6546588044691e-05
0.017345158027701923,7.10328782124487,88.68011942469191,0.00260086125953549
0.017235538094003085,5.682099872557026,83.6275477885734,0.003400428094255889
0.017220277073430677,5.860361135929237,83.5319200746465,0.00031323711297473293
0.016438334290532746,5.017521143430233,82.1516911867193,2.2678510872550794e-05
0.016490147886870688,6.546297911949445,86.26132715312342,-0.0036039472923622474
0.01652579469190654,6.540162270856954,86.34981702541552,0.002823106493713848
0.016953671359242244,7.784615524994235,89.50560059172135,0.0021768481711924863
0.0172772521099902,7.636720315717894,89.99197457986256,0.0011339984985434
0.016465144742313125,6.710567502692708,89.59994013348673,-0.006592224033883959
0.016535890083419207,6.454743199056234,87.47329845301074,-0.0002943088424110774
0.01671870931717457,5.241402990490435,83.85388385622258,-0.0036611853905878177
0.01627622147676504,6.798152935796919,87.30870089745923,-0.0028202587327087482
0.015902137178874613,7.102806457646928,89.08436226021104,0.0032457881300573714
0.017518011160729898,6.328731376237154,88.76691077239488,-0.0037747122799586053
0.01673692617672608,5.527233659919902,84.00268055926503,8.817899561489804e-05
0.016704168950334986,6.598316411791936,87.98272889134334,-8.822567259557628e-05
0.017098857461755823,5.464164849684755,83.7362413237656,0.0008241667474784783
0.01706412362555449,6.010395100597266,84.767932693581,0.0028621859414847506
0.01702383148807613,5.956770312822478,85.41685628079708,-0.0003979066971204412
0.016316050878396902,5.749410315570113,84.72645735039296,-0.0005126709612473172
0.01653409057392631,6.171656685403232,85.51667733695834,0.0020013668439085117
0.01673703220222055,7.025494807159782,87.74223256177115,0.003293029589721511
0.016596564270946024,4.886398225817471,80.75038705066929,-0.0011194907024215375
0.016526282551673207,6.654797398920482,87.74903779046268,-0.0002886269556760949
0.0160415935182603,5.454498575546606,84.83293815337515,-0.003335491663083473
0.01716944712383699,7.588468321453689,89.71503925288155,-0.004084014655089719
0.016137947981719716,5.287297996660566,83.29105042531658,-0.0011614461898237522
0.016297431525086316,4.940431648739271,82.98519265713084,-0.003958948780760393
0.01652224167909009,6.45565348830417,85.97238351499013,0.0024282381800676033
0.016598293067879733,6.13823107181016,86.16120638606854,0.000274475231585624
0.017464923167731936,6.308064787525964,85.19461276174245,-0.004424944492660687
0.016646229940577937,6.852828673988418,88.78914883421209,0.0005296192390168837
0.01694339315169372,7.19362404083816,89.08803499970266,0.002906826470335775
0.01744442870881823,4.732011823069758,81.05051578026064,0.0021716300698249435
0.017312167853338386,6.05832143066626,84.08239137700687,0.0010342020467568862
0.01657740561675917,4.4766689308701935,80.35359168278765,-0.0008132866958907616
0.016049647811254803,5.852981993306525,84.51303271149904,-0.005173315315165872
0.01652790355822882,6.515345314607507,86.23753001891897,0.0027273368338528096
0.016478909459130678,6.923282301379549,86.96268690343969,0.003665467379309558
0.017238598340733057,7.686156819124167,89.94140943274837,0.0013367321343856185
0.01651394115116539,5.780533283321002,85.70538588893484,-0.003952536406777278
0.016409050315761935,6.0754111100214665,86.13235691183148,-0.0006359176880494489
0.0165995940172342,5.250729167612478,83.73806856881924,-0.0031482328578240687
0.0159676110688399,7.067394781711736,87.40335095371618,-0.004575344596384059
0.015602252562937033,7.274914845740636,89.78399166396208,0.003022371092793702
0.016712302916317777,6.5420168319781755,88.73120036660593,-0.0014210218355219552
0.017263757965125984,4.808117381709926,81.17492957976049,0.0019349842449361719
0.01669088254557848,5.993259723379109,87.29990303139881,-0.00368189845580235
0.017194334079399718,5.161559391647539,82.67525700698867,-0.00026809376951675117
0.017230949339122555,6.340180744872136,85.98424971704237,0.004235766475543178
0.017249576863624116,6.3634497435027955,86.68030900244318,0.0002689665999011967
0.01641220874757091,5.972959631617671,85.36664555793774,0.00016764932089089303
0.0167086801421029,6.7145920943927955,87.23834222000539,0.0033142254059476016
0.01673796664432185,7.026688777351801,87.73638098263187,0.00332599270798616
0.016600515613830354,4.719055634860368,80.16989826923788,-0.0015867964005035207
0.015812509909138156,5.954200046006773,85.23974586078067,8.995367370274098e-05
0.01653176512442024,6.16210172153308,86.28142085371974,-0.0007042910984783406
0.016999734564476572,6.894444326927234,87.82248840670376,-0.0027682700945520257
0.01612334867991455,5.236453243235159,83.22693755722125,-0.0014450794723262386
0.015581889161680296,4.784104934760272,82.188714394559,-0.003143558373960358
0.016389520814190026,5.703818514492513,84.16755275998747,0.002474894590547373
0.01648857263690592,6.018119812442874,85.7777217191571,5.262397216773619e-05
0.017286883113927762,6.563718262512934,86.16146070085821,-0.004358510971809535
0.016411523240007348,7.321583277683681,89.24118134024928,0.0037206922365567658
0.016738639099677776,7.052924395330015,88.40063669741775,0.003143977998581846
0.017137916391806448,5.396722979228096,82.89214076619609,0.0026870006731789615
0.016538495175341977,6.4501867308629,85.35504075464733,-0.00041107486714596266
0.01657733541505957,4.438339010105709,80.2296042455811,-0.0008413510557356808
0.016247018349752236,5.310114733277185,83.40432790382586,-0.006037434425405337
0.01620960377568568,6.493638138091682,86.49481539049991,0.0016951478485719798
0.016454925537253334,6.8664772240425,86.43330226272091,0.004524329874505228
0.017199282955657473,7.33961048442519,89.60159242286844,0.0006580323572562929
0.016410749970004454,6.06308098193619,86.18767433270337,-0.001632269962589737
0.016565760321609304,6.273895334985909,86.5359492058622,0.000681507429546652
0.016488897286625944,5.464395016721647,84.86315561518455,-0.00472748855547581
0.016352748460063335,6.72791058683583,86.75988384441467,-0.0014276821718499286
0.016254575582383652,6.455279890877118,87.37323181227468,-0.0001935891565046045
0.016606272411573874,6.67936830188781,89.63345383467076,-0.0020664452445175964
0.017230213619623295,4.964975321439074,81.63647512411963,0.0022869790809768396
0.016624763478595324,6.10571429974199,87.85293364661827,-0.003970544883309392
0.017520131165428564,4.573208085589449,80.70536444633228,-0.0008701156273410767
0.017230334375914588,6.401867067511385,86.1307011120222,0.004347423250030438
0.016746363569583388,6.635769498702513,87.65825427739048,0.0005054507782920998
0.01682708493427598,6.86621372494032,88.61769434493293,0.0024845390509144914
0.01647829863121041,6.57536802069153,87.02011870804881,0.0014460782438998616
0.017319809107836766,7.016121407660658,88.1899176688317,0.002578308355174419
0.01654391301861424,4.8943794367994515,80.87113305151172,-0.0013800452871339606
0.016002392915732445,5.72829185717092,84.37612063134675,-0.0007791290754267845
0.016470559502662647,6.315727116571273,86.61509951032545,0.00011539966877885085
0.016997365278190464,6.891476656525064,87.81576669812532,-0.0027558466413937733
0.016959952133242584,5.612304806902802,84.36915608391075,7.040153102753043e-05
0.015581889161680296,4.784104934760272,82.188714394559,-0.003143558373960358
0.016334702808380615,4.497117844303864,80.27651978885768,0.00082772133931224
0.016442822327756724,6.152142112094785,86.25212503430048,0.00012902553216270383
0.017163940914020466,6.379787566719461,85.55480443443551,-0.0035367890099151818
0.0165722778420522,7.154611930742072,88.64506359495553,0.0034056966134106853
0.016731253012671685,7.005943811427154,88.29601607848137,0.0029111802298648235
0.017358629800452618,5.31410349160724,82.56115490936357,0.0032868579729212655
0.01665837771735956,7.440612100736942,88.47072993931634,0.001790181105149339
0.016616409492095047,4.50210234940359,80.41231741021885,-0.0006214949298495895
0.01620464749416701,5.532169413365872,84.15353006030671,-0.007421164150096584
0.016429221116798516,6.4929995891567405,86.75277797506398,0.0020040520056171618
0.016629914453971356,7.227101424731343,87.25947737223687,0.005420859461695996
0.01730130382501228,5.7960681508446426,85.01060143913254,-0.00026172654043600573
0.01635798418170122,6.3636767622000425,87.04139772957524,-0.0011929130953142622
0.016442276786781496,6.383622985012979,86.70167336544034,0.00013728853424321803
0.016469350668704977,5.63999004623141,85.33687613328583,-0.003591652498790074
0.016467013950430494,5.708000711584456,85.13222647243845,-0.005981600907950796
0.01660800481054345,6.478377351941778,88.57218019001434,0.0009450379890124094
0.01693281539097287,6.714914804125847,89.61446865239861,0.0004811058523022348
0.017252795028030985,5.626162112009484,83.49467620241388,0.0029942699171911598
0.016715160428085078,6.365103759826674,89.93304566590385,-0.0041765716034907
0.017038885329110718,5.366451715028405,83.464553672114,-0.00035577341355253096
0.016986388216822232,6.698372283242354,86.98673908902843,0.002914614702089436
0.01678493068360927,6.686823490820247,87.86273329376367,0.00031765561345534427
0.01670706362581101,7.120752560943494,88.74408244777797,0.003020085769798671
0.016395053376136254,6.579217210126813,89.27573562806296,-0.0009022817285619376
0.016826566421991207,6.847994595975786,87.14348101629524,0.0034162038206399336
0.016159152043883237,4.994536145383488,81.94766353839067,-0.002390817189130326
0.016139917453262403,7.1428740778105455,87.72377351117919,9.611307846108582e-05
0.016695275244869776,5.429004217410102,83.51885059662376,0.00029948912438711303
0.016982943375985653,6.823465083694843,88.32983449765959,-0.0034381596390294796
0.017044703138412255,5.796293659649512,85.02108762361179,-8.987919539035023e-05
0.015836954455967542,4.8491191907739175,82.26460598004219,-0.003725753092163714
0.016704798623523653,5.054446812009555,81.73222298171112,0.0029905621146899247
0.0174493452042074,7.336096800758417,89.9946649986935,0.0028755046908784023
0.017724014596295603,6.025996319488353,84.56712071769407,-0.004440887639640224
0.016634091443161646,7.04000994515792,88.09935214153388,0.0035634875780932293
0.01690761746158005,7.0344976971177715,88.03953395207803,0.003795426983711521
0.017220942881409844,5.488614905663736,83.23915855583542,0.0027800024061681835
0.016586038533838658,7.840799181968348,89.47721644635898,0.0022207482407335163
0.016389407088120797,5.369962961677659,82.79038178152821,0.0030527583302397826
0.016611537930127034,5.425790234045386,83.8314757420793,-0.005420227205070474
0.016191273733031086,6.451206804359543,85.92943799680482,0.004807029236710943
0.016615106402104018,7.155576174658311,87.76255385587584,0.004348120079069205
0.017389464167124873,4.659600761824598,81.62832338448395,-0.004187063613976076
0.016508904841644804,6.384503210595847,86.80801879182428,-0.0003364399787975942
0.016225142220724246,6.65262802442356,87.8292679868918,0.0002522078395091802
0.016469350668704977,5.63999004623141,85.33687613328583,-0.003591652498790074
0.01668752706648407,5.118347236307436,82.1877034969341,-0.001806526418250367
0.016917442119602007,6.358852140278591,87.91561150402434,0.0012602655552828449
0.017004188162504506,6.754449284672733,89.32536181302503,0.0011237739388001659
0.017848457015712582,6.322255700307637,85.46168237895017,0.003682724086794889
0.01634673099789552,6.662006273568384,88.43066624601626,-0.0005168075777665848
0.017194836782955775,5.4790291090661505,83.9570747829837,0.00040852083113735306
0.01719739924233924,6.4206796370414585,85.86688159685433,0.0038234439485245516
0.017478037553744198,7.055626699072265,89.6332857964024,-0.0021366528947057073
0.01665808297613751,6.5190844563449675,86.97118460396298,0.001723917446803851
0.01645415985001013,6.6012659722275036,89.8681334255469,-0.0009070210531702604
0.016838459882219645,6.864327041943918,87.13544269557347,0.0038302823112674076
0.015877740831848258,5.226447028860201,82.42738123796804,-0.0008732358880109503
0.016023626331787572,7.434891393878761,88.11688580847182,8.02764913301015e-05
0.016302848457055128,4.717773480787693,82.29382288267831,-0.002410061649739578
0.01707707015646463,6.891406730706645,89.26972980823184,-0.007821941932284747
0.016820475929721374,5.703054208507585,84.76951304006067,-0.00025761675726973954
0.01592057340533882,4.964206502341175,82.92339129623916,-0.0036510365023518674
0.016936764588781322,5.451894429867269,82.97563384931861,0.003930591856901415
0.01739983111363454,7.25040123775017,89.7593308499854,0.0025487524537610934
0.017229608898809434,6.274813158879067,85.91394531819988,-0.0022066962413950057
0.01664895559475977,7.069816464570877,87.89179450022529,0.0038549046063736663
0.01729448696362263,6.3431872953770085,85.88918825474573,0.003391148069195786
0.017088108817660503,4.9666926330176,81.91501979395973,0.0015960384639081902
0.016727160172575733,7.500649548566877,89.09104536157652,0.001908482704952251
0.016471948237130458,5.257047684296646,82.36404090359257,0.003103433328113924
0.01665054275073488,5.300374534742573,83.53455400653317,-0.0067447535425695215
0.0163369031988712,6.620483548951504,86.83470473859478,0.0032247319399147573
0.01659079225658147,7.3391884438246935,88.01643383429287,0.004057333001197469
0.01732369472990631,5.04018397954114,83.03251458404755,-0.0032166460737758033
0.016819259373304644,6.741087229103638,88.14520279627725,-0.00038247001494555563
0.016253217688570486,6.743242674208694,88.35742751983571,-0.0006483631929362589
0.016606623793745487,5.905017600270596,86.53699311460441,-0.004572356366156317
0.01657282758347557,5.201951096208601,82.18910995254491,-0.001644515619013884
0.01660963709694844,6.7809424915655745,88.22889226920985,0.0018586593864415618
0.017078251154773922,6.757709618608252,89.30160553890585,0.0009799696066630822
0.017979588681206252,6.306401265905683,85.38935919188121,0.003655666323916358
0.016302090202727663,6.470465258912924,88.03499939156588,-0.0009805168432771758
0.01709185923769937,5.769897138120642,84.59081519983835,0.0011228630568991542
0.01720325849818774,6.403089869606001,85.8425092474371,0.0037581081604235707
0.017507814239496107,6.495245993874717,87.44572267202227,-0.0002560374519186433
0.0175807324955514,6.773375966560168,88.71547641712945,-0.0008039535719816613
0.016469129718492105,6.622159314493001,89.73280703248076,-0.0006482414194137029
0.016672016857439256,6.741760570659481,86.87434012410692,0.0032008137773840836
0.015567722930332964,4.967763177637262,81.72231230571496,-0.0036893788967543237
0.01662167977539648,7.15813575494872,88.26196792659903,-0.0002221089818910266
0.01609281841164625,5.138117645282091,83.63245325568734,-0.0039324457835533165
0.017066995502647734,6.705823479627349,88.5017025052951,-0.006622259721366188
0.015771113641874,4.927454261564681,82.73192089906746,-0.002682057963761525
0.01606782870541986,5.698497112696818,84.37850427285882,-0.00023721945956459937
0.01668325179627943,5.482201116291406,83.32801024312238,0.002089586273862367
0.017136815906062104,7.291006511497757,89.28633427068256,0.002684772707907049
0.017233528071128573,7.569152344092556,88.75692091582698,-0.0017922926501882513
0.016575718295103528,6.791347146991761,87.29564193612289,0.002682021558017266
0.017216965412687343,5.163219576856717,82.23917511018541,0.001471002169925188
0.01699097482331737,4.885325089927432,81.6103583022225,0.00038165703347046174
0.016816521224482708,7.717691422031176,89.9465874904293,0.00043748796226726703
0.01645687710559096,5.0091696838633935,81.69822967661445,0.0029103862955515572
0.016642697045203478,5.795356129061216,84.77275992296572,-0.00452083422840328
0.016412728619410722,6.767073557823698,87.48116304207103,0.0035022040020868473
0.016607018335186786,8.04287425936682,88.74245816616967,0.00950040791927426
0.017676060914370278,5.732954590694009,84.657981806789,-0.00035439304552990596
0.017127197438112033,7.055334003390778,88.5517879606591,-0.0013561334567672731
0.01621543710509656,6.061121681710604,86.13282953509226,0.0003851714791248784
0.016846258570385506,6.679704500887411,87.60564718488538,-0.0028979401999074607
0.016701169176501038,5.014356563190498,81.36511413635529,-0.00040177161333861903
0.016514395993423348,6.523048614792517,88.43237656529892,-3.168747350213233e-05
0.017091584759356224,6.804931005565005,89.54189069341601,0.0009765472371608542
0.0171898856330606,6.556504237060352,86.409016904919,0.0030832992112994973
0.0165598331075017,6.457655631749776,87.48199372510811,0.00028315666455118764
0.017246701175099508,4.845140692962751,80.67104037430991,0.0005883911173613816
0.016828977406500512,6.52790662968265,86.45113745885125,0.0010785485507327274
0.01752754568553148,6.419970930385924,87.16139323480122,-0.00013524925842474476
0.0175807324955514,6.773375966560168,88.71547641712945,-0.0008039535719816613
0.016468658563905142,6.595876131801803,89.8272684894348,-0.0009151822430631595
0.01687033393665017,7.080505066159605,88.26849472803083,0.002545057091941427
0.015700366628659947,4.91599349489705,81.81797923116164,-0.00029165738566314667
0.01677721737428674,7.1703882242203365,89.00393278583323,-0.002930248391257524
0.01612872320318416,5.140225231175744,83.56924405694777,-0.003749231257811148
0.01679857888721275,6.195630346039235,87.14819795818013,-0.0073634294808667304
0.016561685720706366,5.131846923554331,82.91979514604854,0.0006771233250222313
0.015578984957354996,5.046008240655324,82.54173816318138,0.0011800935427216499
0.016842336039647115,5.295561846660341,82.80505409140262,0.0019448257176199956
0.017064272646095228,7.268670824081505,89.15276717746603,0.002361029273858009
0.017210432678816365,7.675481836653498,88.9920153166907,-0.0018926053839935515
0.016400033832548275,7.287726432966507,88.8461429776389,0.003253200604254324
0.016998453697443117,5.90689207069883,84.70397061995648,0.0019114115978880503
0.016665688775251486,4.869524619479595,81.88046415162937,-0.0006617334275038547
0.016816521224482708,7.717691422031176,89.9465874904293,0.00043748796226726703
0.016288030672487804,4.763253894878847,80.87176157993136,0.003876793967436209
0.016307068670270326,4.550930671202458,80.2932328029487,1.0520856263910444e-06
0.01608468475717857,6.591980383404659,86.26112845157319,0.004061636170476365
0.01696412032722374,6.2635040535421815,84.95460128767574,0.0037568026613145
0.01767515679002578,6.189371114542972,86.74011723925844,-0.0006722847064726748
0.01729952059750114,6.826049565243475,87.22865749031854,-0.0033004815481975434
0.015282803962182474,6.247659116123494,87.81802790609878,-0.0006617627378345406
0.0167551275296803,6.0069684311971505,87.01513052477516,-0.004455658649809156
0.017438941221960762,4.668107861919587,80.33849755086268,-0.0032462523436600586
0.01626243839816591,6.693821978990058,89.04240882082121,0.0006613351933816361
0.016748256094239945,6.322212527318133,87.54402870254452,0.0009571100370397941
0.01728326991689493,6.821465417797357,87.14372350668727,0.0035702553001959727
0.01660818245334662,6.435551304302739,87.29318208868497,-0.0002483105700838567
0.017279404629865675,4.823041501306639,80.5661930526449,0.0005976946277885069
0.01672440899165842,5.741357373869974,82.98284855339159,0.00027898350321655285
0.016968625435308936,6.563547234558915,88.12084884405569,-0.0005933591684157677
0.017542155979745375,7.138341287692384,89.68023523317908,0.0017821222145969692
0.01653094233586076,6.647364501481021,89.55938387892142,-0.0006054761688800954
0.016892186221310588,7.095894268896279,88.13195596081675,0.0024973496421552754
0.01620013851396125,5.552350038091364,84.02632172790129,0.00029066395978253213
0.016199551796202184,6.940274258570617,88.81381944167394,-0.003190094431474913
0.016086109605578925,5.128659314671872,83.66732614611317,-0.004121341428546477
0.016887600044906272,6.492056221472905,87.4268196358425,-0.00641352329606409
0.016701064529003648,5.69197469235179,84.69073445680503,-0.0004649424703018551
0.015897337394434174,5.40952657300816,83.37830036782226,0.0014430302930054486
0.016479933934829945,5.726574573182814,83.82288615496215,0.001741588887694679
0.01682259353712022,6.853733538720969,88.00499996358563,0.0019675279800496007
0.016922159911176824,7.2146200185608755,88.80288811378858,-0.0012718721421557248
0.01652315504068082,7.196904488269961,88.67154048310447,0.0025017349589510195
0.016171241587118718,4.924817424735573,82.95059385435535,-0.0011301489492478007
0.01659791903715873,4.584425387674629,80.79114411391247,-0.00030728361312172374
0.01682209353750574,7.738576007257571,89.95414273982949,0.000457838635381071
0.016269795484445435,5.573485927354481,83.86836777165057,0.0031175820602261897
0.016418064416760546,5.070878334495988,82.40441002889301,2.039075974191078e-05
0.016114326489804324,7.242458053816564,89.77645882445482,0.0022184677165278154
0.01695709466578687,5.602292613295607,83.37038332106493,0.0032946903115281686
0.017057129491969795,4.958323558090555,82.2162329563877,-0.0008121743607046208
0.016880239556626504,5.6173417299137895,83.50867682741425,-0.0033529224303112224
0.015578638710131057,6.405646255663822,88.13567171269867,-0.0006871022521951322
0.01671583265850176,5.955282996032548,86.97955256415858,-0.0049882260543655365
0.017334514597397863,4.7281207387754804,80.65850044133742,-0.003167111785301115
0.01689435790153431,6.753119846972664,88.58002567267411,0.0005429857586741401
0.016567652631687583,6.488716877388683,87.82298703370432,0.0017393061055341022
0.016703232743372362,5.937180908876632,85.45277263171741,-0.0007667337340684457
0.016555251816625365,6.326752875423973,86.7523184855749,-0.00042273931565988776
0.01672639174568223,4.554626517520057,80.40469506732788,0.000734234120033007
0.016494458189946274,6.268152281912598,86.22153095573799,0.00010528600067701488
0.01677779427425284,6.140907975442232,87.4188909653212,-0.00431874214234481
0.017235206395084107,6.457261898896327,87.18897190942786,0.0008614697438801915
0.016440465363977273,6.654288577211107,89.01866486278165,-0.0012322228323593625
0.017170049639900764,6.786142214624486,86.63206705701151,0.0030727861667746836
0.015475105889536035,5.558057230536354,84.52202546974277,0.0012344396258588326
0.016240852018599657,6.954517018383334,88.9796769510701,-0.003014749673465723
0.016430489276753817,4.9692462420456796,81.75252715610365,-0.0027147706252562825
0.01681093763683728,6.692131568708128,88.34174286022399,-0.007399023727432288
0.015505887243464,4.5087509120429345,80.42861913872339,-0.002050650009889682
0.016024714246707965,5.6318128976436315,83.98446553493767,0.002550417792750147
0.0171749256672104,6.941693235988872,87.58672006217643,0.002397627114671076
0.016233202994577547,7.039453903068107,89.2422929723842,0.00040092066015996134
0.01712242872250475,6.9947192385881936,88.22570977869702,-0.0023125324454118744
0.016484167819471773,7.363322841721278,89.23568338510401,0.003116985090803836
0.0164751647708114,5.235110296153755,83.51328181886075,0.0013753709734622877
0.01654715295482977,4.737449236071113,81.26724096298523,0.0002225991438492025
0.01682209353750574,7.738576007257571,89.95414273982949,0.000457838635381071
0.01645750188414544,5.782349729297074,84.7479332809331,0.00032892779009415136
0.016292885622927977,5.738441213971647,84.95897380524544,-0.00044843405249497576
0.016114326489804324,7.242458053816564,89.77645882445482,0.0022184677165278154
0.016898072585337574,5.888571596234248,84.34444611589963,0.0031043200863721723
0.016519377063547697,5.746483859297433,84.8174794445394,0.000825517035701045
0.016809556551691293,5.595316733694997,83.68302998154023,-0.002630481693646826
0.015786377673268653,6.550625034653442,88.32701055420019,0.0007233925463093808
0.0166646538223224,6.359732108908176,87.1381493016782,-0.0013694264145358488
0.016624164370086326,5.240154816024782,82.92207292955273,-0.0017932021755312103
0.016420707078135147,5.627626531665244,84.45775160604207,-0.00026015105894184893
0.016777154169026254,5.929542720590609,85.82871152761112,0.0009884630118223137
0.016625970178484516,5.769139845849019,85.06177744797019,-0.00031464555949297745
0.0166012200875373,5.6971421302294685,84.48189965271104,0.0007864897732300456
0.016582251586980574,6.257061183056841,86.02046912297435,0.0005128113383475545
0.016433795288561256,6.504684688346847,86.98031795848416,4.902656168881761e-05
0.01687966275129652,6.377244308979413,87.61366455766255,-0.0015201864118019046
0.016789708036029166,6.8073950470046976,88.96865597998486,0.0003427275751363615
0.016336878123960355,6.839435799946171,89.81923888568257,0.0001250793934004877
0.016852669848615207,6.812856690419427,87.02848718912847,0.0016063106893484179
0.014833935996884312,6.263577160585438,86.54100155842866,0.0006941361929577578
0.016111666726095635,7.17120654085591,89.40613905710094,-0.0031347359250342506
0.0164170551225212,4.872697097933217,81.36246800262079,-0.0029299047174021287
0.016977638939205068,5.8392546568533925,85.232403836479,-0.0068021755272591215
0.016616753831927844,5.746197705107082,84.81914683605,-0.00024351944246590494
0.015974192868939686,5.98829999599991,84.7941280953802,0.003559417410630838
0.017069876383444454,6.785041412800604,86.99629524287585,0.0031124090853834633
0.0164431542548041,7.11807220154456,89.55061434865276,-0.002237361801142828
0.017141288536432583,7.312215580532555,89.38281938064682,-0.004287087360741855
0.016785814801901396,7.111880718876117,88.20979290287644,0.002930624742960197
0.01627984165745379,5.331689103259167,83.41534211569667,0.0016920471459289253
0.01644723097464692,4.926691329180263,82.03118159467309,-0.00023333688796088126
0.017028058932477524,7.876619704255907,89.98669145815269,0.0005484569883415058
0.016863137702226583,5.588848530285404,84.20200878764075,-0.00016017199325888085
0.016075244662676912,5.1867118366083504,82.882501099346,-0.00026300684500681976
0.01634909437146883,7.262730185013551,89.42509424106167,0.002629754132119768
0.016943512716900228,5.044830064933073,81.71651674685819,0.0034683861685945497
0.016280880765451176,5.839011668259672,84.62838965922512,0.003196503437992483
0.01704578110405066,6.096300866000592,84.9456343582683,-0.004405032972917949
0.015847647738369292,6.7267063892074574,89.1194733566367,-9.16957523745981e-05
0.016679429398217614,6.445119571725985,87.42655159358998,-2.7783962417369257e-05
0.016825553011363334,4.629619493039699,80.52806979081727,-0.0035301122615432863
0.016477683587225244,5.046497302330456,82.32992925634652,-0.0009566647920658659
0.01659427076885051,5.387937322284485,83.84576196096971,-0.00068979465355505
0.016838300256644,6.895037780170527,88.12491860922766,0.001091819698027476
0.0172057682445482,5.826221585994801,83.4225680895774,0.0006885603745535711
0.01698085804289457,5.597673630693072,83.59871834853462,0.0033251145495444123
0.01641720833919887,5.964360815412248,84.54186099922973,-0.003914338000115886
0.017133910342386937,6.137618389380671,87.00511187486134,-0.0021916918977215793
0.01679345190069037,6.812157876409004,88.98560183008118,0.00034616386805806296
0.016346029470131706,6.844179025325984,89.81237010634652,7.353918848446162e-05
0.0169093647905983,6.482602488307728,87.68869742150966,0.0024000731322108533
0.015776895658206745,6.006002973448065,85.25447036813308,0.00048397663444371556
0.015762364235235877,7.22443888668548,88.25336803209112,-0.0025409776848216736
0.0165777351704172,5.179872843926455,82.43205481244134,-0.0030991728481641846
0.01711491899557875,6.206819527041103,86.00788604578544,-0.0036650682605153147
0.016757953521731324,5.65470386626341,84.24234689453574,-0.00031706504388719385
0.01601398578833933,5.895111672254474,84.61521696575723,0.003587592712510295
0.01669238450920067,6.477158833091894,86.25887963992781,0.0027021277143166817
0.01640651629090267,7.168606490095723,89.93911684708658,-0.0031180448422380683
0.016652569181510934,7.147725558409071,88.73354183918981,-0.004125877946078202
0.016844211601873684,7.180774170857065,88.43793093100936,0.0030613069375485646
0.016560146955934673,5.931559892057703,85.43472498170526,-0.0007276067209783904
0.016386453370484274,4.8189006835522905,81.62324050505036,-0.00016969545072487507
0.017028058932477524,7.876619704255907,89.98669145815269,0.0005484569883415058
0.01743755414773005,6.040500516457836,85.74973023407078,-0.0005488456331283961
0.016218461984273264,5.306445267556908,83.32104744591545,-0.0007149150615016189
0.015978352864726143,7.365962036536901,89.61387124798347,0.002922362775509596
0.016884756454808074,5.213445866854978,82.27054409237388,0.0036012256979227448
0.015742304935265957,5.268755066479196,83.04446571875165,-0.00048344560103099786
0.017006903716085472,6.9041979685537775,87.579145188884,-0.0047940601315084215
0.015847647738369292,6.7267063892074574,89.1194733566367,-9.16957523745981e-05
0.016769603693613275,6.833356778907406,88.93231856012295,0.0005012630871508991
0.016948774217197607,5.488164821276316,83.4073800759874,-0.003077597503427462
0.015882451353717835,4.922303819692134,81.86755233837128,-0.00031836167530672745
0.01695184445773951,7.308348423608653,89.89553380732909,0.003072898410535748
0.01712288497505335,6.028643482014197,84.67574977382611,0.002062771096514359
0.017149106304593324,5.6285874782930625,82.93790763884219,0.0012198530619055383
0.01691422960124013,5.668542270274086,83.82915987187799,0.0034431862913939398
0.016337980635408388,6.855853351138597,87.19728327071202,-0.004112145191261581
0.01710937404103407,6.190551144044233,86.17700375454918,-0.0009713897446909888
0.016356314772572406,6.6251597550896815,89.70918214754023,-0.0011114929256504373
0.016070435217721044,6.486398538480506,88.19400658868615,0.0009045226787406446
0.017119551410183797,5.9369925185644306,86.04379711152568,0.00015993771714826728
0.016196591713869026,6.195207564250475,86.13650208895608,-0.000468350279364108
0.016233930129356044,6.271107332163548,85.41304098154893,-0.0028204012105105974
0.01703282623305333,4.84157966627911,82.41030579950848,-0.004430987360049744
0.017537620036878976,6.231228464186196,84.68129013593992,-0.003511202652792231
0.016689615342053616,4.972323259931181,82.37098795491255,-0.0018699053738586058
0.016452590272003482,6.7679590359617885,87.0346515900857,0.0025056836245550083
0.016934458115261047,5.515948896389901,83.9380661945857,0.00020738666712628775
0.01640651629090267,7.168606490095723,89.93911684708658,-0.0031180448422380683
0.016699648604297627,6.919133688920803,88.14500779939483,-0.001974795446684698
0.016861440086041523,7.214529839114385,88.4967368533821,0.0032538960150534832
0.01667172516631719,6.421773695077478,86.67260610585829,0.000690157430531762
0.015598203571203886,4.5962614618053115,80.73064872841042,-0.00038765701344641685
0.016914062412580658,7.731628952014974,89.7136374195588,0.0014515718686677254
0.017042110118605652,6.590113620593587,88.8771360270171,-0.0015433149284591104
0.016190443371776757,5.492688559086869,83.91611756745735,-0.00043531554929309357
0.016220602502845526,7.062361146748335,88.15876685464009,0.0022033403712644513
0.017108507916269867,4.99235235098322,81.39110558764705,0.004278616688246101
0.016156092246745066,4.954843440328545,81.53687826890288,0.0009047522420000227
0.016358143655646723,7.493190922295078,89.53650527304883,-0.004800155266120043
0.01637359865644472,6.8683469948881495,89.19654566396906,0.0008426758272147479
0.016756536307407695,6.455416754154701,87.87321289905584,-0.0014323611191054786
0.01704562174339199,4.901298381377142,80.99156987932248,-0.003369528510285329
0.016720808304019456,5.50034641372881,83.8959541126142,-0.0008870077760673585
0.01694298722681203,7.188133556004844,89.62808608040582,0.0026392659366435266
0.01706990263171968,6.399978612983484,85.87755877124833,0.0026628417994981183
0.017175498929082583,6.045317523780157,84.16193151410687,0.0005337227751544102
0.016943271581814717,5.482202451479059,83.08272101805838,0.003359577234510987
0.01637586739174266,6.621401175822747,86.75448657457954,-0.003183029429930563
0.017287414651234838,5.947921841964141,85.32923668362382,-0.0005869630609660432
0.01739230957708959,6.4778883559008325,88.09335769826222,-0.0008150545023713506
0.016179771603379023,6.428363751751178,87.76723411938043,-0.0008873005424858576
0.017089515838258632,6.464617084270206,88.79115855651786,-5.051418758370962e-05
0.01613510951877519,6.452005327401083,87.4928535037608,-0.0007418164692305518
0.01661336293511277,6.617600815325954,85.80157016738585,-0.0036603657908163955
0.017015415563641247,4.885305263497406,82.39387202815942,-0.0034865258510431364
0.017111974745995177,7.3242491274574615,88.83501104550656,-0.004552634140496628
0.01740206986137483,4.918776974592114,81.88256763468902,9.37313875485513e-05
0.01628522385507276,7.1235834798621855,88.16791652316235,0.002828002763897433
0.017074156479534152,4.982818548609983,81.94541892142888,-0.0022858813840585996
0.016852795439556426,7.287831219307606,89.73503952495176,-0.005268833204833202
0.016984950893233552,7.101207078827634,87.75988464043776,-0.0034975131474636652
0.016597324892647956,6.479992238383156,86.26311976403359,0.0025264288825534594
0.016104917044232846,6.69518890743224,88.60109894208111,-0.000342728252146882
0.016264398709300923,5.741862939270069,84.7051599629609,1.4486980666069478e-05
0.016806504179626904,7.232365209557651,88.44335322305966,0.002731170066977239
0.01715123246577446,6.562854632290029,87.99823830494246,-0.0005672728219539864
0.016180185728655313,5.264923803962849,83.15013489047342,-0.0007463433797741123
0.016202625279445347,6.718318686028031,86.75010720115526,0.0030356135440486754
0.016517490348331793,6.131420270802526,85.00295369874104,0.003156430917473527
0.015878432436550374,5.30772607431758,82.94530126252349,-0.00033814366580181337
0.016484071855921538,6.939830579104645,88.12058425138635,-0.004134326447452327
0.016524456596565592,6.7334629206414744,89.14712546673346,0.0010929289458122267
0.016417060535383818,6.648461537535898,87.43991190252319,-0.00025646574540186165
0.01707153517212766,4.834982578101817,80.8734420096826,-0.0035370742160309035
0.0169611325327027,4.537571483627574,80.1991011498019,-0.0019846570816818574
0.016717160745802526,6.705479600712499,86.75221841132233,0.0035300522987350576
0.017565512084721294,6.593864936556833,86.03512849369746,0.0029643919813430826
0.01737843005142267,7.713841512256181,88.16677649613514,-0.00020557258920638914
0.017209372230918864,4.737360446527935,80.71531937674692,0.00382801109920643
0.015917353478103066,6.354638328212771,86.18869456301083,-0.001980473704560528
0.017282795636241695,6.517673164191149,86.97770824993862,0.0006452630780114728
0.017238377785625886,6.795472297684519,89.49285763225545,-0.0009713338473572759
0.015873733592491314,5.994636431971021,87.96874678786179,-0.003860426744862236
0.017398606285729937,6.609057678945836,89.60568734618376,-0.0011940843572237512
0.016148182550787805,5.864680431355344,86.72598269219849,-0.0035928604393320085
0.01683361944104258,7.151298483654276,87.5853753372332,-0.004431969934071368
0.017105989378720345,4.681042218037851,81.90843212235355,-0.004213324705529392
0.017004542563795567,6.952938456937658,88.10374650419753,-0.0033660590213236237
0.017123775592772793,5.687963470067006,84.63797070668228,-0.0005961515486044154
0.016239946395568222,6.90176168883035,87.99807717303784,0.0014615610804823683
0.016919109806972428,4.470217615124967,80.43046013544918,-0.0003168538635491191
0.016735639911615075,6.491781267384488,86.87077989543593,-0.002112290860368082
0.016815955727723198,6.896705585060131,87.67393500297378,-0.003639261044643382
0.016713824655791885,6.900710472058981,87.37466786365859,0.003997648378131588
0.016725583281960846,6.722685656205899,89.28490659176133,0.00037524509721631894
0.016145160848488743,5.098389341191721,82.5879338429295,-0.0004014094481790883
0.016600453186063756,6.607496305081458,87.4816009842472,0.0005895981787895797
0.017045017010533074,6.567968067147667,87.99458729436785,-0.00034705967185714526
0.015967199679931772,4.57739628412481,80.86148150414456,-0.0003785854045852636
0.015638979644265357,7.17571939441026,89.05849607024639,0.002468978036259055
0.016581660654986424,6.094438003897139,85.22710945671929,0.002604437125735034
0.016508236992505754,5.806740732629783,84.173061870184,0.002612671628691467
0.016628150942865325,7.266047853546974,88.32955422876867,-0.004436482474338074
0.01653625742214441,6.7975449768778615,89.48999818893203,0.0010458441501853572
0.017126622227141765,6.911697971388842,89.14194575140937,0.0017897779544144236
0.016917907766580323,4.65368019519182,80.04791010963548,-0.0016698840128720536
0.016906810224503722,4.5741332411631195,80.37020485163423,-0.0025234778098329187
0.016540622185917817,7.169095989830275,88.14284238438204,0.002797662971593029
0.017585469963863204,6.355249858187682,85.56879664003955,0.00303730171978045
0.01737843005142267,7.713841512256181,88.16677649613514,-0.00020557258920638914
0.017062136909493424,5.021297189081492,81.6895505718731,0.0031681575985248287
0.01594006350547398,6.55812563403752,86.61236670387463,-0.0026355427811350827
0.016766540227128836,6.092195866578768,85.41983994620807,-6.742632844643193e-05
0.01725010028613672,6.781033325317489,89.49570092368585,-0.0009836370421447533
0.016305314292126956,6.056182668258087,88.35689354771372,-0.003662982616278599
0.017394544152715234,6.6247724644818895,89.61513293162348,-0.0011782421383217663
0.01591636563581752,6.387534425136796,87.49925005919036,-0.00030780265361052793
0.01648261965801267,7.105673120125455,87.42031488517348,-0.0012748099010418618
0.017100766126421675,4.858771562232927,82.38872913862055,-0.0035595597419704693
0.017012652124404344,7.231929359199523,89.04095124256934,-0.003715442415559025
0.01767452310173399,5.322864853701223,83.25448121346798,-2.7159364506639406e-05
0.016883289644240282,6.0392027938551465,85.75432722846155,0.00030851358064298406
0.016976463701131376,4.783442489814409,81.47610639287652,-0.00018725965614969459
0.01717365655941954,6.568227148135048,86.41610397629337,-0.003497110096850562
0.016853141227993113,6.939391524209092,87.32197254129699,-0.004064683444449128
0.016760284162027753,6.438867857725797,85.96307307580852,0.004034343495602878
0.01639256188296718,6.669526672097493,88.71643828939943,-0.0001513075232574511
0.015706145117001663,5.0774127910182525,82.88618529345521,-0.0016157392389164458
0.016238119156160784,6.513152512779965,87.69846453621332,-0.00044152846438937467
0.01690757677737324,6.566376981800026,88.48472555103393,0.00028714890000083046
0.015673292580014826,4.464929533914482,80.1738685728405,-0.00013837571882714672
0.01576982047242441,6.792932644419436,88.08088254789233,0.0009982444161366916
0.016351239471649008,6.859581891855076,87.41632905143231,0.0042337712514017274
0.01681593143390441,6.140780263927228,84.89730176893788,0.0035791908529118296
0.016799855811016458,7.020711361172243,87.73591415062958,-0.0024474573332279753
0.01627199073593948,6.691454217135299,89.41048098726804,0.0006256754466072278
0.01729330082621444,6.3435186407678215,86.52058980387096,0.0005565110215724708
0.01682781675273383,4.987655014933885,81.42735902094923,-0.0018307430364663143
0.017115868280528367,6.099288256831761,84.13248537957824,-0.001658949325738088
0.01656081403775558,6.658763857632618,86.765321073515,0.0026323120365426968
0.017716942746543327,6.093291602470092,84.94218194475835,0.0026794055134368613
0.017383695642224386,7.717079780606674,88.1645166935736,-0.00020610823232671346
0.017082501616452687,5.070216641812014,81.84620153552001,0.003826163680580405
0.015782699818233336,6.467720643064775,86.42097888459236,-0.0022527103126187757
0.01659699853713522,4.657479079768731,80.25565296875624,0.00027466039817556926
0.01725010028613672,6.781033325317489,89.49570092368585,-0.0009836370421447533
0.0162897077326371,6.073261050097744,88.2917178379529,-0.003337355068853064
0.017144259147976043,6.673524881339148,89.49533481103245,-0.0006175925630930582
0.015629145649609166,6.690502566811856,89.08184577088996,-0.0003149348493183047
0.016783886252065616,6.143744582621597,86.69333615606472,-0.0009443654014221941
0.016864508745848637,4.866443739395795,82.39989763499513,-0.003162672753814501
0.017028169978518547,7.24785069667596,89.09339764257845,-0.004137440392121821
0.01745754758911626,5.539442256632059,84.0143629239687,-9.102829859218938e-05
0.016711140809998366,6.024444301768629,86.10983159977046,-0.0009125495771175282
0.016958546098133586,4.7872175076454715,81.53334036460376,-0.0004004000121500863
0.017361982541783193,6.623484478934488,86.54230730075805,-0.0028234937111816802
0.016714795958786555,6.431400741751057,86.11710702754385,-0.0018491622222696884
0.016516681364630678,6.111690020620916,85.14948036419831,0.002649460283956489
0.016475151119477015,6.520036211571756,87.45486688099601,-0.00038020662387081017
0.016579633355327073,5.373353433197821,83.58498047131424,-0.0002587784380810395
0.016206961889646498,6.084301580825912,86.80510160925414,6.345942219830678e-05
0.01624886161609546,6.518928889307835,88.40438448618173,0.0008165390045058563
0.015734697009905665,4.514778638771867,80.34884480129807,-0.00010355910052119795
0.015978120122996844,7.217248008562679,88.96529917804006,-0.0002332268882673078
0.016421196969231378,5.976707824592125,84.41947796613434,0.0030006786727922305
0.01662909841894473,5.977107956989357,84.66357995920747,0.0025927708200311457
0.016760265945473026,7.069172661180763,86.86998150788624,-0.003903957797992729
0.016570721922918672,6.650843953449745,89.18942660884451,0.00027691081202878536
0.01771388148990829,6.107023382999315,86.26292668742747,-0.0007451638249621725
0.016233491489068812,5.241032119312475,82.81551316216012,-0.0007932564471104332
0.016551899367326713,6.243259849280776,86.06479197868958,0.0004798335577992721
0.016575354598842615,6.830930739152763,87.35941364265905,0.003073501088783787
0.016695980365913674,5.730055938206192,83.99313429881863,0.0032633398634692593
0.01710779760529673,7.539572715773221,88.02706619252793,0.0007361305450841451
0.016965538728738183,5.219753545496051,82.48292666989036,0.003439533240476889
0.015640135128227168,6.4713017337632035,86.758495441866,-0.003981913383971751
0.016582953886576553,4.645539392713637,80.20964152255038,0.00017192238335295758
0.01674643949324999,6.383553043100909,87.47326549347007,-0.0004141994849821295
0.015873569770147103,6.342290861591149,89.70159579510052,-0.004061775060910084
0.016838541957580777,6.785297813091607,89.37977990578428,-0.00033628629195299074
0.015442745236499012,6.914545639625975,89.83081752010182,0.00022186673460057528
0.016595906540028463,5.124902461464469,82.94892010756286,-0.00149641216665901
0.016836079093606578,5.2594257047596855,82.81080201908135,0.00016142355383403154
0.017320550943115104,7.1669635276322925,88.82458220906852,-0.003298463752728103
0.01687694261200416,5.087266160838316,82.89588336562542,0.0011814431304543152
0.0167588188023396,6.557113945897848,88.47739026584904,-0.0017098656373290598
0.017111028655438596,4.593800334528991,80.90966609321835,-0.0008086898910640932
0.01800962624213433,6.477670608285945,85.96780824689297,-0.0026027067266206974
0.016608497025412318,6.318270332770436,85.20172587476233,-0.0007322755657169365
0.015719454666061887,6.794752459429845,88.09881359556462,0.0031698333572263244
0.0163763560688675,6.0750536776890565,85.59524267988498,0.0005548805680288581
0.016730427336894355,4.870862679817161,81.50139163173239,8.336179442045187e-05
0.01642033032210788,6.364179207411553,87.35387986534816,-0.000961628736574285
0.016314571552338314,6.508084985677788,88.45191349455139,0.0007558187107122947
0.01600404976668676,4.7197967498245195,81.00638725448255,0.00010363834200531
0.015909829467603873,7.516969629778683,89.96816386483479,-0.0007742500760435072
0.0159423093919998,6.6575653050903725,86.91256610762933,0.002821088185152077
0.016602633760399176,6.0003698323243615,84.64050238165417,0.0026637220513708528
0.016446958369054458,6.651554390706612,86.32821848558096,-0.0024908327629004495
0.016849382185407883,6.12691323865217,86.5490884831689,-0.00024699996021481556
0.017568218499998334,6.273527790592811,84.94997620659363,-0.0005033953268731317
0.016759674229167867,6.293796762711963,86.4693872455747,-0.00012524612192803427
0.016007637935785968,5.762906643991785,83.78540869766144,0.0030595707452924373
0.01655832808714553,6.597451430442089,86.87456633487108,0.002376973979221526
0.016622013292843737,5.602241247709938,83.42756619289072,0.0032920043449463318
0.016737158536505606,7.428628214551465,89.99063690141223,-0.0012904725925910556
0.016694005584247294,5.479928167991172,83.27876153798557,0.002855868293277249
0.016381692775017588,6.4393449685404915,86.37437217233771,-0.003971958004447558
0.016582953886576553,4.645539392713637,80.20964152255038,0.00017192238335295758
0.01688654000633384,6.911617901542064,89.606977765702,0.00026779101930894927
0.015908739570508958,6.344509120051773,89.4898053914147,-0.0040855276984208145
0.016894911925158716,6.699458132983571,88.42485323562855,0.0006218878958922834
0.016145125774022568,6.725370150476427,88.25602283907673,-0.0013319069697605747
0.01687212753484427,4.952621708480532,82.3527834877459,0.00021211898612010313
0.016879734338770106,5.396120973961391,83.20619901462854,-0.00013192164463974795
0.017350396207784922,7.276333015502196,89.34212752081417,-0.0038000518254062378
0.01675684940487232,5.006214170736955,82.38855563801759,-0.00043151295147834186
0.016766259059605427,6.635253426979605,88.86529125293633,-0.0014624299286038153
0.016866571199137995,5.008090955998563,82.41250155192664,-0.002108797147980712
0.01718521999028712,6.4771985153525256,86.5522746625602,-0.002593862895976356
0.016669632977774438,7.488361770190902,88.52975058587455,0.00037371954277049847
0.016073978933223473,6.731615466084337,87.94980146581356,0.0021123576479726604
0.016412965963521063,5.990512937575151,85.6338072812053,0.0005863475104338208
0.016872249975862907,4.933876103316337,81.76610941941271,-5.0862960389699206e-05
0.016914395898388477,6.026215730628659,86.00576769612046,-0.0004958139675636307
0.016166248335697467,6.665714924228163,89.21875824229821,0.0010930840700220264
0.01626752903680898,5.9349548593406105,85.27875011105812,0.0001291005300004624
0.015991267664010284,7.340729850488975,89.34740017922229,-0.0003763690902910126
0.01604636007333821,6.011932189405214,84.80374046594382,0.0040324520012419455
0.01658894259612556,5.88043213830624,84.17113060348242,0.0029905807620919833
0.016670393481567403,7.143477286181683,88.98550453507625,-0.0042126722785707634
0.01717921674504306,6.316787053817786,87.57382942142695,0.0005428107686945288
0.017270524644508182,6.700840338966812,86.93288509503593,-0.001357596220761408
0.01595013813548688,6.03729788357585,85.9549249532276,0.0014616522953603544
0.01614103548347777,5.662804318015025,84.18295547430846,0.0019519814207180875
0.016653208716004515,6.861856756359892,87.8630892515504,0.001661573390559708
0.016956539488638685,5.189150874309209,82.4246238459792,0.002240839723674114
0.016737158536505606,7.428628214551465,89.99063690141223,-0.0012904725925910556
0.01650052109615153,6.177873962745118,86.22176262831705,0.0005077240901654023
0.016571408431020528,5.736721089541714,83.9942091356463,-0.002865647508884496
0.01645138760679294,5.01218382281267,82.220792080728,-0.0007703349733791378
0.01696750079911231,6.492936352841001,89.17107572836726,-0.0005353409439913894
0.01603975028592473,6.159320696831157,88.51316904078509,-0.0037184178296511463
0.016815976693212505,6.773400119670177,88.89602823306011,0.00016874236828381527
0.016439908291066264,5.956650090459977,85.32106220960998,-0.0004847662553837081
0.016910899625257273,5.169073218168293,82.82858692142524,0.0006523316653480908
0.016831755916732957,4.6710406379440865,80.31145705330314,-0.00048386625218378807
0.01715981495889299,7.099256599019744,88.3512439263762,-0.002532771484844875
0.016843427484179618,4.958332863941035,82.15287687273998,-8.47909395714887e-05
0.016835536768416023,6.658582590153671,89.19276853184729,-0.001953214756077648
0.01684320771126581,5.110319038274568,82.62395471438683,-0.000886094936616844
0.017394586646777913,6.802026475484074,87.22381504950305,-0.0034061296584689794
0.01728333710382585,7.963794230283771,89.45932288698295,-0.0012468035519314627
0.016070932941579096,6.4011034132865365,85.5784691423853,0.0034634764665771142
0.01654697096750044,5.723209576032762,84.65871610909545,0.0004142151625096239
0.01711638265457903,4.622865727439468,80.9857505371391,-0.0004792707665432775
0.016798586910386274,6.161290260111116,86.64917272061584,0.0005679193495245535
0.01606725390173764,6.618699298106894,89.2574870278873,0.0014789763278040087
0.01646095258328018,5.630513808583922,84.37271057628057,0.00045632158500546436
0.016552939158802328,5.510082339583883,83.68913674874676,9.101752493379835e-05
0.016433321652566835,6.445146728321822,85.69854417597753,0.002724153597433306
0.016547357612070233,6.398252545808012,87.23568993233206,0.0005808276169102507
0.016651391698620465,7.281984434902725,89.40968256722438,-0.004516521716254227
0.018144995332078497,5.912398315619782,84.27028886773601,0.002458408726543738
0.017869656645899692,7.697835746147158,89.21913881992998,-0.002701109326880271
0.01591608316417874,6.07296107540051,86.2710564517012,0.0006256863316683849
0.01626795232993951,6.09604484790085,85.80624788053198,0.000725079195816665
0.016481366500532533,6.8762295045542805,87.78474884274186,0.003039611623934799
0.017187007923447576,4.791652971294038,80.76947137420248,0.0031731221351171835
0.016737158536505606,7.428628214551465,89.99063690141223,-0.0012904725925910556
0.01611046059767325,6.834941452894536,87.60447310592922,0.002223351590959965
0.016430534277799086,6.363009200118322,85.64968828712264,-0.0038506033140493826
0.016254280817410587,5.2289053428325145,82.7531368431241,0.00014506168262405552
0.016755554401436137,6.604459643542318,88.28938206395796,-0.00032509174537164636
0.016082253712983587,6.153047345196909,88.59272710980837,-0.003997950463940875
0.016541391825829678,6.7019668795633685,89.25966843840972,-0.001469173828758185
0.01655296735212137,6.205385766976435,87.27994315293127,0.0004072105124395672
0.016901129146082005,5.137127361513929,82.84326447327597,0.0003328549767685581
0.016824975753151887,5.621060008702236,84.36635078259191,-0.0001505982471571262
0.01733955009462772,7.276862720251927,88.93371829263329,-0.0035318896859860838
0.016885873776258237,4.725560376929284,81.41060348833456,0.000682982121030089
0.01674769039934588,6.377090727282233,87.46333503270107,-0.0018101059314741279
0.01646337771134328,6.077454316620747,86.01804165396847,-0.0009051138036406568
0.01737907614179921,6.87495104865726,87.53021787097815,-0.003204344966939826
0.017041187505659798,7.512253140065867,88.90751323018762,-0.0013338954286701515
0.015499892098167923,6.389598532405229,85.97892345487861,0.0031991114593654868
0.01627963763976384,6.39495572028521,88.34136632901819,-0.0016141153730708478
0.01710869194513984,4.49469410223927,80.39898518548691,-8.871127391688874e-05
0.016903222502308468,5.909294055126483,85.42627575464789,0.0018589568385524477
0.01627999312160223,6.81216058786458,89.90675840594152,1.567198655574517e-05
0.016685462035716227,5.0880060059336465,82.54426027471445,0.0003625271904069485
0.016294765288226192,5.6286361624909445,83.37828652002258,0.0027152745892879276
0.016286124177455175,6.58610944665888,86.19645462191197,0.002988963667613552
0.01660915670194405,6.6764873921731605,88.1881931574969,0.0010612499664182289
0.01580573714299011,7.017255871783661,89.22645130079906,-0.004241182712056676
0.017487735229585858,5.843459927004613,84.99459917408365,0.0008290287097909793
0.017465640622374667,7.328871746777201,89.02772015016855,-0.0026078390065721944
0.015505244715065987,6.68169166893108,88.76718767903212,0.0005780766275605901
0.016468728172353637,5.8921001251051415,85.43791570293175,-0.000647335998988645
0.01638688241663281,6.941903940401923,87.9430843353368,0.00432074105038986
0.01717543364410127,4.80667444036347,80.82824114552639,0.0031464025510498585
0.016832756837230338,6.6919366752088445,87.18857321709544,-0.0021805207972123036
0.016200408562889148,6.535520699610786,86.543589944122,0.0024988661613399915
0.016903152057885524,5.4314735191451735,82.58083126874102,-0.00336614007272973
0.01656122181298169,5.200563597127914,82.91357654578145,-0.000914907685253331
0.016735415816889868,6.581258856736372,88.2732590490438,-0.00019792159089801259
0.015891836146948717,6.2086784347762825,89.24824931480065,-0.004485151607734173
0.016532695176137115,6.484707622447815,87.99161382130175,-0.0007283452573913354
0.01645608918643516,6.529025080213581,88.00066975108102,-0.0008622060676757115
0.017158742487339843,4.580283234928637,80.64060724434312,-0.0006262272042381708
0.017010615424522688,4.519005383792093,80.35536994906681,0.001999367296143963
0.01724429309707488,6.964590623601985,87.6690725008272,-0.0036357747439589986
0.016783961821009993,5.2164775047683465,83.19000098791015,0.0004749830149849641
0.01706093901825813,6.103853575814669,87.60169956184853,-0.0031882879052349466
0.016186397046567713,6.365767750098475,87.27302558120938,-0.0006168564622788129
0.01705865105206331,7.149471584382689,88.96304665906345,-0.004122054043000497
0.01671601793844677,7.087722620699527,88.58275049959103,-0.001879184522641402
0.0157853666353281,5.630640932363363,84.51082978402857,0.0002638931851942877
0.016359167258732564,6.1655998597164805,88.81938656563254,-0.0020018234086414646
0.017075571700522565,4.627908444420104,80.87951058970339,-4.4723070922799845e-05
0.017104068720123235,7.055032816242202,88.30889043664462,0.0030446966643230006
0.016446483617098183,6.65975161147434,89.12023020120118,-0.00033453284344583576
0.016774954400759882,4.9940215754439325,82.35636277235314,0.00033871891522277767
0.016620933061391015,5.707368548028529,83.7430557068491,0.0032110656666339064
0.016030326543680227,7.226059987574756,87.78703888624177,0.0040618037428447554
0.016605947953664067,6.605881289048363,88.58224049551137,-0.0004852166501982777
0.016182637978041925,6.811870410120426,88.47903986786501,-0.0027227168105228823
0.017282025282663312,6.898236074865155,89.31446127105247,3.878768787145574e-05
0.017425639566092044,7.222886145845545,88.66355044794906,-0.0024621100820664075
0.015338527771723794,6.755407788228997,88.78619737300208,0.001031775773500672
0.016519627719216175,5.52223373151722,84.0814365858009,-0.00045892698793617136
0.016541779396259868,7.026401920964511,88.17294148220039,0.0024799608503042634
0.017176261334421693,4.686961232067598,80.37084043007286,0.0036947863311660323
0.017030189648106035,6.782609192218795,86.84844575317368,-0.004189437930847676
0.016165262211343193,5.997397399781068,85.23529956038533,0.0006104608547347783
0.01686527500287687,7.107380218213092,88.3697312881432,-0.004828213794241522
0.01676378735232738,5.655564678269804,83.05680486001609,-0.00040987626000482647
0.016856068330360525,6.669217475531942,89.0681090057941,0.0008436931664587079
0.01610983346411972,5.488110311249526,85.28909424088666,-0.003037857210578331
0.016697566177084212,6.472737428492182,87.84642556625954,-0.0007122887620154468
0.01644528255889311,5.998898748143793,85.22543053857055,0.0008695601837464149
0.017209417275668843,4.426131462372159,80.0455871945376,-0.0006179613581343604
0.01664011093290396,4.724860422300917,81.27155778167547,0.0015325476797387015
0.017560331563364954,7.118431901142564,87.80848054767729,-0.004233495411521016
0.016755259154112166,5.251914019691569,83.21090606437424,0.0002531695563405749
0.01651385513236034,6.359641782414723,88.14100336415208,-0.002202782206526054
0.015502164664277986,6.2128994715373125,86.60430596953488,-0.0001821387614755381
0.017275044726280275,7.309379329419197,89.85225985546451,-0.003498697815439604
0.01671601793844677,7.087722620699527,88.58275049959103,-0.001879184522641402
0.01616618400278486,5.6597220207078305,84.60821288532344,0.0004245879679578837
0.016424268260545678,6.037531668853775,88.78380579512621,-0.0022002470378100904
0.01675040785493767,4.908414890924647,81.77779622351504,-0.0003777363133062062
0.017471648297386202,7.234406950021395,88.44878359271081,0.0035571222379199292
0.016745870559018817,6.829463456516028,89.47703765596646,-0.0007329273219697798
0.016536731904171015,5.132357573126335,82.61465330193494,0.00031549386660138833
0.0165614014981739,5.453417606621927,82.90859741312316,0.003329304645261247
0.01611631041976705,6.374497856604504,86.10953148482915,0.001445119389937995
0.016619646623592093,6.569625121975582,87.77331650418368,0.0005083581936009002
0.015492343484807108,7.305903123686659,89.9307459509914,-0.004351017731719495
0.017188653324474442,6.8380794050630636,89.02073941653155,6.040964809212098e-05
0.016833501955052045,6.724615717817631,87.39379141582043,-0.0016426784795330702
0.016234875942260227,6.052872489434046,85.65613893788957,0.00020919867152371268
0.016060840605975322,4.5978941436127165,80.54279869947584,0.0011249594381196552
0.01638452074438742,6.644442956841865,86.79932567277513,0.0026430032893120284
0.01715787752516998,4.735581512999481,80.58442510048332,0.0039238035120032376
0.01736114150493914,6.850257431615232,87.46466460518594,-0.005958355595856296
0.016366296161911428,5.828632720736794,84.84040221656477,0.0002076510386879824
0.01692468348261378,7.1207605686108915,88.31883508938822,-0.004961647979566842
0.017039268237053973,6.065287086336264,84.1320959501505,-0.0009571725136415803
0.0169792001982676,6.48669655216649,87.80216201335637,0.0014805555682752274
0.016184019338931144,5.619594820034632,85.51535321546694,-0.003276551905484523
0.016703375459033623,6.469422281292792,87.89986105765335,-0.0009415651183229427
0.016163599416583106,5.990198115440351,85.6148361443717,0.0005934489075015267
0.016929420764359056,5.054162217610395,82.4351403880867,-0.0005558975269915127
0.017436354922099877,6.191982736525761,84.55093399427524,0.004048737916490514
0.017099785353644894,6.631824946039766,87.48411437211918,-0.0031510279242426085
0.016627889582341106,5.205077460699558,82.82721339475302,0.0004603052533640158
0.01715848741682631,6.0878655576845375,87.14330517147927,-0.003533076837054154
0.0156909725388192,6.085314060655881,86.07854889767115,-2.1420588192330205e-05
0.01726999987571174,7.015676807441812,89.35862553297143,-0.003724468617968125
0.016688271776959283,7.258304547149465,89.21237812003979,-0.002064748687463763
0.016070768876579846,5.742366575558199,84.87292583726091,0.00011081378798744973
0.01663115401844085,6.493227194065481,88.4045936679515,-0.0004914249487567548
0.016659253534288872,4.802826541744309,81.33054595061039,-0.00030606953970293264
0.01745541339998456,7.27367212784446,88.68695783877408,0.003724954977806727
0.016644356721178435,6.610287334246746,88.19648074328231,-0.0003163119798249227
0.017953385977869663,6.509865261645247,86.23677287586783,0.002938264518047834
0.016724936156996162,5.777341156791301,83.92210234189663,0.0034353770509542056
0.0158772388892454,6.03270937780132,84.66715003097639,0.0031970080850071787
0.016214695187357714,6.773747004335955,88.78977722361172,-0.0004019043458815333
0.015644066114510847,6.991330919116092,89.86058008986345,-0.006562460156512896
0.016647660966958626,6.468511423193316,87.25978199124039,6.462756030614462e-06
0.016301366678429356,7.662671355149954,88.86523022692468,-0.001615744916805986
0.016161614589877915,7.096617431803084,88.84405826716834,-0.0014665995564551693
0.01628375367925521,4.821469530898443,81.63768920487307,0.0022643493584143994
0.016507284603027098,6.327957032257324,85.7417881232038,0.002955510227076917
0.017268010507707203,4.708168305120076,80.41059738517282,0.004489317679790424
0.016940657143966333,6.05935182503832,85.02362980865306,-0.0027435871060398145
0.016401474103578326,5.891135044464153,85.46069129856083,8.874926234802715e-05
0.016637002248804895,6.2580290805407826,85.54553058790073,-0.0054106827556513765
0.017087884630277713,6.127536422410818,84.25657016261441,-0.0013932628336964696
0.01661951810909536,6.8768848669519045,88.41799289235121,0.004203671845576739
0.01675269900746163,4.981546271075246,82.19538425100228,-0.0014200853523693314
0.01586500844134542,6.373566194881408,89.62227226790053,-0.004453383133058252
0.01592948135896645,6.307617431066505,86.36316440186845,0.0015021432628350303
0.016783615734536197,5.618572082828903,84.38662314013523,0.000296224308573477
0.01740981178717977,6.926619797037538,87.50364479975644,0.003413980328513041
0.017047089799134493,7.164514522066922,89.77785040075578,-0.0022257467947595843
0.016562546191128846,6.07542828448901,86.08397895713863,-4.665187221901388e-05
0.016692557083019227,6.007367881357858,87.35375886307,-0.0033832209757582296
0.015287313122499473,6.334976038390806,87.18858816589369,-0.00020044613280527967
0.01727322052462358,7.020158208413898,89.34695860717991,-0.0035950714874640292
0.016846612216696356,7.392926391628555,89.7282070234402,-0.0042760890267408355
0.01614993248744359,5.756278799530013,84.97919595762762,-0.0009096084023809032
0.016374557845738106,6.677405709043219,89.24138298490864,-0.002273289306233396
0.016591508963354793,4.673261235155348,80.70356962315265,0.0005015514255560301
0.01739075474846769,7.210668531930067,88.50533447669609,0.002979444417423812
0.016605532835869338,6.728698626900152,88.6811699234887,-0.000615473499842872
0.017706382227780124,6.282517200852977,85.59172449143794,0.002985847993788169
0.01667074443972879,6.117452146427077,84.86600075129819,0.0025074469601285183
0.01642525025460627,5.847195535002763,84.37852382214886,0.002595319962583797
0.016253808442867557,6.411960695619419,87.48647114266099,-5.7348570610200184e-05
0.015986871099153633,6.830259991745063,88.91992610444473,-0.002912681892397171
0.016839202873651742,6.325615237572594,86.83466486234866,-0.00016458730852967956
0.016272186657358,7.910758607816022,89.34984291566332,-0.0016143958342005797
0.016139796627260793,6.953739449538235,87.93642947572519,-0.001513400717881675
0.016964453966090323,6.138670112297477,85.97880745508266,-7.824477274363155e-05
0.016555022729387393,5.8784589974760015,84.60702007562597,0.002019204874955284
0.017020674696792356,4.900807908844508,81.21541081633534,0.004145134085671616
0.016956701420930243,6.482984346738096,85.44832298470213,-0.0033768574202084852
0.016557558830301262,6.115387631086202,86.09916329355423,-0.001400541715794441
0.01648877835765709,5.2128176190907825,82.3361974184054,-0.0015298281923026569
0.017153009075262956,6.372400296300148,84.70082010772562,-1.986664534228688e-06
0.016465044258969427,6.951011694691985,88.56172613765544,0.002290804575572413
0.016727612927022975,5.285684853238758,83.15091865039687,-0.0003480432753031953
0.015906181893278946,6.259827500894212,89.02437796134356,-0.0041652882991942575
0.015991789139565206,6.67262407929544,87.25095708660372,0.00034002985982717153
0.016574775024777794,5.326745516222859,83.2302981069433,0.00021928533933753013
0.016589495510164757,6.552305706872532,89.41124810889912,-0.002321770146907742
0.017029712977129442,7.048929586970231,89.17580152579399,-0.0026965640648078226
0.01729524230959286,6.6496262715876435,87.96362330958304,0.0006220171417062029
0.01670565407011317,5.996888240032139,87.47547467532124,-0.0035755725370293485
0.015751547606158187,6.264617446872565,86.92918639719535,-0.0003075577787813787
0.01727957839534196,7.016099499551568,89.33484369306888,-0.003633571294816039
0.016297318126913905,6.985808081944245,88.58399293337573,-0.0020801197647083605
0.01648764614082427,6.3574431485154035,87.18910661440127,-0.0001425335503004797
0.01660540489785184,5.942889262971255,85.53430157612028,-0.0010042628260361337
0.01647830042500696,4.529272055372369,80.035729531503,5.934798571890522e-05
0.01730042984707926,6.931803379163094,87.7094649889225,0.0024202514312551132
0.016586148753154048,6.558544828650226,88.54543586005254,-4.675803968326556e-06
0.01715735550839113,6.31055454980761,85.26832864393701,0.0031875272033883052
0.016393517491869937,5.781366782429174,83.65232517207198,0.0028605456774425143
0.016672376469780346,6.586117071563474,86.99742614970974,0.0016508794185660554
0.016500003020905353,6.400165360655036,87.40227443425236,0.0002997011063653774
0.016009403043163343,6.190703785898597,86.41239197651286,0.0012640244250458404
0.016810815733519315,6.536762309132216,87.76273168532181,0.00021023693671275655
0.016437506912261535,7.7878451897892695,89.13379313311344,-0.0009564284000618364
0.016711165689637247,6.152710817554013,85.55097326063947,0.00027546072120191323
0.016854836351951518,6.311208506992204,86.9753309558456,0.00039064645452246364
0.016923871625630447,4.765074694963011,80.72572178408846,0.002401795925873678
0.016919915417033273,4.740410293963124,80.87710918050595,0.002731777392616551
0.01654305063444784,7.002432652735961,87.01862300551215,-0.003286414816002611
0.017211566403353955,5.659186108441519,84.02995219941495,-0.003055596113137177
0.016951905938752298,6.639327220024359,88.29597467627796,-0.0008364122660748953
0.017183015862537926,6.722655844487233,85.60378869729028,0.0005393457710307528
0.01623104029847961,7.185803786792741,89.68308532233517,0.0024328257185927227
0.01676843749061731,4.570890666095229,80.78808727693621,-0.0004029843968726362
0.015822918567844183,6.248392109363259,89.01305918359651,-0.004410195799919725
0.015428852183850721,6.401040703210199,86.4904697585959,0.0003892646397255749
0.016329205317444796,4.815030847940012,81.50052007290944,-0.0006281426827160164
0.0165767494287456,6.535761458863487,88.53509864000414,-0.0010250877493940603
0.017602971850145418,7.195818410570449,89.92132671219284,-0.003171657373222287
0.016785587307332338,6.253731769756556,86.4161110879816,0.00016894545579647195
0.016900263487139154,6.032877294336002,87.08573543918664,-0.0048375654606654
0.015689334732910183,6.478620355190869,87.0004208898928,0.0005765365046705687
0.01678090676076189,6.944119576225161,88.84812686137093,-0.0025599691364477247
0.016342843351748276,6.8540573871686865,87.68727674656748,-0.0021418818489652297
0.016716646154471437,5.760763428009507,83.47567974732571,0.004275589085217291
0.016690059922996364,6.1238997972240075,86.25914056157303,-0.0010440705269100686
0.016436360118438343,5.031781464105553,82.19617662284492,-0.001167423694353395
0.017531142117471844,7.232967334521765,88.20973327289794,0.003596052708505997
0.01601211200185881,5.9893075236464135,89.0064293974713,-0.0012148535089559556
0.01721639836498563,7.687346281295886,89.03011199733426,0.005536870640310054
0.016555435383856804,5.087681903444329,82.8518029245398,0.00011067215951542433
0.016816290773938248,6.577857701415286,86.3998506817321,0.0033805742782970325
0.01640853675259406,6.788326197354595,88.93153052200323,-0.0003336151750171442
0.016347454619411624,5.641146659710174,84.19220213352784,0.0007688660356968253
0.016682235354632348,7.096632318726462,89.22699133478,0.0028990555543332284
0.016212218986478455,7.63097623556304,88.96866346660775,-0.0006479691476518946
0.016367877225704396,5.400397500209262,83.46446714892372,2.2791871843490935e-05
0.017475283524456736,6.079873739566087,84.70727432504508,0.003240260312842561
0.016748598847877,5.658003079598121,84.4208214528054,0.0005627814118826673
0.01694515989867981,4.704477388061829,80.74699361924088,0.0027845942732997453
0.01653928224339942,7.015140140955729,87.16727894915402,-0.0028679062334333234
0.017200809294279917,5.164497259375615,82.06678141863176,-0.003026780132825164
0.01710738641177054,6.163677860744642,86.52489672778476,0.0006518276833356413
0.01708584671583513,6.852323929573462,86.04277382096211,0.0010688999578691964
0.01648592005781577,7.195084137205602,89.27231686873293,0.0030583716831765304
0.01637621649679329,5.876049612568327,85.10095752344829,-0.0004429903000672563
0.01560284399401762,6.082262876506345,87.33307361053274,-0.0034033262115525324
0.01550777723295731,6.415656627749098,86.57681914921567,0.00041768111284389486
0.01625256939441967,4.541061524756915,80.50404999859602,-0.0007615492574825337
0.017012448115146364,6.701855014570893,88.25884730592426,0.0009314348705143933
0.01728667053431762,7.117544027522405,89.75176461882266,-0.0032378175256427646
0.016995801220027175,6.172133287478121,84.79938424813612,-0.0025956066387138274
0.016538106062653025,5.597793735385938,85.96005111408627,-0.005171196615039491
0.015732736260830243,6.430236906571516,86.99608933602573,0.00024794347118002776
0.016737480068345745,6.915119546381696,89.67571917441884,-0.0038673077805711476
0.016289228996428973,6.644320430696434,87.43027000275349,-0.004020097744450951
0.016078015679080515,5.877520202226627,84.55679706743463,0.003289326880326465
0.0165584586419359,6.959786799532294,89.52160095879708,-0.0033515181122814384
0.01592317587497682,5.069601642562053,82.81079007400147,-0.002156399170625299
0.01707471557785553,7.10424113760847,87.31759794459569,0.001699894824688838
0.016334864331798125,6.395152208854149,87.10621440020876,-0.001056005104826996
0.01644901350309208,6.596593314997268,86.24000276843577,0.0021225054975809194
0.016517129351995178,5.492421067541597,83.90336254198444,0.00014820544450476958
0.016922817874138074,6.488139720061595,86.00198095701936,0.0028619221324047827
0.016479922793158554,6.553795095762423,88.02429324680045,-0.000895109458822232
0.01739946162522345,5.15925448674017,82.7002381469738,-0.0008637746777223599
0.016682235354632348,7.096632318726462,89.22699133478,0.0028990555543332284
0.01655811044532123,7.645417163488872,88.92550371812011,0.0003765792837088077
0.016448060579955057,5.032616528517117,82.25927213357647,0.00037774330170412766
0.017207307703636137,6.120453334972207,85.13474176359051,0.003174247108363591
0.016665132153903903,5.169430964312859,82.18625529671559,0.002090850455502162
0.016859518373454216,5.534318052500726,84.03635569208375,9.848807861471097e-06
0.016825862639786655,7.363870169440049,86.77551643412643,-0.001589472036440786
0.016992174263503242,5.028678911498718,81.79612047412955,-0.002985538424652874
0.016525833511642097,5.814198177929793,85.14149109348092,0.0005284692178439249
0.01711317801298572,6.811249877901485,85.89347813706418,0.001104755030044827
0.01647030619131186,7.182491585449309,89.51175656381749,0.003277975576886927
0.016376193257620974,6.298887142239885,86.53349571031025,-0.000519252191678467
0.014992193613814918,5.958153101705952,87.02773127778701,-0.004032739927394893
0.016017914391445703,6.54498245960505,87.4795070499938,0.00026700942843298935
0.01625878769317218,4.567639930465946,80.60453753603893,-0.0007362996758022125
0.01702190844263651,6.690544965325142,88.23111076553027,0.0008750641354273009
0.017253631104873088,7.085503664115119,89.69373026277447,-0.003379283700692184
0.016651001816093258,4.890662972478029,81.94876063930592,-0.008211341726002788
0.016634416317543504,5.967344742797929,85.83956385045933,-0.0013103779048195658
0.016042944138407202,6.368810150445178,87.15061352990023,-0.00033629601254860433
0.016533599809951064,6.47974949845376,87.75689296316457,-0.0020027616988013528
0.016270426597445882,6.858462804038476,88.18045927423739,-0.004123584520210602
0.01633274054703252,5.300868652462871,82.59484768550354,0.0031861300843068485
0.01612162864658987,6.806758642222435,88.95760917054888,-0.0004456888661572413
0.015899273208744392,4.8134332987429955,81.05099411662025,-0.0024700325920513173
0.017152860615624602,6.69196327689888,86.3668331618778,-0.0013528507403799137
0.016512489907568453,6.669133257988014,88.02148647374513,0.0002457112568845848
0.016024374538460794,6.385700041164606,86.98548729988482,0.0014550178780714056
0.016603545545345575,5.407693133774181,83.45859461579762,1.8552427875198835e-05
0.016934959920666195,6.490215334145479,85.98745698557713,0.0028519803022661514
0.016356420011983935,6.4922427508870655,88.03513680469709,-0.0010053806609498315
0.017429976815131323,5.065230867968408,82.30227092188025,-0.0009736155032721411
0.01665000168325632,7.173333126348743,89.26975289914994,0.003200541580090729
0.016513696910444207,7.415033921607157,88.30744282036012,0.0006810593323899007
0.016632057402092584,5.210199053477979,82.83911409630815,0.0001188652891876782
0.01723276092502188,6.17233389949816,84.99530632697494,0.0035683145509122593
0.016231033193059973,5.042374856641171,81.78374129953106,0.0022587498465315796
0.016928789031251064,5.903626672695597,84.9635373576218,4.9184691218569546e-05
0.016687336730393215,7.0815134658862195,86.47910438361792,-0.0016088755762016383
0.017043110507306187,4.971166421031883,81.51938927009863,-0.0030480810292934125
0.016534532595384448,4.784081332474388,81.75677781593775,-0.0006038224657484502
0.016897203168439054,6.757706867953081,86.19908371007374,0.0009430346908371564
0.01643924756955954,6.905239948876732,88.5150961638632,0.003137045860778807
0.016214884236076078,6.694163701234083,88.0651158983644,0.00038444381421510847
0.015506995801608796,5.688147202696136,85.54938052304698,-0.0034466033659308042
0.015686031018537827,6.307282748220594,88.18086966070601,0.0013951292196777575
0.01624900208309239,4.485695078731625,80.30102610206968,-0.0007352643647787586
0.016915567055199865,6.636868773631186,89.13022796975281,0.0009811989874299707
0.017006612704076798,6.374384592740829,86.8229036723857,-0.0011076650010629313
0.016106458210295833,4.899156995788713,82.27001437534672,-0.006057786023953806
0.016532912954570635,6.755676189820441,88.41400538008261,0.0010447086483945224
0.01582149659053804,6.557494247024549,87.98354393075736,-0.0006659244280889334
0.01631982582649177,5.936254524254712,85.15697914172075,-0.0007193639553255102
0.01622828530521636,6.715824964657954,86.41511273348729,-0.004539885259771481
0.01631178878354259,5.265021940068796,82.45058578659817,0.003313996888826358
0.016184799727658107,6.158877192054103,86.22683715644166,-0.00018096970911927503
0.015946234013960055,5.807916659494474,85.02438487880103,8.225938657913298e-05
0.017452474614200644,6.453533582571474,85.87252319547137,-0.0015668697102565884
0.01630918935199021,6.449430216397095,88.04685245333435,-0.00041617325294847677
0.015923078920030108,6.437894583914389,86.95099701460921,0.0006910892010123387
0.01668041099768753,5.502560322840643,83.7285163461128,0.00087283241061427
0.016573903393621803,6.048855488001486,84.66205610760778,0.003032836770558669
0.015841250010761625,6.758179216150387,89.17915415223153,-0.0012959314313062305
0.01651224174166474,5.9434548894985095,85.94214226855206,-0.0002356394628315868
0.016661145909404682,7.251546524309505,89.53051121396754,0.0033185429028951665
0.016760810308446106,6.932374377641855,86.48162064651937,-0.0005202970709724907
0.01690050328304051,5.385233733536586,83.28019900832567,0.0008350340206933105
0.017262853567950775,7.279195645677265,88.6352958163289,0.004476085273441912
0.01635544055486293,4.859167700420302,81.3366718848853,0.002500250235056703
0.017128068482723934,5.058554549135622,82.18572812708348,-1.5973339905166585e-05
0.016673213292562012,7.562733332470072,87.45186250498077,-0.0006981511433773814
0.01702947489377063,5.008597300984971,81.65215512944425,-0.003259323561773745
0.01626394987748485,5.556090982993815,84.20210443348377,-3.065040037984008e-05
0.017244117239906053,7.527130715704969,88.09795011575163,-0.00015999276139294551
0.016718898222742185,6.420031745811196,86.74769134782439,0.0008775244528062473
0.015542749927977564,6.634030184777527,88.4889479181625,-0.0016586423082610201
0.015346182631929151,5.568847239796162,85.27168283934708,-0.0039687674049829515
0.015516624460222653,6.481086105517962,88.10944139741885,0.0007523194644273755
0.016333168813526654,4.39800319232169,80.06282264912845,-0.0006519031748152338
0.01704681375224218,6.789049789560769,89.4421479125797,0.0005599479910924999
0.016887974315869848,6.2833220754329,85.31630151233142,-0.0021780399938543813
0.016182163677295643,6.2285142062132275,86.60875155154001,-0.0017654461804908579
0.017530379527588423,7.017779858527562,88.43246435319419,0.0029122981333242455
0.01523224862120587,6.070200408908716,87.531347664539,-0.0029168249363084346
0.01675911633047849,7.049829208003692,87.64792014987827,0.0031929414927946106
0.015977233160145078,6.016185600342472,84.94665266811457,-0.0032748891565628005
0.016303631302529712,5.237620577132249,82.3714109743508,0.003168756380883706
0.016655435422150158,5.023737524949076,81.83687915613959,-0.00224338178079328
0.016101710547527896,5.9726432374651655,85.09035424126454,0.00040938061388882344
0.017046508704626113,6.850858408681413,87.24782171592742,-0.002159434911042562
0.016959597014722206,6.669045466457835,88.67113344281216,-0.000582971628962377
0.01594467215526584,5.939932507647515,85.45455267710668,-0.00032942457980193176
0.01642431906988069,5.615356065476057,84.35624190639719,-0.00015360805896525267
0.016644861507494044,6.175924898804835,85.00069939602335,0.003230503335635024
0.0155878530259107,6.73801640359871,89.30941504457999,-0.0014091949406963087
0.016337510497509936,6.30341312144204,87.16301575703972,-0.0011276460443154928
0.01665990009659715,7.289314677002745,89.68940611210427,0.0034029332047257593
0.01664354262374477,7.649000517152941,88.942084986016,0.0003086332174619218
0.016624269603502124,5.017531257398771,82.13933128421719,0.000737002320683119
0.01705362888253885,5.675278377760258,84.0376805022711,0.0016262721826452726
0.016269227832035726,5.501287763548395,84.16641860583607,-0.001067322600833357
0.01716410944505384,4.655906632416555,80.98442535439528,-0.0008841383593570919
0.01622697082869133,7.4567925668816635,87.80466159000146,-0.0011132509357257938
0.017456734315731873,4.600225744209548,80.17343692839928,-0.003931767885031594
0.016239772904509574,5.125824074288337,82.47200029965016,0.001582475482848497
0.017411852242671805,7.588736631414327,88.23612918766483,0.0004784336475914001
0.017011587553020194,6.938564133393031,88.03285515050855,0.0025693365873295797
0.015784104699883814,6.31926303068494,86.97743217999091,-0.0013846179781720632
0.015237178975670864,5.773651690417409,86.38743895377962,-0.003482930055139068
0.015284360215799438,6.285141740628526,88.1708876312145,0.0007340695647052734
0.016333168813526654,4.39800319232169,80.06282264912845,-0.0006519031748152338
0.01670059506505867,6.736919636093238,89.22708995139055,0.0001666047024873013
0.016670105768159107,5.86481791251952,84.12877221031091,-0.00521307978130065
0.017072366620419707,6.515505900693074,86.93261749186195,0.00018559100035512666
0.017530379527588423,7.017779858527562,88.43246435319419,0.0029122981333242455
0.01620141338955062,6.0214112988496975,86.92867755720262,-0.0016178043163110121
0.016608238606139622,6.956546203805097,87.56786623739133,0.002602721285251208
0.016393365034485335,6.199336948355739,86.28702146347872,-0.0014804373587355996
0.01656622921782644,5.769247260209584,84.02682048981971,0.0031901857006624438
0.016358751168488953,5.61468973484575,84.2036497518757,-0.0015804552292945783
0.015961625634777463,5.855651290519512,84.36061481991634,0.0026968188554269577
0.01687632338861824,6.123844196968521,84.83317774905984,-0.0020992650781061226
0.01697856402342257,6.607262380689243,88.52616118705983,-0.0011769897952163474
0.015404562746919608,6.4301555351791295,87.01411147632946,0.00036381080480724125
0.016479630403421607,4.918233684277893,82.8338065150072,-0.002995935680805396
0.01626211051462657,6.908124313842856,87.62093203118408,0.0037704584271726948
0.015783589308557906,5.790708577505256,86.3088391239294,-0.0030005322154328783
0.015918778222924344,7.052451022412582,89.92378924626315,-0.0020975117902576933
0.01663884813511696,7.1030215941038115,89.06914574908099,0.0031416718450287193
0.016516788953288713,7.7198844740196115,88.53190689141007,-0.0012420527487869652
0.016118176996555714,4.55466013930015,80.93455925768768,-0.0012026535575976308
0.01709022455806915,5.783737048998153,85.18419699587373,-7.564268015692753e-05
0.016274194767202425,4.818756435854427,81.66515493166233,-0.0008437064055380471
0.017189881194927394,4.635035189260425,80.90624027261619,-0.0008792137653518867
0.01591268595714873,7.413188902973732,88.32159599901998,-0.00017626641625286335
0.017261745198438684,5.180303804501896,82.23193407433274,-0.0034655981077689486
0.016530811244987086,5.42452426476714,83.31792190754045,0.0011643009267075025
0.017189666256702037,7.563994811916489,88.15522146772787,0.0001799649533199962
0.0166517754541027,6.694983406624848,87.67582380144816,0.0013364056129773006
0.01567203956508605,6.345498522897652,86.91863271336834,-0.001076387434431638
0.015258956542302391,5.752091703390084,86.29376906628784,-0.003436223165178427
0.016705195097357958,6.872360736380806,88.50297156147153,0.0024041702487946994
0.01644485814660086,5.051346273736443,82.03113201897484,0.0015982678943218982
0.016677921715709233,6.814428591841084,89.51347256927122,0.00025582568941135374
0.01680905853478708,5.760600038185908,84.0194913842451,-0.0035720344607759703
0.016662138829433758,6.253917668319671,86.34996328863224,7.256851251180314e-05
0.017454077382911656,7.170986571385914,88.97891963588803,0.0033680042005828307
0.01576812518405173,4.796587818891704,82.17319200220551,-0.001874541580920492
0.016578508884359723,7.029746764020063,87.78976160279754,0.002371978848544733
0.017408242838629927,5.9093060496600245,84.23153052789142,-0.0035711556265700583
0.016485585442563545,5.841017329934463,84.43508521436398,0.0028476250915393333
0.01660496312854407,6.218877503201691,86.09157693440439,-0.0010166080291460038
0.01605642706473209,5.54187819968739,84.04140453346065,0.0002646918288104717
0.016580739985071622,6.536076139221932,85.7991671243973,-0.005217538247657189
0.017182092174346145,6.823833733773949,88.9581545402038,0.0007430135142306071
0.016001327162993725,6.019767616863305,85.89942135446199,-0.000927320581547151
0.016299975135730605,5.686360755947085,85.8255370523117,-0.0035552714691018715
0.016407902465984486,6.761122098006627,87.19260156474722,0.004636445927483455
0.015435360839317574,6.05028552029151,87.92238957735215,-0.005639273088660438
0.01597167117103928,6.066421372153113,85.84942462096053,1.1785344558969514e-05
0.016675916955079945,7.264885732195719,89.47770511105298,0.003583465270754187
0.016527086374244094,7.7096023415982184,88.52371392160597,-0.0011705995316278197
0.016036176943955153,5.227471180068166,83.07042430109385,0.0001574478506374058
0.017468811750120525,5.5490176130801165,84.50854491351119,0.00017036082602866608
0.016488546582979522,5.864047394918517,84.91523675459077,0.00040814102352043993
0.016984253974574422,4.878200138342102,81.88134024982578,-0.0010974262873834518
0.016208073693993477,7.092493789665538,87.48870671400356,-0.0006896068369608523
0.017206235186211092,5.251461745775412,82.45113056519098,-0.003478649703345502
0.016090835851628082,5.525575576035796,83.7868162488484,-0.0031144050134604014
0.016846126818649897,7.39103557508698,88.26987475754463,0.0010432039299824176
0.016684389036738776,6.153611679579077,85.91271339971935,-0.0003717555130295612
0.015914745444331642,7.061374857039553,88.00910093828844,0.0023359527623118626
0.014534704642476443,6.085525099174695,87.29463865561296,-0.004595523021777907
0.01653677237405658,7.348555378060194,89.95469696796087,0.0034889102216802575
0.016336244401792124,4.8777400891079346,81.56910836944562,0.002785328661832214
0.016513156463593907,6.6050762746724505,89.21856328115177,-0.0004228497843930712
0.017311266305268486,6.920140426080899,86.83078441586838,-0.0007361403329167859
0.017168830375095978,6.456001983854486,85.71313795844785,0.0005784423704691885
0.017454077382911656,7.170986571385914,88.97891963588803,0.0033680042005828307
0.015944148291229625,4.921669638314733,82.44126221293949,-0.0014107513296061072
0.01656831678853983,7.107600133142285,88.31844089403086,0.002644734560427615
0.017408242838629927,5.9093060496600245,84.23153052789142,-0.0035711556265700583
0.016578750823563086,5.072769190528087,82.51316192501453,0.001112985260471597
0.016713822117113645,6.936192577841771,88.49804718485335,-0.0014282113787111458
0.016512979431740977,4.753881538240544,81.51682828021839,-3.572831812674983e-05
0.016572852440712594,6.405822043835289,85.53169126138356,-0.004465312784795121
0.01676224121739226,6.926753227199708,89.24487056538594,0.00025564594319433045
0.015241305825222404,5.412318324252904,84.83505219995348,-0.004078021357120012
0.01628640593147582,5.688294035746529,85.81956249090297,-0.003519219088348867
0.01638275601063141,7.056751117684986,87.64874424558953,0.0031366747672397356
0.01571227270547114,6.040902610521925,86.97797860686086,-0.0037135997850380447
0.015353703739440365,6.397724461781418,87.17088234620792,-0.000548948831171534
0.016675916955079945,7.264885732195719,89.47770511105298,0.003583465270754187
0.01647046463364545,6.681351036744738,85.90756295512568,0.0006388647210957693
0.015928766028504224,4.9329102308210295,81.79811091092088,0.0009264453246132123
0.0165146020441449,5.75958686731254,84.70799537612426,0.0004950513615301112
0.016650358942935976,5.415821262694437,82.92492417844113,0.00213472821443633
0.01678077596949015,5.022156812493831,82.37874619294315,-0.0003504804924506901
0.016184817746147932,7.4696032403217645,88.77935280477479,-0.0003262082380212573
0.017262656264594996,5.04400392519112,81.51702141460707,-0.0032071304866993383
0.015794715819228443,4.538790437580262,80.6661594534632,-0.006679965756392613
0.01670960706619017,7.549956303708202,88.58083609938073,0.0005693967318527093
0.016496043548689752,6.634926077325099,88.31883770733216,-0.0014259737443921422
0.016273969819934144,6.55202816763315,86.6955507019769,0.0025260802035855026
0.015350969483177818,5.808264524397889,85.87185317578374,-0.0029792230438322235
0.016672307899794167,7.240810706211458,88.92666824866012,0.00213493924588501
0.016039707931005884,5.284745767126032,83.45289723313074,0.0013573808916899147
0.016483313279528844,6.6151154286781,89.39333845400539,-0.0004611706665209644
0.01718454964841535,6.9743450262149285,87.12992042681529,-0.0005938371373104788
0.017191136216995903,5.8580411546025974,83.44720107825674,0.000467139024881403
0.016457594161060414,6.813459801492584,88.5083305525567,0.00011590062456809055
0.0161614350918272,4.518535664289586,80.82986766573207,-0.0009963832810582986
0.016455916704688964,7.041858885145272,88.40836627971696,0.0032460116438123984
0.016932982042712805,5.452476079847277,83.27996439619618,-0.002615023428040769
0.016098657094178414,4.788773345527188,81.65749860540727,0.000260051642520387
0.017008532198463273,7.883665836602761,89.53617401821887,-0.0020925219512972896
0.01610323318065106,5.081119941891047,82.76459328382528,-9.153769475414277e-05
0.016780026686011165,6.406170229899609,85.46179226749886,-0.0028825832290387916
0.016559116935731158,6.653275222831401,88.40475386979458,-0.0015154717620614426
0.015880251826912255,5.361141367805346,84.6600959338622,-0.0032992816255421878
0.01632032419858826,5.766925918072458,86.35503131392933,-0.003386663156441667
0.01632903967237046,6.830450428578571,87.04552831205173,0.003330047619346978
0.015608155853665914,5.832660480674905,86.49360644867079,-0.0045060688941374145
0.015662635479547323,6.466429944148036,87.121936220043,0.00014026458355197342
0.016614376208616784,6.986171790470325,89.61415228389544,0.0029306566758065655
0.016289115808792443,6.447895090863199,85.78597708874688,3.3919209168330536e-05
0.01654721428693068,4.808102288720971,81.28714823726072,-0.0003194265264578832
0.01576572394970529,6.42836520701898,87.49614135886179,-0.0017653426633435917
0.016575733876923064,5.406142761001257,82.83117777304068,0.0033888738598017764
0.016895620588285015,5.162498397378033,82.6924456184422,-0.0006983746942227347
0.016242523587934782,7.734894858710302,89.2303681970004,-0.00012192017230957088
0.01724691379228559,4.875559500410091,81.03103943663675,-0.00344824638661171
0.015978018686726943,4.76692450967875,81.60838799123125,-0.006646903510098551
0.016833621815413334,7.923856307351822,89.56399954556396,0.0004905065559427304
0.016228639120843404,6.41368770124555,87.35692182374781,-0.001582249910367979
0.01657352035267681,6.833706204567072,87.05098314181576,0.004218260390936918
0.015543622778265301,6.0903236142679384,87.68397948589698,-0.0027660037695993608
0.01659669850857294,6.896668998063305,87.91427060848713,0.002804374019440322
0.015893223331709345,4.471083977068419,80.43528235645499,-0.0006533920299589414
0.016469306146870005,6.572682698967569,89.67240083864522,-0.0013539529761480212
0.016792347198124863,7.633552934619576,88.86295377199556,-0.0013377075110321236
0.01647669609106837,5.63150925221256,84.06984080559167,-0.0010257217620405837
0.016439047975183946,6.760057577217084,88.40837963649584,-0.00018879694744957623
0.01633978281323416,5.797042349482746,84.87711917280139,0.0007325859075788292
0.016211359226020933,6.369569752357099,85.78703460915563,0.0025942074193613797
0.017151516401549657,5.250462993664418,82.53118360417103,-0.0030102817550986265
0.016259648435872416,5.023263243448595,82.22348284620104,-0.0001828390183818426
0.016864157396962752,7.506156039960049,88.25825024765845,-0.0003191377718839016
0.016086734756637036,5.414468859858679,83.8867795382824,0.00045785562558321583
0.017293299474918818,6.701630336850652,85.41537363501655,-0.001705402659035656
0.016457975548171074,6.589799744821538,88.51485400589002,-0.0013077303002095543
0.016223318617126687,5.805511830540376,86.19954518228312,-0.002177827336637508
0.01630996075364909,6.370559543386635,87.23785451990204,-0.00031033682188635024
0.016363889022198035,7.003133579614723,87.5313750856702,0.0036321688664776295
0.015644185663534777,5.886778478006823,86.39926995942017,-0.004309402244414739
0.015560513608594565,5.69777048269825,83.64502674903972,0.0030595065461792885
0.017090171997918915,6.739396203376095,89.17498154069463,-0.0008135683389367478
0.016623520204873805,6.092972478814949,85.88303199085122,0.001174692133292136
0.016612510442953726,4.6749444518002825,80.81694633768561,-0.00035124843177379935
0.015613406974034034,6.013319974212429,85.3958960610375,-0.0005690547044755472
0.016393601314832067,5.942005441017696,84.41607742154497,0.0034347889314628806
0.017098443191417432,5.1282948648030215,82.5400848941346,-0.001115408088931649
0.016426816641123637,7.536230237703829,88.4384693819689,0.00046429151191425353
0.017116274333873756,4.9506393566122835,81.5104776287008,-0.0032610447176938317
0.016063045655840217,5.171289419664259,82.91808298082276,-0.006495963115043857
0.016562735358630825,7.701097350999041,89.06694725685806,0.00048595700947954743
0.016649071816183247,7.99293099485595,89.21942205430919,-0.00044719303505979385
0.016490835227353808,6.589517709321692,86.3884418947636,0.00387658407446239
0.015239869642479153,6.2396862627391165,88.860527933104,-0.003332536012773438
0.016643357614801024,7.1166470336566325,88.3593675161271,0.0036029582241052707
0.01594916806587747,4.618674461605901,80.9013234274317,-0.0005205369776249678
0.016295513590304015,6.561170878405856,88.10011455753536,0.001060636273947159
0.016972732016449665,8.082967064519172,89.69415166149778,-0.0009497676075480026
0.01615323696420564,4.857926593962466,82.05305583127164,-0.0007215517615456754
0.016398989438292915,6.713184343360802,88.40578038552046,0.0005962779816362518
0.016314702452852242,5.678605929779561,84.37419309678354,0.0006987032825523615
0.01616674760314982,6.468047863078224,86.04637764751203,0.0027639725204799135
0.017308567876853947,4.949575519389699,81.5391016392265,-0.0031852617456951835
0.01610333526700185,4.953558487246032,82.0338789569388,-0.00045561774451874544
0.0169527446021288,7.849184454525446,88.94152507312151,-0.0003676100966636007
0.01616724896083886,5.219473034543373,82.71183208183646,0.0019659254289890763
0.017589503420375924,4.721294874016867,81.30202794677902,-0.00031342622510575804
0.016160395720479365,6.553039592361001,88.37251765932086,-0.0016895739059586082
0.016046335336046196,5.555933011907268,85.86028641331781,-0.002906474603319673
0.015967105872244834,6.120601977299504,86.30111013754471,-0.0012242873856917746
0.016482732326110527,7.2641442604183615,89.25347062810636,0.002693745917276013
0.01572285797244484,5.730932067984704,85.46231944495695,-0.0030538771724438656
0.015420767806953853,5.61742850361584,84.16105793240523,0.00025301339519432243
0.017090171997918915,6.739396203376095,89.17498154069463,-0.0008135683389367478
0.016723822907915256,7.160792282279997,89.48717185770941,0.0024305143050224387
0.01656756979062433,4.6000917798818755,80.57436997550323,9.721722858602936e-05
0.01526170020047226,5.7445686979421,85.07749369746024,0.00017435157284142544
0.016391577694110378,5.942107871409777,84.43822420740766,0.0033869239953977703
0.01674982851173333,5.221787964123243,82.98248849023373,-0.0015483346623973908
0.016554646765186223,7.707170358185075,89.10107294525345,-0.001867304128433089
0.017409737897483145,5.076329732648103,81.77994587049878,-0.0036711152039418642
0.01672959604302672,4.488263642472292,80.24865941958643,-0.00775901431075352
0.01662186445308998,7.596103151197109,89.04258709633129,0.0008999414795948669
0.016629694219676906,7.874076061614233,89.05725480487904,-0.0004859951134734018
0.016565421573116825,6.595758540436631,85.97323600064763,0.0050499355545908725
0.015266414040169825,6.219613690054358,88.75253964680067,-0.003280412765053543
0.01671399699575429,7.254674316703544,88.8215720273012,0.003848603914768715
0.016273038127235757,5.208482047958971,82.6621352766438,-0.0009698557935145843
0.017044271256889416,5.314798664676873,83.64758730937008,-0.0006928678972095122
0.016640680814345103,7.133332196451929,87.49686998804069,-0.0029187077484490523
0.016409203118420895,4.455461403516737,80.1214683809125,-4.7947942001396924e-05
0.015460384935591447,6.266391750237711,88.70350281364557,0.0007558212340339687
0.016497280113694206,6.060867985851486,85.79545572268783,0.0010742522202015212
0.01622726078005948,6.999374707188164,88.18202758787183,0.00241134292251261
0.017259924486118933,4.930383157268269,81.48863442087156,-0.0029872090990840173
0.016099678135926596,5.015044090560991,82.38473889890909,-0.0006664131302306555
0.016855623178205815,7.623595291592578,88.9651032246074,-0.0003806430521183634
0.01645551698487068,7.091458435572484,87.5740412569691,0.0032859318171742646
0.016695149417904703,5.005912034421843,82.24909718730255,-0.0002480117037632029
0.016066329784621896,6.209368811687217,86.78493197604894,-5.554731242078388e-05
0.01631957747542338,5.50035616128175,84.85205469602123,-0.0034377070783437676
0.0164634259338518,6.912311882581371,86.31991906944506,-0.001442673468322028
0.016290728188794023,6.476002297997672,86.40876641930244,0.0024472871085419925
0.015450886923568039,5.659887250221644,85.65031586974877,-0.0033512122550452823
0.015563879474897697,5.399412139577379,83.51953063289241,0.0005070138008227966
0.016854319557715988,6.710757860040191,88.91253020662505,-0.0005349426512032181
0.016648327558584235,7.259171989322175,89.70524855654398,0.0024388125686367747
0.016393227852491456,5.066640775943226,82.65989644400295,0.0004856492246594639
0.015420595373204343,5.9575015467723125,85.52331747874096,0.0010655488325591142
0.0169732861910332,6.670898855729421,85.67070290230191,0.0005232300465839365
0.016565861170846536,5.21198333978938,83.41107585096651,-1.5030652864694242e-05
0.016775101208324966,6.828115603059632,86.24768789780725,-0.00154561806459177
0.016880622652714065,5.144708921048036,82.21138479071179,-0.0016458138471835862
0.016677184396667634,4.712849655354968,80.9793441852462,-0.008920040915484725
0.01669732468645269,7.679030330147707,89.12015487539347,0.00037500042408461845
0.016909527087293732,7.7664521455498905,88.44024241855459,-0.00015335317831551075
0.016528309078879023,6.389080577271518,85.49072299007227,0.003344026176514604
0.01521980110187157,6.127502959192159,88.41959346490812,-0.003360448910963383
0.01672401586421507,7.013227418085652,87.56135406003229,0.003766419564916644
0.01602193008477721,6.362814960336925,87.78533636580464,-0.002335776531455964
0.016790490355597223,5.018069602149147,82.25990980974123,-0.0004794701864771258
0.016658229553513853,6.944345180815851,86.87566008010731,-0.005075870638402053
0.016443320035929715,4.504174017274645,80.31930943948676,-8.118702606525448e-05
0.014730229256672858,5.685074679960623,89.09670533989156,0.0008302922372753442
0.01654100666202324,6.909736309137828,88.41291845859377,0.003261197055352788
0.01555658500212499,6.7994900613264955,87.49863055571245,0.004727294104375195
0.017137873168333845,5.1037694576376955,82.07297496309288,-0.0034019917652386203
0.016121885374223103,4.539534471816927,80.66306120962945,-0.0019904396574760555
0.0169232231570537,7.864755328528917,89.58579128801081,-0.0004622086082093175
0.016093808549976798,7.1154261146941105,87.57946530531329,0.0031131067643645335
0.016995046642379406,5.239005407152031,82.21387104417178,0.0031827059275536637
0.016077051726623628,6.2794395033264205,86.33953501037675,-0.00011335759267278771
0.01604982896189705,5.9909336697213105,85.9405399081402,-0.0011468682281773725
0.016569241985756232,7.359466453379773,86.81657236092815,-0.0007509975309746216
0.01639101184917003,6.2022915017540345,85.47295134985606,0.0027181622366863048
0.015485812413543552,5.712477728875413,85.78520283819473,-0.0035012826033330446
0.015792008939756765,5.64767871085442,84.5930610505121,-0.00031789477085022565
0.016836293748819814,6.615720526970897,89.19377403843043,-0.001671742685274834
0.016635873074183967,7.242537956492278,89.66307352555287,0.0023785909829188907
0.01632570093551854,4.907577734847143,81.48467296243577,0.0033777818759296967
0.015269563463319605,6.546525415855259,89.19503606913146,-0.007545264857511076
0.0166019658845223,6.970485571353522,85.97630115347803,-0.0003622194626044416
0.016229015649404478,5.792878109882652,85.02028463955453,0.0012368295917144674
0.015860114737944676,6.512787403565019,87.84009664266793,0.0003520885948795592
0.017295925073539487,5.068341844791751,81.81152071174562,-0.002329466179227029
0.016961490308156926,4.876195196909012,81.36172199671084,-0.005891729657361148
0.016717872471214305,7.870430756242117,89.5697060145822,-0.0006411758333778367
0.016846718288258962,7.464644562247575,88.21171252966872,4.974212576366649e-05
0.01642457102119793,6.453972042409412,86.04148806363429,0.002840884612804505
0.015394489928176573,6.193862523658905,88.30115097352808,-0.0029579699381864677
0.016681073663383013,7.205602296275314,88.05000486756786,0.004174597621027335
0.016515636978120297,5.78959126515977,85.31227199230051,5.218347219521167e-05
0.016826648146067668,4.932208063709938,81.9519417348159,-5.210824675002312e-05
0.016897978166482412,6.266075199106972,85.03958177516714,-0.004309139824216823
0.016443320035929715,4.504174017274645,80.31930943948676,-8.118702606525448e-05
0.014620604028356908,5.45008691213336,88.77816741531448,0.0005056189690100219
0.01662127549429321,6.378555884624486,86.89613572181604,0.0012487135178953063
0.01544904775783693,7.165239849749808,88.08652262435444,0.0051973626927094094
0.0171641590804125,4.931834313904535,81.70014733091182,-0.0035675662443459292
0.01615214225245976,5.881950158481722,85.5749235937225,0.0004044616429347237
0.0169232231570537,7.864755328528917,89.58579128801081,-0.0004622086082093175
0.01644291549168765,6.794885612018961,86.69477332943973,0.0029709349063850184
0.017053598918173863,4.895127853466939,81.37646909243068,0.0028349012058333364
0.016165407303145928,6.235231591173549,86.0562535143678,2.949028921798183e-05
0.015981866594149942,5.7670399262001535,84.84652461551595,-0.000991532014225278
0.016324474514653117,7.3735682589168725,87.76641887310062,-0.0018649149581046248
0.016522865295385235,6.243081408129831,85.28444168811129,0.003556701172650482
0.015485812413543552,5.712477728875413,85.78520283819473,-0.0035012826033330446
0.015299401232331016,5.827957055025804,85.12275027186104,-0.0002441491790209166
0.016834144590598562,6.6455816923573305,89.32822117598641,-0.0015993012400573716
0.016777356533852983,6.911336386268331,87.92239604425356,0.0031909423341883528
0.01602316790277393,6.335185687824536,85.5534389678055,0.0028014053309388122
0.016222033922360053,6.264723572977818,86.76037804125971,-0.004748489642858349
0.016590650126729046,6.884296508253879,86.21057602169141,0.0009440993428160276
0.015701850111728217,6.553201148765281,87.75839166394088,-0.0001695566865819978
0.01580321756645554,6.613218784735984,88.43676717475965,-0.00030061252947722857
0.017712096371592913,5.34372194078086,82.53989489997105,-0.0034268902059262957
0.0169751876661888,5.63809678642187,83.37435785877261,-0.004057210575207892
0.01666611862943783,7.366809783366337,88.04194029464374,-0.0016355483045222279
0.01686091524101409,7.473574352651467,88.21683226225083,0.00010864353263035633
0.016446178474299526,6.550613859779222,85.89580675092691,0.003478025187003352
0.015339350527736252,6.19793277084535,88.53691039577654,-0.003830281709020957
0.016873822143238206,7.337740607010355,88.51174245332409,0.004577918500053232
0.016532752748696748,5.798402902290186,85.39466894299173,-7.131368169959596e-05
0.01687589782926303,4.919932793277265,81.81809243502643,0.0005434029466482033
0.016574032718125232,6.299245536249548,85.82494993896889,-0.003329780207142691
0.016443320035929715,4.504174017274645,80.31930943948676,-8.118702606525448e-05
0.01526891600044286,6.114689423891801,88.94248651010678,0.0034572440740624297
0.01692250009451285,7.301712096804744,89.5633532331327,0.003065878527348756
0.016762996569634418,7.125685834937274,88.75018223897038,0.004256315331705087
0.0177025896354488,4.7940610495911615,80.4034165663735,-0.0015465732505920535
0.01703748991071104,5.033736620569399,82.49762941507585,-0.00015894952032632112
0.01685993011866,7.66963574307789,88.80991544340075,0.00048345141739591837
0.016430395017648425,6.833835199751565,86.80381131416992,0.0029737239233164547
0.01667351987353694,4.800590819326195,81.30059808171488,0.0011132226589340589
0.015887154034137423,6.4871709347673425,87.40556320155378,0.0007916663131241918
0.01596959098175092,5.434742997684342,83.7097692040037,-0.0014624718704715472
0.016296040169854697,7.403716115604128,87.70830232216773,-0.002213484798141877
0.01645615404555218,5.515159133743895,83.47774871755006,0.004251591564906305
0.01542123037068004,5.648019634762262,85.57178474063628,-0.003864616951999673
0.016011552376019065,5.9022052618645535,85.1673677403864,-2.4593265473634666e-05
0.016834144590598562,6.6455816923573305,89.32822117598641,-0.0015993012400573716
0.016894448546416158,6.802676590556026,87.06939694766926,0.0032852225746148353
0.016256021886381367,5.787264787140026,84.09622686424623,0.0035728881117738577
0.01656176917832967,5.862657246560723,84.95379565064192,-0.0012524698218979926
0.01714509911184261,7.806638004067284,88.29829513772347,-0.0007921495043087748
0.01572942547997941,6.448131247216621,87.53595102314537,-0.0003590801910146979
0.015772925786240358,6.597000537985649,88.41434144410835,-0.000386172440284935
0.01808329192136019,4.550152230666357,80.036467109916,-0.0027353838001850385
0.017060013818634714,4.80459208866341,81.61423395635423,-0.006073342791899259
0.01648408354368947,7.279620557275119,88.4868664499764,-0.0030296844630854037
0.01682014023737193,7.161598166219031,86.59155771518597,-0.0003720721203879122
0.016205706759348768,6.375521085293725,85.92387125261007,0.0037279833507170928
0.015513512558894202,6.078532226796289,87.91751869396592,-0.0034537480290125983
0.016425090189679248,7.004403357690144,88.77516927671076,0.003126249063647857
0.016357750341595874,6.6887387738320765,88.57836209298486,0.0013486892816190416
0.016852220794246434,4.906875392399875,81.76344170092713,0.0009029592447898863
0.01683964959779736,6.6191978988186015,86.44368009453956,-0.0038336155349481937
0.016453231858733455,4.744874350266738,81.26191293419097,-8.136501098980262e-05
0.01550927448918751,6.240646406569324,88.57127900593355,0.0033906307738857926
0.017003649248477578,7.2435984163713725,89.30590135002839,0.0028384416074288916
0.016540016696838043,7.092519300762189,89.1168588777571,0.003510851509806048
0.017664504768854502,4.8064066497601345,80.46578766337088,-0.0015221303719715115
0.016963032314959853,5.020130774791287,82.27634701813427,-0.00010638436271622918
0.016969114721729996,7.859298709113385,89.65330039984539,-0.0004358725297389041
0.016554605213855194,6.928148358891734,87.40218783632756,0.002961668888500804
0.01697153713686191,4.603709636831724,80.50391122509642,0.002313123521685369
0.015496287664765376,6.641823810023342,89.42917464211645,-0.001629900357007344
0.016234321835914195,4.943718242490593,81.71893424255896,0.00013094895183462398
0.01605008575526415,7.20490512835471,87.47090739422107,0.0008020555479614979
0.016588693094847458,6.03713114707698,84.9684938251013,0.002285067769405897
0.015957791146721995,6.405578241015131,87.24317813367466,-0.000367354652489168
0.015750137045133283,5.590679704745694,84.85093744027296,0.00022970948929399273
0.016788586977429965,6.243234668001861,88.92062383338505,-0.004520865961119265
0.017144622416096884,6.796124848584783,86.66068961964608,0.002865564978980702
0.01586637798103461,5.308268454469586,82.5916137136912,0.003045110430671251
0.016463087261533272,6.464813836631382,87.5089456988436,-0.0002585414190797175
0.017385632395174228,7.106823976391057,86.45324804340049,-0.0010695439461556717
0.01616828273871963,5.45472374805179,83.89297254902462,-0.00015049972926908304
0.015899723367569188,6.568396743766899,87.6399729082008,0.0008469563980585187
0.017292336343158656,5.536557283307039,83.47367041534073,-0.0025050755424222896
0.01714883258676175,4.756462747379884,81.58988234942547,-0.007880087564033656
0.016597806115416013,7.39160170757174,89.20021452491471,-0.004477416346602687
0.01671730683490129,6.874760983246013,86.67882258681293,-0.0007751914148000549
0.016546346163154226,7.439130072455731,89.17938929293226,0.004733646122146596
0.015764782112212772,5.860693178767395,86.83417153965391,-0.0031991705664899273
0.016692552212734656,7.270321686018489,89.03235310897799,0.0037329130921822115
0.01687739032331762,6.779634821627054,88.54925764176109,-0.0006769817453855361
0.017165840622791126,4.66977446262734,80.7977569125735,0.0023541656713939397
0.016493927360335024,6.594153277682021,86.92467273268676,-0.0023795833651533062
0.01635318859481012,4.949456829138308,82.18313202275586,-0.00024638927791212394
0.015774518121838048,6.31213516765278,87.90994678336311,0.0011640984503411122
0.017056811249724736,7.126535295676072,88.82864237339761,0.002958296145593663
0.016465406187851316,7.074120242610426,89.7894692721749,0.004545062729088854
0.017722910816853506,4.678148213317874,80.0307359269929,-0.0014217638133692538
0.016798712097737478,5.221076813046968,83.15211192742376,-0.0003368447990937066
0.016932276756401403,7.826200307639112,89.59331353111115,-0.00027068638827619116
0.016527543082919333,6.4061697113814775,86.0842460518289,0.004002075652768655
0.016958821026834492,4.5927537698771115,80.42602243375198,0.003044208238027056
0.015813147607367125,6.840046421110519,89.76720261094877,-0.0007433496851784892
0.016261594325212687,5.800826118805053,85.10592086296097,0.0003306835119281507
0.01649901182797412,6.940074057949949,86.26725200316824,-0.00045074311004797906
0.01691212104254576,5.01501510639792,81.84965014530873,0.0012434148102558966
0.016728213746832254,7.4368220313962645,88.89510280418965,0.0033167121093578213
0.015169528875320101,5.667653874956834,85.92178349873652,-0.00237650909983866
0.01621492226093582,6.348622198330153,87.9456806709656,-0.0014079815957124663
0.01709325992604688,5.722694990051606,83.73376624623984,0.002331896361044456
0.01654106946744075,5.540382591670274,83.43572971528505,0.002363123967464675
0.01642475512518324,6.65912168722952,88.20991139211729,-0.00020194507354677192
0.017243658668334164,6.946542506003334,86.54007392489504,0.00026719491256983275
0.016076567436674596,5.784344672953483,84.81719886775119,-0.0010831401258335378
0.015570865411658178,6.505995560997256,87.45645603965522,0.0009172976060001772
0.01734346474845465,4.799969941653291,80.9387993532654,-0.004983947288298638
0.01708701965335346,4.917787807772578,82.15380062530046,-0.007229385634664729
0.016501702273526216,7.217819705278838,89.05199249065926,-0.001827163461652732
0.017068339755210125,7.640595289337992,88.30299770028537,-0.001191764233640241
0.016310413673770507,6.97962554918906,88.10068187986602,0.002863993771403307
0.015555911328480885,6.0907573686694505,87.73426858604304,-0.0036377017014464466
0.016885164067640363,7.203444965864142,88.92724521545038,0.0032601515071872898
0.01690697147595663,6.787956237823838,88.54070771322488,-0.00069222809892147
0.016799346121302877,4.979832913407398,82.03163900836091,0.0018636930671346802
0.01708924038857425,6.8041457738932785,86.54243698875352,-0.0023992880751394457
0.016770180911915688,4.991386583494247,82.0921302746799,-5.5138587612991346e-05
0.015566672379771706,6.254175341055303,86.92927243023667,-8.188223895033936e-05
0.017196589032627704,7.071359882542173,88.75047208225469,0.002661050975541335
0.016437678910664364,7.078671372325383,89.9052471083639,0.004697530667692174
0.017712793665803462,4.70864526832369,80.13817570921108,-0.0013652220905322771
0.01710827847028006,5.178297398448228,82.72217293043563,-0.000747576354019125
0.01678068556337442,7.4491936392193505,89.21273652092876,0.000791229435256506
0.01641706268594447,6.720107828207523,87.11676749544952,0.0037616473000016003
0.016896677825582553,4.890611684339049,81.36471019811195,0.0030044777566537715
0.015813147607367125,6.840046421110519,89.76720261094877,-0.0007433496851784892
0.01610274614641653,6.789024545018783,88.73548745898904,0.0004716546166547229
0.0164252686506903,6.896483852804974,86.30566329971141,-0.00018741011505046096
0.01650582148937009,5.496859688308811,83.51208787290751,0.0007852444996989903
0.016536032292964666,6.961595722769971,87.1073652491268,0.0031844616131731173
0.016261284039946214,5.949300718566358,85.25966237418096,0.0003881895944409584
0.0157249750506406,6.265583514845544,88.72561482115157,-0.004902829432723695
0.017254279498026315,5.039028598677448,81.7275441242111,0.00314641120981613
0.01597351289357031,6.635757206406683,86.98652081102166,0.004445876381243304
0.016991682304941736,5.892114352190008,85.68556094183393,-0.0010361287709464671
0.01725873900602021,6.898543946253233,86.39999797582564,0.0001713669940924588
0.0158390351874426,6.1225719638410965,85.91278497261057,-0.0009792815479547664
0.015756516231075015,6.111774719217408,86.19730604161497,0.0005999488800191093
0.016215177207789297,5.25181416791407,82.83893385777509,-0.004020954563597266
0.017033667502399093,4.997875233432136,82.39966949279616,-0.006782242558344503
0.016363910098630613,5.660251532164692,84.64784381296865,-0.002580899044211906
0.01706661377949647,7.642014623725492,88.30530055245042,-0.0012390560722488403
0.01631410292718395,6.982496758562581,88.15299387481063,0.0029171456172522193
0.016131483416126573,5.704905292684232,85.61951164162915,-0.0029349677927926676
0.01678134709924917,6.917229235269887,88.07363599574288,0.002521482418895028
0.016258167832736807,6.579923761799455,88.34574213855815,-0.0014356352824554269
0.016885365746479898,4.567964080551675,80.53045524438305,0.0010702406603666538
0.016958895047252454,6.336566510797018,85.25016345457064,0.00044504273428108113
0.016725646509481256,4.6818316053442,81.20341288810536,-0.0011547551322397983
0.015018408200076726,6.614502648865897,88.84504633384654,-0.0016022899849293748
0.01703768149201221,7.0509860893893626,88.62932339373377,0.002570266849889388
0.016469385107205903,6.973194514235065,89.52127565014702,0.004502332979671348
0.017418804809938494,4.944167689963711,81.11478212750643,-0.0010495383170371336
0.017265526791177214,4.424464554718116,80.21155832577556,9.834028143741692e-07
0.016719703467549567,5.366985804089599,82.76583850339895,-0.00010254598499658072
0.01650788627727277,6.486077650542441,86.1812370987295,0.003087342693573447
0.01679734741430532,5.217957250886813,82.24374205943697,0.0033309413808516783
0.016278012524787812,6.65238792872722,89.07804795390383,-0.000114859908045108
0.015489126509144309,5.976325280508669,86.6948686362742,-0.0028844142803039936
0.016609502676917114,6.905211430949967,86.36299831270829,-1.5736110602153114e-05
0.016632654142964266,5.297817731529958,82.82126584772176,0.00017429844995242767
0.016955292334927815,6.630374723147443,85.8662658074502,0.004346539913950136
0.015804172136252802,4.896128796239907,82.17702943633054,-0.0015356131883979933
0.016212504140572702,5.696940103663157,86.07114338440518,-0.003297446165109565
0.016781252326018393,4.985723015424694,82.17226627505634,0.00038498428756979794
0.0163939952628847,6.798779644715118,87.07013495457385,0.0024210344620622143
0.017094016329074566,5.76379453143653,84.98888273278044,-0.0006035683885178104
0.017407095470252584,7.119923151122046,86.85127872263018,0.0010069367114460502
0.015775306359059663,6.823735065808802,87.76446689474714,0.0021691415823281808
0.015002074368847396,6.197180677878271,86.51996827877589,-0.000617430068536904
0.01589110006361942,5.62583325511538,83.54344931743313,-0.0021325151072003243
0.017410494037352262,4.644721199663284,80.42359851120875,-0.0027325012769205802
0.016242484067043907,5.30000205385743,83.96452872999969,-0.003659255691779808
0.017058508134541746,7.636673459832851,88.30299011087224,-0.0012254879361840248
0.016423030748013597,6.839989454399705,87.63516492089563,0.0033228881593139062
0.017062515605170823,5.573549350140317,85.1394574395517,-0.003516098333844368
0.016682796537679564,6.3646778589447175,86.15030075717706,0.002311095630641098
0.016550283256291553,6.477591863979256,87.80964443100945,-0.0005056247317665605
0.016989983815898037,4.485887595769815,80.19078368231322,0.001344915562785375
0.01701386375776019,7.219860363361092,86.8841097838595,0.0011077495973883934
0.016359187860491366,5.509356649862865,85.75610714957388,-0.0044550149560935665
0.015403894397953314,6.2742438778250715,86.87748923093129,-0.0003148950813845771
0.016858186084113543,7.001428254242476,88.75950366141132,0.002500315438290181
0.016636997682413054,7.088925003776747,89.00522030914381,0.004129234372264324
0.017048643799865978,5.378747565749402,82.44529212183109,-0.0007525984357002946
0.017166866197542,5.050300638340641,82.28797245730938,0.0006075542936731229
0.016510754929177016,5.891047558082484,85.53168946790709,-0.0004172269615524411
0.016683022689632135,6.595134249636521,86.37762466458366,0.0035061766247513238
0.016509579883611056,5.615382860926612,84.18699492158963,0.00042255369396271454
0.01660985696462177,6.0689103428970235,86.25141117243818,4.107046336778022e-05
0.015669417167565067,5.86999822070082,86.51738985432551,-0.0032140003008262054
0.016926952067444632,7.53250265088306,87.75252765150661,0.0004507257607657278
0.016376267994080148,5.418282952469065,83.47162268668067,0.0006506702150231945
0.01710624130332826,7.2649862300050545,87.217477436227,0.005478485768622658
0.01590910391149529,5.753789551629945,84.84926711768924,-0.0002312729249039358
0.01644397982366999,5.631732295992111,85.77082668968768,-0.0029395001945009443
0.016844196284544435,4.9012673179112225,81.80463080834323,0.000435465360703103
0.016246946120866433,7.044371418902134,87.75640336209008,0.0028918981554744826
0.017153800625959933,5.861331219326045,85.10047419927126,-0.0003610793891907528
0.01706211304291036,6.895366584144197,86.74424844282578,7.308207741275278e-05
0.01603408695651146,6.8753162068055325,87.56838888585854,0.0031043325695875135
0.014990163294655481,6.321549483503274,86.72858362915139,-0.0010640785239977222
0.015887209014335258,5.793746445381693,84.25061363933196,-0.0015898180080380765
0.01740589297269079,4.724176174984973,80.86911159064609,-0.0026526838701264295
0.016252970952808886,5.26322778373187,83.88954845820197,-0.003975828055841328
0.017064975472006496,7.591577450651201,88.07106049139158,-0.001068702576866058
0.016463860903083456,6.541049974412798,86.57923462907435,0.003051752204671797
0.016689878531007896,6.306544684079771,86.79377066480949,0.00019843354439610938
0.016996632730574106,6.250622412314662,86.62084738455087,0.00029876727402520196
0.016418030118157657,6.316857395455098,87.36782768766727,-0.0004237477989319171
0.016905485306993567,4.598742421822112,80.65425543899985,0.001436733806625954
0.017337551524894843,6.288014179049344,84.31947962161367,-0.0010534674026456514
0.016414213729807364,5.663136194869223,85.77836301144026,-0.003211601721590784
0.01570344883074138,5.62625052251268,84.51603031174669,-0.0013668869199516536
0.0166735563355873,6.971500310312187,89.01152852321995,0.0019337919305002066
0.016502341987363698,6.563578219742428,87.31239614892986,0.002841749660446841
0.017017992547424417,6.365929564635758,86.73564420154295,-0.0002542204145887228
0.016607616835270515,5.431203432031782,83.64681124738733,0.00043056916046391836
0.01649906794339316,6.397404929832529,87.5535117271322,-0.001177419803023545
0.01665632003991308,6.713152144794475,86.8713072648271,0.0032313844923506987
0.016524612798885584,5.238171832869695,82.8877604089786,0.0011952840240260646
0.016323278636294996,6.47460990215406,89.21150538338978,-4.9288839888421594e-05
0.015179936176884337,5.718439598136761,86.60443847234919,-0.004812098665586944
0.016637034030482653,7.828895583232887,88.8229353404712,-0.0017602872815536631
0.016156841057554338,5.581411990840321,84.42829143361142,-0.0007711681962025126
0.017074094923768286,7.175559205767797,87.0206380846995,0.005423135775752281
0.015596323021114848,5.11940860247166,82.89112107883822,-0.0008065943855703407
0.016770267118015474,6.225369119875893,86.20431084681925,0.0001247514503010922
0.016927268839051386,4.791853090248667,81.4393945790976,0.0005433436783412304
0.01686755321961056,5.673623024265613,83.79715157146533,0.0038582670782886797
0.017420635376536254,6.4178989857937205,86.81637066934287,-0.0007126903778143017
0.017410292231998383,7.041444762140605,86.51780057370786,0.0008003523714703266
0.015656987180468495,7.023968824769423,89.09623246750233,0.0038719189162548734
0.01636439838869286,6.345450631074044,86.43147004207889,4.6944075707519616e-05
0.015113355476439067,4.537425619497114,80.62266829658728,-0.0009494885827171272
0.017572808862214347,5.0110817759078055,81.6143188658118,-0.004450683679084375
0.01624560277277376,5.193201925713316,83.72595680601876,-0.004237657629680982
0.017215155707771428,7.430909013157545,88.1651612942327,-2.1736732438748605e-05
0.016117775986589655,5.70361158234527,84.06910087619379,0.0026925520823980233
0.017951987926107874,7.06641402448511,88.11469644720493,0.0029824081702647188
0.017526773336388933,5.968218799376389,85.52466272958911,-0.00026693024651460123
0.01689916656743944,6.520897480333609,87.76737765598499,-0.000771196511733675
0.01694079472903029,4.65617037115792,80.65467992537067,0.0018216881229834556
0.017294129949581964,6.352623738692392,84.52588830550681,-0.0010782532482130373
0.016865464028080607,5.678123429247761,85.75855525320367,-0.0029473772643718206
0.015719082534147538,5.637124144005982,84.51770270743735,-0.0012049788724636475
0.01702891101434641,7.367746159287622,89.91155405775824,0.0028971021827489136
0.01649722381533553,6.38603091872782,86.01278562220276,0.0031049771099123454
0.01676586090428187,6.090452133492565,85.94083884911028,-3.741750590061815e-05
0.016591584080488074,4.79570790430608,81.28107430386538,0.0010647576621886075
0.016184993981317473,6.484140042708325,87.84053614529579,-0.0013152801258594891
0.01662609846389699,6.736140643680437,86.78565108193176,0.002437161331982781
0.016008681277372663,5.927751073718049,84.40110303162865,0.003368591798847878
0.0163952632018628,6.603775652458125,89.59132340492789,0.0003277228549909512
0.015558528906999483,5.779152799389556,85.89982431271741,-0.0023324366095350893
0.0166976688142341,7.718422232085349,88.50036930278488,-0.0016609004710960952
0.016003582295789652,5.359984533824565,84.5088739732016,-0.004120341265335971
0.017075095566265176,6.8684702719400486,86.22261426641317,0.0046379244715814075
0.015605749446128575,4.8154319858751355,82.14054944723895,-0.0024734324521995784
0.01623407120970458,4.906812537182438,81.70699245836097,-0.0010881472245269524
0.016927268839051386,4.791853090248667,81.4393945790976,0.0005433436783412304
0.01652853750373589,4.823249804101404,81.07360763232354,0.003852399935474575
0.016948773095338862,6.143680494153541,86.01442542452085,-0.00037388419117408974
0.0174652407196874,7.234084452204865,86.99100312343613,0.0006374364246669751
0.015603408292203845,6.417504156660164,87.23318032918388,0.00023946997112483676
0.016579600597550644,6.350198311448855,86.00057602788799,0.0017555904082692444
0.015371976981961102,4.782266603166837,81.40063273760497,-0.0008960272330144192
0.017365326336926806,5.307941634142964,82.77976691729548,-0.0032661941432386944
0.016292763949993225,5.152235215499443,82.80038997569825,-0.0008144733877122675
0.017205253310437547,7.677868162430229,88.63734124319599,-0.0008334068756709332
0.015990439825994865,5.245098737392952,82.43575299576626,0.003939787572674755
0.01740966082336161,6.720409625414659,87.23684303829957,0.003471937100915379
0.01773240272796059,6.113942470536246,85.82169901548227,0.0006159194720737951
0.01675164054505054,6.079302155602708,87.51768435096922,-0.0025351397411685953
0.01734709937632145,4.439633267797504,80.19401243083848,0.0005062417174280329
0.01725180913693016,6.708808035963932,85.55244342335877,-0.0007526059937141127
0.016821754377040404,5.993417865197222,86.5311716801197,-0.0019225299846787464
0.01584579801324334,5.791619239464448,84.99176505199173,-0.0007116968143629772
0.016672092604859585,6.757940871732082,88.30683086930719,0.0008799765548867789
0.01706564881724756,7.181468101907931,88.54393707685888,0.0036615763819570187
0.016786309032088036,6.446234817630375,88.02806644076784,0.00094368708649435
0.01668290800715019,4.654688303847998,80.92195028078513,-0.00038433521980057593
0.016403572791973228,6.357872729680757,86.85906997934126,-0.0005068122465031052
0.01692033564026767,7.000232260850485,87.37841906545697,0.0028484724229483043
0.0159718253228523,5.856679929521734,84.25638503147829,0.0032212778328988
0.01631401030007989,6.649336969338189,89.88276356841135,0.0003063300439071585
0.01597155741871627,6.7043059400232226,88.74196340472989,-0.0004912644404718959
0.016779880664367863,7.354420551713546,87.25950894882862,-0.0007639832195361247
0.015628277468994648,5.027645539918669,83.26193213912123,-0.003625094266075794
0.016879725710067246,7.7643073286866855,88.53900373403876,0.0060664275477183205
0.01642485075234374,5.516841885127629,83.76093701283949,-0.0006522865293013242
0.01716224345544649,6.071001882965834,84.6183538343507,0.0028445198180395716
0.017091575507282467,4.781788562696981,81.23626662424054,-0.00021284416112176275
0.0162380540113586,4.5895338062043,80.49417054746665,0.003465302258005438
0.017063481701161943,5.3647125913715525,84.80404397679209,-0.002951467458711902
0.017459832161789476,7.036327509841684,86.60695815575546,0.00130779705762953
0.01509237888709682,6.609430031025889,88.52163931072661,-5.730573723358289e-05
0.016754876274713185,6.36714295861025,86.19139078395816,0.0019241236750875137
0.015440205455288363,4.923704563564232,81.9301420223577,-0.0008549443172715355
0.016128742049002248,4.924901274001949,81.80115290022728,-0.0009774224470272706
0.017416734149388765,4.51306739435122,80.40527905819499,0.00033704305985140127
0.017219942856608998,7.6885907498195,88.43642770195792,-0.000958834430315816
0.01596258157616287,5.195117366118778,82.45843161450102,0.0036656580829730672
0.016828356370613008,6.789669540764751,89.41809129842262,-0.00010547453586970748
0.0166014821614501,5.519121914259317,83.8365366216147,-0.00022137552167154738
0.01694459972096994,6.572003637675095,89.6838797862042,-0.005144406862701845
0.01687767085941761,4.640657918598903,81.0887790039356,-0.0004661085051560418
0.017328525655270512,7.711778573650182,87.89230602889121,-0.0016486862286146883
0.016610485613600172,5.904000506279731,85.25553080987292,-0.00040923661727976495
0.015477349965364217,6.051867079131198,85.9370382351615,0.0004471349863391541
0.01678556038503679,7.190147147005285,89.17179910316236,0.002414518073633136
0.017030901687165523,7.148414378994633,88.38930539470228,0.0032729246421641734
0.01622838958946131,6.271776112179456,87.79920225639847,0.0004561206333848584
0.01633559462930328,5.001772700056092,82.28415570031382,-0.0004823886771751246
0.01567283324897157,5.986725543509545,87.55758201446727,-0.00376130793135707
0.016871986678614958,6.952475056429642,87.50066612445113,0.0026347410127286666
0.015917648725898317,5.7237127105684955,83.74341793403958,0.003115561993337783
0.016263836524164705,6.71839100547934,89.48091096196849,0.00026554443837229196
0.01632428019716377,6.787667318150584,89.24716451616756,-0.001172711114400131
0.01707071556476812,7.92001697540171,89.2276691968785,-0.0022798551125856816
0.016265537714621976,5.751774523091376,85.0094332604113,-0.0007842375652118013
0.017360090970525537,7.635504095356232,87.57178369535552,0.0063086680946285905
0.01614712960442263,4.850806725869642,81.18625702613419,-0.0003468211669749254
0.017626296599603422,6.1195698551799484,84.69783283812403,0.003027541549270113
0.01703314689149342,4.699628738741163,81.03810108452907,-0.0005574144575047767
0.0162380540113586,4.5895338062043,80.49417054746665,0.003465302258005438
0.016762034514729053,5.294375789002007,84.58843784376069,-0.0037909928485932018
0.016747625273136283,6.705294856174772,85.73486737604566,0.00043059490134035757
0.015579104269525062,6.252617072226323,87.8599272968994,-0.0017899539002177406
0.016731584436080416,6.05419182761315,84.79310521386992,0.0028715156660491193
0.01608277640486751,4.7463070663756035,81.26306879424376,-0.00025192289706875865
0.015817873711024465,5.379525448275677,83.49605390133887,-0.00042303703954718716
0.016930346101332087,4.688737627763429,81.08080722972436,-0.00019055282207761358
0.017219942856608998,7.6885907498195,88.43642770195792,-0.000958834430315816
0.016464060140322378,4.567352365519282,80.5329277865828,0.002030468226197629
0.017021968581259452,6.695329749932797,89.23878895432291,-0.0006214412451019807
0.01646282348613483,5.78000394645897,84.9163163690348,-0.00028078331664196986
0.016720527593348217,6.326091009708999,87.15984218579776,-0.0017910386139177899
0.016861980738805214,4.885178780299185,81.57909257547705,1.8484456228152514e-05
0.017049811991293476,7.874052389774112,88.68338757595595,-0.001484623701839636
0.01804438680895835,5.01534204987032,81.21263886481212,-0.0003655945116354509
0.015849194715913416,5.7281405933596,84.81674914269492,-2.887879856707811e-05
0.01682184126159203,6.825017937416621,87.56422645790352,0.0025714359986656957
0.016538563006299904,6.394078971362369,86.68405727072823,0.0006820919929462202
0.016186307523488347,6.451607461284992,88.6320934991561,0.0003169789029891819
0.016540044238924245,4.942652900913065,82.00321254974543,-0.0004633730573235177
0.01593722284205262,5.650319689926978,85.77455093611407,-0.002769731534607471
0.01687153551499936,6.905147534184777,87.44013398253612,0.0024346834067768986
0.01658252256212912,5.902592188236103,84.15331203890385,0.0031047483377340725
0.016203156388813738,6.638072463305658,89.11263928454674,-2.3378516274788767e-05
0.01624275176496604,6.686065045288974,88.46474548243125,-0.0010095533576678808
0.016185696539038643,6.7319326940702195,87.12185724925126,-0.001869786111772952
0.016459972563377195,5.555266385354541,84.06204877921468,0.00022810705329384933
0.016193596214058907,6.261882878678891,86.1832283756187,0.0010978818034533648
0.01701499284828648,6.159897865424602,85.00174092123058,0.0021542353354072224
0.017315877160448214,6.155792812174191,85.13283775362164,0.002297531510469293
0.016954768259340364,4.436241104309604,80.1212446056412,-0.0006377757787387027
0.015860791505505012,4.495754767942359,80.51012683977936,0.0010831358615497066
0.016940215014313215,5.019745347806532,83.15169988573795,-0.0028159677683181664
0.016547598589520398,6.963632018664867,86.44022787080321,0.0005516567260628879
0.01653839441365808,6.292678199386403,86.99457594943112,-0.0003390133052263338
0.016102899709844333,6.560659015178695,86.14169961106332,0.004048621673999405
0.016130432253741604,5.03238402029282,82.34276594568352,-0.0004253534357026251
0.015738685690221535,5.08009475990018,82.46364876338221,-0.0005257744269454577
0.016967694166129085,4.662844401788977,80.98792226627786,-0.00015883348972404847
0.017399914710526692,7.8516652068183586,88.90760616514964,-0.0012869045507257902
0.016306219985948313,5.015328719670925,82.11086833195954,0.001488008014072425
0.017041983575069395,6.724486452330009,88.68146382147705,0.0002339587473874211
0.016402353932543644,5.526697732843786,84.06989151585482,-0.000568660680195318
0.016246499811177893,6.197491142034677,87.2563627484458,-0.001607074987890495
0.016630134819353624,4.772950251980183,81.33031328451159,-0.00036120680015484796
0.0168126121061601,6.876141992472142,86.44821998442136,-0.0010790697584702337
0.018150875818474774,4.950587375872436,80.84055902907701,-0.0003666689010757622
0.015816733128032952,5.85417128391124,85.13984521233482,0.00027760591888494345
0.016879541761821402,6.691506541345372,87.10488150941154,0.0031756609621497868
0.01651840326311834,6.348151706269146,86.61080148016573,0.00069906882298987
0.01576594452874381,6.524926775136416,89.63042414045229,-0.00036668536112070664
0.01635586160790413,4.458052356324474,80.27095727814556,-0.0005440274504318426
0.016512351281011188,6.596614191823139,86.83852306483232,-0.0032395871789067795
0.01686383409594847,6.945939729453089,87.59335105389673,0.0024434893960749117
0.016567675375899062,6.208226310896333,85.28532172451203,0.003239256873314676
0.015669386583629433,6.536046188132794,89.71655861170223,-0.0003009557308675892
0.016362525403883752,6.655660781470731,88.22879180094924,-0.0003104145727566999
0.01609607072168432,5.4223288163147165,83.86148755150424,-0.006478780129016349
0.016618681637482736,5.533118632494985,83.93542379883341,1.0049085152744595e-05
0.0166277398771081,6.092305315287966,85.59796078008009,0.0006952267278588838
0.016919772816784272,7.434147276517466,88.70224431480148,0.0049619624267195775
0.01769676556092954,5.149488696972502,81.51500340120624,0.00019626075230713387
0.016954768259340364,4.436241104309604,80.1212446056412,-0.0006377757787387027
0.0164365700184964,4.6961573955359075,80.94596302449995,0.0003439573466052741
0.016519407879952985,4.745923636816704,81.61277801625938,-0.002750335940441107
0.016474834454904132,7.019417496028277,86.45830199696043,0.0005349346824040442
0.016573253185580814,6.475986963657667,87.9710542139412,0.00016443608285501496
0.01679548421091781,6.325424139299952,85.3067332702778,0.00404427181681464
0.015613847627062976,4.713096152981693,81.07088153856469,-0.0005114210217425214
0.01568198557819375,5.4278962572663385,83.93239857621101,-0.0009663426511289104
0.016268286031858006,5.365162484350926,83.64177982036024,-0.0002082519782056903
0.017332617914157918,7.739552186456447,88.67914246190051,-0.0012559548062795443
0.017038565193351052,5.547321638541954,83.8811030815364,0.0016694391173151185
0.01708932790449576,6.664541608840267,89.14096164102429,0.00011211345893041879
0.016255602902033258,5.605854355325995,83.48061868675236,-0.0011726949540118684
0.01650890432170741,6.742441093276964,89.57073052653818,-0.0007250086131657656
0.01604446357984011,5.366028527986032,83.68884772206013,0.00045922222545778137
0.016799073599102352,6.688462944901497,85.99101145478562,0.0007836258512367105
0.017316241982043814,5.098795740589,81.76443702137007,-0.0006063508480631382
0.016168837497972696,6.700696354042162,87.44816235460907,0.0024917041051346254
0.015719211011318263,6.7894401564316595,87.91884936437935,0.0035614588763191977
0.01712427680836908,6.563702677127097,86.05126888218882,0.0017401699192042767
0.015766016696091706,6.530032850175552,89.65585194662145,-0.00036608943938258224
0.01623233090207667,4.635838026601685,80.94214961613423,-0.000621443610858554
0.016796659336333373,7.176025293213468,89.01858723982896,-0.0035321799230988715
0.016733240787840394,6.637033743674552,87.0435373572307,0.003922498951460246
0.016366402326926953,5.936183755379079,84.39055126231398,0.0029729003240049102
0.01585340893542014,6.639621048217795,88.87589353943385,8.298034117615175e-05
0.016375904978997626,6.648098608880949,87.85450124374255,0.0006815348079080853
0.01602189843986932,5.816668488678239,84.81506567560211,-0.00806066306513064
0.01628705192384174,4.89868757974276,81.81347423201335,-0.0009718387705788781
0.016506045536790637,6.659788376646717,88.55801191518931,-0.0007834509573604173
0.016741692078556844,6.191549904116892,85.4236558248418,0.004309975913912101
0.01750061668185399,5.323762888060994,82.16737161529552,0.00041170300815470957
0.01678931037480859,4.703149414841533,80.83561861784806,-0.0005602115600812377
0.016451181330721664,4.851186397119538,81.77041305641228,-8.373670598563399e-05
0.017087169317831486,5.499943791376515,83.2353722871486,0.0008993573518520865
0.016414266584371773,7.326680888490593,87.38438773176455,0.0014965251056647255
0.016737781155365002,6.7257561698918655,89.1024050901528,0.0002900291303934528
0.017186515589025696,6.9638017395595435,86.74749992071187,0.006007267684811613
0.01595167497805088,5.665811817420527,83.58769606951103,0.0030684656085976157
0.015834288048594373,4.910822589018917,82.48555511929906,-0.002318153609538099
0.016172802277675973,5.080322142315171,82.56113705960365,-0.0007654325758114708
0.017332617914157918,7.739552186456447,88.67914246190051,-0.0012559548062795443
0.017543201633185745,5.282945066245804,83.30832637375173,0.0009612459346090419
0.01709347488389333,6.621279207146177,89.97080444708592,-0.0005848908835405868
0.01600808859068096,5.753303244034906,83.55858272788296,-0.0006119202145466182
0.016241425487436064,6.846441593511341,89.90253840121558,-0.0009755713918650829
0.01616337862992422,5.555450783491812,84.16777265508819,0.0018280143703616148
0.016721062124685916,7.180450194700416,87.59659668845215,-0.0011724979524207156
0.017985719508068817,5.531607535914953,83.75618073566567,0.00023598938935556714
0.015915058804077564,7.112255782551064,87.83829460317529,0.002861059857329513
0.015755482571808976,6.434457758047474,86.88846105936064,0.0024304546701916637
0.017337060226719662,6.598455587136223,86.43551975667597,0.00274677123920632
0.015290597000337759,6.491757307640045,89.47812176006859,-0.0002326741273407093
0.01616848485771905,4.407164394297976,80.04768872237311,-0.0009287236907542515
0.01669836228242315,6.545817919553288,86.9210563275708,-0.0029813244236589413
0.016573555631438246,6.0414601014637235,85.3123540753693,0.002596532564206131
0.01622741107333086,5.956010908472824,84.26243843302873,0.003180485568478382
0.01585340893542014,6.639621048217795,88.87589353943385,8.298034117615175e-05
0.01621445267098363,6.722529592886856,88.06452735247215,0.00035892766021720945
0.01601725178674307,5.7173283150877445,84.52260733635465,-0.007343199991031519
0.01587673175315451,6.026627588265523,85.8641984460183,0.0002054047336192854
0.016137733230386763,6.545501184900335,88.38971287701132,-0.0005499730269174197
0.016741513247068063,6.239344527609202,85.5895162110872,0.004449771381669468
0.017796783607425384,5.425192974962965,82.4182010283269,-0.0020534412792170957
0.016745496939429092,5.17466023849059,81.89477118498546,0.0013356546184062478
0.016583024545215378,5.507690622543762,84.13442604384082,0.001460799786567592
0.016311399414457514,4.879379575536489,81.62403839057893,-0.0006652572512038271
0.01642817023440445,7.288465436732446,87.36171228212824,0.0012773790461441995
0.01651274649178355,6.804069389449111,88.97295724826037,0.0001516752975135149
0.01627986890948443,6.9550545249646385,87.69174620253003,0.0019164170196115972
0.016605384551284928,5.904571460185355,84.32849776022002,0.0023712724107182565
0.016026110479843782,5.104766878006886,82.643213015592,-0.00010623581251844195
0.01628834453863672,5.059286364425075,82.40987748038899,-0.0006842551236308694
0.017332617914157918,7.739552186456447,88.67914246190051,-0.0012559548062795443
0.017473473177839382,5.3526474055015045,83.42102239695892,0.0010079984437436642
0.017105012812386855,6.7170514101682794,89.85269453504898,-0.0006069005660379666
0.01607039688808305,5.779480460034609,84.7747678431967,-0.0007276999143036038
0.016276193092490978,6.593470461012441,88.80196364996053,-0.0007236254593387899
0.016343130415690858,5.230855000889581,83.06394552984149,0.0025105196301692563
0.016874519696416245,7.296467748142582,88.07665549417871,-0.0030194133602783326
0.01740899954880459,6.298517912135155,86.55113472588809,2.8109147426923654e-05
0.015915058804077564,7.112255782551064,87.83829460317529,0.002861059857329513
0.016429210822546565,6.461248186167784,87.86835286951933,0.001141617541315633
0.016918565972263728,6.3067992697402655,85.65428707790306,0.0027957913594421416
0.01573213469206067,6.818338488436014,88.14833768139542,0.0004899821318874301
0.016161668972526196,4.837779492382618,81.69260122309366,-0.0009146312212032889
0.016991517154820262,6.565363153557397,85.87894885339952,-0.004409968154297372
0.01624122674219017,5.917784991024796,85.6441997953959,0.0012486319935023308
0.016197647191819473,5.940570397247216,84.20823269205995,0.0031776370685543736
0.015835731531512923,6.637934179128819,89.03758983735767,-0.00010902837467476187
0.01620593956200336,6.252488929610874,86.54313292024334,0.00035235735862835247
0.0161061677474876,5.839277913121248,85.07110638874174,-0.006239241380662296
0.016072021798694762,5.433219351320027,83.61721752926049,-0.0005171077536056208
0.016006938314458468,6.740358426490446,89.24254307524942,-0.0014006068629202175
0.016912407419355534,6.931779187658857,87.56001023829627,0.0020578208841866294
0.017415366636009785,5.754663849536883,84.17000977443531,-0.0027234814994691096
0.016699663238261657,5.083769194559292,81.5090092269307,0.0012986260177573227
0.016614599160784387,4.9633787236071925,82.29063268126575,0.001148252440799442
0.016333488590223287,4.602693311131337,80.7540325266522,-0.0014019888551147404
0.016388339040507974,6.975055751880254,86.15445907257953,0.0011703299730346718
0.016440706842358512,6.674872122960335,88.54757700720289,6.170578485252141e-05
0.016073651585301295,7.166974168600006,88.09105633137115,0.00263553772801731
0.01685578630742406,6.470599817230465,86.0876479297887,0.0034629251841222265
0.01595614130466563,4.72430096635421,81.37724183791985,-0.0001299018372046932
0.016320184366166043,4.901933225742674,81.92973896002452,-0.0008354337118483435
0.017342443471477998,7.7507288736743725,88.65940946120567,-0.0012674030585464874
0.016836564311043974,5.9982286360812225,85.85869795746237,0.0010646259404808846
0.017046033996463504,6.6224367774083355,89.96429586640865,0.0009108572904151504
0.016156242659292788,5.606796421306553,84.16859710771213,-0.0011461661548461811
0.016299584062762038,6.530205116150547,88.244777909764,-0.0005630652410248856
0.016454054710838224,5.214246094287288,83.05307561821655,0.0002692704300025191
0.017308914067742737,6.976473687297938,87.10816522142164,-0.003768017603121938
0.01704005884729958,6.425222033840416,87.53478372661922,-0.0002891938078760283
0.015691713469061997,6.709594230265988,87.47508080307051,0.0022656452461332684
0.015849482452495442,6.484888132699201,89.44429565460688,0.00036154118846575033
0.017425457319743303,7.095631245515425,88.6826963960284,0.002741919750059476
0.015728465437641444,6.800847068434722,88.15845323665367,0.000499885389240091
0.015594647026784968,5.323864189107433,83.6470922416265,-0.0009248323094832251
0.016699680545824172,6.849176809766576,87.66501218343471,-0.0015738063436152626
0.016286888462257513,5.754089083384515,84.78835101286721,-5.6635353886213494e-05
0.01619532112049642,5.928855861102166,84.18096591724446,0.003145780406635128
0.01617989015964124,6.701473139772444,88.59575530523827,-0.000544582238981052
0.015605399678021568,6.332586126033753,87.02329205949874,0.00017379365530907002
0.016654757121906387,6.531222936303255,86.10612867687621,-0.004806201571486394
0.015881216995772524,5.427060548033258,83.60479127549304,-0.0005488240329172261
0.0160931222921528,6.495110497475028,88.65796718918918,-0.0018720274920320731
0.01674953450299277,6.796731342806359,87.68273794927944,0.0014354312567435772
0.017586961093737266,4.746552940309317,80.87574268204918,-0.003966181347508183
0.016368245442294004,5.553664747249142,83.82489827131,0.0009078051734077468
0.01793168527241502,6.1670315825720605,84.94956223326095,0.002914061005636595
0.016507059698888833,4.7365417528087725,81.25053112028148,-0.0012190145842054852
0.016419021278458474,6.818139208305986,86.15006109873833,0.0009580514909893435
0.016443351276687036,6.738934858812526,89.61690869604304,0.0004985377023571731
0.017195333970540235,7.236440931858469,89.09385721503375,0.0025860862376655865
0.01689048483213355,6.074811607508205,84.86074562788292,0.0031859914015378637
0.015992579155481496,5.4422411038720115,83.4685480902237,0.0006592015407269761
0.015784883091601712,4.704234592962783,81.57226236733887,-0.000573870536070826
0.017326867667805303,7.780449369486856,88.85370347319996,-0.0009668326690821039
0.01605385405971466,6.181752350065021,86.65745081135103,0.0010438868302078807
0.016935085892716074,6.468087339306499,87.453865979299,0.0014228952554069217
0.016328148989344288,6.400526199711755,86.88674711867094,0.0001084979591242576
0.015494110509767685,6.607508625993506,89.08124011811807,-0.0016114608145691887
0.016549241319969873,4.8270051791042,81.74675999351633,-0.00014436436544323895
0.016969589115372316,6.600166603974687,86.25121280167917,-0.0030966038412825994
0.016751787307725346,6.18201726921409,86.62312170241232,-0.00019844425252952625
0.015719589694477305,6.836076230108293,87.03512800255662,0.004420225340425368
0.0162617626699181,6.82614750248771,88.74231443222848,-7.429441789292722e-05
0.016973434406835422,6.862669485293405,88.660107357637,0.00275399097039263
0.016051964920621387,6.826267184828575,88.18883744549605,0.0021122277919157846
0.016355302847975435,5.768137252784664,84.73992868344561,2.4901065669203336e-05
0.0167585613092171,6.544671162758529,86.97303720136745,-0.00312509574707376
0.016658625689211105,5.707327695599077,84.9314819047862,0.00021729898092573896
0.016384804565094783,6.202155542176808,85.12084752106011,0.0035660958981201677
0.01617989015964124,6.701473139772444,88.59575530523827,-0.000544582238981052
0.01631138885507166,7.029201292221641,88.83224599451195,0.002861045083608285
0.01644530720295901,6.395614506640886,85.9589789677642,-0.003829970060294747
0.01566617963037104,5.438360507370183,83.81123794249129,-0.001123104947647989
0.015999586956980262,6.286134531552055,89.1644171278893,-0.004147567123771854
0.01673819283532571,7.042012445307564,87.81351509648837,0.0034020154821787344
0.01748314563860401,4.872268786865281,81.31196541625974,-0.0031305806144966953
0.016131547244589307,5.075162534401633,82.39976403215181,0.0008875328758132014
0.017321357030411634,5.658389077106059,83.7688942802859,0.004262096829254398
0.016515559231517946,4.543283724471911,80.7976598633738,-0.0014141930022332663
0.016370979383756604,6.417593272073599,85.00454312197493,-7.556157587065761e-05
0.016574096515587184,6.649913494378735,89.13100557327287,-0.0015356495506110624
0.017049416574443085,7.051528217338111,88.32664424719151,0.0031864487771370614
0.016934740019928382,5.641870405648325,83.7798914764672,0.0024513307597349237
0.017187460184456452,6.549180692380451,86.4416035787402,0.002692745448430091
0.016394036801754008,5.931893947896185,86.01807743055569,-0.00013997315765689518
0.01736238199778618,7.900243474491598,89.11324357919943,-0.0008045143840730825
0.015815273997213917,6.827203669022806,88.97033076911937,-0.00019358197845149145
0.0172324496445507,7.096636113861626,89.64335271083444,0.0031176928677606663
0.015964650945998117,6.273868786965746,87.06887910368563,0.0014177008145658115
0.015460123525984752,6.605804989870573,89.13036064329705,-0.0015609838503868507
0.01653052958045011,4.631128115544081,81.01754973785978,-0.00043323510888791997
0.017327435839323425,6.182210041609304,84.55659465699311,-0.0020233584836193115
0.017277762779861455,6.636921476544025,86.85977367223339,0.0010443527550239142
0.01654878201567831,6.705268646539671,86.89555077178426,0.002550215972737218
0.01624614942487064,6.137203277118396,88.57653835185671,-0.0054407494811657756
0.017386590818972085,7.062062679453107,89.38714882362885,0.0039403590080964185
0.01663076978228259,6.0780447177656,85.63034357247395,0.0005842589734834558
0.015732834416524823,6.246632783301771,86.62398949237499,-0.0014257381258450928
0.01688951739063277,6.808782863414743,86.33536027860737,-0.0015007405231991715
0.01646072020064611,4.990380183870934,82.33617911398706,0.0006036690855330139
0.01631033828521943,6.922584030652219,87.4176133733225,0.00343440325882898
0.016133557950238627,6.683343643880955,88.56965052429716,-0.0007285290249135152
0.016289686852792164,6.975114389775751,88.79321654664635,0.0022989943980404543
0.016423317891455333,7.076182650120581,87.53789312647466,-0.004408991781446142
0.01603725519618848,4.447695428435101,80.22449151212881,-0.0003788268342633243
0.015597463175526589,6.114110132451537,89.53679122073461,-0.0060429702028703975
0.01673289441699696,7.037702559455561,87.82151930478065,0.003358145767002503
0.01761530735859667,4.7207580096770485,80.54800371290456,-0.0030492064024442538
0.015683978517058324,5.60057627090477,84.29923250958728,0.0014803011120717846
0.017375458615795623,5.324763348004073,82.6374152042888,0.004971829155912199
0.016469377604391235,5.174763708717462,82.67240000386748,-0.0002627022761697102
0.016867324546632246,7.226481927457388,86.92172285640245,0.0015062330477973156
0.016301340336716794,6.349453541075138,89.33553496716569,-0.004406563582846327
0.017460095668809596,6.947603071258144,87.70604235496648,0.0031870482173750325
0.01620260917471719,5.607552715580614,84.6094793984212,0.0009111192495015236
0.01737106346321703,6.854241335805741,87.43693053537781,0.003265756050801472
0.015613622058754207,6.241331055569032,88.06533019581651,-0.0018402758067047169
0.017134767857618045,7.931792456455742,89.09114812392085,0.0002987311114597663
0.01601464075243782,6.526788647559868,87.82332174837647,-0.0002883555498063524
0.017019178646776562,7.14436411474451,88.684545334407,0.0033666865080868675
0.016613476390781676,5.056815207295037,82.41617168797147,0.00017876689947637784
0.015670523338178154,6.695214067884139,88.85629927343267,-0.0006472521205357035
0.016364401122472557,5.043862883603052,82.3768826864378,-0.0007637434514234914
0.017596771901347806,6.701706855200499,86.30448928881941,-0.002938786218490775
0.01685433997072279,5.66780702477779,83.28763070331894,0.0027240741155280792
0.01654878201567831,6.705268646539671,86.89555077178426,0.002550215972737218
0.016722258104109194,6.700247561033259,89.10595472938256,-0.0004400342693035592
0.01726178657151411,7.124812255410658,89.20532409543985,0.003750731328876924
0.016679791028699133,5.720348740076121,84.72396153736007,5.166317160381598e-05
0.01586597584438139,5.784214412601453,85.03729566806824,-0.0006943534966264023
0.01704486497406149,6.816967319641517,86.35746629882624,-0.0025794486609151115
0.01650927880992504,5.2308677956417675,83.22234232124342,0.0003259008267278153
0.016502643669303832,6.687938322760295,86.90986118317085,0.003334202771969011
0.01639225746590597,6.690228119468976,89.04816065615995,-0.0006700936043670709
0.01647996495307058,7.228599732134768,89.50258446934052,0.003365054355833619
0.01644155199979428,7.178815313438564,87.84882256950877,-0.0037395728440950465
0.016027164917369687,4.414447847567319,80.09079450102635,-0.0003775100828211387
0.01651419671431126,6.049287411578055,87.55394584090604,-0.0023686600527396064
0.01673289441699696,7.037702559455561,87.82151930478065,0.003358145767002503
0.017140615803496014,4.919618080665213,81.41190444702363,-0.0020259184057864698
0.01610393682177245,6.83915665515294,89.02171697743547,0.0014008237884108432
0.01728548362737187,5.413971938670048,83.0088354563702,0.004542482035482304
0.016439027174347715,4.837261169937026,81.85621948058936,0.00021548250973072944
0.016715425900427294,7.653973299732316,88.05238559791133,-0.00012533421881815332
0.016279554880713146,5.5456202481636,84.86655900412379,-0.001766078353093223
0.017301594308937844,7.515286807279175,88.8422808829026,0.00012811841375178672
0.01603631684954846,4.990723541139317,82.90724620372454,0.002629263241936532
0.017222009229537635,6.610373739562331,87.61257827485021,0.0009178715785919962
0.01580903264529323,6.1454378301204775,88.72245392089492,-0.002867790527481398
0.01654957566256121,7.5368639345118735,89.05620418085063,0.0011751204169455388
0.015944365067079285,6.489295441533635,87.9031123473816,-0.0006822441446166296
0.016896882624649376,7.054569033795514,88.60304062679606,0.0028874513023222498
0.016765724979542495,4.962699701629953,82.0536038651323,0.0003087825090174464
0.015893335980141463,6.681851996785613,88.47132717607572,0.00016885652194024254
0.016369470758685837,5.11059512137839,82.57633753175472,-0.0006399836529915296
0.01731629319059187,6.564795105000283,86.65295683582963,-0.0035568448315961344
0.01662407871945968,4.812567072022231,80.7819254182048,0.0017527592689842236
0.01569539888372131,6.610831210940928,86.27718713932784,-0.0007470387308901451
0.016705884820211566,6.653990556506793,89.10723963140191,-0.00046800985606997904
0.017093808095310623,6.359170633482334,86.19218566189552,0.004045885794922545
0.01781056110926591,6.00381929368761,84.75025649617794,0.003130559589178293
0.015824911997301436,6.39619483985495,86.97898171289052,-0.00027551710016237045
0.016474193786257522,5.49690549178107,83.82694258500972,-1.2876081140624808e-05
0.015726927212635276,5.1267123467153555,83.64135101868713,-0.003917795290504401
0.01678760678254365,6.824844198375976,86.89473888545403,0.0034429623059999705
0.01649649078901222,6.445977094248288,88.17175367336772,-0.000794050930026197
0.016520964522592677,7.158000461941851,89.35566269259978,0.0029501525952620607
0.016300738695236933,7.096586846093485,88.4067259724725,-0.0028401381928239216
0.01603129536643089,4.428312694964939,80.15408845152197,-0.0003943967493090523
0.0165099090411295,6.428527287635721,88.0538073285776,-0.0004969547865588823
0.016831738928943567,6.7642832753421684,87.00416382938529,0.00360818780644239
0.017128586985867517,4.670960912033307,80.53448190451446,-0.003431590762527242
0.01657482908992462,6.435317113791467,87.21826973236726,0.0007116050191282317
0.01716982728475729,5.5234716302247895,83.54268844843756,0.0013876982086302315
0.016440409294964698,4.770953234020039,81.26530961975486,0.0004064385650514058
0.016512825289802652,7.46345207755221,88.46625017258337,0.00017963651296948807
0.01684338418668694,4.871200415887043,82.1440194529486,-0.001408849096363428
0.017587409984992815,7.583399668360306,89.11151849107578,0.00022133003372803265
0.016844324084378425,5.056199899590819,81.59818880929721,0.003232707519275495
0.016805355682568215,6.584173553032949,87.67413443126327,0.00047373639476362
0.01588890633846573,6.163541152169486,89.11191014066269,-0.003110604183256248
0.016502112368466316,7.728518799257749,88.77521730669415,-0.0011203796407001955
0.01575477895844771,6.645226888643028,88.38371583131068,-0.0008447220410289793
0.01673179214321505,7.483825887321894,89.39881426265636,0.00490198120199128
0.016814498520391952,4.86699532240532,81.92399524993772,0.0005477562869682647
0.01597191020709166,6.742821656983755,89.01344654789058,0.0007448288983254083
0.016321286684368067,5.341292437680066,83.46683611909724,-0.0013507522784356814
0.017282374267402804,6.018101285373531,84.8064851193539,-0.0030551706035884052
0.016625627632489468,4.806226807942588,80.86307580905344,0.002604780004932441
0.01625729096383603,6.308002754985856,87.05180157205831,0.0003328218861792312
0.016705884820211566,6.653990556506793,89.10723963140191,-0.00046800985606997904
0.017000147597061338,6.580502623459967,86.66566759370788,0.0039779745346913385
0.017455028601132093,5.3824592315159,83.29355130823926,0.00042839334403443115
0.015896518000829044,6.20594592671409,86.75932557301083,8.147527468850082e-05
0.01601264266593975,6.021998033539243,85.90338316444583,0.001225865636445395
0.01581492956651332,5.250672354137413,84.00916341202067,-0.0035679995323289813
0.016617342385551622,6.441051708158865,86.01772216392943,0.0018319284633566807
0.01686674335783562,6.799201937715784,89.25847602358742,-0.0009400283110748382
0.016750542270015534,7.0526862892835185,89.41047015499056,0.002443456587741158
0.01606275199866499,6.881707979978849,88.19920933537188,-0.002199528922854749
0.01603129536643089,4.428312694964939,80.15408845152197,-0.0003943967493090523
0.01656732373287718,6.630198799148802,87.4707744583784,0.00011179923215582103
0.01728936595700272,5.919122713253388,84.24623543114686,0.003318008375221009
0.01696042353201275,4.633167785859744,80.51362746916645,-0.0026968455289069467
0.01664226850613678,6.20577718173106,87.23080705998747,0.00042353612804717146
0.016786725070469,5.465957217506572,83.51924366816965,0.0006186820668324373
0.01642363353109695,4.555730239109783,80.63756996363693,2.1124858492282766e-06
0.01657707520968995,7.427605772424168,88.58342520275019,0.0004941003890644455
0.016967368920184907,4.588504444661303,80.87319222084975,-0.0006270729845914242
0.017522007813809717,7.514444888325571,89.11120103364628,0.00017018648470967226
0.016835365910712906,4.795079539177273,80.78949213016956,0.00313061317184279
0.017642686823031325,6.661923429280972,88.94978819977156,0.0005632906935959788
0.01579289775529709,6.328135219624689,89.96694400009972,-0.0030655840573481706
0.01677306995754997,7.077527877144611,87.47331613638602,-0.0005385806521691207
0.01595134102421608,6.74260896656656,88.59558276422547,-0.0008436320683743542
0.01664218764620995,6.998125283423301,88.82939179156755,0.0023015364005326234
0.016780348333471886,5.034398303760892,82.17779444094096,0.0007894633344499255
0.01596455742947523,6.812628325837867,89.21842574193818,0.0009173192730740172
0.01615753474625326,4.60210021183787,81.32275583529845,-0.003782855982918446
0.01695331648050988,6.613343064561342,86.61792081250996,-0.0023668002744082883
0.01660029913065413,5.173229685240466,82.2497670284478,0.002343044029245095
0.016727036467519447,6.304819824513545,86.54516326004325,0.001411793662727603
0.01654778840670362,6.487306435467423,89.1064722427948,-0.0005916389577894675
0.016984459811022312,6.61544690040589,86.31485029675166,0.0028931643992886127
0.017502507335392117,4.860467228888768,81.28999455932023,0.001808675818785143
0.015723313122679095,6.429277726761394,87.74272331534763,-0.0006521239443967998
0.015957619133236418,6.239719084828852,86.7716867846225,0.001271785282760343
0.015777202342976256,6.1611972850554935,88.18608719468985,-0.003008607395194994
0.016513299528380446,6.683973000772645,88.88220721402053,-0.00043754158388465076
0.016679817142146353,6.600433227880894,88.87840559829914,-0.0015419995161429652
0.01654407913462522,6.837850613124374,89.67067348368303,0.0008521253733985826
0.015871730631369284,6.909805527025232,87.96256582280334,-0.0020988113311643736
0.01584792290278371,4.678005058586667,81.35567198008717,-0.0004586410261834177
0.016597098167374712,7.1901783690901615,89.62030628692787,-0.004082308656811879
0.0169235496031703,6.148429629071128,85.47083535957054,0.0022718823505822093
0.01739679992823412,4.830761598380119,81.18612367898248,-0.0035167527410409566
0.016855320792415016,6.740147920416161,89.49437979272167,0.0004582005947129516
0.01656887344301278,5.521994756406324,83.67721219792678,0.001029522610486559
0.016407339111440766,4.7140802377451605,81.25288984954419,0.00022899724501917128
0.016190948760988054,6.321338382108872,86.74926736957282,-0.000786003581769903
0.017015153987791867,4.744298450884901,81.91843614754332,-0.0013041725375103395
0.017787554314863178,7.6789347106879555,89.254189053192,0.0006205521218421183
0.016798417343751895,5.243070332627913,82.6788249600493,0.0011620257721258317
0.017325544831376574,6.01669631652705,86.75756989443651,-0.0022385170924594158
0.016027201344837542,6.019928360064294,88.11858701025484,-0.0022411593385523714
0.016899100518635427,7.671417700666625,88.25580492693959,-0.00076131111072745
0.015953912635011867,6.756233135671956,88.71677379114685,-0.0005009911314685087
0.016660286773997772,7.150263878621255,89.2596386023172,0.0029529606971658642
0.017305409870654237,5.194998000650786,82.82888747788924,4.9269798900655054e-05
0.016231553143959927,6.471255939029575,87.83142627972171,0.0006155765813909601
0.016738996975582718,5.75170964338293,84.3013336016415,0.0008194787526401444
0.01717748589564801,6.802450137602348,86.83467906522473,-0.002422831994600349
0.01660029913065413,5.173229685240466,82.2497670284478,0.002343044029245095
0.01688925448538735,5.476814080465121,83.01562876291298,0.002044688276905458
0.016561811832468302,6.55504968097005,89.38617332000673,-0.0004769653503741162
0.01700060847886813,6.616242753500424,86.17895993306156,0.003128266032215878
0.016723152572107453,5.882193830269762,84.81132196178847,0.00028372673371950474
0.01591467410024257,5.856804156410568,84.69070409888009,8.154052857887485e-05
0.01591735515128615,6.447488275800783,87.61708577838958,0.001212569369735411
0.016348319786512654,6.609986454218385,87.88523908551767,-0.0008298582227745277
0.01655511190602601,6.717498435032863,88.89197355626908,-0.0004122339844491624
0.01674125974863322,6.626616117708925,88.6991170243408,-0.0009290249379644744
0.016459625345926127,6.710902535229562,89.42193826933448,0.0020905025310233357
0.016282931864634,6.344866144127015,85.16246890913536,0.00015453174230631132
0.016156390742392134,5.296712247228855,83.2205002474854,-0.0009422559545181472
0.016414705459618473,7.211348222680993,89.76022696400686,-0.004514767634471729
0.01695010227761104,6.7301561565989845,87.29079864064467,0.0035823161781953303
0.01675981739157475,6.491704272827706,87.68220997902951,-0.0017637685399217772
0.016810164407272225,6.768494834000293,88.9782899175665,0.0003264549998779437
0.01606015675967362,6.1361813888681,85.2976957644916,0.0020938314602663736
0.016797895472437485,4.970341870773199,82.02707150461565,-9.003977800504134e-05
0.016485959154635917,6.343930088124483,86.77943430456112,0.0003444708340166287
0.016915737842562964,5.071526713816428,82.509300663469,-8.900632840362285e-05
0.017787554314863178,7.6789347106879555,89.254189053192,0.0006205521218421183
0.017773621001507745,5.346232541065919,81.44874361880852,0.005752502213870421
0.016751801909421552,6.2055334210858195,86.51896350527863,-0.001168560470413711
0.016022775553464357,6.624703604388064,88.2460145143193,-0.0009558210664295002
0.017084887709028794,7.6011733704409625,87.82858515111984,-0.000730110279966288
0.0164577419044571,6.675548238552793,88.7395475306626,-0.0019062371737402495
0.01681866944022023,7.3312721084428025,89.76436881270924,0.0036642677386405495
0.01687855504293644,6.277597612057358,86.88302103464171,-0.0016209089562126008
0.01650150270559319,6.4766769455654085,88.06892259420023,-2.7746151819644897e-05
0.01770074549010784,6.638647978167885,88.02890782949575,-0.0004641187888695616
0.01683614347692455,6.88776263405876,87.51954210403075,-0.004102662552806527
0.01646049167641321,5.0699242741634105,81.98222986296396,0.002627918174885349
0.016862085680750226,5.3036194430446235,82.41370644640395,0.002683173630595779
0.01646434554501242,6.323593620141658,87.64332364903849,0.0006850028600535578
0.016867563883871218,6.520312335201741,86.25244851892404,0.002534819815837088
0.016649058652210304,6.2694387664649796,86.20065867671016,0.00048286939900601066
0.0156674833926531,5.4427879541377235,83.79822800219515,0.0002470465666610339
0.01628283786004204,6.602467591155065,88.36436664796193,0.00025429905881767245
0.015722070388267048,5.945903640028368,85.87210045722159,0.001048417924607806
0.01659952896712185,6.7434322419486605,89.05939432742684,-0.0005939712311122537
0.016478904029057093,6.637335496828517,89.4599856718484,-0.00035635117359194396
0.01644495201271682,6.679065454957603,89.25792396977256,0.0012523830494290656
0.016226026737513596,6.30335809891732,84.82019834984533,0.00016649984060959473
0.015866013392524626,5.087107510859538,82.50699916866463,-0.0012146618156760607
0.016414705459618473,7.211348222680993,89.76022696400686,-0.004514767634471729
0.017361410974889194,6.855999517236237,87.33600090394371,0.0030557362505691365
0.016502509370595764,6.927149638823715,89.03531146809388,0.0014254834094709731
0.01648425159048953,6.631331809142109,88.87679168164641,1.0607337869858653e-05
0.01626708153073338,6.701488703196809,88.56520392872048,-5.57096433854193e-05
0.01682184585376547,4.571493645123134,80.47246785159687,6.0416998474453385e-05
0.01637436484579853,6.119759660613415,86.11118604782756,0.0003579285563350342
0.01705985741980601,4.820223408033563,81.6016252009489,3.2155458353473414e-05
0.017787554314863178,7.6789347106879555,89.254189053192,0.0006205521218421183
0.018234191507224155,6.5969751378225885,85.41164693932689,-0.0008168154664958622
0.016717137731470096,6.426480770007471,87.40352756243307,-0.0014615412494901668
0.016006479088878665,6.47640546003751,87.64131891369253,-0.00023356667401441388
0.017092284087221483,7.624210244679544,87.91023696779747,-0.0007258149231651463
0.016407416013758346,6.642205182449247,87.25089099380858,0.0025882630503943197
0.01677625489638666,7.129460556552867,89.69745085724975,0.003411980772911134
0.016917747043973873,6.433845199254732,87.14003951191528,-0.0003353959630472765
0.016609903550061988,6.579847808777848,89.68293276877401,-0.0003701440036777567
0.01685488014752259,6.623564709991392,89.00631698705594,0.0006100035133789097
0.016944407288149374,6.847542048652035,87.77031811282565,-0.0035116291446216303
0.01648095148164003,5.038414723542865,81.81675719557431,0.00282679753825125
0.01653905296278287,7.100083946946114,88.7310796217503,0.003046830044835679
0.01613048954670554,6.470009224979992,88.08970354079361,0.00047299606063896525
0.0167961609546075,7.060773961901341,88.07169654203538,0.003352228725683923
0.015872378739469922,6.189121386798407,86.7506836858764,0.00031517090043185867
0.01591809085770059,5.488165967482104,83.71800448088439,-0.0006581778376373963
0.015908160569182393,6.463341841850227,87.32956298359558,0.0002451064485265525
0.01611752951968125,6.168394164067981,86.77536816959429,-0.0007285265315168089
0.0166218875205714,6.850044702545725,89.5300001536504,-0.0004668219878057164
0.01630914452983208,6.500291259781683,88.27091053426649,-0.00023018092077308099
0.016057918796230513,6.1781329628747566,86.84327176850489,0.000535332043998781
0.016125671439196555,6.059209573768821,83.62470699944731,-0.0007717705925530758
0.01588169250765175,5.049266562300746,82.48515769318153,-0.001140495451804478
0.017275920513039566,7.060530184659348,87.71801705475804,-0.0029627548279368993
0.017358627689697915,7.015497416449519,88.52204990819511,0.0028303414974278863
0.016139022191320553,6.9433905995044904,89.52490453972666,0.0009772790047659513
0.016875252159297114,6.654453829048477,88.36224276481013,-0.00032973899245751384
0.01640028415947674,6.792288323531532,88.8024398019353,-0.0007831850859256933
0.016585751004526673,5.061777779893023,82.35121951743618,-0.0001428401920618363
0.01648380861024146,6.720434020030142,88.25746987749797,0.0004235002546857246
0.01702744745361136,4.891152838923628,81.82817146265954,0.00030083985297490773
0.017144760869506427,6.313018432816385,84.48564316862024,0.000637464238175425
0.018021679681361563,6.282543752478852,84.58473749088445,-0.0007116317615697184
0.01704580427680224,6.389448755940528,87.22342589171124,-0.0021118390457281503
0.01595222841118983,6.417275565507232,87.2055188471094,9.951545806225186e-05
0.017456620948312615,7.360408240529947,87.20811234548393,-0.0017634507669324834
0.01711049358920429,6.808229476094255,87.95830470934396,0.0023613612572098244
0.016789408861374748,7.2092115732274955,89.76403557550572,0.00280352312933204
0.01712990181831065,6.419161199295511,87.1088051102452,-0.00012735636645038037
0.01669965757158851,6.727869326716311,89.83801096765059,-3.015291698564614e-05
0.01642312018256108,6.668258989942794,89.86470184992528,-0.001085978912683513
0.016844470874706037,6.774250951132638,87.34829822315227,-0.0028917208405750366
0.016391565737367515,4.926636564158521,81.54071413614491,0.002264321585444613
0.016249330666622354,7.409132055346647,88.6070756557788,0.004691602538778525
0.016177824617440002,6.550551698006535,88.51770343274897,-0.00035522247193888585
0.01614728509687216,6.65216908670669,86.69916344472271,0.002470078178486772
0.015509584061678,6.553167520479213,88.23267447958845,0.00040917776026387794
0.01616287464664581,5.9399399672796624,85.7163063220583,-0.0005069000634406748
0.01562825154653961,6.549169401054162,88.00021202550707,0.0006929228919657056
0.01627564009237617,6.360516078790091,87.15412463120241,-0.00013452185802058337
0.016711404856872013,6.757353164010095,88.49440660497928,0.0006279435708626238
0.016060835355840006,6.200723258323572,89.55376667185494,-0.003747020195258824
0.016304040240112002,6.071405798626205,86.21496230862763,0.0007414430524786346
0.016386814791884,6.249119720232098,84.97205992018262,-0.0002792814011389485
0.015840538396831513,4.9896424564570045,82.16382623092495,-0.0014364076210332706
0.017511961935106207,7.338062016876859,88.33643052780879,-0.004080435809797983
0.017508040149262473,7.046618802474154,88.49635661541343,0.0029878006137928777
0.01645630790247054,6.652232527003651,88.27214606026578,-1.5127479465091849e-05
0.016978460059736623,6.748410076003943,89.02753155897166,0.0004688486937205773
0.01609266774107006,6.436461710151521,88.29264568185127,-0.0002729900626397714
0.016315477363400412,5.475248362181123,83.96386007761362,6.134000915555863e-05
0.016381522506748205,6.100722170745956,85.97454437968689,-0.0014425489185619289
0.016727857534398496,4.888480656560539,81.70505740575011,-0.0002304112066205601
0.017021967859458836,6.374938238779401,85.22609499485459,0.0006335341855143341
0.018012439970499897,6.429294751674241,85.18397938715573,3.370042235660044e-05
0.01621240768307604,6.022292797727256,88.76788465061757,-0.006298620959783127
0.016560436296995985,6.7027596278277475,87.04289319858546,0.002635692531694056
0.01736545475617826,7.4270779149813215,87.12423506462407,-0.0006176860319726165
0.017669523947170862,7.1169526826126175,88.6662146085186,0.004089048474875457
0.016791027967141332,7.210608849013867,89.76670615320828,0.0028088842137855463
0.017136331960681307,6.2369424092548575,86.14535500109956,0.0003251431240311121
0.01669965757158851,6.727869326716311,89.83801096765059,-3.015291698564614e-05
0.01639301240844297,6.677327553838218,89.98836928654697,-0.0011722510604928252
0.016865921435533865,6.899805254730995,87.68438846564902,-0.0031869387899253615
0.016498749187377672,5.164265439706744,82.15556212384536,0.0019316330178695852
0.016402193859746714,6.109798421726973,85.83964457377364,-9.095312308319745e-05
0.0161710794970377,6.60678298567849,88.44412323483299,-0.0005533679870835823
0.015940636979741473,6.679810758262187,86.2462151255739,0.0033347758830642744
0.01598034092329848,5.882757916138391,85.48493187796899,5.868131298308551e-05
0.015166496562393912,5.035770604413005,83.3370657945857,-0.004282316568897009
0.016166532639582495,6.670861720852051,87.88324680037798,-0.00025008720011319963
0.016169653638077094,6.342593702100086,86.68643571653747,0.0003874730740502535
0.016654589161417283,6.614572285590504,89.7222818310559,-0.00071117745858009
0.016052454580214107,6.287349012007177,89.4109911950122,-0.003416259533841518
0.016370756875952304,5.902344703021863,85.44968162583854,0.00039734774677000644
0.017036884992771603,6.90455709182563,86.11010530708823,-0.001318037090610018
0.01625046288542818,5.517396156444273,83.8158760669852,-0.0003696864471367657
0.01693970013109988,7.088227078758256,88.39597843977884,-0.003860686733406798
0.01682734410194906,6.687584457808848,88.02259910263365,0.0008944237980186154
0.01609483030184915,6.683304669068925,88.73075384756527,0.0002280432501139521
0.0171121522077132,6.759564210129519,88.67347249823858,0.0007358181755092385
0.01628620816087087,7.102866814595088,88.74642307505415,0.0030508552941292885
0.01580488445440107,5.6440248573428935,84.67532880793789,0.0006859941401669815
0.01618835593963583,5.758979820702958,85.13656721171957,-0.0006057124705929695
0.01680976713854019,4.771720107401684,81.28895975878604,-0.00017657639583052614
0.016738422007045898,6.5431442468750625,86.84275686378749,0.0013696334984616
0.01790368476314605,6.707975943943738,85.98266552458135,0.0006533074573055761
0.016242668687888796,6.061744974187497,87.66629217689393,-0.0031311423729475495
0.016591257346425296,6.925140445378466,87.1875121084613,0.003215086917863902
0.017182702990766067,7.0721452417078465,86.41946658531263,-0.000781880916638184
0.017554105093526586,7.171151087873467,89.85780878087529,0.0035136493687611455
0.016806824043318028,7.286338734039914,89.78865655842893,0.0032252995625626445
0.01707359851784843,6.305555537140446,86.15487108442801,0.000247719973186813
0.016679885880774563,6.624834447686986,89.84711661518837,-0.0006307680053276518
0.016630553143593473,6.813100378584145,89.36474455470477,9.32826773463462e-05
0.01703968571098331,6.992657416733958,87.56335851412096,-0.0039050649693111953
0.016745669049354085,6.296798832354137,86.41610504606028,0.0005517853684411436
0.016265675639414924,6.418135275925547,88.07950428407854,-0.0007656893123976691
0.015959069855710353,6.5582159471101855,87.88504284063316,-0.0007632265580104843
0.015977854298177503,6.519944609492133,87.57089236425217,0.0006290025113612663
0.016313026559046935,5.932619815973056,85.46124635407801,-0.0002756143314428327
0.01607984418574449,5.890964539169813,85.70333476971749,-0.00169766604679252
0.016593656442643025,6.769085885108274,89.46433454766142,-0.001371226669796915
0.016061880879730393,6.758595091473479,88.34896581403974,-0.00021571180016828823
0.016795193353554793,6.6976000611703475,89.48498862818528,-1.2198099636865755e-05
0.016050762851359732,6.292272883725982,89.44658331988873,-0.003425446662882646
0.016773961064556718,5.891428562655613,85.60154045529956,0.0011979641358207706
0.01704701054309109,6.903569691619427,86.12214953235066,-0.001259976575851402
0.015280054340873988,5.161637627591193,83.223033972143,-0.0008177411668328358
0.016751730541724644,6.989533245540118,88.40984811202226,-0.0029924288832599223
0.01709518621609595,6.58925391551501,88.41830400134968,-4.7326795786948315e-05
0.01585665218013757,6.747020522055204,89.50426022035892,0.0007825102145551618
0.01690755773175923,6.713129124902018,89.10350702166849,8.326640623094165e-05
0.016128869897611222,6.674715367790481,88.07689680650263,-0.00040208323196477217
0.01648779521590232,6.000663846905078,85.63086112018644,0.0006710322005025668
0.016050018061892803,6.074068307000305,87.04676571685275,0.000650384828619634
0.01680280964323893,4.8470231780104855,81.57149250318818,-0.00013225615177288362
0.016241545927409593,5.132026727811666,83.34142934915467,-0.0023995418786367365
0.01784019723480707,6.774853449041222,86.19662481549764,0.0005546404586189738
0.016370408065897003,6.297140231551165,88.98353338000457,-0.003228242636669499
0.016612943456091923,6.606716261577538,86.96471630451825,0.0018405272534003886
0.01719953269177567,7.112440042871476,86.46110354811859,-0.0008243717837351852
0.01736694128447487,6.993042388673847,89.23694217580044,0.00217749855989111
0.0166899648770097,7.28496374580083,89.66777069353955,0.0032825607355077644
0.016047936696119144,5.430492783200033,83.30392542952086,7.758094529249971e-05
0.01665535052867857,6.845284452301504,89.57807308272379,0.0007524664189607067
0.015708183796737146,5.920189397208196,87.15291251446976,-0.0047051128135605
0.017082905683658257,6.955212926958063,87.26839238756716,-0.003264669441279458
0.018450595991203248,6.13186187242126,84.1395202390303,0.00150327107744038
0.016033953324321955,6.737253983625581,89.31129695943415,-0.0006590790665681055
0.015940749718332693,6.611354396557057,87.58568356499153,-0.00024275676123197915
0.01545578377674166,5.454668691749598,84.80618935578583,-0.0035847014875343367
0.016356808055752986,6.120418192412944,86.00386339824517,-0.001320807329571229
0.016495903145356358,5.960366386173142,85.75190200447442,-0.0015031734579373588
0.016968924362449025,6.843475133883497,89.07181933525516,2.6180042521484377e-05
0.016226542602926657,6.164909627487143,86.21117653572976,-0.00037854026579776614
0.0168098491610923,6.742673956872504,89.80707077689951,-0.00011696302864242891
0.01605395405405506,6.2769645035449635,89.33536068051605,-0.0033438782504246014
0.017019504540186525,6.602040666488728,88.91788637212014,0.0008653413686592434
0.017242771604366353,7.747749531700498,88.54020424174682,-0.0008850742859037246
0.016187619764766216,5.781758397763887,84.68673907729548,0.0004240607244266183
0.016676656456947398,7.022418117733869,88.52313023433123,-0.004473939998550433
0.017339179102889332,6.586793718942724,86.44168320437198,0.00231055598670789
0.01622400310764648,6.83826084276032,87.60115926879463,0.0017389451261151769
0.01678824886306576,6.538886448146544,89.18673245073758,-1.315930582900535e-05
0.016194091060147645,6.756424280034006,89.08854586711293,3.5774141885092786e-05
0.016192138248504545,5.614087091609347,84.51924202758144,0.00018816482052885569
0.016380896462468444,5.9330895019839875,86.37769715120064,0.0014461850543256273
0.016852409012485203,4.4626684936732826,80.2111250668778,-0.00013765346009474155
0.016210508458621493,5.210027563822445,83.53401659115629,-0.0023259919733356446
0.017778904456100544,6.7012479509468905,86.02555632100841,0.0005392686595219217
0.017178391451349882,6.524454780032552,87.85629507059669,-0.0015465939629653114
0.01703061126747365,7.423166762963467,88.89878920825444,0.0029708240754941187
0.01732250705764943,7.839628886458949,88.2291014140134,0.0018259724998009811
0.01755328621792685,7.107204660574271,89.58836094717786,0.0018319893042056691
0.01656490836860925,7.315348094125874,89.66048520884571,0.003618697602487383
0.01619888053384199,5.654191573744689,84.06573884184063,0.0006074537382952069
0.016635847880420867,6.839320176231093,89.10330002311775,0.0005199882719679509
0.015867177411349544,5.974490128911293,86.7205589748502,-0.003994095650827551
0.016428163647139993,6.562749103524109,87.68749669513186,-0.0016067574588977732
0.016788398918203017,6.52590164347118,86.88499228989201,0.0004533639772195332
0.01598750770207051,6.811686979388471,89.84398917578551,-0.00043046581469468275
0.01592223328425525,6.619254404557113,87.27010194289518,8.955226673251098e-05
0.015857544331272663,5.613831144498895,85.37990686437296,-0.004514312599794282
0.016667116766290006,6.118823270004188,84.45495205237499,-0.0006161944847269919
0.016707883597131067,6.46435851746229,87.13973106439468,-0.000752499860278158
0.016470506978034167,6.384388141018679,89.55409163742942,-0.003790244714540537
0.01624930839837812,6.504261985036657,87.41734727295875,-0.0011344171363787416
0.01668686751011594,6.634632848954873,89.62274613199197,-0.0009607484622793966
0.016053901512829545,6.2881673882134645,89.36261511910268,-0.0033042768050096107
0.016638615880716454,6.135418812976114,86.57781880769195,-0.00038455651377985794
0.017153451758781288,7.405422506733307,88.46756814826102,-0.0003090798241919732
0.016259943595661384,4.576786776547451,80.53587174564387,-0.0007951382096884354
0.016594712553939888,7.0513992464362705,88.3060959086185,-0.0043618774583495945
0.016941145373833944,6.791620886540605,87.8888337008804,0.00421234592545053
0.01659528352627724,7.251382792392912,89.92639575126074,0.0028683217772196784
0.017237144847175413,6.561689307062303,89.36447567123744,0.0008693378379392631
0.01620399407507661,7.062467350507424,89.54418827524309,0.0012680011855299021
0.01634712360006766,5.417994521920731,83.91297224242307,-0.0008212057613754338
0.015990689664710997,5.1241107349283475,83.37113690262092,0.0034894337986616395
0.016889576959320567,4.873795877522337,81.69551178445148,-0.0005118126734258723
0.016443651783231775,5.5106996066007286,84.06917868338937,-0.0015873931706641183
0.01810170519332755,6.852908098821664,86.10170362977902,0.0006630794929482056
0.01620455200223143,6.128194980224063,87.72832274533425,-0.003319033732397404
0.016509383430116254,7.212095556500352,89.49149333578919,0.0023858021435583633
0.017226466333398263,8.28956826593043,88.9499425297034,0.0021322704415931725
0.01730230380320041,7.2019117359276725,89.57583711074811,0.002817078600429011
0.016461014294795965,6.8615435693238815,87.69142243870913,0.003408804015087687
0.016236947286126395,5.976796531090335,85.66181524116539,-5.215193004097637e-05
0.01650211800363713,6.787694796498714,89.09008061573458,0.00026968677507707294
0.016140640141774548,6.399903315603889,87.22348345332603,-0.0005463747872527834
0.01581703794614251,6.018322305388372,86.28153749580221,0.00014589547877521278
0.017300657063248612,6.606395568710379,88.27438500373509,0.0012511218701116672
0.01597876597414498,6.757538612443332,89.60868509941716,-0.0006241408318173156
0.0158971025012788,7.094397886634404,89.31437116783465,0.00204673921503602
0.01591939134636991,5.76263509282699,86.1335836696443,-0.0037298125471002534
0.016842860556257114,6.881728970828586,85.65057478559599,-0.0015743844434954698
0.016813914782018134,6.331076919030157,86.61692116195843,-8.973538711563086e-05
0.016474143113080975,6.864515807310108,89.90239115191102,-0.0008268475669954685
0.01606929800721566,6.243958497474878,88.11755124483345,-0.004233714022662729
0.01653100456568962,6.598989959942466,88.85044112347093,-0.00043404014309751573
0.016589383436131762,6.201187929290067,88.42439874445705,-0.002276314042522534
0.016626369553730633,5.325505077905567,84.26085524931577,-0.002071472500511021
0.016946026430548506,7.544050802106761,88.36902886173839,0.0005168076733824361
0.016308693476163427,4.542147922075333,80.78767918724385,-0.0013111493349905277
0.01692355019427318,7.397569589458032,89.00080867698202,-0.0033343948072887142
0.016777234268581704,6.696740805328257,87.82858040572812,0.0030698035128846122
0.016599016851886417,7.26086418102931,89.94608441662072,0.002927388322206315
0.016781079980221346,6.387134051598911,88.00719525420848,0.0003895203969652601
0.015784085147872315,5.804050331534437,85.56800624411812,0.0012612410195321521
0.01627871590157384,5.628957185545703,84.54965761524838,-0.0004088616066526158
0.016082926808083004,6.223062478634252,86.81640883472762,0.0007211495866042678
0.016925861912296038,4.791182895724747,81.4766785237444,-0.0007066899647028774
0.016513081864855308,5.874640141784285,85.0010569256328,-9.483835927887475e-06
0.017763000419531598,6.7911243163884,86.04493923722744,0.0012813051870727969
0.016408158490662208,6.041220050531756,87.36624106023353,-0.0035101031005446834
0.01649014381959165,6.82576499329461,88.61769006693372,0.00011513361837914553
0.01687135336538006,7.485773459431518,89.11326003433312,0.001163846611519176
0.017164721419437614,7.2371667950158605,89.41357096290692,0.003098089601398445
0.016174493468478532,6.501886162016551,86.00815488156564,0.0033287196217768582
0.016306951921989464,5.917528082170925,85.45542964769167,-0.0001838654844498743
0.016064959157387912,6.728757083997557,88.71868701462671,0.0001881515551668553
0.01598409659753765,6.2402093652474955,86.36887427191462,-0.000893743503543501
0.015501376293581868,6.699689875916155,88.64063030310959,0.001223644549366753
0.016767266243837776,6.782408913792435,88.71232144631975,0.0005634145940975704
0.015912538263132447,6.724441777530425,89.94269319420853,-0.0011557836581508854
0.01603433122081928,7.272984726234944,89.34648343892188,0.003464753155105025
0.015612881516292462,5.562004731008748,85.08557526768048,-0.004394763053925339
0.017146458062043325,7.335478189285747,88.10735219853795,0.001101661009586692
0.016665892347252815,6.261314287419644,86.56314795433654,-0.0007202550755551128
0.016667836357293485,6.920430503329078,89.72612433535359,0.000795878672199454
0.01614336408498283,6.103659742273292,87.5430808249023,-0.004281689447068422
0.0164309927693857,6.614917579869974,89.19588769494358,0.00032583770567234276
0.017167897892611354,6.299861956429413,86.91265874759814,-0.001197592272977705
0.016300548411314585,5.265404556130205,84.061281755978,-0.002910209481144952
0.017016013860052647,7.618853992296964,88.86636891666578,-1.0508467746870535e-05
0.016353565156163593,5.040666185214289,82.48037634780029,-0.0009363173285732176
0.016824826922852407,7.4954908622384275,89.56276633495126,-0.0034516705402553947
0.01608117645856608,6.371978456359259,87.88664554481183,-1.502016723249115e-06
0.016708215768105897,7.184579909345344,89.83563852064934,0.0024754181527967805
0.016819276779217372,6.593726069415512,89.30484059093585,0.0011760223185673802
0.016223985215324484,6.205893093525258,86.33361330327013,-5.37450054571546e-05
0.01642391403164002,6.080482510802885,86.09112260839274,-1.397883203606027e-05
0.015680409339708566,6.225178748586916,86.37093041379859,0.0017337538340940035
0.016925861912296038,4.791182895724747,81.4766785237444,-0.0007066899647028774
0.016146178536211857,6.152787789056188,86.27574020422774,-4.596991988709649e-05
0.017596708977360556,6.21837968410173,84.75218026963287,0.0010249543931621584
0.016312025145259545,5.708948110801708,86.6387906122428,-0.005200211164565847
0.01674677975484222,6.457432986496838,87.30876811843002,-0.0002717890051210498
0.016784933767738205,7.681913476877904,88.36604329286737,0.000627057859614558
0.017796613559700743,7.110874728471989,89.15571720238962,0.0021850575782543435
0.01613910665493049,6.436936725790782,85.85892007239735,0.0032649249593465486
0.016125034013211567,5.655039943388135,83.55057891762073,0.002555872468105168
0.015371276831585534,6.149654914653256,85.29904543280917,0.0019015408329448838
0.015245070465792277,4.9583460811206175,83.04699194750285,-0.005085006745387876
0.016207410691091335,6.785419211835482,89.03881258343627,0.0006102553744672069
0.017138005257883376,7.224567778846876,89.46826496664688,0.003583526964100369
0.01595699112244398,6.672237823757013,89.69012326396913,-0.0010220538340593149
0.01618055270130827,7.269846193984793,89.50174600952437,0.003325606208368165
0.015558843843735168,5.546015951936942,84.98356725193905,-0.004100509058624498
0.017436704940721148,7.656447098667786,88.74575747772008,-0.00015515421419120732
0.0169061667800651,6.616223232460666,87.02569033591008,0.002008400427859518
0.01678791612048362,6.886963929855011,89.28294955148806,0.00020823390094900984
0.01632361117931467,6.005027347923955,86.74551451571193,-0.003102071034818461
0.016377199790249316,6.665952455113375,88.85731983639562,-0.0001688432920522471
0.016725545297343474,6.511213711148513,87.87488901875965,-0.00030626060823151576
0.015922305093864397,5.393052747695532,84.74205052589484,-0.004046305141818299
0.016418517377330483,6.657729511293388,86.12149065200687,-0.002903233987636652
0.016474254076349858,4.719062975413991,81.29929183676636,-0.0002702478609531919
0.016579927509117423,6.80416808745645,87.18988752513464,-0.001886473546968648
0.01657906644545931,6.223124837829592,86.08586464247348,0.0012514792921940968
0.0166762469486948,7.064013412485763,88.74821720682446,0.0029606007361115206
0.016969937746844427,6.771385891377065,89.71648558850916,-0.00146259590376397
0.01596312642666398,6.7227294306782195,88.2119482868833,-0.0003062795223099634
0.0164115534035557,6.444050285021214,88.00516488993458,-0.001215022013145078
0.01598446596668898,6.650342888903051,88.3957077614637,-0.00032885652513256366
0.016671520985773933,5.213446510908103,82.94200202852961,-0.0004804290853097618
0.015974260790076543,5.558097361735022,83.31574487470813,-0.0015266635570748439
0.01790349037697741,5.697650376925502,82.91703924058383,0.0005423006820987283
0.0164191631017404,5.682112908217359,86.3868026177839,-0.003337414586785219
0.016498067247134724,6.506571332989262,87.53183386757533,-0.001078251028968812
0.016638284631938127,7.461130761522581,87.97059385641903,0.0004958300208892785
0.01742080716350437,6.725087903827924,88.11578468971639,0.0005687040077591897
0.016160605495451404,6.3919649270032535,85.73917112722464,0.0031563967797592464
0.016449390470683826,5.992567935734663,84.575462041576,0.002451137836885133
0.015742254524817992,6.450401038136249,87.60622959200836,0.00045267786498835673
0.015384019368010671,5.138469928068183,83.72892850175934,-0.0044843248577085115
0.016431344518788114,6.735104893810304,89.06338290982872,0.0008398497642366253
0.01720229993811966,7.268650914187069,89.60488865787507,0.003665120614590521
0.016110812500706045,6.6977434383814085,89.36864275027125,-0.0006403814921453271
0.01622736292140784,7.21037110051531,89.2528114016134,0.003212944978575362
0.015335280842284754,4.810874490637275,82.73388071468395,-0.005821784009622178
0.017605287850820144,7.7656439775598,88.49354327223074,-0.0007639066315549407
0.016710230593100624,7.16094031279088,88.52825380060337,0.0031952413166942413
0.016827302300937545,6.637170214953523,88.18029911078554,0.0004009030945272338
0.016964453301541924,6.604453940405473,87.79547869555975,-0.0008121599539472506
0.016344615254449857,6.392842411372207,87.44090726685258,-0.0004760640585436296
0.01629496602756905,5.82713697672312,86.31244595557816,-0.003892999531495277
0.016113688844225524,5.405913063957758,84.59954008278723,-0.0034068969531503438
0.01612056802061326,6.840289108679374,87.22670048073009,-0.004097366869568743
0.01611130075597079,4.778573717995457,81.24479575210404,-5.206301452177027e-05
0.0167085572313161,7.198070624236748,88.24474687252965,-0.003471117168488611
0.016250390685595053,5.619556494518768,84.88537365054569,-0.0003220441801263959
0.016787776936217406,6.679838338875992,86.84677530208597,0.002722243951049639
0.01700807202045429,6.7063294304606025,89.423592988004,-0.0011199475391682689
0.01641377669497555,7.004012715029154,88.510531981394,0.001237057369542308
0.016519004500246813,6.47266092168071,87.96415566675981,-0.0009751909063593018
0.015692399279849997,6.9251164494539825,89.44507673073947,0.00026658675574869244
0.016891388702011713,5.052283662143013,82.46093390161391,-0.000584832916324881
0.015971163185101122,5.723788947393195,84.53478481029033,-0.00046890049733105564
0.017742241854435393,5.741574333755595,83.13672678021736,0.00040589476215727215
0.016633236358990788,6.308464360214928,88.49810238685622,-0.003657175109118998
0.016088827256806597,6.663497210086477,87.9198966899404,-7.712268480115697e-05
0.016805964472618517,7.37746641164382,87.67886335809125,-0.0011072147559975246
0.017195836883885842,6.68167812038068,88.16072737693648,0.00029835697225518267
0.01616967748315889,6.3942416100052695,85.80408908620036,0.0030313726284823895
0.016312093361917735,6.484506556499477,85.93198278818862,0.0021004531497555885
0.01600536949366532,5.916416043175652,85.23269308027943,-0.0007220185110533369
0.01536554736427684,5.458330756524029,83.81862245542699,-0.002176347590656601
0.01650670386264607,6.740396910106063,89.26333269436671,0.00039442903173108734
0.017357841656619657,7.2269791908125915,89.1307367912405,0.003589509720704614
0.016300249051167122,6.687619824000858,89.0843401720617,-0.0003642367221326626
0.016018860135136103,7.152519101199613,89.17698416554661,0.0030933679044953723
0.01532018371752822,4.783890644089607,82.67710623432859,-0.0059649325029983765
0.017509771905679056,7.700855886527804,88.42754075668228,-0.0007490350800678447
0.016493611032549337,7.096074371350412,88.8746328498718,0.0016380697955772098
0.0166559676959992,6.420166560286631,88.33480586382102,-0.0003815216513118818
0.015816843872209732,5.88918471223298,85.3523401210506,-0.0010823164160055794
0.016972717020475397,6.207170146520616,86.20063552201135,-9.378180453053535e-05
0.016360722371227123,6.038139506243691,87.15662763469209,-0.004391932919593356
0.016289559804364914,5.9369078560278155,85.48130552039461,0.0004910520126747282
0.01612056802061326,6.840289108679374,87.22670048073009,-0.004097366869568743
0.016778034890740614,4.726861570589747,81.16105891514013,0.00014570402397366677
0.016662657575042244,7.069030534421703,87.92041555145182,-0.0038292462500300797
0.01612103367045706,5.239724289427424,83.60541137652544,0.0001960826447756009
0.016827758610265184,6.639847361906282,86.76435810285966,0.0025882589154988898
0.017040789746475538,6.659338163924014,88.60698162595631,-0.00033074152836821513
0.016765063074972896,7.339570166862432,89.28691419667493,0.0018111545414013356
0.016644319089216722,6.575947463638631,88.5508351436742,-0.0004662330345365605
0.015649927899942375,6.635490306204238,88.01583983740318,0.00021649917523628923
0.016798971098873076,5.195448045877214,82.98423858117377,-0.000588817134067038
0.015957939910433854,5.766498623776754,84.61678467940365,-0.0005275728551091484
0.017718224187726617,5.630935390166529,82.6730332311438,0.00016683970357295446
0.016789205681788336,6.209286012914114,89.73057301476278,-0.002940937930579702
0.016219022664810092,6.654548028435703,88.55225666928852,-0.0004065387267431557
0.016557190294751407,7.101153471105243,86.75681141075657,0.0005607179773781678
0.016901830230231875,6.213624409563589,86.90644004785563,-0.0012843711962315712
0.01631946791301246,6.35693319178405,85.81811596521506,0.002830190609101047
0.016164246912987876,6.0155575384655755,85.91002197869064,-0.0016802584301706229
0.016369824967034707,5.849113886784705,84.81612753593676,-0.000338448056762463
0.015833283427260404,5.705950983866105,85.65762940946463,-0.003046234020723676
0.016703110704313313,6.793175432910138,89.41067915021516,0.0005662902807624258
0.017271715225613337,7.084718668384086,88.09367379164433,0.003963069498568566
0.01651579224001973,6.674490459419,89.24026500810109,-0.00040586739546058645
0.01608440007965815,7.14259902180846,89.08501174373104,0.0030141370262033135
0.015615995704627803,5.143446882321319,83.55533411891021,-0.003986069388154313
0.017740520601816433,7.840131585596608,88.46652272769819,-2.010028595603728e-05
0.016242238919601183,7.235335607491979,89.3535179188541,0.0028979174346840603
0.01671748447600874,6.194946096048565,87.35268325019918,0.00022546987874296257
0.015914129079787252,6.028965791019219,86.01609677515795,-0.001105492011140828
0.016744333419803838,6.318497888562226,87.13057947763444,-0.0003157904064882022
0.01637014380630558,6.044258112316244,87.18214606728192,-0.004411931540737856
0.01615297827337138,6.25630601870538,86.75978708976967,-0.0013936705009313156
0.016690867192272526,6.28912858357612,85.28951307863417,-0.0019114294786901776
0.01676479951340614,4.507939019435335,80.59713305213383,0.0006864215056292646
0.016386184197588173,7.01255352981266,87.42426804198158,-0.0038825777560259553
0.016386672055545583,5.389720355549708,84.09366339387465,-0.00032256091426907543
0.01702990443297285,6.792521690485844,86.69493965455692,0.0036468435409618164
0.016720670037629767,6.686385481396424,88.26475106967753,-0.00011752187944602077
0.016446850546896746,6.695003774302101,87.71975329657256,-0.0005496194390560666
0.016730015681705256,6.671117224354639,89.1770474288265,-0.00037302899217838987
0.01648138248564945,6.161308224771528,85.5931274880085,-0.00014935090216941342
0.01674860322418588,5.061638166906883,82.70688460145547,-0.0014299918037785195
0.015936295364823667,5.728853381112513,84.42465629015268,0.00022854931176995597
0.01757840817933446,5.633931741227089,82.88823932568914,-7.787000128330925e-05
0.016795866998657625,6.202999631200276,89.75551789794538,-0.0029294169827678734
0.015961660141132494,6.760943444978985,89.30695418439734,0.0005880895645709681
0.016557190294751407,7.101153471105243,86.75681141075657,0.0005607179773781678
0.01673930209211253,6.0154678101575145,86.7430909511499,-0.003493438603384812
0.01580480565405169,5.923454731726614,84.75278126480183,0.004017624824458957
0.01647655556080115,5.4231019540810035,83.69657000502967,-0.000678908848121794
0.016624850668664058,6.703842074028173,88.06523581857707,0.0003849779715337356
0.01585755090607037,5.6488430307420785,85.45289216866112,-0.002971140253337062
0.01634965047249508,6.5669584658543565,88.21332298465445,0.0001257117130934013
0.017258973763348034,7.144991154801147,88.30993192870861,0.004130949058659632
0.01652459370599451,6.659889742356455,89.56582821716897,-0.0005386348722543478
0.01604109905586747,6.398665286393336,87.10377404628147,0.0005483306473347341
0.015975609650110516,5.396372849281862,84.50161481286513,-0.004139030966012385
0.01707337962913824,7.067344285583838,86.58179475086831,-0.0011636045619167926
0.016434261289500304,7.2472868420882905,89.62690028566436,0.0022622426735178966
0.01665806752455504,6.134050586431186,86.31877634653405,0.0015106979120330238
0.015799921851167208,6.068041359258611,85.95985691645636,-0.0007134358543161257
0.016606819193648467,6.3718143919746195,87.15786684357343,0.0005339667104323738
0.016410310770806163,6.117871899310746,87.30625803489947,-0.003919582522802613
0.016718095478329746,4.678805434788592,80.51641905579527,-0.0018119239311581944
0.016565535790390058,6.660586973705996,87.304417416572,-0.002614215090496844
0.016754118222746413,4.6895739404464685,81.0192839357724,0.0006943617541819937
0.016368735308765214,6.803494502034285,87.5349061416888,-0.0026644813102839685
0.01663307154360438,5.470075830085924,84.27600958132817,0.00017851483873500455
0.017097174680373407,6.752989308175424,86.37047078205802,0.003869212325237461
0.016850546963230083,6.971276621820961,88.136853508567,0.002478539444872268
0.015972982150148134,5.352556976099508,83.30225109475931,-0.00033836462987530194
0.016626787245134975,6.585340932615651,89.13878688502709,-0.000872205993804226
0.016919724631796466,6.526006780866496,86.22052054691382,0.001456399222762806
0.016845779182999683,4.741233559903652,81.53302151919019,-0.002485639789876608
0.015621254830121707,6.396636668639198,86.80078754958605,5.182330335008761e-05
0.017824112760495822,5.252752430653803,81.90102667507075,-0.00023072174578607268
0.01681555531447345,6.238937548196183,89.53432912409956,-0.0024851748706235153
0.015888675356534158,6.714035858458393,89.59022549668794,0.0005638097242475882
0.016455481599605283,7.135350872860338,86.21156254089246,-4.9015717425311776e-05
0.016622981727647413,5.738609198555991,86.01171137678683,-0.004091396518250131
0.01627834470006386,6.188098651052081,86.14993692480897,-5.748090117805443e-06
0.016201616782349954,5.821068844378945,83.73071900819205,0.000538877223414658
0.016641703674486485,6.943433547951423,88.51015751859296,0.0019558674461180037
0.016375809490916108,6.030660289933346,86.57867384534343,-0.0032060659369529147
0.015485516933225908,6.497366043293231,89.30693744167293,4.24496831694255e-05
0.01716029429066786,7.2832399517338615,89.50982044985518,0.002966908271926363
0.01714826183359999,6.621798510464584,89.7259061322369,-0.0009898042501279719
0.01628181137941187,6.741034855369897,88.26659650153464,0.00046305611400799607
0.015951679990671035,5.070546782600998,83.62354233269775,-0.004918825164116154
0.01728946029238754,6.717412866752923,85.57119944091455,-0.0010005603696773822
0.016434261289500304,7.2472868420882905,89.62690028566436,0.0022622426735178966
0.0166329704795792,6.1324027725679775,86.41878848615016,0.00096056415360413
0.016122657348253012,5.915351859175323,85.22672092848417,0.00027043429014030843
0.016426394124140927,6.545719544827056,88.04763356358401,-0.0006134470903561484
0.016629111520949192,6.277631350179618,88.50172343956756,-0.0042678767040572295
0.0166999779995201,4.700847861203075,80.65239214235775,-0.0018748034743771775
0.016557541473965376,7.581664378387748,89.22793489314405,-0.0010458458507516442
0.01672425123989086,4.463152496705222,80.02059443034061,0.0011222905084873234
0.016195745662676213,6.793005202228622,87.94256272163737,-0.0020046335500286333
0.016498718398850955,5.8606648257582235,84.91911521517643,0.0006388185464474695
0.016681981955150443,6.786678023806343,87.77811189656607,0.003916337681525827
0.016889513036625448,6.9077195940064025,88.3183355265605,0.001285258159946763
0.016487960451508302,5.86476401669281,85.33246003039132,9.728846863145521e-05
0.01649099637798834,6.976412806677998,89.82842208622458,0.000478495585033825
0.01644084037942022,6.032728188785769,85.67704864433207,-0.0005891194260461206
0.01691918840610775,5.5443715337285875,84.41369354725515,-0.0017074895947044135
0.015580736170225571,5.924568825507251,87.13897582260665,-0.003659420041301051
0.017893659017439646,5.286896821813967,81.97827529423597,-0.00012900820190989127
0.01671055038534429,6.601613061518059,89.58752651337765,-0.0008327216582001804
0.01562882016247076,6.563998408748239,89.36136838525954,0.00011018586059418365
0.016530699216936784,6.940340380687492,86.72092832490814,-0.000452948591506872
0.016300610444592852,4.91391216589745,82.68219404218428,-0.0035964061835937985
0.015949283613836063,5.4920100828790215,84.27070756660444,-0.0012231851863490988
0.016150607789026716,6.4734499422559715,87.22246275983673,0.0010881589946678436
0.01689899839570056,7.162677039934674,88.733108670128,0.003813855419144749
0.016199208139419982,5.679215290452654,86.05019403932772,-0.003604786401436226
0.01614192279455467,6.735690876138864,89.10812928734713,0.0005543447561923293
0.017026588601038308,7.144432837454636,89.02574494278208,0.0032323083139883203
0.01662621988714955,6.315696820042929,87.09730997858331,7.913912291522204e-05
0.016842937920432812,6.000198008171136,85.5918249370061,-0.0009600243973459917
0.016402996301331668,4.822109354894044,82.18887048661863,-0.004635416700904925
0.0170097601939793,7.379637830086778,87.23446219823447,-0.001404025681643175
0.017001605950107516,6.629955522197643,86.682384520118,0.001998829889481488
0.01639526561528904,6.78374345553179,89.54086487655772,0.0015830297272831821
0.016137845122410916,5.94187091253956,85.67208770552475,-0.0005955021010504717
0.016608308719789137,7.024196251116928,89.24795998493805,0.001384299730240835
0.0162415975503772,6.57856479920564,88.88170432196416,-0.0011221433294803969
0.01648160313106787,5.987650904576783,85.51674966197011,0.0005731095967449575
0.016540460084155367,7.426076953613409,89.18990429981623,-0.00044189536543887435
0.01672425123989086,4.463152496705222,80.02059443034061,0.0011222905084873234
0.016222981723735614,5.907767899387076,84.41541052836668,-0.0023204710661846656
0.01652967313079699,6.420514110336065,86.61164360028599,0.0004904357063284276
0.01650814115732466,6.3412574980759615,86.87263520268598,0.0010162959315921103
0.017208372977977313,6.986115139353219,88.49101247398849,0.0027981354569536297
0.016304196278909614,5.457143761057005,84.2123707781507,-9.323201753098562e-05
0.016235424177517718,6.792756186424247,89.11952555888459,-2.2508805645187792e-05
0.016370031529151754,7.005512077931727,88.16776821997425,0.002164688656139019
0.016612325553149,6.665825770850655,88.70071281311341,0.001244231563293723
0.016106594190350865,6.527841887465579,89.63092620858058,-0.0014184965439480808
0.01741525203479168,5.848289846608885,84.85969173663511,-0.00013041800234919114
0.01671055038534429,6.601613061518059,89.58752651337765,-0.0008327216582001804
0.015720434150485414,6.686969247112041,89.54825391445253,0.0009294582016303858
0.01657299623321441,7.73422790134425,88.14584790336147,-0.00018754818789030276
0.016309237886512874,4.89244017862179,82.5955746793989,-0.0036447335729201656
0.016246893848381003,6.218236543159795,86.38129342392246,-0.000489172998498802
0.016726137297929964,6.8202877888626965,88.32241842118808,0.00017776512695853437
0.0166443652066518,7.3191090936821395,88.39322488112309,0.003533851337580186
0.016182605527595883,6.254166365417062,88.59874629174858,-0.004930433886798265
0.015906118258747402,6.539471639034268,89.61450480409516,0.00023814543025115365
0.017105056173508878,6.773921709103151,88.39047623644879,0.0032360267741788403
0.017413160142082697,6.023897819488643,85.41492185565768,0.0007763358904268434
0.016842937920432812,6.000198008171136,85.5918249370061,-0.0009600243973459917
0.01625801851165275,5.432466265237243,84.4281316574841,-0.002987585191650345
0.01752365215986949,6.3649781233174085,84.36451133721664,0.00305468450668239
0.017039986193612848,7.090412910719626,87.0209629958038,0.0013502675752369154
0.016496665060662486,6.900902170924384,89.80362841949777,0.0018688088123544797
0.01582632457929038,5.531918566303736,84.34338071689838,0.0005190364442498499
0.016150952232120878,6.715368897654694,88.48720860820768,0.0013637265438181088
0.016340001686404194,6.732455848503986,88.99345331197142,-0.0005627362929670645
0.015778973952040126,7.04083402833549,87.95923379677963,0.0030387232000083572
0.016672638247823918,7.823882789646653,89.75794708046544,-0.0007219167354869161
0.016651195523319905,4.710294606549118,80.91856361086057,0.0008968784982796173
0.016022043729463406,5.619459339993733,83.40336523713287,-0.003638653556203715
0.016548250999508626,7.169694695322289,88.40877056456902,0.002596169202031788
0.016133494422308273,5.7776711535637,85.53044856170071,-0.0014189394289359175
0.017140263439061974,7.3061360658533046,89.51408007977113,0.0034705596142827005
0.016902398805510227,4.380549326831129,80.03544290284248,-8.327878879330151e-05
0.01642253405618571,6.270027724406099,86.91213353353116,0.0005381154596971927
0.0162298049062649,7.15281239736488,87.87159724536046,0.0026343938827186105
0.017047780345092564,6.599980879709462,89.22207366456018,0.0008143480100682021
0.016169409018424785,6.379165041047202,88.55000125665197,4.5001873242065706e-05
0.017069048515030435,5.908322209684464,85.45959683187553,-0.0013390801270775888
0.016688393167646226,6.689171368897454,89.5512854504513,-0.00025809050098242903
0.016182930938209855,6.294399218224187,86.67426878349279,-0.000547942884537408
0.01657299623321441,7.73422790134425,88.14584790336147,-0.00018754818789030276
0.016253832173949417,4.798982739494944,82.34031504776621,-0.003893311937321955
0.015978158007267904,5.89467123928731,85.4618037421061,-0.0010990251251812955
0.016359914667018437,6.666212211686077,88.26826653008696,-0.0010465022736349328
0.016483561333657106,7.161060872814613,88.63598298443681,0.0029666915141636223
0.015887440773541855,5.784790111094255,86.23991324871628,-0.002944840787035413
0.016006251911448232,6.418634583813903,88.38218319659201,0.00010848650170003143
0.016526294251161734,6.535256353422679,88.01356642830235,0.0006136476962746065
0.016406931840195798,5.51799191706354,84.23672717588227,-0.00015965014323293528
0.01673146801491387,5.6046509723618865,84.5408309003421,-0.0017503932628146752
0.016275719946591147,5.203560714009806,83.83686318469634,-0.003847220097326329
0.017602597324583684,5.87973691150708,84.0993786220326,0.00012588000123420597
0.01711156465357177,7.217425104074852,87.26181844061452,0.0014267666648548345
0.016706676945519194,7.0995211925257795,89.91224900792493,0.0036251814596874768
0.01546868797475857,5.138922631849612,82.78262286926883,0.00033637485728783313
0.016268837579977078,6.699747123311735,87.46976641552588,0.0003328749015146194
0.016572599085274385,7.413493134218277,88.78267771208944,2.9310812942013025e-05
0.01605263477858387,6.793958617226178,87.75625113163866,0.0017993068572072918
0.016821569654047627,7.856573256138264,89.62806833072679,-0.0007166265295616589
0.016770637126123665,4.656557667567082,80.61619406236294,0.001033049339079506
0.016074027109437082,5.366621441433834,84.25906790012024,-0.0038737794675232054
0.01637656061092794,7.016739605632986,88.49678966626587,0.002298334338290637
0.015423741364199493,6.388119548651014,87.28251907473117,-0.0017944348002040308
0.017225359380138913,7.297034144032884,89.82970944317596,0.0036830017154077695
0.01689768676663491,4.556538980559455,80.56114234290244,0.00017165102041229738
0.016723946463981103,6.765697515692978,89.22555473691838,0.0001494374758724972
0.016609620690566023,7.061510260517674,88.29845373755677,0.001886695088564948
0.017412890420824483,7.055789901192727,89.91162252229132,0.0019162630371377099
0.01635642500985962,6.126358181770877,89.09446749635713,-0.0014599930882529559
0.016691799412891527,6.368200639710506,87.74653023897373,-0.0002536519618854291
0.016752387670580533,6.631994271754951,89.98284543520737,-0.000880626315813913
0.015993234567087903,6.30830790287844,86.48836646103456,0.00010664249490615566
0.016446749943809267,7.7294967088325395,87.76866129395631,-0.001133256000022541
0.016253832173949417,4.798982739494944,82.34031504776621,-0.003893311937321955
0.015484758229153956,6.010123327144109,86.98996886142439,-0.0030912231346717427
0.016556890889704357,7.238221955445983,88.83561593583286,-0.0021922736810195474
0.016962967278399348,7.3427326909063515,89.26872515178111,0.0034068286225261936
0.016133873421412134,6.022909485091321,86.6590272545738,-0.002025072224060058
0.0159993515004344,6.609818276346291,89.13916400288,0.0006281124995873425
0.016951804256850812,5.508368498187312,83.81255899099956,-0.0009824211055660566
0.016540412685027827,5.00113179098743,82.39416362020913,0.00029657360196463207
0.016462598555020823,5.848085365808586,85.12964501030795,-0.0015820373982705
0.016603351527242467,6.278160644081827,86.95873610111789,-0.0006612761530632363
0.017017210967830973,5.767884315869228,84.83678578104305,-0.0014448714884132097
0.01711156465357177,7.217425104074852,87.26181844061452,0.0014267666648548345
0.016759811481740095,7.223857817760538,89.50888946812316,0.00254689572713629
0.015603381206659694,5.64412954014461,85.40972825238912,0.0046110268465481535
0.016270059260717052,6.232879052918874,86.14198156727318,-0.0003902000614931056
0.01647064126796397,7.526551430900275,88.5310771942472,-0.0006911959543224415
0.01604753334305429,7.170811555114729,88.50402854441099,0.0033367338620358144
0.01671255735317875,7.718155375944547,89.46177743318049,8.960766680193508e-05
0.017061120572718757,5.594834952202153,83.0217048134664,0.005234661010160454
0.016522824622263385,6.488637775538191,87.19101240633084,-0.0003973241162006022
0.016309474317129632,7.235216280153547,88.95175635993164,0.0031738072283783274
0.015828099581568725,6.2119390845258735,86.52473195440093,-0.001579481465904403
0.01709660199836899,6.951933529426448,88.4313522952577,0.0036005108710870514
0.016937428780119404,4.491404007140423,80.32518188206397,0.00011773755267116461
0.01604133875524776,6.773310001872629,89.65736273498035,0.0002629694902064425
0.016917923256992814,6.073308920288024,85.03290610323458,0.002467500261498946
0.016906374155476255,6.378548618461659,87.75269455373744,0.0007815270974164823
0.016766738870339443,6.81597394690786,89.37683465891115,0.0006151717253390159
0.016464844478058845,6.414917355431874,87.50121965146268,4.9817076570689636e-05
0.01657220575482425,6.617925029010578,89.63066111263157,-0.0005690693309604018
0.0157504288448764,6.844176220518004,87.21287788041207,0.0024159329766156074
0.0165814334605501,7.2067581787622,86.77125420159527,-0.0015083492944798146
0.016213597431621336,4.866204356711323,82.60495238622678,-0.0038136909379541456
0.015355523664874783,5.8209372149482235,86.60890925231801,-0.0030017797143118727
0.015712649945516445,7.05940199073498,88.37861150925784,-0.0036686465336752644
0.01721481878592587,7.5427321245188335,89.57854938982207,0.004362181531880563
0.016256186481765963,6.374440958369536,86.30600530151109,0.0003949719575619291
0.015735795389348134,6.5407499849475395,88.01769954725147,0.0017148913365818272
0.0171465088496249,5.037498132013108,81.76122454402594,-0.001811740617146001
0.016502694460000588,5.011572411481289,82.4944456915648,-0.0001357570124730929
0.016043967044167322,7.059034549740333,89.50920401964297,-0.003330882582516478
0.016293112653476823,5.71189720253353,84.83106291447994,0.0004096874927793843
0.01715478825388857,5.399586734458977,82.45371130483412,-0.0005831342608695596
0.017237552420374863,7.280749613935817,86.24176563072304,0.00028102808744456294
0.016712506893390343,7.284969702680626,89.61131509997229,0.002725192297394086
0.015481133050589825,6.296984105920062,87.34579464375014,0.0005749162277789571
0.01584216790694801,6.4000286829425015,86.63244856332688,-0.00036076715867991405
0.016856939993832372,7.5222199731273145,88.8072375373425,0.0016408317740463372
0.01587151303545148,6.3599802262054785,85.88250593942726,0.0027841638427453593
0.016584266208489563,7.55945379938535,88.52340383061701,-0.002061940209087452
0.016923820811702836,6.106101254013289,84.99846600208177,0.0032802605149535825
0.01636334147450599,6.356290016229434,86.99092712499326,-0.0011913774434680314
0.016630828897190954,7.313929790268864,89.14625087130099,0.003264939334096965
0.015700757961511602,5.752133031360601,84.86176724741802,-0.00043680213559650974
0.01753484968636327,6.966007895333322,88.16632457498436,0.004860056780079049
0.016933868886652576,4.561881662669256,80.56195462513014,0.0001257519714092326
0.01569075669868705,6.943008360788237,89.70453875349178,0.0009478892322393945
0.017005586385744016,6.584687876009785,86.5655050074632,0.0033842999625263363
0.01633516580359835,6.447538696273378,87.92412429517343,-0.000922362226497777
0.01684382882380793,6.787029916986828,89.45694436152952,0.0003307635407502
0.016210930141752827,6.669112719376253,87.75183715554004,-3.468579110627208e-05
0.0164573407029786,6.616180647002963,89.77049571165914,-0.0006471779205924858
0.016230411813718412,6.822154902365972,87.38949092484417,0.0031351353102078454
0.016592885022531038,7.256300077796286,87.43678146449712,-0.0008019922755333649
0.01600086332180776,5.175114935301318,83.69564555452963,-0.004741922996103574
0.01594469955888654,6.568901759825443,87.5780169139151,-0.0011839720055485518
0.01599124614376682,6.6188356077338675,86.83370961464996,-0.002892871261679787
0.01720835520650497,7.191700865215601,88.51022821470607,0.0034784735270255644
0.015750587125379,7.052283384855322,88.71864339477716,-0.0014211974493474051
0.01627104471889082,6.411019198173725,86.76305162021434,0.000858240010544208
0.016913277681958164,5.643895213865646,84.21201337831825,-0.0009211421457628833
0.01636480750434395,5.714542761798683,84.48861825938167,0.00016176214221097756
0.015384165405561095,6.5374407940227846,89.69551271818575,-0.006762490059480078
0.016651620404061155,4.635033273289068,80.96325534309159,0.001028015099498205
0.017246107789139622,4.92831583037486,80.81949487369262,-0.0015207682630308307
0.016981709564230885,7.073784091162433,86.22942779341541,-0.0006050188502228788
0.01657933453203096,7.232251156473345,89.69987799739957,0.002378149927600713
0.01639455989736169,6.637817418966345,88.434136165487,0.0009264950760469997
0.015677431586054585,6.548670580974458,87.73518055869705,0.0012364524181429652
0.01685611014876096,7.4941874721328965,88.31851757513655,0.0006775821353377867
0.015590652519197362,6.180804470122616,85.34108127653509,0.002940975621259199
0.016436136591529652,7.358617372929964,87.78147603374613,-0.002078515490998427
0.016431598010607673,6.188459064516749,85.30434104228178,0.002545774088694336
0.016520644351192774,5.721796039779983,84.65478207786107,0.0003562495801796244
0.016594806071552545,6.302756400793314,85.86706335558918,0.0024263335469037577
0.01564697957290906,5.563234781156631,83.9920778560241,-0.00033836462397947363
0.016818267457216096,6.887981960867344,87.84047956561024,0.003360459962020926
0.016487832109166833,6.310401377781249,86.91115233587863,-0.00011977017371544605
0.0145780945607516,6.524994041803434,89.273281512961,-0.0003172829914639033
0.017192618901983443,6.033127908478123,84.64659463552259,0.003144057637413518
0.01634323090657192,6.269020019076173,89.52642522394096,-0.0034832325741514297
0.016787424575690862,6.3143827759447255,88.14678374858242,-0.0018313261224620157
0.01639633938870268,6.6428315060099274,87.60034238803183,0.0002626433082353037
0.01649940768315563,6.580457847832632,88.15293746062213,-0.0006588693168841765
0.016195574766617732,6.858129622548124,87.50961663433928,0.003127844182449309
0.016761892542215544,6.875893791917754,86.55537286221569,-0.0016752111726869167
0.016463811466716296,6.379229021834139,85.84375226144364,-0.0046465891326354985
0.015797870687291285,6.456649703422448,87.44921838273416,-0.0008381528413932019
0.01591254192892281,6.642181089199109,86.8591077432717,-0.0031943045259442233
0.016897517559422887,7.401851546422798,88.35815486554897,0.0016856286717517308
0.015832079901880326,7.284382913300728,88.15420463841352,0.0011384322640256598
0.016068382105602297,6.3382234983588255,85.4823273901667,0.002841217592517817
0.016931732755572724,6.339865633791054,86.53021125714776,0.0007091461138258714
0.01675663007123205,5.037898640247975,82.44099711191596,-0.0011959500608629374
0.016092379949669795,6.664564493680594,88.38104544194935,-0.0008393908387689981
0.01665626834256969,4.736482854934767,81.49682029608621,0.0008847405073472087
0.01716119466434831,5.0351747917668765,81.1905060014447,-0.001240435729183178
0.016847556337452208,6.631851129645352,85.26680417385822,-0.0006915055839123571
0.016630777178603947,7.242301453719254,89.57471402341558,0.002387464730972055
0.016052448586287425,6.790571446383314,89.76336929374543,0.00021968153264913682
0.015933515848873182,6.600957161065885,88.42841030890114,0.00024950282934397584
0.016812708321502855,7.23642002396274,87.76024644166748,0.0005428845895713093
0.015726197805303807,6.314858309428482,85.63652826236103,0.003251531532344832
0.016475547630136242,6.901598135046481,86.64735612538911,-0.0033404722253928313
0.015704793245711737,6.766639045295916,88.07756544901541,0.0031002288448286545
0.016599419510282244,6.085600761049614,85.42002990666028,0.000929365614239952
0.016478774560006584,5.975742425010568,84.73600849914328,0.0030799481172993654
0.016011355054270288,5.615523628036944,84.39422449905979,-0.0007178395985179887
0.016471875393581824,6.8865547004806835,87.48662209604409,0.0024271713883166532
0.01620124040473279,6.7607079327150155,88.83861405091739,6.471817573228795e-05
0.01579119238974214,6.599050821537016,88.03434829147974,0.0014481628502368777
0.017095040316095607,5.492627685452634,83.20341648319464,0.00358799985818384
0.016328472481727377,6.264859870520237,89.9064737960072,-0.004092734439385579
0.016973798063395034,6.184346573938803,88.48995034760543,-0.003230833133653596
0.016234299354746438,6.7704376307387175,89.50501906230019,0.00022808246024638885
0.0163127754313517,5.5457691687020025,85.49354175178071,-0.0029101924016383977
0.016257292878926435,6.871014206913602,87.92728994498977,0.0031007848738656895
0.016840048492827074,7.2637677407640115,86.87617581241119,-0.0003296093546307227
0.016482626534876296,6.257941925352976,85.13391781409673,-0.004920895178482506
0.01634351237722215,6.148539697540016,85.87485219044049,0.00016806948617705073
0.01575073251228716,7.181844289963779,88.31439539555335,-0.00420712911691705
0.01699178758873098,7.450206312767901,88.32450273622929,0.0008406515366342856
0.015851696193103334,7.174913099814751,88.60630566624009,0.002043068763619944
0.016157190329900886,6.290193127323306,85.45515169114095,0.004616438493810909
0.017147671528308445,6.510448619239764,86.21360794928879,0.0026585809834940534
0.01656084772381654,5.290325621137831,83.65213739086077,-0.001870802203617428
0.016139367653546195,6.659890289069661,88.74491938631897,0.000587685663241584
0.016494076907838776,5.667084869005631,84.42124785639477,0.0009095021208747843
0.01715103216765382,5.07033226086667,81.3123161629224,-0.001188688643160274
0.016848471397725523,6.465831043331294,84.90022631029885,-0.0005678147453922642
0.016934343654091424,7.28021340133419,89.21224150941427,0.003942105385173765
0.015476882434389019,7.1534968705789215,88.87381761126481,0.005123461962237795
0.015585749298563902,6.9416547499676176,89.09266048382699,0.0013726343227054593
0.01666845919791727,7.503425850870398,89.43929548567978,0.0008378130545066668
0.01617366741660007,6.35773432993281,86.60206391671034,0.000992856844669876
0.016437938426460408,6.885139716488894,86.83367376193348,-0.0031661360172424
0.016263855293701543,6.550682008047021,86.53014715388336,0.004454491528735116
0.01624521942872032,6.895964606964121,88.22896762394194,0.0029986547966062704
0.016189793093890445,5.803703894864861,84.6596306889526,0.0014302984105766835
0.015541536370378405,5.085999818849036,82.90735330655166,-0.0007525714891203246
0.016625764395863274,6.994000559452905,87.10915601273007,0.0036818217529503757
0.01606614608353323,6.645093298777019,88.76949558514153,-0.00011163299728327546
0.01571290900684082,6.601362218210617,88.67678870395154,0.0008995493779673082
0.017477066694984365,5.279740697409336,82.50116528232144,0.0016447016668478644
0.016329590431260036,6.263800874946897,89.89644537075212,-0.0040818411309902405
0.016958766969570514,6.2147832337707,88.50160442831955,-0.0029592532393298257
0.01684034340301232,7.145731546942077,89.6432864767214,0.00335082059342
0.01645099417704614,6.329833976391559,87.55120903320342,-0.00048734622270354066
0.016501858223862485,6.997745257577629,88.23319273310645,0.003949742000746146
0.016751385529114256,6.0772842885502305,85.39870333562844,-0.0024658784448185105
0.01672734944170925,5.6548000071069975,83.33925244775831,-0.0042894542860982925
0.015859975247189906,4.795102313246951,82.27857807148266,-0.004249340672726646
0.01590632271845876,7.018820106221683,88.31459469093278,-0.003064270040650684
0.016913699921752928,8.000275497839098,89.55055966269741,-0.0011691982749318756
0.01594048358776526,7.098805223402152,89.6154834063589,0.004576090972727653
0.016351498690824147,6.076771336717982,85.01724110265046,0.004945109753218886
0.017359857095080738,6.316422886277181,85.16759165754256,0.0031216006431479103
0.016879780635037422,4.395035633896743,80.40671661678134,-0.0037314371595602797
0.016038941714307895,6.588672575235773,87.58839873784359,0.0003898700426640425
0.016543792698054168,4.708690866901231,81.03665770760755,0.0014321991409073482
0.017211936894186285,5.028111896144428,81.12784185529608,-0.001395364340046679
0.0168560082658827,6.643129329941005,85.43755181147428,-0.00063730195887167
0.01692282414804342,7.306305152140917,89.32173832888573,0.003964318101454138
0.016177523601761196,7.29072450450029,88.61976037593448,0.0031426691135052888
0.015831717035474775,6.7239587976414255,89.97903345187551,-0.0013162891548609238
0.017001297867269238,7.731577649306141,89.60961811711562,0.00044464285455414
0.015856523265576187,6.01584280305952,85.53552542894425,0.0009604587379556284
0.016381722246698566,6.708823770474897,86.27578673998681,-0.0033662698930597324
0.01641502510586236,6.459360174738996,85.84901138424283,0.0032748928233710065
0.016721362353714006,6.65628970556177,86.8860687766894,0.003164093100957903
0.016192816380837288,5.09890450457614,82.69526008157139,-0.0008804641173512989
0.015943093676577577,5.976874562162867,85.47381744273277,-0.0005966101180440341
0.016841562139788657,6.763014205170286,86.56724155485756,0.003582070358393151
0.016042824098600222,6.704754954475909,88.99825638105565,-0.0007187878200843728
0.016064553745242183,6.643843240722113,89.62025533897244,0.0011180312982555732
0.01682687793069255,6.070967768092054,85.54625564744079,0.00020678086583922475
0.01640110790961971,6.330575655814367,89.43558429056247,-0.0032668288960989466
0.016538573046650025,6.742852750218007,89.18898481876421,-0.00022282377769390713
0.016691556631394714,7.070749769370823,89.36467080781273,0.003065083884086935
0.01646234883292092,6.5175586849848965,88.58888507711423,-0.0010084879768155097
0.01656449119561068,6.663121082859336,88.42969015843491,-0.0002709831716528996
0.01701960736025283,5.56392539794615,84.12301444474937,-0.0010496123948840791
0.016696522110828907,5.8863822713776575,84.3356502640696,-0.0039490823751108526
0.015801821099941236,4.7351000325637305,81.95401843860984,-0.004313269256820085
0.01602464112629139,7.006610335969483,88.5096066384806,-0.0025324241036305843
0.016913699921752928,8.000275497839098,89.55055966269741,-0.0011691982749318756
0.016021252792851125,7.164199953657327,89.27619993983646,0.004087665655118295
0.016309104686331805,6.15660845368301,85.36572059696633,0.004508435228897991
0.016980668668659823,7.370405360424917,88.34502580432692,0.006356864315289703
0.01688766798707183,5.676159584716261,84.69571826800552,-0.00044915258706014006
0.015836328239736946,6.472807153225046,87.57697109273425,-0.0003268979894961049
0.016237871333863903,4.930905036175782,81.93888201509706,0.0014864821653618751
0.01720843187012356,5.034406896080062,81.14860677940138,-0.0013748233416868549
0.016861999177192517,6.56265202814227,86.31303396188476,-0.0042144728190670715
0.01653707111992248,6.76660205776177,89.4585321697194,2.4789535246853562e-06
0.015937314801987342,7.305684428231482,88.82161348321756,0.0035280506090457687
0.01633622259412381,6.790676283429361,89.18426262937363,0.0003863228431379639
0.017258539823048973,7.711357025843819,89.8096886730545,-0.0009996771785286845
0.016028397527446527,5.5192388347020875,84.02990272422879,0.0013826287745792826
0.016382537420338055,6.709335742123151,86.28021594779563,-0.00330903380743686
0.016443598281829237,6.742780448431746,86.77610677773806,0.0021306653081348955
0.016550320972472728,6.452945779455744,87.36997043491561,0.0014043008370190901
0.016401215082009393,6.312502787676974,85.7197171710651,0.0015026094051980505
0.016017809134092936,6.064516847737163,85.70099954719669,-0.00038015576920822237
0.017126421789477108,6.4783821804393416,85.7609388934636,0.002337879806770393
0.01592651248267508,6.3007636744043,87.73735339726898,-0.002303775053154486
0.016209298242056178,6.766559925054231,89.31558806692912,0.0005705422329361208
0.016656288544462033,6.430408683023655,86.4459177042316,0.001476930469098402
0.01635930406637568,6.211022945168082,89.64451235962062,-0.004208931963482605
0.016350017118499625,6.544330705333473,87.96905068373316,0.0014205626091085175
0.016653108118854017,7.089637864025944,88.33800688688827,0.0023282721450356655
0.016591686407540343,6.736754924024605,89.26908081086947,-0.00039233452191612516
0.016584430996927312,6.500328056299197,88.09140472081455,-0.0011711116541272188
0.016883085075619485,5.553702239653467,84.06825255811792,1.2588913153786536e-05
0.016616874557993124,5.8698342785477395,84.26157635307247,-0.00403228859220096
0.015902569666275918,4.860169042689682,82.49372522350936,-0.004120920516877973
0.01587300553872165,7.123219939548071,88.23978990709853,-0.0035909160774791576
0.016703810884272367,7.539284837336569,88.92286736550382,-0.00010412729385409197
0.01602652001587262,7.155321610561519,89.30472585789721,0.004122782259929973
0.015936453648548128,7.074516648659821,88.10729095827087,0.003296601162426433
0.01616476771017709,5.960195974789058,85.68541107721663,0.000558495643853526
0.016198992439795206,5.34682233760039,83.23824632723078,-0.0009624043030716451
0.015953597178912482,6.384046071396239,87.59196523639994,0.0005632021815886378
0.016641072648422434,5.416173333138144,82.80193552637535,0.003654292785897953
0.01720843187012356,5.034406896080062,81.14860677940138,-0.0013748233416868549
0.016861999177192517,6.56265202814227,86.31303396188476,-0.0042144728190670715
0.01665622730747298,6.8572050381801954,89.79565704449728,0.000454903784446009
0.016337979618094092,6.726668933766738,87.6780385515092,0.0020373165451127075
0.016336420201992326,6.611349716253777,88.60192114770788,0.0008744396980983398
0.017663385321262406,7.0637646809596175,87.76391202887064,-0.0026503861535627435
0.015954045275940076,5.374174827860413,83.35990810895025,0.0013608313708544108
0.01606222912920052,6.545539523813345,86.8042172994485,-0.002577141490860454
0.016543574673494654,6.464156284740569,87.04905947118792,0.0002059967405461864
0.016561715919976003,6.240860183418713,86.24200485227529,-0.00032225582349240276
0.01645526549149777,6.26652820911594,85.24881118792646,0.002129223198831646
0.01603053541194705,6.318385604382256,87.35958495750256,-0.0016107410868553744
0.017136014210879607,6.47767280130672,85.73789406080162,0.0023770164799723683
0.016012726300603193,6.61779105565444,88.8704724931473,-0.0015706609174857334
0.01563865836503885,6.541834669880706,89.11588119364615,0.0009548974469635438
0.016946871339225372,6.4117044313952904,86.77301503135475,0.0003631145627677022
0.016392204249537315,6.02679066680404,87.97967597514649,-0.0036692038414074726
0.01602893451079259,6.704974187581396,89.63912923119771,0.0014804240990730867
0.016251544107037733,7.144889721289671,88.76632784597602,0.0029555183733947343
0.01653516727346282,6.683479179224782,89.41981134101587,-0.0004566722135915472
0.016488658442120833,6.29833273721316,86.77830872430786,-0.000367747811333966
0.017433410570880797,4.532462050517573,80.58812291990752,-0.00017583361596742704
0.016585665945917146,6.113974983322317,85.9392324312314,-0.0017255304821618452
0.016068056587344448,5.815104980842174,85.16079499549554,8.111897143693592e-05
0.01614072792986009,6.8928632445988685,87.7704081411155,-0.0025275976179939034
0.016915254261947586,7.824359831989825,88.76983766504493,-0.00031964375501297867
0.01598463731613009,7.071889887396119,89.31507879428283,0.004000782170421045
0.01595351023225229,7.224359769781369,88.68727052146966,0.003436589424905969
0.016355924507990942,5.653975907728417,84.60885550126086,-0.0008386079298067211
0.01614047662056398,4.657494358589277,81.53281391939225,-0.003853242389851779
0.01618879218718514,6.844919499756768,89.29560619427453,0.00042081232944964314
0.016620824732708216,5.7616559496019555,84.03545529654993,0.002435491308803787
0.017228942279880595,5.001932013456923,81.03246035063755,-0.0014479354542641916
0.017019203925594847,6.907345327999692,87.72959024408935,-0.0033906171966956483
0.01644711529029752,6.864722255151065,89.9601297239785,0.00046351370468253284
0.016105507534240438,6.322804122944861,85.91975077660648,0.003970016059128859
0.016631088214957655,6.43171628540441,87.81654330581145,0.00018994822599264967
0.018039971665514735,5.708537034143734,83.55461981221488,-0.0008551890489025371
0.015956208779561335,4.935342093278199,82.01076378391703,8.650538435664391e-05
0.015628051983888062,6.540547408335064,86.27622615882787,-0.00431161326316042
0.01705982678095499,6.4878373287895,87.44223073757948,-0.0005800690144041015
0.017195909815326302,6.460792828683016,87.46630138810536,-0.0010286746502620133
0.0162337213640893,6.387993957931023,85.83678883585135,0.002261983799722441
0.016410614382447376,6.061844010281093,87.33387620346191,-0.004118022754676331
0.017497109831352057,6.100378914950183,84.83464807922158,0.003258247791078371
0.01606989194076799,6.506601012931437,88.58375263871191,-0.0009619637706791231
0.015338502518232232,6.397763656447502,89.57457491345006,0.0007811601320820551
0.016737396813321516,6.703668895263364,88.70069189317076,0.00055998756797791
0.016529787587401496,6.240717274213364,88.18564219356075,-0.002976905527524139
0.01667138452333485,6.615925462450304,88.73344912136923,0.00021590394842949828
0.016286834081887136,6.944949267592618,88.2413286369076,0.0023899083415554797
0.016768968088260065,6.192009290692785,88.82442751189537,-0.00472031420626708
0.01594349316051521,6.194142842698128,86.72309844954205,-0.0008740706058481221
0.016860907165054624,5.322684594997561,83.35587611784491,-5.9344974952190615e-05
0.01678092034789891,6.164464769236988,85.98492042402538,-0.0012229514205442061
0.016440157558212484,6.102135388841532,85.94189332603298,-0.0005922994334466229
0.016021519587933315,6.93439125391466,88.43799057699586,-0.002680810965882963
0.017221732413057987,7.115925092605646,86.52902332595673,-0.0014914209953608508
0.016497133102116358,5.713378954381166,83.48036660170449,0.0012395359159277297
0.015998890004174125,6.711812972492135,87.23146049426214,0.0021120159547226907
0.017475900147922628,6.671931016458279,87.63630898440255,0.002846503069223726
0.016270319676410433,4.7439992197842376,81.88519232453908,-0.005076229935272494
0.016778280358209233,6.985705591319567,88.73433367154014,-0.0018276704381797776
0.017497545564000943,5.163138722887547,81.68238634935659,0.0011472752031374354
0.017303254870087267,5.207003118567988,81.53620913729519,-0.001592740235746662
0.01706956026835394,6.990553084974719,87.69747530516001,-0.003943084842278503
0.016292765859689754,6.633855795999574,89.44265625689336,0.0013911321873694021
0.015651444254407454,6.989240450224161,87.54151726521748,0.002776337329478883
0.016617264441170145,6.357460087773102,88.18516924978827,4.341265191671337e-05
0.017242624614396587,5.089729490347109,82.15535363782399,-0.0028537504041538896
0.015555307580866169,4.62627379701394,80.98169174750043,0.0009763050185033822
0.01560753970359012,6.370824602330455,85.75238611302885,-0.0027941533059683455
0.017055673122526125,6.849036494926348,89.15711325669407,0.00014026902530482133
0.01715268141164812,6.7345168930158295,88.72116649119872,-0.0012915637048520985
0.016076061231366807,6.35122389879662,85.61673973671903,0.002171536719398113
0.01598061094469971,6.349465670161525,87.1058973903176,-0.0017824599907219393
0.01713191930655569,6.491537774946367,86.18339035302661,0.0033992482347593358
0.016084512513554815,6.808869076877511,89.85705547282346,-0.001157485834638572
0.015765527340815613,6.429679505137404,89.3118945170387,0.0014204993779815256
0.01654332789257243,6.543375045450017,87.92167783416187,-0.0007029970423520961
0.01619146265615992,6.136530599821339,88.53296857420962,-0.0038771720755807473
0.01634069667804091,6.625263980782397,88.63678521439134,0.00030881902566464364
0.016560205833840904,6.655630269707561,87.87296279684433,0.0005899945330664202
0.016682485585416674,6.009931794509641,88.2236690764713,-0.0050203071447520245
0.015947621789933662,6.249399143139685,87.04002589844222,-0.0008558868332356724
0.016731807702296826,5.22678033448322,82.90278926435401,0.000644884468901423
0.017083918364192253,5.921920289345206,85.4745685948949,0.0002644033130008097
0.016408176345882826,5.3949228322118525,84.63495060241218,-0.002148343866108301
0.015778275301858862,7.226946177341723,88.47335566971387,-0.00470398090530376
0.017218569569221027,7.166908132546103,86.3748136889877,-0.001453214175508553
0.016956625277662254,6.357331184886787,84.63271782578263,0.00029634318925492056
0.016154045612374747,6.628136906759836,87.34973582229739,0.00043112767898540784
0.017594114337973706,6.705269665061125,87.73551391745525,0.0030424193509099363
0.016410457576802335,5.194795809337995,84.13192594269937,-0.004978257102556965
0.016915039816592384,6.821160558884466,88.39953300105331,-0.00251297457735635
0.017332468938606467,5.026321584119056,82.19912470693572,-0.00026158764427475613
0.017275533353277386,5.308297675411618,82.03230128398407,-0.0016829461206423289
0.017165407039213168,6.390152785795761,86.10482590931142,-0.003451984275164183
0.016568079722204046,6.747923209949091,88.9397102139671,0.0007060838722140607
0.015551333299074793,6.82420903623094,87.38354981524141,0.0028150388841415375
0.016547075820358484,6.7396705586267975,89.80803582589154,0.001552911388570305
0.01715601181141984,4.8900759055425524,81.25763148866109,-0.0053658361676789616
0.015819619362633985,5.20243009390392,82.42942642604929,0.0018596374491378314
0.016211186925304398,6.570411279960639,86.10710092006303,-0.003861499809606625
0.017077403318378107,6.875493603700356,89.29687770239735,5.22678912062962e-05
0.01648772393545566,6.513762090545079,88.53604583488189,0.00048357163517755153
0.016651413531467065,6.527205381286563,86.1620785310616,0.002631387586940711
0.015951054711647084,5.8612527679056345,86.56025315951256,-0.004675152230581468
0.016975821571935588,6.699160872789772,86.65273084933368,0.0036735387913917265
0.016258608260282238,6.842323948515287,89.8442382808191,-0.0009077127932383353
0.01606773760630376,6.435180880204984,88.38258106726286,0.0010065543083915961
0.016767003414747652,6.870512806960062,87.7235920597771,0.002722650815520324
0.016142587566984726,6.228473364986305,89.35471073398732,-0.004315877099989284
0.01622647938861244,6.526273112236401,87.48541275275656,0.00011795137094694746
0.01690769899884932,6.049130301262812,85.56139083435608,0.0029169590002763
0.016362584402699658,6.011291543267096,87.76673709412266,-0.004164900238199423
0.01608563137904166,6.483765362578728,87.3988117042255,0.0005374809071404078
0.016726865457789408,5.300458222516583,83.181692422941,0.000569025430754247
0.017317804240904174,5.542436470088991,83.48702951118145,0.0017882191131862873
0.015633030870719915,5.296623123092374,83.22195716844715,-0.0007613583875854539
0.015911467548886657,7.139234177140026,88.54489451389291,-0.0037592025594796914
0.01666376573875642,6.325228013432914,84.6574416944212,-0.00010590326229556078
0.01706237975050646,6.774051723700536,85.62034603268992,-0.00044143559516409423
0.015217377117154185,7.109049736679131,89.4469898493505,0.0015583934088660798
0.01761041312463788,6.274237495778301,86.29125409256625,0.0017555392610738548
0.01635799381134561,5.540211391126353,85.30056519557478,-0.004103075289163284
0.01689082675235369,7.258331938508819,89.27993811237641,-0.004300903788658962
0.017472510833004398,4.668570746006793,81.01691370932147,-0.0012456303783704836
0.017180001797503914,5.366415554167764,82.26164788281774,-0.001585816138228534
0.017425755876827334,6.4705011979600595,85.8326517257905,-0.004680837640510987
0.016505886046169472,6.734549591169455,88.95442018542533,0.000511441715484718
0.01589252686389049,6.420074430680704,85.75835096629467,0.0030206441749823314
0.016216076796247612,6.61793141981147,88.21793996164043,-0.0002293530743879548
0.017068519576323517,5.519239903152965,82.86587602219981,-0.003116907654770692
0.01575202681327411,5.08551031713227,82.66173332782378,5.206834849702264e-05
0.016232672661493648,6.153012892409751,85.25410301515005,-0.003157987891966762
0.016970699031446042,6.34281204807621,87.15376028826043,0.00028275576616944287
0.016356112816299683,6.435679109977775,88.17702076675089,0.00028779463272142545
0.016716354391321225,6.21653706260173,85.4225604777669,0.002899303424767701
0.015855919739726273,5.832555110102569,86.57141208462151,-0.005460354368418743
0.01732828070351247,6.95218069173942,86.59223893095962,0.005922326789274017
0.016154556111060297,6.672359660288212,88.67133898691468,-3.666032425769306e-06
0.016167340302477178,6.794246620384505,89.19943639810828,-0.0007505141462449435
0.016567592370044848,7.347034506913194,89.3944937990769,0.00337712818306332
0.016494339408946762,6.1290479652519645,87.994789403741,-0.004516591806070323
0.01616972956871969,6.775809503630442,89.3845640625187,-0.00036853461484001615
0.015919766785925285,6.3552937237119345,87.42265197584814,0.001379114389344631
0.015976200623926698,6.505102685102304,89.91760264092905,-0.0019607447622221816
0.01611285425747941,6.164841431249475,86.26002311007052,0.00017504317784595562
0.0165405549497588,4.88328288664634,81.97366071256297,-0.0002567021673332297
0.016962075817623757,5.518183522279209,84.03677325182142,-0.00028268284888988897
0.015868224092858586,5.667118126306871,84.83366574547803,-0.0004201056694517635
0.015987847954832726,7.150265554429568,89.53011972235805,-0.0039047790941641298
0.016635097379842395,6.313563194105711,84.66850168557401,-0.0003571408978790702
0.016997489491641364,6.930063710546325,86.4772539529329,0.0015680077445653093
0.01566625468652109,6.826243445681792,88.56199254346096,0.0012024495031396276
0.017558828397155606,6.581800656125407,88.08666674646751,-0.00037300102143743167
0.01653405003476394,5.754978729936851,85.93218033504064,-0.0029407088713599067
0.01674140042363354,7.195084281219052,89.22600787506946,-0.003820540078864402
0.017550990628337308,4.4662774363057025,80.3489485527027,-0.0009177471905543301
0.016642546187921388,5.673167052792442,84.40882934200985,7.895735885773302e-05
0.016820496929020507,6.086428246676,85.18757436537119,-0.00455684980039038
0.016294567599190568,6.542651433742087,87.5064911657704,0.0002915140223989417
0.0155706467516242,6.204292406476013,86.31012668429106,0.0002350129296691666
0.016588326875397186,6.230819970820688,86.96445964742983,0.0006439874645942881
0.017003795167871892,5.7152539772753075,83.3618392076444,-0.00175351221298273
0.016305120939507627,5.309794086364582,83.56525650408555,0.00035880943519689217
0.01660692897053537,6.061316580302644,84.11614037397868,-0.002115519131108307
0.016980584352241798,6.675070135925542,88.45505641569113,0.0005224328288571593
0.016408746140454997,6.516791551229566,87.69148830122167,0.0007361870189664212
0.016713860098562745,6.47172450520306,86.127251004282,0.002359063019457096
0.01721911572396646,4.973379745972429,83.47288397525146,-0.005327187097407711
0.016748141578823685,6.448555184427654,86.0166581118872,0.0026993538648419505
0.015901924484166743,6.688116915258053,88.11929637826641,0.0005500026918799253
0.016242977764999077,6.514718592832419,88.14460047121118,-0.0005842952887879422
0.01645283860803226,7.328541664075884,89.82000471717063,0.0033922765257699125
0.01681339326443762,6.01919181069521,87.21704482908923,-0.004631075068412842
0.01645675507364256,6.935911964252665,89.79475074696302,-0.0015844343189030758
0.01561044097313043,6.261940310575776,86.47966684567027,-0.0003620962823472702
0.016276177734536438,6.635359641425057,88.24374471373983,0.0001829727763557955
0.015571049258832475,6.107147745923449,85.78793907109062,-6.50879946701116e-05
0.016690126724148036,5.158200903651464,82.87433033950374,-0.00048652856326806746
0.017162179714568442,5.874260455108201,85.06154506918675,0.00018977257383223276
0.016580533737430153,5.379784606311594,84.0538946111797,-0.0006345596139069775
0.016190264165960006,6.554406341118848,87.18511788120416,-0.003016946425838075
0.016618479156415615,6.401008163248596,84.67145871618794,-0.001499570043502791
0.017356251783705312,7.48735502391876,86.50865298737256,0.003297856660153402
0.015874498375395243,6.874071619802201,89.08999831804174,-0.0002309929096488948
0.01710161452247087,6.23216862975395,86.5176786013496,0.00016807246143465986
0.0165690720135952,6.396481260010288,86.88965576156616,0.00034644377555787887
0.01680433990181396,7.224832989376649,88.49933556928512,-0.0037206942182015524
0.01726361541849383,4.891296063836698,81.80405660393691,-0.0004944843459725711
0.016936977971145774,5.367277753692618,82.73751251127906,-7.845928370177612e-05
0.017045394763140875,5.939066532671602,85.76170402369723,-0.006224166131926353
0.016275877732945084,6.810641459195339,88.7130233341523,-6.801643011999014e-05
0.01564451758132167,5.873548539283406,85.37958993902708,-0.0012454329410807104
0.016250140401055997,6.579573551203448,88.22605569423787,-0.0013702626253356575
0.016977588127367854,6.404118220620012,84.98883530232419,-0.0008781307572908552
0.015749734530354276,5.698529424442633,84.21927572348412,0.0034088757289358175
0.01671107255744066,6.160922222700494,84.38167956657425,-0.0017027027069983767
0.016188603519389833,6.779375223908966,88.97491025232776,-0.00011628043392894753
0.016792837616824194,7.004889580837553,87.89395554183648,0.003131433866533107
0.01678141726114923,6.196122465205263,85.01580088652103,0.00230140231208981
0.017032719516542744,5.46609500001917,84.70235533977703,-0.0033681708106261254
0.016470424169621658,6.456317971995579,85.96735180550941,0.0026767588576864653
0.01602282569863878,6.710799022554717,87.70025064272589,0.0001357485334044984
0.01612225527603383,6.749608284380494,89.07271164035178,0.00046161923024477856
0.01645421576494123,7.37894808437652,89.8885440911746,0.00365353777179344
0.016411094209770192,6.414472833396303,88.69167691294712,-0.0015265162204848987
0.016157402269160098,6.568845937049271,87.95480305353593,-0.0006127326371633489
0.01583637086380552,5.806362379140248,84.91240753332278,0.00021312031249792561
0.016256474753464333,6.210666099413283,86.91318248875454,0.0007611591610234445
0.016256938712972013,6.430571604819912,86.6648403008393,0.0009820661217054402
0.016807488951488057,5.839154750815231,85.09424234529935,-5.860693482816399e-05
0.017226547738500273,6.479999119636468,87.0481380052212,0.0007689909634460176
0.016558213823268202,5.466128879051142,83.71023156278653,0.00017822716197161097
0.015949451430430927,6.966940320240145,88.35577788796509,-0.00336415639971471
0.016618479156415615,6.401008163248596,84.67145871618794,-0.001499570043502791
0.01764001807610294,7.425350821624922,86.27260719279394,0.0027323983827849388
0.016461973160496655,6.714898653163695,88.74104934276134,-0.000970044827549154
0.01666798743076899,6.100098631863991,86.08893173508423,-4.709203905037089e-05
0.016562675647527513,6.650973186488672,86.91495410294284,0.0038433040792851232
0.016771457620318276,7.4075271903127256,89.27278361134537,-0.004352578414057515
0.01725995028571257,4.850051764834301,81.73155274419577,-0.0007358570936587937
0.01690570420106662,6.08916230451281,85.59982786751594,0.00030212757960392585
0.01727158615261133,6.011941018049199,85.60955914176337,-0.007329917952140855
0.01638786359872089,6.657963472228556,87.9781369135936,0.00043725019244712695
0.01567119714053907,5.958516316373518,85.82103995560931,-0.0010545604882963601
0.015761295765157165,6.247892004871217,86.9480332048991,-0.0013997382027874964
0.016696477889043368,6.767804576889529,86.10630891451733,-0.0006246794170236933
0.015612934264299614,5.632412951045219,84.35509146658437,0.0015032756446870543
0.01642902775895844,6.321064937078194,85.51324221538944,-0.0017890950577294745
0.016651688127068433,6.538086019651217,87.60050493295083,-0.0011121462039397345
0.016831880384181885,7.02444748647933,88.0857880768374,0.0036026293768062394
0.017156752183561136,5.924490232397781,84.32522248687143,0.00545397554591908
0.01742774252398145,6.61967911729184,85.48221238052328,0.0002682490466991074
0.016599633383252408,6.206766332957525,84.80786503195401,0.0025785118579065877
0.01545859402898318,6.949692266424605,89.2052737752319,-0.0031459118391014926
0.0160136920110574,6.691461881132426,89.37479361776623,-0.00024297205166121365
0.016479973115409646,7.298298169666488,89.5561991158555,0.00268024587483597
0.016723701727497813,6.251383040847422,89.0647563790269,-0.00301352663414709
0.016049265039673227,6.465059184138456,87.63208683024708,-0.0008404739585276154
0.015557887784114665,5.527741998278037,84.04459860574202,-0.0007692575705670101
0.017186657374979854,5.772906528747506,84.17362157927724,0.002177176053446121
0.016346927861498793,6.614161673205464,87.8330631993274,-0.00018588468304922882
0.016420398655532936,6.369810307977126,87.01921570825489,0.0002543562158947158
0.01655147682122427,6.097884455866633,85.84881796015848,0.00014466637467556998
0.01631705264550437,5.587868194913619,84.10172530694952,0.00018493453294727663
0.016152754838803043,7.165475910127633,89.67944907677125,-0.0027201867964535315
0.016383335962154518,7.063743037743715,86.25202464603036,-0.0021781530066394485
0.017331990229814933,6.792452668064433,85.91174991300713,0.0012338946972737467
0.01642641152520625,6.629579890310422,89.11707154224865,-0.0006931625790400201
0.01752459546091924,5.613704072034204,84.21159037830435,-0.00099286343498219
0.016664204776422057,6.66954727420219,87.40946921565882,0.0029407435083200683
0.016622411458096283,7.349299552731534,89.37233108597916,-0.0038514661543501204
0.017025643581463162,5.105592466686931,82.62578862772861,-0.0007633044471211949
0.017968318700429278,5.439643350731756,82.9501746152521,0.0035905940626632395
0.017738208070275086,5.651136583502934,83.32133742610615,-0.0030953420310419234
0.016773953846852707,6.703394925541875,89.65972663343109,0.001666101384091154
0.015927063474054013,6.527159780358109,87.60746499787349,-0.00046671280868702835
0.01603051763289664,6.650629214361162,89.23291390681574,-0.00013716798649118095
0.01662800204820733,6.6717083892708136,85.88083150387371,0.00047911338916737517
0.01602963062702935,5.280842817577732,83.21537041613291,0.0013974540584921588
0.01622906089947351,6.478313429934555,86.015703270499,-0.004498744800812233
0.016539380664597255,6.448720560765749,87.2320638995934,-0.0007859052410305639
0.016816727610356248,7.101424007944962,88.39812935724981,0.004084612963781654
0.017324249532392973,5.199148441127882,81.47448953448905,0.00881535790910016
0.017419709031890246,7.300115689912381,87.71907065150761,0.0008388553014471898
0.016378555237142024,6.521660376002119,85.84594441221631,0.0022524059626633495
0.015363598942870548,6.057224151464641,86.18325004663453,-0.002621460984962402
0.016200675679919153,6.506676462650121,88.17163644381549,-0.0007883045254136487
0.016479973115409646,7.298298169666488,89.5561991158555,0.00268024587483597
0.01687396510826322,6.290781905125516,87.06131000145858,-0.0011897251104460212
0.015938845038233652,6.401472066431698,87.11183135466457,-0.0007329875495601815
0.015349019109062842,5.577441808293524,84.23707461405682,-0.0012481692504385875
0.017389173438027004,5.931020908297111,84.5531589653013,0.003059688275189281
0.016510257206010216,6.63302960205232,87.74952197197977,-0.00018858545333425188
0.01674875714422526,6.4497499755768315,86.33479055518868,0.0029307960728689143
0.01681911341646213,6.059277987117182,85.85980807357312,-0.0011611387108723548
0.016267835335450592,5.357501895075337,83.41068510174766,-0.0002155344134120988
0.016941189047784768,7.027357238160561,88.16923102421296,-0.003979112848653944
0.01643600938538492,7.0675405696039615,87.50933994044435,-0.00033550878736986336
0.017191913954011553,6.825361735161075,86.23558797504008,0.0015745248032243888
0.016255421214523346,6.584491747945959,88.55410330682848,-0.0006074781340695134
0.017258045247189786,5.608721974635053,84.20868602856518,-0.0010372984029613126
0.016171628061457104,7.144571654986608,89.21166566386952,0.005500478174306676
0.016815864341836594,6.66025472540675,86.02784270392198,-0.0036053434785130894
0.01653630497395492,5.382869505154451,83.45116209541621,0.0007360148782541293
0.017997147683710215,5.4178925188525495,82.88971837066953,0.003670403084244209
0.017308473570745372,5.436740110473182,83.07531288859019,-0.0026303693944287033
0.016221046252991696,6.5601009234741365,89.73207190907041,-0.00047528836233574185
0.015519952271631512,6.586967177980027,88.24170898575515,-0.0003485425163115791
0.01603918228452075,6.66097021605535,89.36905100063908,-0.00010956744233906368
0.016455310974807433,6.853502150289133,86.43158168959634,-0.0002657631658632638
0.016114628999899377,6.065085175147116,85.61222524820106,-0.0011387601232808566
0.01638911804815824,6.665007643376126,86.48721540059421,-0.0025617185312920114
0.0164080989409072,5.980746946585655,87.12932890570086,-0.003596921332605283
0.016821047826918997,6.913568503705951,87.10888380495174,0.0033161953118896735
0.016302965912405678,6.34904051710891,87.18190211500428,0.00016232382770552903
0.01653742555869337,6.986851514510917,88.08346198688136,0.0021689932286995508
0.016121198268211116,7.293559124881286,88.36252452751349,0.002301077258923186
0.01578289320046608,5.860077169319023,85.3723206468607,-0.0015263670917821212
0.01620860200841312,6.543270520948609,87.98583292777082,-0.00027982151778875483
0.016522640914346895,7.210694650386033,89.24154655892413,0.0024410671251226717
0.017433461416188654,5.771893140034236,84.29023260169024,0.002903166582788285
0.01589836070888488,6.366839348375636,87.00734521917815,-0.0005988326204222579
0.015558314771705599,6.59606698390172,86.55678159774507,-0.004342160781550106
0.017512022262298334,5.860318163709703,84.097006424657,0.00338197909314343
0.016587161100705135,6.6935085556348755,88.45623188971476,0.0004477021838737463
0.016746887693770595,6.471450712603733,86.09893227410541,0.0037969779192060034
0.016708417784024383,6.301683890152428,86.71548964162366,-0.00016522232715829495
0.016357679633159268,5.358881510330852,83.42739171989903,2.9858947458410567e-05
0.016934555995954018,7.253262806670488,89.68166495959858,-0.0040325243116500886
0.016028772112799287,8.069540565047674,89.80206795886127,0.00022067554776033756
0.016647400850400722,6.8328812628461675,86.38250790025897,0.0012337141154342016
0.016302507316924602,6.613738731133863,88.61127616542484,-0.00040088892393575805
0.01637142401183516,5.56029460445053,84.49766571160545,-0.001285207053499677
0.01608137036081334,6.508398245194182,87.261675767076,0.004812976775237281
0.01694007128602028,6.3162199305998294,85.32647501036358,-0.0015219867758788515
0.016563720860882973,4.891085618479828,81.6039650924605,0.0007535513112306388
0.017313076809916964,5.401492242886259,83.15262641464199,0.0022963129849367433
0.017691668434973336,4.821585095458956,80.94263227185114,-0.0031803189809612676
0.016262883391823985,6.6005180313319345,89.28391520407496,-0.0003522167890027837
0.015724454805098303,5.964522185061462,85.86227979301663,-0.00044629150678907693
0.016120052910378078,6.6729798592180485,89.30356514815911,-0.00015266932223057406
0.01628835034258996,7.119850955620357,86.57695689204095,-0.0011453595528011775
0.016188748424644208,6.189327641930579,86.27043947486577,-0.000842372261753892
0.016531711559498147,6.940692125614286,87.9011852204192,-0.0032622582770023755
0.01685477409414146,5.667147879638609,85.731131957093,-0.004032914701709232
0.01665903766174371,6.85170328658281,87.39419604466397,0.0023128224660437127
0.016250873861681087,6.671291354215567,87.57413484777507,0.0004687414653659972
0.016719346027145116,6.934592001953652,87.61322545960722,0.0023856436745733865
0.01580569085031317,7.4426451552381785,89.78181338769299,-7.754306273802768e-09
0.016050022078633906,5.743767231191253,83.81203676632688,-0.0034654104064477235
0.016274298843173465,6.534211840784412,88.1272413294799,0.00012789659233968095
0.016572158683290792,7.366505207633896,89.65394810674044,0.0025186038336695166
0.017670586764201576,5.763764179882401,83.93254729444142,0.003184278983961952
0.015918162557017983,6.38665996979677,87.0682480766681,-0.000975374219030458
0.01579664590568335,6.624028437161041,86.69775207290763,-0.0030688647736662827
0.01742550206474648,5.718233281473951,83.73983995868008,0.0026268309197476658
0.017043808814458574,7.099398866027066,88.32718579683869,0.0018947362056522497
0.016776751357657424,6.342187981567529,85.65862142849397,0.004301500439988705
0.016630383767023266,6.08495642508706,85.92425668814438,6.942358296843794e-05
0.01638795402615824,5.380814306446431,83.49563189573837,0.0005244526864187655
0.01664769435653902,7.053133714568902,89.51693928090756,-0.0029945028259453703
0.01563203556073505,7.282784407145638,88.89733054698247,-0.0002819238994869464
0.0164617836521104,7.0042375263830845,86.41556878882216,0.0004326322223753322
0.01597358576863253,6.450757434161059,89.05174640335434,0.000511640927781529
0.01641291906613636,6.235304464589906,86.54921292097079,3.591057951943602e-05
0.015873878013720623,6.3944255561269445,86.91866998882844,0.0013438446226155657
0.01780794733677605,6.519444265507091,85.62623098886121,-0.004707054001069442
0.016604960970712557,4.677197871861241,80.59335215720549,0.000910243945425996
0.017811135920768537,5.282774334718005,82.3607163329554,0.0026963588715496834
0.017559468991556592,4.638244348689604,80.44892124449446,-0.0037488457398938014
0.016236906257125795,6.6040597352692405,89.63004346981221,-0.0005307966867406314
0.015578790511060061,5.763483806183036,84.69717742635234,4.642384498263288e-05
0.01626570057816836,6.571838362780889,89.78610451462389,0.0003499603220466777
0.016422336590489632,7.030352954295076,86.82014188313005,-7.214814698838822e-05
0.016175415179420224,5.840618744261267,86.81661640211341,-0.005081222290811402
0.016725909439820795,6.749607685307204,87.25353300782605,-0.0028351615669519638
0.016907532227450783,5.5846906003276615,85.28587500292906,-0.003978598569747531
0.01626566833381239,6.733198462336978,86.8937044226785,0.0035839696649442266
0.016154055116022716,6.630572725094274,87.73966605048672,-0.00011434890011821283
0.016866244328441245,7.05565259931673,87.70707660616222,0.0027155522171248845
0.015517885471569811,7.557709707391543,89.84826281897178,0.0010605438525956743
0.0161581417033859,5.923821760056512,84.44564947921633,-0.002418596719919296
0.016344775157661914,6.574341817048372,88.65510626602438,-0.0007977404561401611
0.016594953118566003,7.166671195062931,88.94061782518631,0.0022125448862423034
0.017519761921998306,5.988154688968397,84.80474196480453,0.00360601963824269
0.015916259215303874,6.142210215359824,86.21382315629042,-0.0010170837774415892
0.015419560003327813,6.444492271116291,86.38391617125824,-0.0026118834698374365
0.017157734380352726,5.788021728197558,84.11843285146638,0.002425371366599937
0.017279115855774855,7.055514126312631,88.24888998792856,0.002485622119632394
0.01642123143903133,7.1070207348497085,88.08871354905476,0.004052548650234063
0.01748277360882538,5.195883526631983,82.00034304436048,0.00399497652030955
0.016440718978912656,4.998343819482267,82.24991405758688,0.0005644506033304294
0.01630133172147897,5.661983958325158,86.31523874112402,-0.005983667454011973
0.016312287852367015,6.42735095558003,87.33966935604049,0.000419422071596773
0.016961302673212227,7.1224494980591615,86.57242179374282,0.0012395494849302747
0.016296486107869,6.340412009660285,87.3347232235483,-9.381895478726993e-05
0.01636008210189616,6.214853813380287,86.37553115512583,0.0001427408861787921
0.015599837448370001,6.586697010237428,88.3670151181204,-0.0007636069224545278
0.017571250048724278,6.145470771702557,84.7666147404897,-0.003913617417355056
0.016673809064503935,4.7839148343521956,80.94556761744106,0.0011538867055528117
0.017284885979980933,4.6096799089582845,80.35030064393547,0.001834750164206801
0.01698866638960536,5.1867980538283955,82.26700092685384,-0.00313550656252628
0.016113184444043534,6.723730600598573,89.18390411436839,-0.0007357413903047066
0.014926176644734727,5.175870061331864,82.86885800823954,-0.00039773681852313955
0.01663820147539286,6.695331239556706,89.93275662693439,0.0012126092069263301
0.016335408982301867,7.375991762375507,87.69114541299535,-0.000341720158107817
0.016179748336576615,5.797530120643793,86.33400371831817,-0.004103129098074034
0.016833939627241376,6.782279936901143,86.85421013363113,-0.003793918116137689
0.01685968676877446,5.921580783919328,85.98593887550473,-0.0028151247793710725
0.01599685862453413,6.608787455117172,86.22131059894011,0.0025924840140276314
0.016595651608830253,5.834382171051849,84.81645021635295,0.0002641494103744569
0.016864952813155372,7.30733704309783,88.47186538540504,0.0030147680470650065
0.015172395818697936,7.757625468735423,89.92963251298009,0.0013300446558565993
0.015731623604578675,5.671825934325866,83.507718351949,-0.004112014962718077
0.016347827671859137,6.689068657997878,88.52295111531801,-0.0007042666932520517
0.016698122065408477,7.260198154468028,88.88746526385295,0.0026032629781813006
0.017497872002553008,6.100474723320157,84.88403061217275,0.004191746384459404
0.01685237896011001,4.575450410958872,80.39529654303932,0.0005693361787116285
0.01595748370964996,6.676340699379002,87.0962412289289,-0.0029877840016216024
0.017070293607166286,5.539137090282593,84.01897636578151,0.0011313539423482453
0.017338096402457436,6.785859394839616,87.39029507627092,0.0026486058941733817
0.016818766037517037,6.490734282931127,86.2342379355423,0.002942132717274084
0.017379390738737444,5.966061868855491,84.61420445598904,0.0032146301205587926
0.016561420593666238,4.476741604099398,80.42795161342079,-2.200084208159314e-05
0.01609998559246413,5.850608259919266,86.62148681592068,-0.0044582614909064195
0.01664748278220214,6.684842029764689,89.15287250422082,0.0016206328768958223
0.016541767818650216,7.402676464839935,89.10263944968312,-0.004541091010516591
0.016604779233146273,6.597523119109258,87.8414903484768,-0.0003394529886746869
0.016686149852409002,6.27764769243471,86.0226229413383,-0.0002115103415067667
0.015457475567018786,6.41323779776852,87.54738909193948,-0.00039953787152160287
0.017220607717730256,6.4810787653874575,85.93275462535938,-0.0020800324671282665
0.01624640181438663,5.5615118020469145,84.23018279231745,-7.021893507108039e-05
0.017043946918160142,5.106023987627588,82.09679808365783,0.0023855074950906224
0.016611090610415397,5.3789704909993405,82.92980256559933,-0.002583461273325725
0.016388181135582127,6.504860654607858,87.7065210189299,-0.00030218750167475706
0.015410601251170733,5.2060403546489225,82.94795024046468,-7.970171041744261e-05
0.016554406129246288,6.99505173923258,89.97715996107662,0.0015214707758095004
0.0161382758183854,7.857981208620814,88.7366806707144,-0.0012527288388139146
0.016377804790202663,6.352988073691735,87.31144150222846,-0.001679773473006994
0.01684626542847455,6.758492109790369,86.75840189141613,-0.004047932495428145
0.017388096107488066,5.3974676299378705,83.80433396982771,-0.000648047458549967
0.016126682844819513,6.475573580745257,86.02231640468919,0.002323294357839966
0.016778670159647804,5.588650205392689,84.19879468841167,-0.0006778842446703934
0.016853605421702972,6.783305757971893,87.7673918507389,0.0037231494145942663
0.015686302068949616,6.266763108285264,85.03767203806434,-0.0013579113306338526
0.01581696589673861,5.755964987274263,83.93115533452098,-0.0024503250420705555
0.01614509368642325,6.299123967562877,87.06286331533914,-0.0004076207960468526
0.016626507531602525,7.251716051098238,89.47229281160794,0.003438005116959687
0.017292392584503224,5.788158689603609,83.7965299114555,0.00390720628459553
0.01685415887298354,4.563986606213659,80.37217935970295,0.0005658479703435663
0.016076840044068227,5.931865945834704,83.89073349558215,-0.0001164069438749451
0.017563003994112456,5.075850213794838,82.14879829040677,0.0019543964788843408
0.017268813618385805,6.891022878212087,87.89047672204961,0.003403091659392177
0.016865799222214928,6.709982171490999,86.71503765339556,0.0034176962129556904
0.01716371116392337,5.920608566880954,84.60088794147453,0.0028157691049823523
0.017158646807641946,4.6057769798326955,80.53828412606396,0.0006143297733194654
0.01610530967939195,5.859137090287105,86.63545608927545,-0.004412168469206321
0.016103318443988778,6.451160046060313,89.97269228352911,0.0008270982374205627
0.016371892450314354,7.0117613916474095,88.0926740474201,-0.003200367548571694
0.01657900459139485,6.615845648444617,87.87274789995153,-0.0003238612035782007
0.016319979684996464,6.102712211303607,85.20873477805898,-0.0020638130824388776
0.0157438692781113,6.145018962724943,86.61843528119665,-0.0006322937047808676
0.017778661558538664,4.803723567643763,80.37781766653194,-0.0011114471247579312
0.016077970069859178,5.328573010663197,83.65509186552077,-0.000476939017173148
0.017211886261848094,4.627543148735886,80.33549940832508,0.0035267426591552666
0.016490613500790282,6.184375206325786,85.49549260765225,-0.0026016173406532496
0.016483758748876032,5.529909644398105,84.61831864715283,-0.0001490217856937627
0.016178498583507728,5.123007052546431,82.88501177071717,0.0003481545177220907
0.017265857511482838,6.879137584706934,89.05776482978565,0.001412921637202867
0.016173226816951828,7.313308221640331,87.50031720333568,-0.0002675716504761062
0.016327736954163636,6.7137264958249565,88.84455438295177,-0.0001204123817156538
0.01711573560728428,7.001352495585601,87.61735111912877,-0.005020718701526953
0.017049252075302296,5.407189469117825,82.17695731559729,0.000344514630237843
0.016508403397393324,6.091126230094896,85.24315745644324,0.002203436511212892
0.016908931448120362,5.25307283098525,83.00182160707904,-0.0008222147703049872
0.016845938370917912,7.001374619493102,88.53451124123063,0.0031182686253568865
0.01574735087449246,6.537585909443091,85.9368200780456,-0.000562654191372732
0.015327322917840044,5.341101176151898,83.48856630541667,-0.006151101681113894
0.016054469540727475,6.610860256260385,87.94617197349017,0.0005845372345034913
0.016485250307686772,7.093465179734537,89.09543743418322,0.0027333789242273893
0.01717793695876833,5.679504688827836,83.68423921962528,0.0025855164489846875
0.016705914931775253,4.618926053518511,80.71469755428765,0.0007387976623245523
0.01593686970383952,5.957606531726602,83.72285439276615,-0.0006706927606291783
0.017545029405543318,4.908420350472486,81.76144986648823,0.0016557907531800022
0.017304066207727845,6.876713036876368,87.7143661538493,0.003522615133374016
0.017005925322827856,6.265163434349067,85.20822751141552,0.0034658010191312184
0.017236539605142574,7.049815557630037,87.8474064340481,0.0027627747990633094
0.01720276640477092,4.667925573498695,80.88949152889948,0.0007107823754901896
0.016072679299854314,5.5956625817236105,85.28992469923779,-0.003427558020492131
0.016152961752833032,6.693057259095115,89.31598136907566,-0.000886745488461769
0.015753215436358638,7.098675910460434,89.60575708816849,-0.001817193899812514
0.016415485813070056,5.448009377818048,83.9502450101082,-0.0002246885546481627
0.016162550208001437,6.496352652809721,85.90653239132405,-0.0010354968614184647
0.016144589837520252,6.138089878630633,86.0025010509255,-0.0006480482153673299
0.016195049587377205,6.270174185336872,88.46044504336231,-0.003972033294543511
0.016607283530109578,4.957554503616072,82.05001342103256,-0.0005202103356713123
0.01717054933184331,4.719250762848897,80.70413013504475,0.003125542502612335
0.016736219882463856,6.049940463652337,85.52871228021274,-0.007172098700622017
0.016373961686741965,5.287448643634217,83.45747668759076,-3.388110274195273e-05
0.016114535117675476,4.838092380783366,82.0810828823375,0.0014287345046581218
0.016364019090416345,6.722939001366788,89.45580233584252,-0.0005806846075079538
0.016721975391742402,7.79116864763926,89.0530688950835,0.0005319034053411133
0.016387724797490677,6.7905079891427995,89.23228162068004,0.00041436668348432664
0.016738048968484687,6.585625487923299,86.47548563805768,-0.0030534461451709283
0.016841843149809375,7.071124034154622,89.82752634848353,0.0012834757685868418
0.016654880050918388,6.231700071196983,85.5763506558831,0.0031024790680006
0.016493327331050408,6.129012291378238,85.83693827206258,-0.0009175310604826422
0.016753583309810735,7.113921922209431,88.53379670400172,0.0028081992031776457
0.01526392253395375,7.592642631712946,89.24538762487539,-0.0014291225432385996
0.01577098242038339,6.118231391765296,85.49318006514162,-0.003442648980899337
0.015973784757369908,6.584964496303176,88.04631530714065,0.00016152747004224803
0.016564797909723948,6.931035925731113,87.42188959799297,0.0028076792450861263
0.01718807815537323,5.672876719177199,83.64166123882775,0.00303596609398076
0.01673312720513491,4.451652088292509,80.15082224993249,0.0008551577346996639
0.01678784415913189,5.969929025550072,84.97155893581017,0.002435766320994519
0.01739439445387483,4.772105908502609,81.21298972682192,0.0017510298640789949
0.01734222125119652,7.156795180201827,88.7052813348431,0.0037072065478000737
0.01676136236523014,6.354291644849129,85.70024890868073,0.0027827495934161315
0.017080795362883254,6.8997507592648,87.54474605557516,0.0025428278456697327
0.016915725091255374,4.5145958748609125,80.30372632587645,-1.2934023336570993e-05
0.015995649525800872,6.253318630569628,88.98247777272908,-0.0038897202359495244
0.016210007265274936,6.533940256241248,88.85402893524697,-0.00064167540809115
0.01592993943561151,7.069510355234409,89.17726835268914,-0.001075678120048264
0.015999293034892156,5.981794910938982,85.89544410120102,-0.0011398027027835647
0.016243666148416616,7.156458254500957,87.55636345475516,0.0009280157059420747
0.016164918496229135,6.104311081228488,85.98067662592044,-0.0002555954628527216
0.01687445936420414,6.489561322674307,88.03569291119103,-0.0011504955966832823
0.016618928792022224,4.824052056875891,81.67395204656151,-0.0008409783202828411
0.016359142356310797,5.207301763336333,83.19258476011791,-0.0008059593716491951
0.017115421155255713,6.300636401606666,86.0117967724922,-0.0036179713020402663
0.017114298505960343,5.300110594120355,82.9665493926011,-0.00020788842573532485
0.016312008133849618,4.86999449726921,82.03080273411466,0.00039529693127290716
0.01632729652785431,6.693642583811204,89.56537156010486,-0.0006775094295315386
0.016813681121575885,7.762703829236887,89.126159352416,0.0004642837954933756
0.016173112642829637,6.703191015038279,88.93404210330718,-0.00040107727286956213
0.01701851773687238,5.958548706290073,85.66993954038252,-0.006969523913526691
0.016345582693658503,6.4069202008932375,87.30602787821367,-4.628944796292644e-05
0.016708329042173595,6.6765828690501134,86.35563257807542,0.00289952112294271
0.016449649609499222,6.336799934308513,86.78921098097298,-0.0003126323158432725
0.01659294624216639,6.524481665021412,85.59340850713942,0.004439225628912563
0.01585987459604935,6.699066999546753,87.36339512979208,0.0011649643634038804
0.015180174049168523,4.9092648317977154,81.51492336736563,-0.0028457439156683553
0.01570559832076456,6.443845660224804,87.70460577973064,0.0005029751283495496
0.016940250942409224,6.165177021926588,85.26030345174054,0.00264839376073273
0.016371522489644744,6.0490288655329785,85.38215266772497,0.0019531847682224186
0.01655452932152982,4.840365972213757,81.71616958409376,-0.0002517821311492879
0.01694648987468518,5.757395377702688,84.37226866146405,0.0033995641097703147
0.017499030048636295,5.248375433973194,82.80275153749939,0.0013167426913604995
0.017142216931594657,6.614880321096152,86.66893716516888,0.0032769005082135096
0.016653009571640908,6.610618390338493,86.84323861936979,0.0026418777285759833
0.017246225473734618,6.841366827669564,87.18974713770477,0.0032371775678450695
0.016944462686670346,5.3316801083469265,83.41134412426261,-0.00043764533059964105
0.015956173794593156,6.291068730783801,89.06459664606912,-0.004022533783526646
0.016091249447612702,6.685536448444358,89.8262815079634,-0.001320315393321728
0.0155793298514971,6.913712620207528,87.84320870522919,-0.0028688635879362814
0.016277761479236725,6.247503151419865,86.55583448987048,-0.000417553875351008
0.016121977117761446,8.036260854941304,89.62984019889763,8.857225429917794e-05
0.016203739029494416,6.111925675039144,85.93260421209312,-7.872056713468991e-05
0.0169075211124606,6.598890902661344,88.58145139090665,-0.0012475622604669594
0.016539957374346364,5.584038241746851,84.35630219024884,-0.0002625784388897189
0.016405316012470354,5.614065079947611,84.53711572280552,-0.0016972133436025114
0.017283707455621664,6.246776163055778,85.69490371217701,-0.003687336423583159
0.016933964240754967,5.853805362040696,85.20986912516811,0.00033468118966939274
0.016474307764195634,5.35309991080996,83.49218958311181,0.000593561083890798
0.01632729652785431,6.693642583811204,89.56537156010486,-0.0006775094295315386
0.016780616931709416,7.57008443572879,88.33075490012867,0.0009503230481863821
0.01599706672929647,6.831192733909086,89.27528508255581,0.00018270612140383743
0.017174498164974055,6.2493625599033855,86.32655585271694,-0.0071760352188051735
0.016894121887662126,6.2595851044364235,85.52772511293585,0.0005391365832365484
0.015966924184548956,6.604920475634871,87.33908529565291,0.0006496401904158276
0.01614970725040489,6.782970987514444,88.92491135706109,-0.0005927145998641961
0.016719387323404188,6.627535117286267,85.75144199792508,0.0049472252021398625
0.017382889610631818,5.48990217297129,83.67589826921937,0.0002703203161083676
0.015496568414576764,5.459158317725168,84.49915937832921,-0.003343654524887411
0.015310758333253969,6.611649998864371,89.27601101132949,0.0008559965614677808
0.016861270929849986,6.240151399791578,85.47070636684282,0.002616587718926474
0.015512231232720518,6.129902069423376,86.62355705066587,0.0005453832376666945
0.016556752989921854,4.830317796951078,81.67872622919313,-0.000250731748797308
0.016741791349227864,6.328592138523673,87.05627611415703,0.001232828619314303
0.017772282991599393,4.681727408377965,80.76423133329362,0.0013020987309275457
0.016973636962086185,7.425829580315669,89.24138980441944,0.004272122480509035
0.01719185292447292,6.16795380961725,85.37384292129265,0.003433500628395761
0.01715039776932488,6.746368859767944,86.9178449176392,0.0031974903530373215
0.017607630514534022,4.939097400725062,81.95018254609604,-0.0014160528027589978
0.01606403152830717,6.315218364537938,89.01950323805816,-0.003811222379444317
0.016091249447612702,6.685536448444358,89.8262815079634,-0.001320315393321728
0.01674177979568897,6.7369888929898805,87.08414748572675,-0.0028429657422554527
0.016152157985733388,6.181711909469256,86.22889489276696,-0.00013277726262523806
0.01649710270542015,7.573162983296701,87.90980640372477,-0.0015139865595010604
0.01661948525612091,6.117563783183834,85.94742481554482,0.00023355907513264202
0.016970334303266277,6.605313584272422,89.41265120771199,0.0007340079343118562
0.016503500766932053,5.694916658946884,84.64827027873129,-0.0003514756600035957
0.01571842098595715,4.418534675100184,81.5350322852032,-0.00409378079033846
0.017469531157021104,6.2835789872005146,85.45258133264436,-0.004538270045873101
0.017158114805331626,6.358969229140897,87.00687039863583,-0.00025468980040948327
0.01649593854439831,5.1138248097352745,81.4063986422672,-0.00021966950860154892
0.016488785220483648,6.687522508732831,89.3054744693584,-0.00021418322601769236
0.01699513688624744,7.581394741430659,87.95601874899273,0.0006212269375922476
0.016129089289622336,6.598954366270051,89.38385397964475,0.0002282837476348882
0.01702714936413152,6.3359245264565525,87.09680893635158,-0.0065757955964278435
0.017278656900579392,7.014711459256535,88.57566436712986,-0.003365797926597785
0.01591704208971953,6.385904821581005,87.09646479539524,-0.00030832351090675765
0.016009999104049915,6.6657727411503425,88.78623637249306,-0.0009975234523889693
0.016329943181124434,7.131909505587173,87.33607125153526,0.0059695220838583245
0.017445060814616737,5.007854668577447,82.00611261257488,6.9067074946974755e-06
0.015354288858204649,5.468553295073392,84.80055325014803,-0.0032461718162302014
0.015803609950774282,6.286537449193534,87.72980239358237,0.001648032866600776
0.016786421028410627,5.712552291010474,84.87128034708967,0.001408137536061588
0.015994303579850978,6.577354051973609,88.09146591750893,-0.0003476042631434393
0.0165328407532525,4.684223762845362,81.01369945499606,0.00040228759806517495
0.0168158115133156,6.036710223654646,85.87780191631317,-0.000694455913801739
0.017433336111913476,5.684350111713249,83.62007590674207,0.0032545336527934525
0.017017470266616083,7.634924841573348,89.91580092685142,0.004629399637642714
0.017314611997058034,6.0501586335012,84.80079402935745,0.0034841199090652236
0.016611287112207974,6.940254473879655,86.62406170085232,0.0014182432182342742
0.01711053086979306,5.737732539465608,85.10074695526734,-0.0010831122767112702
0.016130016503602372,6.615309512231746,88.9443985236501,-0.001158026405089582
0.01567237882475336,6.692804461284833,89.32914633207808,-0.00045780662986091375
0.01674177979568897,6.7369888929898805,87.08414748572675,-0.0028429657422554527
0.016604445830476385,5.99035406806274,85.62636708875266,-9.47819576479006e-05
0.016448059796555784,7.6876392692708775,87.98502951860353,-0.0010456394145716913
0.01691915172513205,5.880983685787217,85.19624582778602,-7.510456667180485e-06
0.01695191100555279,6.582715009505659,89.28015233492007,0.0006657313616050294
0.016909227453339552,5.679288833231638,84.35528524282581,-0.0007748354170350365
0.016391128194801853,5.286799434064667,83.5614089832485,-0.0015366902604952506
0.016816909173820664,6.422257192928933,86.92423779480436,-0.000910190425564767
0.0172137818873567,6.334481574339231,86.88775273621005,-0.000242824514278233
0.016517119134786217,5.090735258956549,81.52803001418201,-0.0005126669928677863
0.016492920349791364,6.662785720013089,89.46862856923487,-0.0006519320204171272
0.016716771904524634,7.717515265920942,88.31392904620994,-0.0008881768734899942
0.01642489025271331,6.498230086394358,88.4337116700058,0.00045204538605361083
0.016687708007902927,6.772841384168669,89.18569371628125,-0.004302937018446205
0.017575606816979603,7.221318312478488,89.2630035147365,-0.0047254406517283415
0.015847017974446244,5.465705275729097,84.38427115381643,-0.001767391487793004
0.015736854618361898,6.519850776099765,87.82975288336947,-0.0012383732691562475
0.01668871841732225,6.544440987998918,85.37901201101005,0.0067955741857985245
0.016782040111462847,5.078121125252337,83.31955827748928,-0.002866837519425567
0.015354288858204649,5.468553295073392,84.80055325014803,-0.0032461718162302014
0.01621446067653114,7.267694767769394,89.25635375739613,0.0026657119437696834
0.017371328010714535,5.064920565499157,81.99851500383275,0.0035517417728879305
0.016099693613099538,6.476488658973317,87.75441143546443,-0.0002992193790980691
0.01654538883188417,4.8655484544162295,81.19168377802465,0.0023138596882796743
0.016749998040526164,5.478198442259647,83.90008238190474,-0.0009682600116714846
0.01733009352179326,5.744033845368161,83.95888506941455,0.0030340779069761054
0.017301907905216726,7.537564165312036,89.26662418600203,0.005344545615510615
0.01703062569653072,6.754029858186555,87.01216283885276,0.0033216411650198083
0.016647076309857938,6.437445587510088,86.16616097406218,0.002594736864328908
0.017007014954683937,6.34722306739503,84.69175034923995,0.00013927389034674087
0.016668894877661107,6.072026845457846,87.93662169779583,-0.004406079387588502
0.016095761624469764,6.619985156103252,87.95567408756747,-0.0002444165018046386
0.016716734067701963,6.900563591426804,87.34400530010038,-0.003259150069073683
0.016719610687507075,5.7027331756274915,84.11826463919957,0.0014632647003839075
0.01667138628659109,6.986895151062915,86.49311942087171,9.688444830522483e-05
0.01669615402753389,5.917930817385827,85.48492103672139,-3.0932726968034715e-05
0.01687068027806424,6.601952449436671,89.33659210149762,0.00044338986613375237
0.016944211505688155,5.61731487821017,84.05158042239553,-0.000818458076887271
0.01675753117915873,5.203071172698909,82.82925212763934,-0.0033598821802129078
0.01649087094412571,6.6035418309534,88.52117101414281,-3.771268777059413e-05
0.017184784652281293,6.437225103587594,87.28504169068502,-0.00027411477239776163
0.016443364339014326,4.913382686525148,80.66498328751449,-0.0005745904975586898
0.01642109272456214,6.700851485260558,89.57749458265162,-0.0008281340467633102
0.016859546950904615,7.051207566631881,86.98632605183404,0.0007663102798089985
0.01683555436528578,6.777376133505727,89.20993141384875,0.0008514532656408967
0.016720965958685514,7.003386960503441,89.48971460179396,-0.0032244047472269714
0.017299093569286134,6.842281571527451,88.19641193120384,-0.004252864621876024
0.016439103890629372,6.229634420072799,86.44937449927107,0.0002624439119098187
0.015294246586357807,6.453604141918622,87.09912791053017,-0.00036026543755273517
0.016601821492504228,6.358149620629518,85.10955956005249,0.005620711713015308
0.016846679048993587,5.0388448571982005,83.18165257715745,-0.003089119966938452
0.016018430357562095,5.850578782646425,86.47824636394715,-0.003214442599459256
0.016354983096179502,6.883740072747428,89.41378547127519,0.0003080994695566991
0.017329930193451765,5.030731925239555,81.79657502507696,0.0034386731118124744
0.01684315753932456,6.478522015165942,87.61854304723121,-0.0014258136989544294
0.016390852441102163,4.8074222525561146,80.99055628518886,0.003746842745586485
0.016645686341458465,5.651314342753309,84.38936939510818,0.0002853207947853607
0.01726445207789859,6.05313487382535,85.02087693388624,0.003348021481522842
0.017374067184528375,7.617576772546953,89.3895133769,0.005740703513849817
0.016688240822451524,7.2012784956812945,88.49468097090775,0.003672592959092396
0.016376066730829426,6.169178291467196,84.91101711189515,0.00360537078197116
0.017021458918600085,6.7902590242944605,85.92183557516596,0.0004202550547106891
0.016651655325745494,6.115774064310161,88.05077693386473,-0.0041571623637329976
0.01594768404568203,6.7487706484110035,88.6354923090374,0.00039558905481033076
0.016618037469933122,6.647194537753145,86.4666118432551,-0.004184860697163333
0.016630134989008435,5.085931502929958,81.70383309501726,0.0028962415296591394
0.016603959385331192,6.810531530938303,85.58419172562307,-0.000999213767398823
0.016720309694353435,5.765097984350064,84.94104592302982,-0.00017311573772945158
0.01688362917762823,6.476252265708619,87.23843118148291,0.0006009155942355241
0.01659832714622117,6.003181472960874,85.73526250219507,0.000530803344408667
0.017187662000672607,4.892909160019514,81.52276888556817,-0.004270227347933354
0.016512988474541537,7.168839363392793,88.87413582689524,0.00353138183207258
0.017110947041075217,6.500333916078932,87.65016385009575,-0.001114062515664421
0.01645836685336654,4.732998735453327,80.51826201992651,-0.0026340152515636197
0.01659640175475412,6.240477529003088,89.17607913810785,-0.0032014089530653855
0.016866345612116182,7.023102723066965,86.88318975875747,0.000773324675198109
0.016922314060971715,6.841950805240639,89.97443991696704,5.359914668692442e-05
0.016676701095699853,6.398576837355836,86.50412701046118,-0.00377902069888992
0.017233581804622925,7.031954358947316,87.76516355445911,-0.0023862160772414615
0.016452911756003576,6.299174884112351,86.52268276342254,0.0007056949378340927
0.01621625666756627,5.997526691974811,85.31390415489565,0.00026182869935549363
0.016433761410189183,6.049096122015305,84.63066713333697,0.003712975708832813
0.01689367401332396,5.001688678436171,83.17361876368211,-0.003312404741927944
0.016124951270892238,5.197255293935649,82.76857532894428,-0.0006022111733345625
0.016153592622913982,6.782063365806899,89.13170870144452,0.0008800275332745298
0.017067516900200946,5.54182167282203,83.32857571696127,0.0034278129286317485
0.01700612513263329,6.462621238691961,87.38580232282484,0.00040295307078847323
0.016513937229826695,5.043865983676331,82.25077716298026,0.0009757133270358548
0.01648758278938155,5.091986861083401,82.56720855016356,0.00034163262582228215
0.017118705027846806,6.152123462728773,85.37131215735941,0.0031258476621812974
0.017112437649679825,7.2265679340682425,88.71834692018587,0.003823236069093785
0.016465885170285865,7.044957960162948,88.15931132403747,0.002801384297002803
0.016472948489575506,6.163067268374976,86.68290663193586,0.0012329843360600664
0.017075641837718415,6.834305828443613,86.35590306901851,-0.00024643297705616903
0.016942086947357472,6.2655377025970544,89.00873078364668,-0.004755614817987213
0.01601210719626671,6.754603549861315,89.46136193708696,-0.00035722124859682283
0.016786659976434158,6.154352602006741,84.85225319215989,-0.004777690070864865
0.016611919998206968,4.474440273457803,80.18697922232234,0.0010609330074074293
0.01691591029899163,6.880799601752576,85.76536685274536,0.0005660635889162834
0.016792532391796112,5.8358041834901195,84.99773304896667,0.0005543764607571352
0.016974319970484538,6.24752609499006,87.3182127165027,-0.0003833676014370342
0.0163358372829819,5.012792679564219,82.4517623093692,-0.0003424816620234265
0.017057605835085893,5.511679529569177,84.76943201124372,-0.0043136252166087775
0.01642295348417876,7.198749774039557,89.09003048043031,0.002973076246517674
0.016965361525553047,6.769156300225614,88.26931635705506,0.0005084297907465524
0.016532421726158535,5.442858893818537,82.58606814052646,-0.0014946717853919717
0.016577898427220433,6.217549982009612,89.28496535894784,-0.0033154997611632357
0.016809373367385683,6.796053037205391,86.32813194108,0.000752813824765464
0.016909327813756727,6.7342138212717995,89.35703575568142,0.00019408350963454632
0.016809208494915892,6.277355915036352,85.71463635062885,-0.0020841933273343808
0.017046047143385784,6.56898922694146,86.7482215749534,-0.00016324845216772948
0.016553399051966403,6.181584884557668,86.15221300785322,0.00037021555872952734
0.01625529764632431,5.630960222530011,84.42994864866525,-0.0007769989311346206
0.016432211447737394,6.0829679132317445,84.85589985137452,0.0035284926304595503
0.017142053359219374,6.188292966543816,86.54925052072035,0.0002473657537963921
0.01636449711083613,5.368097859094391,83.62624759737975,-0.0013870577142373404
0.016194498006476966,6.75747184534611,89.04015852323886,0.0008136284115278758
0.01706905594353251,5.543713375566164,83.33337317567708,0.0034364790125353366
0.016956312074088896,6.766586203899874,89.07284662363665,-0.0006585495057789454
0.016569659379712925,4.553768475806553,80.86163572137866,0.0001782570210825616
0.016633843159676646,4.644174091155861,80.8713381893283,0.0001801032387091627
0.0171010478524764,6.559081047284337,86.81145562678591,0.00271580485680353
0.017655175801807622,7.1618060926539435,89.73253310065004,0.0025861673543488106
0.016376127473659453,7.120495679734747,88.09463542663035,0.0034821257181416277
0.016665723797077824,5.115361398769714,82.13132301724421,0.0030577999320361812
0.017355297790176714,6.932740704584831,86.40946085611374,0.0012486431211317186
0.016563671497757535,6.588805631474347,88.37061749044672,0.00036881168361979026
0.01638510156170146,6.772933373736071,89.72332507008525,-0.00035654917094780247
0.016818027190820897,6.228546256047538,84.98191538878888,-0.005290877424298063
0.01665817152276542,5.344951361970207,83.53770403664522,0.000257429952474852
0.016791305663212283,6.6915699879887764,85.73621116986784,0.0010563520593801358
0.01599663832943174,5.787268292320311,86.74763493817603,-0.0026135119799479286
0.017040139210853667,6.1588114485301135,86.89107176126572,-0.00021446282334526556
0.01627079910328757,4.876793871965248,81.99446414578499,-0.00043402846996226055
0.01704074287484195,5.523846687759589,84.66763216231914,-0.003763738808688273
0.016274175618967265,7.165870810432109,89.44888903981574,0.003469777588807575
0.0167650977232827,5.9672687961431725,85.69187467884065,0.0009776899491916562
0.016005539127707014,4.3042371868008225,80.24040898563896,-0.002579600916349842
0.016600647435097857,6.212346097936335,89.13777026264667,-0.0031635817813618666
0.017014844126698535,7.7843214435795565,88.58160123485456,-0.0008097024688945788
0.01681074306174504,6.820515026260729,89.55549888147497,0.0005559987483004219
0.017097547346676567,7.036202157862897,87.48528870927522,-0.003911037634135762
0.016807747494441604,7.214691659896538,89.019257468922,-0.0024814343512314365
0.016192265465133835,7.151191279656984,89.14368087154868,0.002878712727697801
0.016485870238327916,5.461088271655629,83.9990620497812,-0.0013213398697731716
0.016408840528926442,4.9280187191387235,81.31659825192398,0.004222096251225301
0.017031071177001127,5.83745929429353,85.22591797775829,-0.0011975585480385792
0.016349284849726104,4.910512359837138,81.80224771096172,-0.0003865046672988561
0.016677826913198947,6.452471855249567,86.73249358707028,0.0032295411355313746
0.01714966235244888,5.652879707759796,83.55473339010163,0.003506913981257844
0.016963795509495234,6.814144769455936,89.44087773408891,-0.0001692885197295698
0.016665387924163808,4.863294534514602,81.8989047996704,0.0002727009387992778
0.016644690863314757,4.566786612042733,80.60847005098904,7.608254337700907e-05
0.017235073484843242,7.496635327043215,89.6063937403895,0.001105303064397563
0.017677438223414235,7.13999588304973,89.77272980010935,0.0027044493271895314
0.016485572359250116,6.9570793625214336,87.5281066690173,0.0032797895893743115
0.01703494272830268,6.374418057473925,86.03550331436314,0.002986246764373335
0.017374457604741822,7.4307461115486095,87.4333978410351,0.00012373924060785882
0.01643196763043343,6.568731733091075,89.05471359500233,-0.0006484366157395345
0.016177689158897935,6.788252933526535,89.86824903473581,-0.0005744093923578695
0.01710841599200332,6.558691041369553,86.0300773020517,-0.0021695283484289662
0.01671197715122332,5.725088678069752,85.76700140632765,-0.0031294932704975034
0.016154584757597547,5.301329523433393,83.43938019504527,0.000556270834784042
0.016157981961870866,6.102121919811347,88.14815093497685,-0.004113759751551577
0.01676172127166766,6.590390115286895,87.78944703055697,0.0014919222418490472
0.016759167546553665,5.367281675383948,83.2404060463048,-0.0009834415405335856
0.016767084845738526,6.009772336416767,86.95502755858267,-0.0025931533833158816
0.016265196026885687,7.274101423310306,89.80461925357363,0.0037151307767406576
0.016748054151929936,6.582856261550202,87.38967012761168,0.0007600832752282186
0.016157300469724037,4.465800698106907,80.67966824633903,-0.002210923250414612
0.0167603024327122,6.077655937016706,88.16697737716962,-0.004392942343022227
0.017012093096669526,7.782285673602771,88.58603272724206,-0.0007918965822973347
0.017136219910936463,7.036869166908466,89.98581722762043,0.0015909545425159843
0.017123253462171487,6.992951411037161,87.38827035553217,-0.0038515888241676373
0.016909206042506435,6.703051161791357,88.11232518640638,-0.00013425990359189864
0.016299588694479297,7.084106438644284,88.98929091758777,0.002427682387213326
0.016538032552248994,4.8123843420225585,81.7862819316744,0.00010791671256591301
0.01652975704959013,5.1934374912587415,82.26319202988135,0.0038508909217146283
0.017582715056789426,6.423573967401447,87.15064704624038,-0.0007914843426044734
0.016430918064505223,4.690809670776008,81.04821987077561,0.00018139386515292084
0.016187772105584964,4.8162945072613255,81.32748866841254,0.0017761985804608232
0.017156003857736576,5.692303419159542,83.67265801461276,0.002247672539709852
0.016927067569352517,6.772129616303188,89.90017235456342,0.0006662334133215623
0.01676783562339408,4.911493210016106,81.73027636402732,0.0012147141065983447
0.016654170127589896,4.602073033412868,80.74137321102555,5.346945022545002e-05
0.016842844521271997,6.781344278301335,88.28973165284715,0.00028273945817738834
0.01723040792234963,7.288494013630884,89.65648089929482,0.0024432659273001876
0.016485572359250116,6.9570793625214336,87.5281066690173,0.0032797895893743115
0.01684271511881185,6.274810712807827,85.64115033824426,0.0038656904815310513
0.017470694517457995,6.37843843740839,84.54365875197485,-0.0007003454864502002
0.01625640111628209,6.652357833254343,89.36832610675297,-0.00041526273596183467
0.016177689158897935,6.788252933526535,89.86824903473581,-0.0005744093923578695
0.016873337014583774,5.880896128130672,84.54379697203437,-0.003615824392998178
0.01669341592898191,5.779919051844458,86.12139523617263,-0.0030814426198351244
0.015585292146786703,5.333369321933355,83.73095339142985,0.001669257297747229
0.01625197148298259,6.223810415667203,88.27540060691477,-0.0036583321446483465
0.0171498570805762,6.480497058126482,87.6869437354704,-0.0007693087705163265
0.01578471112619612,7.098018171446906,89.65984251924296,0.0009405945413759761
0.016663091291310342,5.51163001041456,84.9195331271419,-0.004349976216877899
0.016208662891392445,7.26587778552059,89.64105726167084,0.0038291122172867693
0.017243973811729364,6.729270964018232,86.8766297095297,0.002553322749195175
0.016545978357191356,5.689813378806923,85.15441307495581,-0.0006129427510337153
0.016582441175606224,5.870343442741684,86.84229205632528,-0.002614406366166153
0.016420717958334552,6.868579036693102,88.19055157571556,-0.0019663253426786933
0.016987267169444348,6.758137579401216,89.27189737473705,8.489636192820452e-05
0.017114488680821414,7.096595843375532,88.3842534311412,-0.004222794583947193
0.016531214560402723,6.11662109517454,86.0260106646947,1.4019770226445221e-05
0.016129995507613872,7.254076922299192,89.62956932391283,0.0030624043326512723
0.016430135356425672,4.991626421164693,82.30317230984585,0.0005686355680266264
0.01659868285591226,5.150707928449603,82.14091261210748,0.0034449291199947695
0.01659959157872579,6.7103507648205785,89.09277476284844,-0.0011374892061165205
0.016279692391300827,4.665437031158479,81.22056737756013,-0.001255561938617985
0.01648425944932369,6.982234368202452,88.5226971375362,0.003513308564824686
0.017161827165374857,5.766011471857186,83.91185656901443,0.0018937931640342451
0.016927067569352517,6.772129616303188,89.90017235456342,0.0006662334133215623
0.016743265306464635,4.4641458697039615,80.44699564102672,0.0003448454016722756
0.016686093631622434,4.58741023519846,80.70125541831496,-6.444603770827716e-05
0.017046524844779802,7.014635344841303,89.43418522832597,0.0011765548245283675
0.01723076691158223,7.288510327593715,89.65648498856778,0.002442961892411431
0.01647457553196369,7.040499639757547,87.77698778175906,0.0030372427155346644
0.017178716009725117,5.963288476969357,84.48503170999086,0.003790116833423486
0.016927095354215296,7.614451667827905,88.71058613213893,0.00047734342681857644
0.016680466517257724,6.293452722399911,87.59341715408662,0.0006788223215318267
0.01560024617986436,6.6899725856441306,88.65734664776492,-0.000974367225348614
0.016858868128911606,5.823185039697799,84.31687419540721,-0.0029472657034056225
0.01667820936682356,5.809650476966464,86.23187382384961,-0.0030075210031611115
0.015915857351273554,5.517634736652583,84.31071352413292,0.001485607683673168
0.016369176681250847,6.217158674520624,88.516375408355,-0.003537937412858437
0.01684920251437865,6.338914560158832,87.14938559092894,0.00011588080796140227
0.016149148631318864,6.269967289413112,86.84908286835265,0.00048691098204830087
0.016892220004405503,5.730404146566569,84.79877478470307,-0.0010963280488848646
0.016182559478674002,7.182020044467414,89.58744101368124,0.0030554540391789075
0.01748023866287655,5.649405053216161,83.75824351665057,0.0034772421914583363
0.016354443484929912,5.036096178872754,82.94558051040038,-0.0033230210391325
0.016646873723175814,6.2800256483054895,88.63867181217888,-0.0031171121443927274
0.016563987883324208,6.562160969599141,87.13959831991161,-0.005904151137021748
0.01749878264396025,7.205837530328886,89.89714753555188,0.0030830585611531223
0.017008194035750795,7.080956593187245,88.04772591810176,-0.0036379354035480597
0.016206446776684164,6.2334454705289915,86.1763250535526,-0.00017491184618964551
0.015773046019280926,7.1150115343890405,88.93507705041233,0.0029534626674186343
0.01647039991677297,4.67678312845649,81.25609062762098,0.00024749759763207464
0.016625267861232314,5.238387799011163,82.33139290939691,0.0030460047883102592
0.016500595568507914,6.6354373632290855,88.404455432994,-9.152557178455922e-05
0.016568895314034666,5.295077734359252,83.12670859120257,0.0007571791015445772
0.016289656490051284,7.1403940378026105,89.3586718480971,0.0038712039061330975
0.016827855017743566,5.918815670976096,85.49708942730908,2.9363159991353197e-05
0.016938978480273245,6.702426795472122,89.76309877361528,0.0001710223371118886
0.016711877344316717,4.56603234746608,80.8263906063614,0.0003670018580693882
0.01668957041816028,4.757971784079729,81.29565100133784,0.00012265594681033515
0.016796980162621943,6.209549631582799,86.68500227131037,-0.0004254248105063003
0.016993638643626217,7.289503147599498,89.14515705079621,0.002716696285254084
0.01671823414034205,6.945708382822219,87.90406844577257,0.002942747067065596
0.017208570140763442,5.8949623646876255,84.42695340728764,0.003015288596546832
0.016924463083027367,7.989749878476459,89.45482811595903,-0.00029073269242400196
0.01701216839992613,6.029323827337873,85.62419459913329,-0.0003259110369261585
0.01657834406734534,6.482545683809077,87.33659274058535,-0.0006395179967903638
0.016894476603868572,5.849818276293695,84.28533362783206,-0.0034095249910820365
0.016805276773236552,6.634114287141922,89.95146049225262,-0.005591166409492702
0.01574397999420255,5.023143832739068,81.77038129368773,0.00374267787039127
0.016369176681250847,6.217158674520624,88.516375408355,-0.003537937412858437
0.016529731220866255,5.8043036751143084,85.32594970389546,0.0006127448423486148
0.01596616228594602,5.451276424619011,83.99919316601172,0.0007280050838083358
0.016905253386651015,6.5171800179718735,87.32382714887802,-0.0002802551595260333
0.016280772235862943,7.198090555409041,89.74389609971993,0.003079914416732564
0.017679156002278134,5.791626672716696,83.98598864914197,0.0029623464130755527
0.016295756343617518,5.371631508584063,84.20208148349754,-0.0036010107484046702
0.017037290076398457,6.127105930767618,88.63170566528821,-0.003916405706391611
0.016353372705194318,6.880333318385101,88.27551187377274,-0.0021029107973069613
0.016737115604384543,6.040174672367636,84.93298078324835,0.0032989678790414033
0.017007517435814502,7.05895028173447,88.01763573264407,-0.0035241238551657677
0.01630016755378655,6.469183381622095,87.74922145350538,-0.0005144445137731462
0.014976242641825491,7.094026244479578,88.02342320433104,0.0029199801098695605
0.016150459890411726,5.071250753107629,82.27596954496187,0.0027274248011652374
0.01655453061155351,5.392337703360787,82.87726529115574,0.002520095092708379
0.016487802123895563,6.680041331267999,88.58247162602947,-0.00026936499122743533
0.01644570608898535,6.0559126669819365,86.1969658474398,0.0007526926396257162
0.01633025507417484,7.031515842031967,89.31940843186378,0.002273175202575731
0.016975822649801322,5.923316223625568,85.27729710024249,0.0004553742432604792
0.016938978480273245,6.702426795472122,89.76309877361528,0.0001710223371118886
0.01670713262588768,4.608201772008997,80.96316578263323,0.0003797539179246979
0.016620652727257677,5.446437252601731,83.75047390235238,-0.00012877850524398854
0.01660041420168432,6.439874397097714,87.95827992976209,-0.0008493083571074322
0.016871460658143538,7.118544721813334,88.33990216337708,0.0018192018522075466
0.01655244520666759,6.866346388659945,87.99764083354367,0.003106296844776419
0.017208570140763442,5.8949623646876255,84.42695340728764,0.003015288596546832
0.017022570171031134,7.681446453815967,89.06387677476954,-0.0007581449583869461
0.016625402985773332,5.944167375523425,85.42632949331215,-0.000408382531041458
0.01619485442957934,6.8145310710320075,88.93260339214878,-0.0011593813592869744
0.0163745418348885,6.181214916477061,85.65275475774446,-0.0020019769377730917
0.016886253180380537,6.884207527087804,89.65753849072506,-0.0024911846541017424
0.01589245962955994,5.287773337054173,82.62024478068952,0.002862113446543915
0.016372965560460015,6.209876002476584,88.44647141911263,-0.0035040112862678584
0.01666478880838962,5.199553365148984,82.04182346212468,0.00338542745528301
0.0161524208474465,5.599422383865007,84.34717154525181,-0.0004126651262423174
0.01702607231465897,6.442038770833814,87.1023575078613,-0.0007372938748915776
0.016347940296684398,7.119299974772238,89.36491493194816,0.0032799644998448667
0.016996413187818703,5.787892879254709,84.48003065056376,0.0007908232929879226
0.016180885268606275,5.248385938148049,83.93245510942408,-0.0035132402976123245
0.017242197046421198,6.6060727420896335,89.1935735643653,-0.0008085788080678842
0.016492016548555918,7.2156639535358735,89.98104334398101,-0.004939267094355624
0.016800183922282667,6.327191754901733,85.37939937430035,0.004778780013643268
0.017379673324067355,7.1506674992913695,87.62043902916285,-0.0038091271485781618
0.01669972572968526,6.6320601822393535,88.74438131253503,-0.0011259661369339168
0.01579793735554143,6.961485070379792,88.77975599639036,0.0008930158737785127
0.016799937320381538,4.900914129024953,82.19067823155703,8.385478359367515e-05
0.016600321410571814,6.4319374709557335,86.42509064838033,0.0016055928669097908
0.015478291237134949,6.485648053086769,88.55910677750926,-0.0005715893881804306
0.01606248182150832,5.391622090587188,83.83976985983871,-0.0008039219657695984
0.016037775639686745,6.8997831350344105,88.12633523545293,0.0037890356447537943
0.016315285125932333,4.718160422905273,81.44670117664855,-0.00017418507163210247
0.016912813962981894,6.682136536866625,89.62362093488827,9.217036784016266e-05
0.017034589993247987,5.331067977760852,82.43626977105687,0.004447830446492374
0.016652130583812666,5.357063680743812,83.39613477788976,-0.00027712973558909114
0.016553553119127467,6.349189719044121,87.58735056700141,-0.0007187647704623712
0.017034199617477326,6.906699260359883,88.5565591209508,0.0021562839145412966
0.01658120788499279,6.785019377061314,89.00988133285671,-0.00031544684716058554
0.01713994048058943,5.781866400370593,84.0672110482357,0.003153641512367
0.016675464196331397,6.659379433423584,86.35394163757147,0.0014666649211397065
0.01645278827518074,6.084759121248486,85.8876165617241,-0.0009712741765984047
0.016169823256877353,6.77532804272382,89.07864706262198,-0.0010481234222916198
0.01626331174927461,6.713888721627793,87.24839384232521,-0.002792213004121712
0.01629083175061118,6.552034465970681,88.55133790885064,0.0002974268972787664
0.015666260155074448,4.909143943880037,81.5707424686786,0.003498989406259212
0.016372965560460015,6.209876002476584,88.44647141911263,-0.0035040112862678584
0.016404794529875765,5.735353489597998,84.13480584063839,0.0028701926910434084
0.016326966638933633,4.890655323636974,82.05457423830877,-0.0017278361353641638
0.016944811375027673,6.515769492779984,87.3829143798465,-0.0005708273409122705
0.01589218807136184,6.999544054944992,89.36283738255882,0.00186788265712235
0.016909270932880135,5.879526858444334,85.44955138931995,-0.00044547974534611516
0.0162898111685068,5.41466269049022,84.26203444917866,-0.002610249582238449
0.016677345718557744,6.367673999769547,86.95287127459821,-0.0010641348034844476
0.01608931316193464,6.982864866013298,89.06816068238305,-0.0031195895050442086
0.016739106950017436,5.977906042963148,84.5913270949322,0.002034853414299946
0.016180909931010706,5.962870436664215,85.33753320850239,-0.007269155543907362
0.01694324637343045,6.479418586979551,88.12081888995604,-0.0009251993798326864
0.016170445266558475,6.544497346326354,87.4579016393863,0.0010255563046143487
0.016589747942071183,4.673427394630874,81.23843202323502,0.000701454408621468
0.01672762221200442,6.724035815279652,87.42216392905304,0.001062705656676271
0.01524957592389371,5.919592068352592,86.92558779982963,-0.0020224615961992646
0.015994953965975157,5.179353569989864,83.25585594495048,-0.0007530243040627356
0.016077828168569654,6.833931456999418,87.97655536927861,0.003505257253727595
0.01636197500158609,4.6781182588195716,81.25564880404669,-3.5967903219437315e-05
0.01649314521614081,6.750600241704468,89.69278093547251,-0.000138667206673697
0.0165940185718165,4.9666583985759365,81.38182161449154,0.004758613629705333
0.01661901061611095,4.798303843675663,81.43564857408617,-0.00045672262396176985
0.01664894547500306,6.831015334864808,89.14800202782958,-0.00015406817355563258
0.016608696190925545,6.489292969075165,87.31709214870574,0.0005402189513554393
0.016518776590396717,6.4843858861366135,87.98160578981293,-0.0006512586987991174
0.016298379669663892,5.64042050283763,84.13757586705063,0.0023284156716548436
0.01762864410404658,6.510180869621217,86.11193285294834,0.00205802319869706
0.016565611913909966,5.980442247243251,85.56908587756914,-0.0001475159738324349
0.016299128289330143,6.84113841445743,88.5493227566637,0.00010647847187188208
0.016509307554969935,6.700711214300195,85.91376588560036,-0.0016995057601467238
0.01597746415198359,6.389228531595765,87.80296939015837,-0.00039641887218280986
0.01605958850288074,4.914389695784603,81.35426978386973,0.004220755987919622
0.01637126872072837,6.208474942777976,88.44464518881102,-0.0035100898658954062
0.01675730760587844,5.074679881018327,82.08250124670222,0.0017391535008431237
0.016310598311520038,5.121239141688843,82.80369863775059,-0.0014238916310509529
0.017027126337444933,6.60877721501939,87.68618169607814,-0.0005492623239442
0.015898787746091415,6.236807463554558,86.6057789720473,0.0015505157410604063
0.01679170954687846,6.2199875682979755,86.51621790321319,-0.0006787882716550688
0.016266731056310404,6.501315412028607,87.9533339429147,-0.0016464346049179482
0.01655090873453808,7.261265886905335,89.93366527708457,-0.0024145334418684693
0.016107658547720664,6.4078320818541,86.34948758272955,-0.002774417197180741
0.016914305001747065,6.384413274106471,85.75907863596669,0.0020357720734649927
0.016195172700288623,5.983865900488803,85.38672884558206,-0.007063097808101627
0.017608338298985133,6.6949829878954565,89.34990574231307,-0.0005710940925799937
0.016918734420341107,7.056497566842291,87.90964087690026,0.00348072706228155
0.016483210242125575,4.516393754663511,80.62096533312499,5.465959122397147e-05
0.016786720220979066,7.003593436778251,87.69868371848662,0.001970931678295613
0.016545581751714673,6.334246035914147,86.70153824050074,0.0006977599241256307
0.016953126921251064,5.162766509734508,82.79939738270555,-0.0001860668710540862
0.016559276186544267,6.823162522148497,87.35139786888686,0.004122626545429024
0.0164819253999133,4.399830632127283,80.03536679809271,-0.00014144697441079986
0.01653824129640087,6.808923974685984,89.99994884267127,-0.0004339943475736651
0.01669325183767087,5.488445969146897,83.37943639168334,0.0023539142451996587
0.016849745398359955,4.716828171463457,81.27700295978336,-0.0015537546445991196
0.016666682206783193,6.850122534611304,89.26025817348471,6.936152542468595e-05
0.016621326627288775,6.298043111664257,86.78757965808661,-0.0008765460574954899
0.016574937588377286,6.469199292084472,88.02940560440071,-0.0016041581326504697
0.015952623902940142,4.681605491992471,80.77329288349739,0.004649128145743232
0.017455894657507142,6.6233726308992695,86.33803840952223,0.0031920550684129165
0.016964782314392104,6.73097015577315,89.44943377074246,-0.00645709519891737
0.01625940666285657,6.838387199853044,88.57382603972388,2.365377467886424e-05
0.01629313317730694,7.813607560765062,88.17343741044961,-0.0008529241416026835
0.016259486817053283,6.404889648841951,87.56503262509459,0.0004353175221839294
0.016362904557884868,5.579576329503104,83.54035293682846,0.0031268122103671383
0.016329691290285452,6.187857315474441,88.14553404921985,-0.0031109618729567652
0.01707164123038274,5.295582915419821,83.25175941031574,-0.00014611783160229915
0.016086519515794158,6.066457959412615,87.02440261689964,-0.0047795864635764036
0.016865599444433298,6.438665970357955,87.43387110124033,-0.000679036223823111
0.01573334188936883,6.401899793218057,86.14745061217111,0.003751744272581978
0.016836825736969607,5.95304825928932,85.45217057704758,-0.0009012968853473035
0.015452252417476418,5.465746335085496,83.90210172744369,2.5384944190257046e-06
0.016878968324485436,7.15996075287997,89.33888741918487,-0.0029323516881502257
